benefit_id,card_id,min_amount,min_amount_source,category_id,group_name,benefit_type,rate,fixed_amount,unit_basis,unit_type,raw_text,classification_status
1,1,0,CARD_LEVEL,1,쇼핑,RATE_DISCOUNT,5.0,,,,백화점/할인점/홈쇼핑·온라인몰 1.0~5.0% 적립,CONFIRMED
2,1,0,CARD_LEVEL,2,모든가맹점,RATE_DISCOUNT,2.0,,,,"전국 가맹점 0.2~2.0% 적립
해외 가맹점 1~5% 적립",CONFIRMED
3,1,0,CARD_LEVEL,3,주유,FIXED_AMOUNT,,60,,,"S-OIL, 에이치디현대오일뱅크 주유 시 리터 당 60원 적립",CONFIRMED
4,1,0,CARD_LEVEL,4,금융,RATE_DISCOUNT,0.2,,,,"신한투자증권 CMA 결제계좌 0.2% 추가 적립
마이신한포인트 가맹점 추가 적립",CONFIRMED
5,1,0,CARD_LEVEL,5,통신,RATE_DISCOUNT,5.0,,,,SK텔레콤/KT/LG U+ 이동통신요금 1.0~5.0% 적립,CONFIRMED
6,2,200000,CARD_LEVEL,7,백화점,RATE_DISCOUNT,5.0,,,,"국내 유명 백화점, 할인점, 온라인 쇼핑몰 최대 5% 할인",CONFIRMED
7,2,200000,CARD_LEVEL,8,패밀리레스토랑,RATE_DISCOUNT,30.0,,,,"국내 유명 패밀리레스토랑, 커피 20~30% 할인",CONFIRMED
8,2,200000,CARD_LEVEL,9,주유소,FIXED_AMOUNT,,60,,,GS칼텍스 리터당 60원 할인,CONFIRMED
9,2,200000,CARD_LEVEL,10,영화,FIXED_AMOUNT,,7000,,,"CGV, YES24 영화 예매시 최대 7,000원 할인",CONFIRMED
10,2,200000,CARD_LEVEL,11,테마파크,RATE_DISCOUNT,50.0,,,,주요 놀이공원 30~50% 할인 및 스포츠 할인 서비스,CONFIRMED
11,3,300000,CARD_LEVEL,1,쇼핑,RATE_DISCOUNT,5.0,,,,"3대 백화점(롯데,신세계,현대) 및 롯데마트 5% 결제일 할인",CONFIRMED
12,3,300000,CARD_LEVEL,12,푸드,RATE_DISCOUNT,20.0,,,,국내 유명 패밀리 레스토랑 및 커피 최대 20% 할인,CONFIRMED
13,3,300000,CARD_LEVEL,10,영화,FIXED_AMOUNT,,1500,,,"맥스무비, 인터파크 YES24 예매시 1,500원 할인",CONFIRMED
14,3,300000,CARD_LEVEL,9,주유소,FIXED_AMOUNT,,60,,,S-OIL 주유 시 리터 당 60원 적립,CONFIRMED
15,3,300000,CARD_LEVEL,11,테마파크,RATE_DISCOUNT,50.0,,,,주요 놀이공원 최대 50% 할인,CONFIRMED
16,3,300000,CARD_LEVEL,5,통신,RATE_DISCOUNT,2.0,,,,"이동통신요금 자동이체 시 2% 결제일 할인(SKT, KT, LGT)",CONFIRMED
17,8,0,CARD_LEVEL,9,주유소,FIXED_AMOUNT,,60,,,GS칼텍스 주유 시 리터당 60원 결제일 할인,CONFIRMED
18,8,0,CARD_LEVEL,14,생활,RATE_DISCOUNT,5.0,,,,커피/제과/택시/화장품/영화 5% 할인,CONFIRMED
19,8,0,CARD_LEVEL,15,면세점,RATE_DISCOUNT,8.0,,,,제주 JDC 면세점 이용 시 8% 할인,CONFIRMED
20,10,300000,CARD_LEVEL,17,대중교통,FIXED_AMOUNT,,200,,,"버스, 지하철 후불 교통 이용 금액 일 200원 ~ 일 600원 할인",CONFIRMED
21,10,300000,CARD_LEVEL,7,백화점,RATE_DISCOUNT,5.0,,,,4대 백화점 5% 할인,CONFIRMED
22,10,300000,CARD_LEVEL,18,카페,RATE_DISCOUNT,10.0,,,,커피전문점 10% 할인,CONFIRMED
23,10,300000,CARD_LEVEL,19,편의점,RATE_DISCOUNT,5.0,,,,편의점 5% 할인,CONFIRMED
24,10,300000,CARD_LEVEL,5,통신,RATE_DISCOUNT,5.0,,,,이동통신요금 5% 할인,CONFIRMED
25,11,0,CARD_LEVEL,2,모든가맹점,RATE_DISCOUNT,0.7,,,,"전가맹점 0.7% 캐시백, 이동통신요금 자동이체 건 추가 0.7% 캐시백",CONFIRMED
26,13,300000,INLINE,19,편의점,RATE_DISCOUNT,10.0,,,,편의점 10% 할인 (전월실적 30만원 이상),CONFIRMED
27,13,300000,INLINE,14,생활,RATE_DISCOUNT,10.0,,,,세탁소 업종 10% 할인 (전월실적 30만원 이상),CONFIRMED
28,13,300000,INLINE,21,온라인쇼핑,RATE_DISCOUNT,10.0,,,,온라인 쇼핑 10% 할인 (전월실적 30만원 이상),CONFIRMED
29,13,300000,INLINE,12,푸드,RATE_DISCOUNT,10.0,,,,식음료 10% 할인 (전월실적 30만원 이상),CONFIRMED
30,13,300000,INLINE,22,대형마트,RATE_DISCOUNT,10.0,,,,3대 마트 10% 할인 (전월실적 30만원 이상),CONFIRMED
31,13,300000,INLINE,9,주유소,FIXED_AMOUNT,,60,,,4대 정유사 리터당 60원 할인 (전월실적 30만원 이상),CONFIRMED
32,13,300000,INLINE,21,온라인쇼핑,RATE_DISCOUNT,20.0,,,,인테이크몰 20% 할인 (전월실적 30만원 이상),CONFIRMED
33,15,300000,CARD_LEVEL,15,면세점,RATE_DISCOUNT,8.0,,,,제주 JDC 면세점 8% 결제일 할인,CONFIRMED
34,15,300000,CARD_LEVEL,9,주유소,FIXED_AMOUNT,,40,,,GS칼텍스 주유 시 리터당 40원 결제일 할인,CONFIRMED
35,15,300000,CARD_LEVEL,18,카페,FIXED_AMOUNT,,3000,,,"스타벅스 3,000원 할인",CONFIRMED
36,16,500000,CARD_LEVEL,1,쇼핑,RATE_DISCOUNT,5.0,,,,1~5% 특별적립,CONFIRMED
37,16,500000,CARD_LEVEL,24,마트/편의점,RATE_DISCOUNT,5.0,,,,1~5% 특별적립,CONFIRMED
38,16,500000,CARD_LEVEL,25,정비,RATE_DISCOUNT,5.0,,,,1~5% 특별적립,CONFIRMED
39,18,500000,INLINE,1,쇼핑,RATE_DISCOUNT,10.0,,,,"[쇼핑 할인] 오프라인 쇼핑(백화점, 프리미엄 아울렛, 마트, 창고형 할인매장) 10% 할인
· 온라인 쇼핑(홈쇼핑, 소셜커머스) 10% 할인 (전월실적 50만원 이상)",CONFIRMED
40,18,500000,INLINE,14,생활,RATE_DISCOUNT,10.0,,,,"[생활 할인] 커피전문점·잡화·온라인서점 10% 할인
· 주유 60원/L 할인 (전월실적 50만원 이상)",CONFIRMED
41,18,500000,CARD_LEVEL,26,해외,RATE_DISCOUNT,5.0,,,,[해외이용 캐시백] 해외이용금액 5% 캐시백 (연간실적 1천만원 이상),CONFIRMED
42,18,300000,INLINE,12,푸드,RATE_DISCOUNT,10.0,,,,"[제휴 할인] 마켓컬리, 프레딧, 집반찬연구소 10% 할인서비스 (전월실적 30만원 이상)",CONFIRMED
43,21,300000,INLINE,11,테마파크,RATE_DISCOUNT,50.0,,,,서울랜드 50% 할인 (전월실적 30만원 이상),CONFIRMED
44,26,500000,INLINE,14,생활,RATE_DISCOUNT,1.0,,,,주요 생활업종 이용시 1% 캐시백 (전월실적 50만원 이상),CONFIRMED
45,28,500000,CARD_LEVEL,7,백화점,RATE_DISCOUNT,5.0,,,,신세계백화점 5% 결제일 할인,CONFIRMED
46,28,500000,CARD_LEVEL,14,생활,RATE_DISCOUNT,5.0,,,,Life Care가맹점 5% 결제일 할인,CONFIRMED
47,28,500000,CARD_LEVEL,11,테마파크,RATE_DISCOUNT,50.0,,,,"롯데월드, 서울랜드 자유이용권 50% 할인",CONFIRMED
48,28,500000,CARD_LEVEL,26,해외,RATE_DISCOUNT,5.0,,,,해외 매출 5% 캐시백,CONFIRMED
49,35,200000,CARD_LEVEL,3,주유,FIXED_AMOUNT,,100,,,GS칼텍스 주유 시 리터당 60~100원 할인,CONFIRMED
50,35,200000,CARD_LEVEL,27,교통,RATE_DISCOUNT,7.0,,,,"버스, 지하철, 택시 3~7% 할인",CONFIRMED
51,36,300000,CARD_LEVEL,13,선택형,RATE_DISCOUNT,5.0,,,,"Cube 선택서비스 - 선택서비스 5개, 5% 할인",CONFIRMED
52,39,300000,INLINE,3,주유,RATE_DISCOUNT,10.0,,,,4개의 정유사 중 직접 고른 1개 정유사 주유 이용금액 10% 결제일 할인 (전월실적 30만원 이상),CONFIRMED
53,39,300000,INLINE,19,편의점,RATE_DISCOUNT,5.0,,,,"GS25, CU 5% 결제일 할인 (전월실적 30만원 이상)",CONFIRMED
54,39,300000,INLINE,18,카페,RATE_DISCOUNT,5.0,,,,"스타벅스, 이디야 5% 결제일 할인 (전월실적 30만원 이상)",CONFIRMED
55,41,300000,INLINE,14,생활,RATE_DISCOUNT,20.0,,,,"4대 편의점, 생활/잡화, 커피, 월납 20% 할인 (전월실적 30만원 이상)",CONFIRMED
56,41,300000,INLINE,28,프리미엄 서비스,RATE_DISCOUNT,10.0,,,,"제주항공, 에어부산 10% 할인 (전월실적 30만원 이상)",CONFIRMED
57,42,300000,CARD_LEVEL,30,렌터카,RATE_DISCOUNT,30.0,,,,SOCAR 결제 시 30% 결제일 할인,CONFIRMED
58,42,300000,CARD_LEVEL,18,카페,RATE_DISCOUNT,20.0,,,,커피전문점 20% 결제일 할인,CONFIRMED
59,42,300000,CARD_LEVEL,19,편의점,RATE_DISCOUNT,5.0,,,,"GS25, CU, 세븐일레븐 편의점 5% 결제일 할인",CONFIRMED
60,42,300000,CARD_LEVEL,22,대형마트,RATE_DISCOUNT,3.0,,,,"홈플러스, 이마트, 롯데마트 3대 할인점 3% 결제일 할인",CONFIRMED
61,43,300000,CARD_LEVEL,1,쇼핑,RATE_DISCOUNT,15.0,,,,생활쇼핑 최대 15% 결제일 할인,CONFIRMED
62,43,300000,CARD_LEVEL,31,카페/디저트,RATE_DISCOUNT,10.0,,,,커피전문점/제과점 업종 10% 결제일 할인,CONFIRMED
63,43,300000,CARD_LEVEL,6,기타,RATE_DISCOUNT,10.0,,,,주말 복합쇼핑몰 10% 결제일 할인,CONFIRMED
64,43,300000,CARD_LEVEL,22,대형마트,RATE_DISCOUNT,10.0,,,,주말 3대 할인점 10% 결제일 할인,CONFIRMED
65,43,300000,CARD_LEVEL,10,영화,FIXED_AMOUNT,,5000,,,"주말 롯데시네마 현장 예매 시 5,000원 결제일 할인",CONFIRMED
66,45,300000,CARD_LEVEL,14,생활,RATE_DISCOUNT,7.0,,,,편의점·배달앱 7% 멤버십리워즈 적립,CONFIRMED
67,45,300000,CARD_LEVEL,18,카페,RATE_DISCOUNT,20.0,,,,스타벅스·이디야 20% 결제일 할인,CONFIRMED
68,45,300000,CARD_LEVEL,5,통신,RATE_DISCOUNT,5.0,,,,교통·통신 5% 멤버십리워즈 적립,CONFIRMED
69,45,300000,CARD_LEVEL,1,쇼핑,RATE_DISCOUNT,1.5,,,,쇼핑 1.5% 멤버십리워즈 적립,CONFIRMED
70,45,300000,CARD_LEVEL,32,해외이용,RATE_DISCOUNT,5.0,,,,해외 5% 멤버십리워즈 적립,CONFIRMED
71,46,300000,CARD_LEVEL,3,주유,RATE_DISCOUNT,0.2,,,,국내외 모든 가맹점에서 0.2%·0.4% 주유포인트 적립,CONFIRMED
72,46,300000,CARD_LEVEL,3,주유,FIXED_AMOUNT,,60,,,전국 주유소 리터당 60원 결제일할인(청구할인) (LPG 30원),CONFIRMED
73,46,300000,CARD_LEVEL,10,영화,RATE_DISCOUNT,50.0,,,,CGV 동반 1인 50% 할인,CONFIRMED
74,46,300000,CARD_LEVEL,31,카페/디저트,FIXED_AMOUNT,,1000,,,"스타벅스 1,000원 할인",CONFIRMED
75,49,0,CARD_LEVEL,7,백화점,MILEAGE,1.0,,1000,WON,"(특별적립) 국내형: 백화점 이용금액 1,000원당 (스카이패스) 1 마일리지 추가 적립",CONFIRMED
76,49,0,CARD_LEVEL,9,주유소,MILEAGE,1.0,,1000,WON,"(특별적립) 국내형: 주유 이용금액 1,000원당 (스카이패스) 1 마일리지 추가 적립",CONFIRMED
77,49,0,CARD_LEVEL,18,카페,MILEAGE,1.0,,1000,WON,"(특별적립) 국내형: 커피 이용금액 1,000원당 (스카이패스) 1 마일리지 추가 적립",CONFIRMED
78,49,0,CARD_LEVEL,19,편의점,MILEAGE,1.0,,1000,WON,"(특별적립) 국내형: 편의점 이용금액 1,000원당 (스카이패스) 1 마일리지 추가 적립",CONFIRMED
79,49,0,CARD_LEVEL,26,해외,MILEAGE,1.0,,1000,WON,"(특별적립) 해외형: 해외 가맹점 및 해외 직접구매 이용건 1,000원당 (스카이패스) 1 마일리지 추가 적립",CONFIRMED
80,50,300000,CARD_LEVEL,8,패밀리레스토랑,RATE_DISCOUNT,10.0,,,,아웃백스테이크하우스 10% 할인,CONFIRMED
81,50,300000,CARD_LEVEL,18,카페,FIXED_AMOUNT,,1000,,,"스타벅스 1,000원 결제일할인",CONFIRMED
82,50,300000,CARD_LEVEL,10,영화,FIXED_AMOUNT,,3000,,,"메가박스, CGV, 인터파크 영화 3,000원 할인",CONFIRMED
83,50,300000,CARD_LEVEL,33,무이자할부,INSTALLMENT_FREE,,3,,,백화점·할인점 2~3개월 무이자할부,CONFIRMED
84,50,300000,CARD_LEVEL,33,무이자할부,INSTALLMENT_FREE,,3,,,의료점 2~3개월 무이자할부,CONFIRMED
85,51,300000,CARD_LEVEL,17,대중교통,RATE_DISCOUNT,10.0,,,,대중교통·택시 10% 결제일할인,CONFIRMED
86,51,300000,CARD_LEVEL,5,통신,RATE_DISCOUNT,10.0,,,,이동통신요금 10% 결제일할인,CONFIRMED
87,51,300000,CARD_LEVEL,10,영화,FIXED_AMOUNT,,5000,,,"CGV 및 롯데시네마 5,000원 결제일할인",CONFIRMED
88,51,300000,CARD_LEVEL,26,해외,RATE_DISCOUNT,1.3,,,,해외 1.3% 적립,CONFIRMED
89,52,500000,CARD_LEVEL,2,모든가맹점,RATE_DISCOUNT,1.0,,,,모든 가맹점 1% 빅포인트 적립,CONFIRMED
90,52,500000,CARD_LEVEL,3,주유,FIXED_AMOUNT,,2000,,,"모든 주유소 및 LPG 충전소 2,000원 결제일 할인",CONFIRMED
91,52,500000,CARD_LEVEL,10,영화,FIXED_AMOUNT,,5000,,,"모든 영화관 5,000원 결제일 할인",CONFIRMED
92,53,300000,CARD_LEVEL,18,카페,FIXED_AMOUNT,,1000,,,"스타벅스 1,000원 결제일 할인",CONFIRMED
93,53,300000,CARD_LEVEL,11,테마파크,RATE_DISCOUNT,50.0,,,,"놀이공원 자유이용권 50%, 워터파크 입장권 30% 현장할인",CONFIRMED
94,53,300000,CARD_LEVEL,25,정비,FIXED_AMOUNT,,15000,,,"엔진오일 교환 시 15,000원 현장할인",CONFIRMED
95,54,0,CARD_LEVEL,13,선택형,MILEAGE,2.0,,,,[특별 적립] 옵션 적립처에 따라 스카이패스 2 마일리지 적립,CONFIRMED
96,54,500000,INLINE,8,패밀리레스토랑,FIXED_AMOUNT,,30000,,,"아웃백스테이크하우스 30,000원 결제일 할인 [전월 실적 50만원 이상]",CONFIRMED
97,55,300000,CARD_LEVEL,19,편의점,FIXED_AMOUNT,,200,,,"CU 1,500원당 200원 결제일할인",CONFIRMED
98,55,300000,CARD_LEVEL,27,교통,FIXED_AMOUNT,,100,,,"대중교통 1,000원당 100원 결제일할인",CONFIRMED
99,55,300000,CARD_LEVEL,12,푸드,FIXED_AMOUNT,,1000,,,"음식점·주점 1,000원 결제일할인",CONFIRMED
100,56,500000,CARD_LEVEL,18,카페,RATE_DISCOUNT,10.0,,,,커피전문점 10% 결제일할인,CONFIRMED
101,56,500000,CARD_LEVEL,10,영화,FIXED_AMOUNT,,5000,,,"모든 영화관 5,000원 결제일할인",CONFIRMED
102,56,500000,CARD_LEVEL,8,패밀리레스토랑,FIXED_AMOUNT,,20000,,,"VIPS·계절밥상 20,000원 결제일할인",CONFIRMED
103,56,500000,CARD_LEVEL,2,모든가맹점,RATE_DISCOUNT,0.5,,,,모든 가맹점 기본 0.5% 청구할인,CONFIRMED
104,56,500000,CARD_LEVEL,14,생활,RATE_DISCOUNT,1.5,,,,교육·할인점·이동통신·병원·약국 1.5% 결제일할인,CONFIRMED
105,57,500000,CARD_LEVEL,10,영화,FIXED_AMOUNT,,5000,,,"모든 영화관 5,000원 결제일할인",CONFIRMED
106,57,500000,CARD_LEVEL,18,카페,RATE_DISCOUNT,10.0,,,,커피전문점 10% 결제일할인,CONFIRMED
107,57,500000,CARD_LEVEL,12,푸드,FIXED_AMOUNT,,20000,,,"VIPS·계절밥상 20,000원 결제일할인",CONFIRMED
108,57,500000,CARD_LEVEL,2,모든가맹점,RATE_DISCOUNT,0.5,,,,모든 가맹점 기본 0.5% 청구할인,CONFIRMED
109,57,500000,CARD_LEVEL,14,생활,RATE_DISCOUNT,1.5,,,,음식점·주점·편의점·주유·택시 1.5% 결제일할인,CONFIRMED
110,57,500000,CARD_LEVEL,11,테마파크,RATE_DISCOUNT,50.0,,,,놀이공원 자유이용권 50%·워터파크 입장권 30% 현장할인,CONFIRMED
111,57,500000,CARD_LEVEL,25,정비,FIXED_AMOUNT,,20000,,,"엔진오일 교환 시 20,000원 현장할인",CONFIRMED
112,58,500000,CARD_LEVEL,3,주유,FIXED_AMOUNT,,90,,,모든 주유소에서 주유 시 리터당 90원 결제일할인,CONFIRMED
113,58,500000,CARD_LEVEL,2,모든가맹점,RATE_DISCOUNT,0.5,,,,모든 가맹점 기본 0.5% 결제일할인,CONFIRMED
114,59,500000,CARD_LEVEL,29,여행/숙박,RATE_DISCOUNT,3.0,,,,여가패키지: 해외·여행 3% 결제일할인,CONFIRMED
115,59,500000,CARD_LEVEL,1,쇼핑,RATE_DISCOUNT,3.0,,,,일상패키지: 슈퍼마켓·프리미엄 아울렛 등 3% 결제일할인,CONFIRMED
116,59,500000,CARD_LEVEL,31,카페/디저트,RATE_DISCOUNT,30.0,,,,일상패키지: 10대 커피전문점·제과점 30% 결제일할인,CONFIRMED
117,59,500000,CARD_LEVEL,12,푸드,RATE_DISCOUNT,20.0,,,,일상패키지: 음식점·신선식품 배송 20% 결제일할인,CONFIRMED
118,59,500000,CARD_LEVEL,10,영화,FIXED_AMOUNT,,6000,,,"일상패키지: 모든 영화관에서 6,000원 이상 결제 시 6,000원 결제일할인",CONFIRMED
119,61,0,CARD_LEVEL,11,테마파크,RATE_DISCOUNT,50.0,,,,놀이공원 자유이용권 50%·워터파크 입장권 30% 현장할인,CONFIRMED
120,61,0,CARD_LEVEL,25,정비,FIXED_AMOUNT,,20000,,,"엔진오일 교환 시 20,000원 현장할인",CONFIRMED
121,62,0,CARD_LEVEL,31,카페/디저트,RATE_DISCOUNT,10.0,,,,커피전문점·파리바게뜨·배스킨라빈스·던킨도너츠 10% 할인,CONFIRMED
122,62,0,CARD_LEVEL,10,영화,FIXED_AMOUNT,,3000,,,"CGV 3,000원 할인",CONFIRMED
123,62,0,CARD_LEVEL,11,테마파크,RATE_DISCOUNT,50.0,,,,놀이공원 50%·워터파크 30% 할인,CONFIRMED
124,63,300000,CARD_LEVEL,2,모든가맹점,RATE_DISCOUNT,0.3,,,,국내외 가맹점 0.3% 결제일 할인,CONFIRMED
125,63,300000,CARD_LEVEL,5,통신,RATE_DISCOUNT,10.0,,,,이동통신요금 10% 결제일할인,CONFIRMED
126,63,300000,CARD_LEVEL,10,영화,FIXED_AMOUNT,,5000,,,"CGV·롯데시네마 5,000원 결제일할인",CONFIRMED
127,64,300000,CARD_LEVEL,33,무이자할부,INSTALLMENT_FREE,,3,,,주말 5만원 이상 결제 시 2~3개월 무이자할부,CONFIRMED
128,72,400000,CARD_LEVEL,5,통신,RATE_DISCOUNT,5.0,,,,이동통신 5% 결제일할인,CONFIRMED
129,72,400000,CARD_LEVEL,18,카페,RATE_DISCOUNT,5.0,,,,커피전문점 5% 결제일할인,CONFIRMED
130,73,300000,CARD_LEVEL,14,생활,RATE_DISCOUNT,5.0,,,,"대형마트, 백화점, 주유 등 5% 청구할인",CONFIRMED
131,73,300000,CARD_LEVEL,8,패밀리레스토랑,RATE_DISCOUNT,25.0,,,,"아웃백, 애슐리, TGIF 등 25% 청구할인",CONFIRMED
132,73,300000,CARD_LEVEL,31,카페/디저트,RATE_DISCOUNT,20.0,,,,"탐앤탐스, 스타벅스 20% 청구할인",CONFIRMED
133,73,300000,CARD_LEVEL,4,금융,FREE_SERVICE,,,,,우리은행 수수료 면제서비스,CONFIRMED
134,74,300000,CARD_LEVEL,14,생활,RATE_DISCOUNT,5.0,,,,주요 7대 업종 10~5% 청구할인,CONFIRMED
135,74,300000,CARD_LEVEL,10,영화,FIXED_AMOUNT,,3000,,,"전국 영화관 3,000원 청구할인",CONFIRMED
136,74,300000,CARD_LEVEL,18,카페,RATE_DISCOUNT,20.0,,,,커피 20% 청구할인,CONFIRMED
137,74,300000,CARD_LEVEL,11,테마파크,RATE_DISCOUNT,50.0,,,,주요 놀이공원 자유이용권 50% 현장할인,CONFIRMED
138,77,300000,CARD_LEVEL,2,모든가맹점,RATE_DISCOUNT,0.7,,,,국내 가맹점 0.7% 위비꿀머니 적립,CONFIRMED
139,77,300000,CARD_LEVEL,1,쇼핑,RATE_DISCOUNT,1.5,,,,"대형할인점, 면세점 1.5% 및 위비마켓 2% 위비꿀머니 적립",CONFIRMED
140,77,300000,CARD_LEVEL,5,통신,RATE_DISCOUNT,1.5,,,,이동통신 1.5% 위비꿀머니 적립,CONFIRMED
141,77,300000,CARD_LEVEL,34,병원,RATE_DISCOUNT,1.5,,,,병의원 1.5% 위비꿀머니 적립,CONFIRMED
142,77,300000,CARD_LEVEL,26,해외,RATE_DISCOUNT,1.5,,,,해외 이용금액 1.5% 위비꿀머니 적립,CONFIRMED
143,77,300000,CARD_LEVEL,18,카페,RATE_DISCOUNT,10.0,,,,"스타벅스, 이디야, 폴바셋 10% 청구할인",CONFIRMED
144,80,300000,CARD_LEVEL,14,생활,RATE_DISCOUNT,5.0,,,,PAY 외 결제 시 5% 할인,CONFIRMED
145,80,300000,CARD_LEVEL,12,푸드,RATE_DISCOUNT,10.0,,,,치킨/피자 10% 청구할인,CONFIRMED
146,80,300000,CARD_LEVEL,26,해외,FREE_SERVICE,,,,,해외이용 시 이용수수료 면제,CONFIRMED
147,81,300000,CARD_LEVEL,18,카페,RATE_DISCOUNT,50.0,,,,스타벅스(사이렌오더 포함) 50% 청구 할인,CONFIRMED
148,81,300000,CARD_LEVEL,19,편의점,RATE_DISCOUNT,10.0,,,,편의점 업종 10% 청구 할인,CONFIRMED
149,82,300000,CARD_LEVEL,1,쇼핑,RATE_DISCOUNT,1.0,,,,"Well Living: 백화점, 온라인 쇼핑, 대형할인점 모아포인트 1% 적립",CONFIRMED
150,82,300000,CARD_LEVEL,5,통신,RATE_DISCOUNT,1.5,,,,Well Living: 이동통신 모아포인트 1.5% 적립,CONFIRMED
151,82,300000,CARD_LEVEL,34,병원,RATE_DISCOUNT,1.5,,,,Well Living: 병원(동물병원 포함) 모아포인트 1.5% 적립,CONFIRMED
152,82,300000,CARD_LEVEL,29,여행/숙박,RATE_DISCOUNT,1.8,,,,"Enjoy Living: 해외, 면세점, 여행사 ,항공사 모아포인트 1.8% 적립",CONFIRMED
153,82,300000,CARD_LEVEL,35,골프,RATE_DISCOUNT,3.0,,,,Enjoy Living: 골프 업종 3% 적립,CONFIRMED
154,84,300000,CARD_LEVEL,2,모든가맹점,RATE_DISCOUNT,0.8,,,,모아포인트 0.8%~5% 적립,CONFIRMED
155,84,300000,CARD_LEVEL,5,통신,RATE_DISCOUNT,5.0,,,,이동통신 업종 모아포인트 5% 적립,CONFIRMED
156,84,300000,CARD_LEVEL,17,대중교통,RATE_DISCOUNT,5.0,,,,대중교통 업종 모아포인트 5% 적립,CONFIRMED
157,84,300000,CARD_LEVEL,18,카페,RATE_DISCOUNT,3.0,,,,"스타벅스, 엔제리너스, 이디야 모아포인트 3% 적립",CONFIRMED
158,84,300000,CARD_LEVEL,10,영화,RATE_DISCOUNT,3.0,,,,"CGV, 롯데시네마 모아포인트 3% 적립",CONFIRMED
159,84,300000,CARD_LEVEL,1,쇼핑,RATE_DISCOUNT,1.0,,,,"백화점, 할인점, 온라인쇼핑 모아포인트 1% 적립",CONFIRMED
160,84,300000,CARD_LEVEL,3,주유,RATE_DISCOUNT,1.0,,,,주유 모아포인트 1% 적립,CONFIRMED
161,84,300000,CARD_LEVEL,26,해외,RATE_DISCOUNT,1.0,,,,해외 가맹점 1% 적립,CONFIRMED
162,85,300000,CARD_LEVEL,1,쇼핑,RATE_DISCOUNT,10.0,,,,온·오프라인 쇼핑 10% 청구할인,CONFIRMED
163,85,300000,CARD_LEVEL,3,주유,FIXED_AMOUNT,,60,,,4대 주유소 주말 주유시 리터당 60원 청구할인,CONFIRMED
164,85,300000,CARD_LEVEL,18,카페,RATE_DISCOUNT,10.0,,,,"스타벅스, 폴바셋 10% 청구할인",CONFIRMED
165,86,300000,CARD_LEVEL,2,모든가맹점,RATE_DISCOUNT,1.0,,,,모든 국내 가맹점 0.7~1% 청구할인,CONFIRMED
166,86,300000,CARD_LEVEL,3,주유,FIXED_AMOUNT,,100,,,"S-OIL, 현대오일뱅크 리터당 60~100원 청구할인",CONFIRMED
167,86,300000,CARD_LEVEL,17,대중교통,RATE_DISCOUNT,10.0,,,,대중교통 10% 청구할인,CONFIRMED
168,86,300000,CARD_LEVEL,18,카페,RATE_DISCOUNT,10.0,,,,"스타벅스, 폴바셋 10% 청구할인",CONFIRMED
169,87,0,CARD_LEVEL,2,모든가맹점,RATE_DISCOUNT,1.3,,,,국내외 가맹점 1.3%~0.8% 청구할인,CONFIRMED
170,87,0,CARD_LEVEL,31,카페/디저트,RATE_DISCOUNT,1.3,,,,제과점 1.3% 청구할인,CONFIRMED
171,87,0,CARD_LEVEL,19,편의점,RATE_DISCOUNT,1.3,,,,편의점 1.3% 청구할인,CONFIRMED
172,87,0,CARD_LEVEL,22,대형마트,RATE_DISCOUNT,1.3,,,,수퍼마켓 1.3% 청구할인,CONFIRMED
173,87,0,CARD_LEVEL,1,쇼핑,RATE_DISCOUNT,1.3,,,,"면세점, 해외이용금액 1.3% 청구할인",CONFIRMED
174,87,0,CARD_LEVEL,17,대중교통,RATE_DISCOUNT,1.3,,,,대중교통 1.3% 청구할인,CONFIRMED
175,87,0,CARD_LEVEL,3,주유,RATE_DISCOUNT,0.8,,,,주유관련 이용금액 0.8% 청구할인,CONFIRMED
176,87,0,CARD_LEVEL,5,통신,RATE_DISCOUNT,0.8,,,,통신관련 이용금액 0.8% 청구할인,CONFIRMED
177,88,300000,CARD_LEVEL,27,교통,RATE_DISCOUNT,33.0,,,,대중교통 33% 청구할인,CONFIRMED
178,88,300000,CARD_LEVEL,18,카페,RATE_DISCOUNT,55.0,,,,"커피 4대 브랜드 통합 (스타벅스, 투썸플레이스, 커피빈, 폴바셋) 55% 청구할인",CONFIRMED
179,88,300000,CARD_LEVEL,19,편의점,RATE_DISCOUNT,11.0,,,,편의점 11% 청구할인,CONFIRMED
180,88,300000,CARD_LEVEL,10,영화,FIXED_AMOUNT,,5500,,,"영화관 5,500원 할인",CONFIRMED
181,89,300000,CARD_LEVEL,3,주유,FIXED_AMOUNT,,200,,,SK네트웍스 Most 주유소 리터당 최대 200원 청구할인,CONFIRMED
182,89,300000,CARD_LEVEL,10,영화,FIXED_AMOUNT,,5000,,,"영화관 업종 5,000원 청구할인",CONFIRMED
183,89,300000,CARD_LEVEL,11,테마파크,RATE_DISCOUNT,50.0,,,,놀이공원 본인 자유이용권 50% 현장할인,CONFIRMED
184,91,0,CARD_LEVEL,3,주유,FIXED_AMOUNT,,60,,,"현대오일뱅크, S-OIL 주유 및 충전 시 리터당 60원 청구할인",CONFIRMED
185,92,500000,CARD_LEVEL,3,주유,FIXED_AMOUNT,,60,,,"현대오일뱅크, S-OIL 주유 및 충전 시 리터당 60원 청구할인",CONFIRMED
186,93,500000,CARD_LEVEL,3,주유,FIXED_AMOUNT,,60,,,"현대오일뱅크, S-OIL 주유 및 충전 시 리터당 60원 청구할인",CONFIRMED
187,94,0,CARD_LEVEL,2,모든가맹점,RATE_DISCOUNT,0.7,,,,모든 국내 가맹점 0.7%~1.0% 청구할인,CONFIRMED
188,94,0,CARD_LEVEL,3,주유,FIXED_AMOUNT,,100,,,"S-OIL, 현대오일뱅크 리터당 60~100원 청구할인",CONFIRMED
189,94,0,CARD_LEVEL,17,대중교통,RATE_DISCOUNT,10.0,,,,대중교통 10% 청구할인,CONFIRMED
190,94,0,CARD_LEVEL,18,카페,RATE_DISCOUNT,10.0,,,,"스타벅스, 폴바셋 10% 청구할인",CONFIRMED
191,106,300000,INLINE,3,주유,FIXED_AMOUNT,,60,,,"주유소, 충전소 업종 리터당 60원 청구할인 (전월실적 30만원 이상)",CONFIRMED
192,106,300000,INLINE,5,통신,RATE_DISCOUNT,10.0,,,,"전화요금, 인터넷이용료, 케이블TV 업종 10% 청구할인 (전월실적 30만원 이상)",CONFIRMED
193,106,300000,INLINE,27,교통,RATE_DISCOUNT,10.0,,,,"버스, 지하철, 택시 업종 10% 청구할인 (전월실적 30만원 이상)",CONFIRMED
194,106,600000,INLINE,14,생활,RATE_DISCOUNT,10.0,,,,"음식점, 커피전문점, 편의점, 약국 업종 10% 추가 청구할인 (전월실적 60만원 이상)",CONFIRMED
195,107,300000,CARD_LEVEL,8,패밀리레스토랑,RATE_DISCOUNT,10.0,,,,"3대 패밀리레스토랑(아웃백,VIPS,TGIF) 이용 시 10% 청구할인",CONFIRMED
196,107,300000,CARD_LEVEL,33,무이자할부,INSTALLMENT_FREE,,3,,,"백화점, 대형마트, 정비, 손해보험 업종 2~3개월 무이자할부 서비스",CONFIRMED
197,109,300000,CARD_LEVEL,9,주유소,FIXED_AMOUNT,,100,,,SK에너지 주유시 리터당 100원 청구할인,CONFIRMED
198,109,300000,CARD_LEVEL,25,정비,FREE_SERVICE,,,,,"스피드메이트 엔진오일 무료교환, 차량정비 현장할인 서비스",CONFIRMED
199,109,300000,CARD_LEVEL,17,대중교통,RATE_DISCOUNT,10.0,,,,"버스, 지하철 10% 청구할인",CONFIRMED
200,112,300000,CARD_LEVEL,3,주유,FIXED_AMOUNT,,100,,,GS칼텍스 리터당 100원 현장할인,CONFIRMED
201,112,300000,CARD_LEVEL,27,교통,RATE_DISCOUNT,10.0,,,,버스/지하철 10% 청구할인,CONFIRMED
202,115,300000,INLINE,3,주유,FIXED_AMOUNT,,60,,,"주유소, 충전소 업종 리터당 60원 청구할인 (전월실적 30만원 이상)",CONFIRMED
203,115,300000,INLINE,22,대형마트,RATE_DISCOUNT,10.0,,,,대형마트 10% 청구할인 (전월실적 30만원 이상),CONFIRMED
204,115,300000,INLINE,5,통신,RATE_DISCOUNT,10.0,,,,"전화요금, 인터넷이용료, 케이블TV 업종 10% 청구할인 (전월실적 30만원 이상)",CONFIRMED
205,115,300000,INLINE,27,교통,RATE_DISCOUNT,10.0,,,,"버스, 지하철, 택시 업종 10% 청구할인 (전월실적 30만원 이상)",CONFIRMED
206,115,300000,INLINE,26,해외,RATE_DISCOUNT,5.0,,,,해외이용(해외직구) 5% 할인 캐시백 (전월실적 30만원 이상),CONFIRMED
207,115,600000,INLINE,12,푸드,RATE_DISCOUNT,10.0,,,,"음식점, 커피전문점, 편의점, 약국 업종 10% 추가 청구할인 (전월실적 60만원 이상)",CONFIRMED
208,116,300000,CARD_LEVEL,31,카페/디저트,RATE_DISCOUNT,10.0,,,,커피/제과/아이스크림 5~10% 할인,CONFIRMED
209,116,300000,CARD_LEVEL,27,교통,RATE_DISCOUNT,10.0,,,,"대중교통, 택시 10% 할인",CONFIRMED
210,120,0,CARD_LEVEL,26,해외,RATE_DISCOUNT,2.0,,,,해외이용 2.0% 할인 캐시백,CONFIRMED
211,121,300000,CARD_LEVEL,17,대중교통,RATE_DISCOUNT,10.0,,,,"버스, 지하철 10% 청구할인",CONFIRMED
212,121,300000,CARD_LEVEL,5,통신,RATE_DISCOUNT,10.0,,,,"SKT, KT Olleh, LG U+ 10% 청구할인",CONFIRMED
213,121,300000,CARD_LEVEL,9,주유소,FIXED_AMOUNT,,60,,,SK주유소(충전소) 리터당 60원 청구할인,CONFIRMED
214,121,300000,CARD_LEVEL,10,영화,FIXED_AMOUNT,,3500,,,"CGV/메가박스 온라인 영화예매시 승인건당 3,500원 청구 할인",CONFIRMED
215,121,300000,CARD_LEVEL,11,테마파크,RATE_DISCOUNT,50.0,,,,"롯데월드, 에버랜드, 캐리비안베이 30~50% 할인",CONFIRMED
216,121,300000,CARD_LEVEL,26,해외,RATE_DISCOUNT,5.0,,,,해외가맹점 5% 할인캐시백,CONFIRMED
217,122,200000,CARD_LEVEL,5,통신,FIXED_AMOUNT,,3000,,,"SKT, KT, LGU+ 이동통신요금 최대 3,000원 청구할인",CONFIRMED
218,122,200000,CARD_LEVEL,17,대중교통,RATE_DISCOUNT,5.0,,,,티머니 후불교통(버스/지하철) 5% 환급할인,CONFIRMED
219,125,500000,CARD_LEVEL,3,주유,FIXED_AMOUNT,,100,,,E1 LPG충전소 리터당 100원 청구할인,CONFIRMED
220,125,500000,CARD_LEVEL,1,쇼핑,RATE_DISCOUNT,10.0,,,,인터넷 쇼핑몰/소셜커머스 10% 청구할인,CONFIRMED
221,125,500000,CARD_LEVEL,12,푸드,RATE_DISCOUNT,10.0,,,,패밀리레스토랑 이용금액 10% 청구할인,CONFIRMED
222,125,500000,CARD_LEVEL,27,교통,RATE_DISCOUNT,10.0,,,,대중교통 이용금액 10% 청구할인,CONFIRMED
223,127,400000,CARD_LEVEL,27,교통,RATE_DISCOUNT,5.0,,,,"대중교통, 택시 5% 적립",CONFIRMED
224,127,400000,CARD_LEVEL,5,통신,RATE_DISCOUNT,5.0,,,,이동통신요금 5% 적립,CONFIRMED
225,127,400000,CARD_LEVEL,31,카페/디저트,RATE_DISCOUNT,10.0,,,,"커피, 디저트 10% 적립",CONFIRMED
226,127,400000,CARD_LEVEL,1,쇼핑,RATE_DISCOUNT,20.0,,,,SPA 패션 20% 적립,CONFIRMED
227,127,400000,CARD_LEVEL,32,해외이용,RATE_DISCOUNT,3.0,,,,해외이용금액 3% 할인 캐시백,CONFIRMED
228,129,300000,CARD_LEVEL,31,카페/디저트,RATE_DISCOUNT,50.0,,,,[Great 서비스] 스타벅스 50% 청구할인,CONFIRMED
229,129,300000,CARD_LEVEL,14,생활,RATE_DISCOUNT,10.0,,,,"[Basic 서비스] 대중교통, 택시/이동통신요금 10% 청구할인",CONFIRMED
230,132,400000,CARD_LEVEL,19,편의점,RATE_DISCOUNT,20.0,,,,편의점 20% 포인트리 적립,CONFIRMED
231,132,400000,CARD_LEVEL,12,푸드,RATE_DISCOUNT,5.0,,,,음식점 5% 포인트리 적립,CONFIRMED
232,132,400000,CARD_LEVEL,5,통신,RATE_DISCOUNT,5.0,,,,이동통신요금 5% 포인트리 적립,CONFIRMED
233,132,400000,CARD_LEVEL,21,온라인쇼핑,RATE_DISCOUNT,5.0,,,,인터넷쇼핑몰 5% 포인트리 적립,CONFIRMED
234,132,400000,CARD_LEVEL,29,여행/숙박,RATE_DISCOUNT,5.0,,,,"숙박앱, 렌트앱 이용 시 5% 포인트리 적립",CONFIRMED
235,132,400000,CARD_LEVEL,10,영화,FIXED_AMOUNT,,3500,,,"맥스무비 영화 예매 시 1매당 3,500원 현장할인",CONFIRMED
236,132,400000,CARD_LEVEL,6,기타,RATE_DISCOUNT,5.0,,,,카카오프렌즈 캐릭터샵 이용 시 5% 포인트리 적립,CONFIRMED
237,134,400000,CARD_LEVEL,25,정비,RATE_DISCOUNT,5.0,,,,"차량정비, 주차장, 세차장 업종 5% 적립",CONFIRMED
238,134,400000,CARD_LEVEL,5,통신,RATE_DISCOUNT,5.0,,,,이동통신 3사 자동납부 5% 적립,CONFIRMED
239,134,400000,CARD_LEVEL,6,기타,RATE_DISCOUNT,5.0,,,,플러스 O2O 이용금액 5% 적립,CONFIRMED
240,134,400000,CARD_LEVEL,11,테마파크,RATE_DISCOUNT,50.0,,,,놀이공원 30~50% 현장할인,CONFIRMED
241,136,0,CARD_LEVEL,2,모든가맹점,RATE_DISCOUNT,0.7,,,,국내 전 가맹점 0.7% 기본적립,CONFIRMED
242,136,0,CARD_LEVEL,26,해외,RATE_DISCOUNT,3.0,,,,해외이용금액 3% 할인 캐시백,CONFIRMED
243,140,300000,CARD_LEVEL,8,패밀리레스토랑,RATE_DISCOUNT,10.0,,,,"3대 패밀리레스토랑(아웃백,VIPS,TGIF) 이용 시 10% 청구할인",CONFIRMED
244,140,300000,CARD_LEVEL,10,영화,FIXED_AMOUNT,,3500,,,"맥스무비 1매당 3,500원 할인(본인회원 한정)",CONFIRMED
245,140,300000,CARD_LEVEL,33,무이자할부,INSTALLMENT_FREE,,3,,,"백화점, 대형마트, 정비, 손해보험 업종 2~3개월 무이자할부 서비스",CONFIRMED
246,141,300000,CARD_LEVEL,22,대형마트,RATE_DISCOUNT,5.0,,,,"이마트, 홈플러스, 롯데마트 5% 청구할인",CONFIRMED
247,142,400000,CARD_LEVEL,17,대중교통,RATE_DISCOUNT,10.0,,,,"대중교통(버스, 지하철) 10% 청구할인",CONFIRMED
248,142,400000,CARD_LEVEL,19,편의점,RATE_DISCOUNT,10.0,,,,"편의점(GS25, CU) 10% 청구할인",CONFIRMED
249,144,400000,CARD_LEVEL,29,여행/숙박,RATE_DISCOUNT,20.0,,,,"[꿀잠α Relax 할인서비스]
숙박/숙박App 20% 청구할인",CONFIRMED
250,144,400000,CARD_LEVEL,27,교통,RATE_DISCOUNT,20.0,,,,"[꿀잠α Relax 할인서비스]
여객/운송 20% 청구할인",CONFIRMED
251,146,0,CARD_LEVEL,13,선택형,RATE_DISCOUNT,0.7,,,,"[적립형] 국내/외 전 가맹점 0.7% 기본적립, 7대 영역 중 월간 이용횟수가 가장 높은 2개 영역 3% 추가적립",CONFIRMED
252,146,0,CARD_LEVEL,13,선택형,RATE_DISCOUNT,0.7,,,,"[할인형] 국내/외 전 가맹점 0.7% 기본할인, 7대 영역 중 월간 이용횟수가 가장 높은 2개 영역 5% 추가할인",CONFIRMED
253,148,400000,CARD_LEVEL,14,생활,RATE_DISCOUNT,5.0,,,,주요 생활영역 5% 할인서비스,CONFIRMED
254,152,1000000,CARD_LEVEL,36,약국,RATE_DISCOUNT,10.0,,,,약국 이용 시 10% 청구할인,CONFIRMED
255,156,100000,CARD_LEVEL,1,쇼핑,RATE_DISCOUNT,10.0,,,,쇼핑서비스 대상 가맹점 5~10% 적립,CONFIRMED
256,156,100000,CARD_LEVEL,5,통신,RATE_DISCOUNT,5.0,,,,이동통신요금 자동이체 시 5% 적립,CONFIRMED
257,156,100000,CARD_LEVEL,17,대중교통,RATE_DISCOUNT,5.0,,,,"버스, 지하철 이용시 5% 적립",CONFIRMED
258,162,300000,CARD_LEVEL,1,쇼핑,RATE_DISCOUNT,5.0,,,,"전국 주요 쇼핑업종, 모든 해외가맹점 청구할인 5% 할인(월5천원~2만5천원)",CONFIRMED
259,163,300000,CARD_LEVEL,1,쇼핑,RATE_DISCOUNT,7.0,,,,"전국 주요 쇼핑업종, 모든 해외가맹점 청구할인 7% 할인(월5천원~5만원)",CONFIRMED
260,164,300000,CARD_LEVEL,12,푸드,RATE_DISCOUNT,7.0,,,,전국 음식점 7% 청구할인(해외포함),CONFIRMED
261,164,300000,CARD_LEVEL,27,교통,RATE_DISCOUNT,7.0,,,,전국 대중교통 7% 청구할인(해외포함),CONFIRMED
262,164,300000,CARD_LEVEL,21,온라인쇼핑,RATE_DISCOUNT,7.0,,,,국내외 온라인쇼핑 7% 청구할인,CONFIRMED
263,164,300000,CARD_LEVEL,18,카페,RATE_DISCOUNT,30.0,,,,국내외 커피전문점 30% 청구할인,CONFIRMED
264,166,0,CARD_LEVEL,2,모든가맹점,RATE_DISCOUNT,1.0,,,,국내·외 전 가맹점 0.7~1% 청구할인,CONFIRMED
265,167,0,CARD_LEVEL,2,모든가맹점,RATE_DISCOUNT,1.4,,,,국내·외 전 가맹점 0.7~1.4% 청구할인,CONFIRMED
266,167,0,CARD_LEVEL,27,교통,RATE_DISCOUNT,5.0,,,,대중교통 및 통신요금 5% 청구할인,CONFIRMED
267,175,100000,CARD_LEVEL,2,모든가맹점,RATE_DISCOUNT,10.0,,,,농협판매장 이용 시 10% NH포인트 적립,CONFIRMED
268,185,400000,CARD_LEVEL,18,카페,RATE_DISCOUNT,5.0,,,,"커피, 베이커리 5% 할인",CONFIRMED
269,186,400000,CARD_LEVEL,24,마트/편의점,RATE_DISCOUNT,10.0,,,,농협 판매장 10% 할인,CONFIRMED
270,186,400000,CARD_LEVEL,14,생활,RATE_DISCOUNT,10.0,,,,생활 업종 10% 할인,CONFIRMED
271,186,400000,CARD_LEVEL,21,온라인쇼핑,RATE_DISCOUNT,10.0,,,,농협몰 10% 할인,CONFIRMED
272,186,400000,CARD_LEVEL,5,통신,RATE_DISCOUNT,10.0,,,,통신요금 10% 할인,CONFIRMED
273,191,400000,CARD_LEVEL,11,테마파크,FREE_SERVICE,,,,,전국 주요 놀이공원 무료입장 또는 할인,CONFIRMED
274,192,300000,CARD_LEVEL,14,생활,RATE_DISCOUNT,10.0,,,,"커피, 베이커리, 아이스크림 10% 청구할인
영화 CGV 1천원 청구할인",CONFIRMED
275,193,300000,CARD_LEVEL,14,생활,RATE_DISCOUNT,10.0,,,,"커피, 베이커리 10% 청구할인 및 CGV 1,000원 청구할인",CONFIRMED
276,193,300000,CARD_LEVEL,11,테마파크,RATE_DISCOUNT,50.0,,,,전국 주요 놀이공원 30~50% 할인,CONFIRMED
277,201,300000,CARD_LEVEL,7,백화점,RATE_DISCOUNT,15.0,,,,롯데백화점 15% 결제일할인,CONFIRMED
278,201,300000,CARD_LEVEL,7,백화점,RATE_DISCOUNT,5.0,,,,롯데백화점 5% 현장할인 e-쿠폰 제공,CONFIRMED
279,203,500000,CARD_LEVEL,2,모든가맹점,RATE_DISCOUNT,1.0,,,,[다 할인 서비스] 모든 가맹점 1% 청구할인,CONFIRMED
280,203,500000,CARD_LEVEL,17,대중교통,RATE_DISCOUNT,1.5,,,,[더 할인 서비스] 교통 1.5% 청구할인,CONFIRMED
281,203,500000,CARD_LEVEL,5,통신,RATE_DISCOUNT,1.5,,,,[더 할인 서비스] 통신 1.5% 청구할인,CONFIRMED
282,203,500000,CARD_LEVEL,22,대형마트,RATE_DISCOUNT,1.5,,,,[더 할인 서비스] 마트 1.5% 청구할인,CONFIRMED
283,203,500000,CARD_LEVEL,9,주유소,RATE_DISCOUNT,1.5,,,,[더 할인 서비스] 주유 1.5% 청구할인,CONFIRMED
284,203,500000,CARD_LEVEL,32,해외이용,RATE_DISCOUNT,1.5,,,,[더 할인 서비스] 해외 1.5% 청구할인,CONFIRMED
285,204,500000,CARD_LEVEL,2,모든가맹점,RATE_DISCOUNT,1.0,,,,[다 적립 서비스] 모든 가맹점 1% 적립,CONFIRMED
286,204,500000,CARD_LEVEL,17,대중교통,RATE_DISCOUNT,1.5,,,,[더 적립 서비스] 교통 1.5% 적립,CONFIRMED
287,204,500000,CARD_LEVEL,5,통신,RATE_DISCOUNT,1.5,,,,[더 적립 서비스] 통신 1.5% 적립,CONFIRMED
288,204,500000,CARD_LEVEL,22,대형마트,RATE_DISCOUNT,1.5,,,,[더 적립 서비스] 마트 1.5% 적립,CONFIRMED
289,204,500000,CARD_LEVEL,9,주유소,RATE_DISCOUNT,1.5,,,,[더 적립 서비스] 주유 1.5% 적립,CONFIRMED
290,204,500000,CARD_LEVEL,32,해외이용,RATE_DISCOUNT,1.5,,,,[더 적립 서비스] 해외 1.5% 적립,CONFIRMED
291,205,500000,CARD_LEVEL,22,대형마트,RATE_DISCOUNT,5.0,,,,주말 식료품비 5% 할인,CONFIRMED
292,205,500000,CARD_LEVEL,14,생활,RATE_DISCOUNT,5.0,,,,"의료비, 교통비, 편의점 5% 할인",CONFIRMED
293,206,300000,CARD_LEVEL,3,주유,FIXED_AMOUNT,,80,,,주유소(가스충전소) 리터당 80원 할인,CONFIRMED
294,206,300000,CARD_LEVEL,27,교통,RATE_DISCOUNT,10.0,,,,"시내버스, 지하철, 택시 10% 할인",CONFIRMED
295,206,300000,CARD_LEVEL,1,쇼핑,RATE_DISCOUNT,10.0,,,,롯데마트 10% 할인,CONFIRMED
296,207,300000,CARD_LEVEL,10,영화,RATE_DISCOUNT,30.0,,,,"뮤지컬, 연극 등 공연 10~30% 할인",CONFIRMED
297,214,500000,CARD_LEVEL,22,대형마트,RATE_DISCOUNT,10.0,,,,주말생활비 - 마트/슈퍼 5~10% 결제일 할인,CONFIRMED
298,214,500000,CARD_LEVEL,14,생활,RATE_DISCOUNT,10.0,,,,"일상생활비 - 의료, 교통, 편의점 5~10% 결제일 할인",CONFIRMED
299,215,500000,CARD_LEVEL,17,대중교통,RATE_DISCOUNT,10.0,,,,"출퇴근 할인 - 시내버스, 지하철 10% 결제일 할인",CONFIRMED
300,217,500000,CARD_LEVEL,3,주유,FIXED_AMOUNT,,60,,,주말 주유 리터당 60원 할인,CONFIRMED
301,217,500000,CARD_LEVEL,12,푸드,RATE_DISCOUNT,10.0,,,,야간요식 5~10% 결제일 할인,CONFIRMED
302,217,500000,CARD_LEVEL,1,쇼핑,RATE_DISCOUNT,10.0,,,,"쇼핑(소셜커머스, SPA브랜드, 편의점) 5~10% 결제일 할인",CONFIRMED
303,217,500000,CARD_LEVEL,27,교통,RATE_DISCOUNT,10.0,,,,"대중교통(시내버스, 지하철, 택시) 5~10% 결제일 할인",CONFIRMED
304,227,400000,CARD_LEVEL,9,주유소,FIXED_AMOUNT,,150,,,"SK주유소 리터당 최대 150원 청구할인
SK충전소 리터당 최대 70원 청구할인",CONFIRMED
305,227,400000,CARD_LEVEL,14,생활,RATE_DISCOUNT,10.0,,,,"교통, 영화, 외식, 커피 등 최대 10% 청구할인",CONFIRMED
306,227,400000,CARD_LEVEL,22,대형마트,RATE_DISCOUNT,10.0,,,,"이마트, 홈플러스, 롯데마트 최대 10% 청구할인",CONFIRMED
307,228,0,CARD_LEVEL,2,모든가맹점,RATE_DISCOUNT,0.8,,,,모든 가맹점 0.8% 청구할인,CONFIRMED
308,228,0,CARD_LEVEL,21,온라인쇼핑,RATE_DISCOUNT,1.3,,,,온라인 가맹점 1.3% 청구할인,CONFIRMED
309,241,300000,CARD_LEVEL,18,카페,FIXED_AMOUNT,,4000,,,"스타벅스, 커피빈 4,000원 할인",CONFIRMED
310,242,0,CARD_LEVEL,18,카페,FIXED_AMOUNT,,4000,,,"스타벅스 4,000원 청구할인",CONFIRMED
311,242,0,CARD_LEVEL,10,영화,FIXED_AMOUNT,,4000,,,"CGV, 롯데시네마 4,000원 청구할인",CONFIRMED
312,243,0,CARD_LEVEL,18,카페,FIXED_AMOUNT,,4000,,,"스타벅스 4,000원 청구할인",CONFIRMED
313,243,0,CARD_LEVEL,10,영화,FIXED_AMOUNT,,4000,,,"CGV, 롯데시네마 4,000원 청구할인",CONFIRMED
314,244,0,CARD_LEVEL,31,카페/디저트,FIXED_AMOUNT,,4000,,,"스타벅스 4,000원 청구할인",CONFIRMED
315,245,0,CARD_LEVEL,31,카페/디저트,FIXED_AMOUNT,,4000,,,"스타벅스 4,000원 청구할인",CONFIRMED
316,246,500000,CARD_LEVEL,18,카페,RATE_DISCOUNT,50.0,,,,스타벅스 30~50% 청구할인,CONFIRMED
317,246,500000,CARD_LEVEL,5,통신,RATE_DISCOUNT,10.0,,,,이동통신요금 자동이체 시 10% 청구할인,CONFIRMED
318,246,500000,CARD_LEVEL,21,온라인쇼핑,RATE_DISCOUNT,5.0,,,,"온라인쇼핑, 소셜커머스 5% 청구할인",CONFIRMED
319,251,300000,CARD_LEVEL,26,해외,RATE_DISCOUNT,1.0,,,,"해외가맹점 결제 시 국제브랜드 수수료 1% 면제
해외이용 및 해외직구 이용금액 하나머니 적립",CONFIRMED
320,252,0,CARD_LEVEL,2,모든가맹점,RATE_DISCOUNT,0.7,,,,국내 가맹점 0.7% 청구할인,CONFIRMED
321,252,0,CARD_LEVEL,21,온라인쇼핑,RATE_DISCOUNT,1.7,,,,국내 온라인 가맹점 1.7% 청구할인,CONFIRMED
322,252,0,CARD_LEVEL,26,해외,RATE_DISCOUNT,1.7,,,,해외 가맹점 1.7% 청구할인,CONFIRMED
323,254,300000,CARD_LEVEL,13,선택형,RATE_DISCOUNT,5.0,,,,6가지 옵션 중 선택한 적립대상 가맹점에서 5% 적립,CONFIRMED
324,279,200000,CARD_LEVEL,10,영화,FIXED_AMOUNT,,7000,,,"CGV 영화 예매 시 최대 7,000원 캐시백",CONFIRMED
325,279,200000,CARD_LEVEL,21,온라인쇼핑,RATE_DISCOUNT,5.0,,,,CJ mall 5% 캐시백,CONFIRMED
326,279,200000,CARD_LEVEL,12,푸드,RATE_DISCOUNT,10.0,,,,VIPS / 계절밥상 10% 캐시백,CONFIRMED
327,279,200000,CARD_LEVEL,31,카페/디저트,RATE_DISCOUNT,10.0,,,,투썸플레이스 / 뚜레쥬르 10% 캐시백,CONFIRMED
328,282,300000,CARD_LEVEL,14,생활,RATE_DISCOUNT,0.5,,,,주요 업종 0.5% ~ 1% 마이신한포인트 적립,CONFIRMED
329,282,300000,CARD_LEVEL,11,테마파크,RATE_DISCOUNT,50.0,,,,"롯데월드, 서울랜드 50% 할인",CONFIRMED
330,284,300000,CARD_LEVEL,2,모든가맹점,RATE_DISCOUNT,0.3,,,,모든 가맹점 0.3% 포인트 적립,CONFIRMED
331,286,0,CARD_LEVEL,17,대중교통,RATE_DISCOUNT,3.0,,,,대중교통 3% 적립,CONFIRMED
332,286,0,CARD_LEVEL,5,통신,RATE_DISCOUNT,3.0,,,,이동통신요금 3% 적립,CONFIRMED
333,286,0,CARD_LEVEL,26,해외,RATE_DISCOUNT,1.0,,,,"해외 전가맹점(온라인 포함) 이용금액 1% 적립,
해외 인출 1건당 US  적립 제공",CONFIRMED
334,294,300000,CARD_LEVEL,12,푸드,RATE_DISCOUNT,5.0,,,,요식업종 이용금액의 5% 할인,CONFIRMED
335,294,300000,CARD_LEVEL,27,교통,RATE_DISCOUNT,5.0,,,,"버스, 지하철 이용금액의 5% 할인(후불교통 카드 선택 시)
SK주유소 주유 시 리터당 40원 할인(후불교통카드 미 선택 시)",CONFIRMED
336,294,300000,CARD_LEVEL,1,쇼핑,RATE_DISCOUNT,5.0,,,,"홈쇼핑 이용금액의 5% 할인
해외 이용금액의 5% 할인",CONFIRMED
337,296,200000,CARD_LEVEL,27,교통,RATE_DISCOUNT,10.0,,,,"버스,지하철,택시 이용금액의 10% 할인 (캐시백)",CONFIRMED
338,296,200000,CARD_LEVEL,18,카페,RATE_DISCOUNT,20.0,,,,모든 커피 전문점 이용 금액의 20% 할인 (캐시백),CONFIRMED
339,296,200000,CARD_LEVEL,7,백화점,RATE_DISCOUNT,10.0,,,,4대 백화점 및 3대 할인점 이용 금액의 10% 할인 (캐시백),CONFIRMED
340,300,200000,CARD_LEVEL,30,렌터카,RATE_DISCOUNT,10.0,,,,SOCAR 결제 시 10% 할인(캐시백),CONFIRMED
341,300,200000,CARD_LEVEL,10,영화,RATE_DISCOUNT,10.0,,,,영화 이용 시 10% 할인(캐시백),CONFIRMED
342,301,300000,CARD_LEVEL,19,편의점,RATE_DISCOUNT,5.0,,,,GS25 5% 캐시백,CONFIRMED
343,301,300000,CARD_LEVEL,10,영화,RATE_DISCOUNT,10.0,,,,CGV 10% 캐시백,CONFIRMED
344,302,300000,CARD_LEVEL,19,편의점,RATE_DISCOUNT,5.0,,,,GS25 편의점 5% 캐시백,CONFIRMED
345,302,300000,CARD_LEVEL,11,테마파크,RATE_DISCOUNT,50.0,,,,롯데월드/서울랜드 50% 현장할인,CONFIRMED
346,306,200000,CARD_LEVEL,10,영화,RATE_DISCOUNT,10.0,,,,영화 예매시 10% 할인(캐시백),CONFIRMED
347,307,200000,CARD_LEVEL,12,푸드,RATE_DISCOUNT,20.0,,,,"빽다방 이용시 20% 결제일 할인(캐시백)
더본(theborn) 모든 매장 이용 시 5% 결제일 할인(캐시백)",CONFIRMED
348,307,200000,CARD_LEVEL,10,영화,RATE_DISCOUNT,10.0,,,,CGV 예매시 10% 할인,CONFIRMED
349,311,0,CARD_LEVEL,32,해외이용,RATE_DISCOUNT,1.2,,,,해외 전 가맹점 이용액 (온라인 포함) 1.2% 캐시백,CONFIRMED
350,311,0,CARD_LEVEL,19,편의점,RATE_DISCOUNT,9.0,,,,CU 9% 캐시백,CONFIRMED
351,311,0,CARD_LEVEL,18,카페,RATE_DISCOUNT,9.0,,,,스타벅스 9% 캐시백,CONFIRMED
352,312,200000,CARD_LEVEL,32,해외이용,RATE_DISCOUNT,2.0,,,,해외가맹점(해외직구 포함) 이용금액의 1~2% 캐시백,CONFIRMED
353,313,250000,CARD_LEVEL,32,해외이용,RATE_DISCOUNT,2.0,,,,[해외서비스] 해외가맹점(해외직구 포함) 이용금액의 1~2% 캐시백,CONFIRMED
354,315,200000,CARD_LEVEL,21,온라인쇼핑,RATE_DISCOUNT,5.0,,,,온라인 쇼핑몰 이용금액 5% 캐쉬백,CONFIRMED
355,315,200000,CARD_LEVEL,19,편의점,RATE_DISCOUNT,5.0,,,,오프라인 쇼핑 이용금액 5% 캐쉬백,CONFIRMED
356,316,300000,CARD_LEVEL,2,모든가맹점,RATE_DISCOUNT,1.0,,,,L.POINT 0.3 ~ 1% 적립,CONFIRMED
357,316,300000,CARD_LEVEL,11,테마파크,RATE_DISCOUNT,50.0,,,,롯데월드 아쿠아리움 입장권 및 놀이공원 자유이용권 50% 현장할인,CONFIRMED
358,317,300000,CARD_LEVEL,2,모든가맹점,RATE_DISCOUNT,1.5,,,,모아포인트 0.3 ~ 1.5% 적립,CONFIRMED
359,317,300000,CARD_LEVEL,11,테마파크,RATE_DISCOUNT,50.0,,,,롯데아쿠아리움 및 주요 놀이공원 50% 현장할인,CONFIRMED
360,318,200000,CARD_LEVEL,18,카페,RATE_DISCOUNT,30.0,,,,"스타벅스 30%, 편의점 5% 캐시백할인",CONFIRMED
361,320,300000,CARD_LEVEL,22,대형마트,RATE_DISCOUNT,10.0,,,,롯데마트 매장 및 롯데마트몰 10% 캐시백 할인,CONFIRMED
362,320,300000,CARD_LEVEL,18,카페,RATE_DISCOUNT,20.0,,,,"스타벅스, 투썸플레이스 20% 캐시백 할인",CONFIRMED
363,320,300000,CARD_LEVEL,8,패밀리레스토랑,RATE_DISCOUNT,10.0,,,,"아웃백, TGIF 10% 캐시백 할인",CONFIRMED
364,320,300000,CARD_LEVEL,10,영화,FIXED_AMOUNT,,3000,,,"모든 영화관 3,000원 캐시백 할인",CONFIRMED
365,320,300000,CARD_LEVEL,17,대중교통,FIXED_AMOUNT,,1500,,,"시내버스, 지하철 1,500원 청구할인",CONFIRMED
366,320,300000,CARD_LEVEL,9,주유소,FIXED_AMOUNT,,40,,,GS칼텍스 리터당 40원 캐시백 할인,CONFIRMED
367,320,300000,CARD_LEVEL,11,테마파크,RATE_DISCOUNT,50.0,,,,주요 놀이공원 자유이용권 50% 현장할인,CONFIRMED
368,322,300000,CARD_LEVEL,17,대중교통,RATE_DISCOUNT,5.0,,,,"전국 시내버스, 지하철 5% 청구할인",CONFIRMED
369,322,300000,CARD_LEVEL,8,패밀리레스토랑,RATE_DISCOUNT,10.0,,,,"아웃백, TGIF 10% 청구할인",CONFIRMED
370,322,300000,CARD_LEVEL,18,카페,RATE_DISCOUNT,20.0,,,,"스타벅스, 투썸플레이스 20% 청구할인",CONFIRMED
371,322,300000,CARD_LEVEL,11,테마파크,RATE_DISCOUNT,50.0,,,,주요 놀이공원 자유이용권 50% 현장할인,CONFIRMED
372,325,300000,CARD_LEVEL,2,모든가맹점,RATE_DISCOUNT,1.0,,,,사용업종 또는 결제건당 금액에 따라 0.3~1% 모아포인트 적립,CONFIRMED
373,325,300000,CARD_LEVEL,12,푸드,RATE_DISCOUNT,10.0,,,,"치킨, 피자 10% 청구할인",CONFIRMED
374,325,300000,CARD_LEVEL,10,영화,FIXED_AMOUNT,,3000,,,"전국 영화관 3,000원 청구할인",CONFIRMED
375,325,300000,CARD_LEVEL,9,주유소,FIXED_AMOUNT,,60,,,SK주유 및 충전 시 리터당 60원 청구할인,CONFIRMED
376,326,200000,CARD_LEVEL,24,마트/편의점,RATE_DISCOUNT,5.0,,,,주요할인점 5%할인,CONFIRMED
377,328,250000,CARD_LEVEL,18,카페,FIXED_AMOUNT,,1000,,,"커피전문점 1회당 1,000원 할인 캐시백",CONFIRMED
378,329,300000,CARD_LEVEL,7,백화점,RATE_DISCOUNT,5.0,,,,"갤러리아 백화점, Mall 5% 현장할인",CONFIRMED
379,329,300000,CARD_LEVEL,2,모든가맹점,RATE_DISCOUNT,1.5,,,,업종별 0.3~1.5% 모아포인트 적립,CONFIRMED
380,329,300000,CARD_LEVEL,32,해외이용,RATE_DISCOUNT,1.0,,,,해외 가맹점(해외직구 포함) 1% 캐시백 할인,CONFIRMED
381,329,300000,CARD_LEVEL,11,테마파크,RATE_DISCOUNT,50.0,,,,주요 놀이공원 50% 현장할인,CONFIRMED
382,331,200000,CARD_LEVEL,7,백화점,RATE_DISCOUNT,5.0,,,,현대백화점 및 현대아울렛 5% 할인,CONFIRMED
383,331,200000,CARD_LEVEL,18,카페,RATE_DISCOUNT,20.0,,,,"스타벅스, 커피빈 20% 캐시백 할인",CONFIRMED
384,331,200000,CARD_LEVEL,8,패밀리레스토랑,RATE_DISCOUNT,10.0,,,,"아웃백스테이크하우스, TGIF, VIPS, 우노 10% 캐시백 할인",CONFIRMED
385,331,200000,CARD_LEVEL,10,영화,FIXED_AMOUNT,,6000,,,"CGV, 메가박스, 롯데시네마 최대 6,000원 캐시백 할인",CONFIRMED
386,331,200000,CARD_LEVEL,9,주유소,FIXED_AMOUNT,,40,,,S-OIL 주유소 리터당 40원 캐시백 할인,CONFIRMED
387,331,200000,CARD_LEVEL,11,테마파크,RATE_DISCOUNT,50.0,,,,놀이공원 무료입장 및 자유이용권 최대 50% 현장할인,CONFIRMED
388,331,200000,CARD_LEVEL,6,기타,FIXED_AMOUNT,,3000,,,"TOEIC 응시료 3,000원 캐시백 할인",CONFIRMED
389,332,300000,CARD_LEVEL,18,카페,RATE_DISCOUNT,1.0,,,,커피전문점 업종 이용 시 카카오페이머니 1% 적립,CONFIRMED
390,332,300000,CARD_LEVEL,19,편의점,RATE_DISCOUNT,1.0,,,,CU편의점 이용 시 카카오페이머니 1% 적립,CONFIRMED
391,332,300000,CARD_LEVEL,17,대중교통,RATE_DISCOUNT,1.0,,,,"대중교통(버스,지하철) 이용 시 카카오페이머니 1% 적립",CONFIRMED
392,335,300000,CARD_LEVEL,19,편의점,RATE_DISCOUNT,10.0,,,,편의점 업종 5~10% 환급할인,CONFIRMED
393,335,300000,CARD_LEVEL,27,교통,RATE_DISCOUNT,5.0,,,,"대중교통, 택시 5% 환급할인",CONFIRMED
394,335,300000,CARD_LEVEL,29,여행/숙박,RATE_DISCOUNT,3.0,,,,라이프샵 여행 해외패키지 3% 현장할인,CONFIRMED
395,338,300000,CARD_LEVEL,26,해외,RATE_DISCOUNT,1.0,,,,해외이용 1% 할인캐시백,CONFIRMED
396,339,300000,CARD_LEVEL,18,카페,RATE_DISCOUNT,5.0,,,,"커피전문점, 베이커리, 아이스크림전문점 5% 평일 환급할인",CONFIRMED
397,339,300000,CARD_LEVEL,27,교통,RATE_DISCOUNT,5.0,,,,버스·지하철 5% 청구할인,CONFIRMED
398,340,200000,CARD_LEVEL,17,대중교통,RATE_DISCOUNT,10.0,,,,버스·지하철 10% 청구할인,CONFIRMED
399,340,200000,CARD_LEVEL,5,통신,FIXED_AMOUNT,,2500,,,"이동통신요금 2,500원 환급할인",CONFIRMED
400,340,200000,CARD_LEVEL,10,영화,RATE_DISCOUNT,35.0,,,,CGV 35% 환급할인,CONFIRMED
401,340,200000,CARD_LEVEL,12,푸드,RATE_DISCOUNT,20.0,,,,"아웃백, VIPS / 스타벅스 20% 환급할인",CONFIRMED
402,340,200000,CARD_LEVEL,11,테마파크,RATE_DISCOUNT,50.0,,,,에버랜드·롯데월드 50% 환급할인,CONFIRMED
403,340,200000,CARD_LEVEL,4,금융,FREE_SERVICE,,,,,금융수수료 면제 서비스,CONFIRMED
404,340,200000,CARD_LEVEL,14,생활,RATE_DISCOUNT,5.0,,,,GS25/교보문고 5% 환급할인,CONFIRMED
405,341,300000,CARD_LEVEL,17,대중교통,RATE_DISCOUNT,5.0,,,,버스·지하철 5% 청구할인,CONFIRMED
406,342,200000,CARD_LEVEL,17,대중교통,RATE_DISCOUNT,10.0,,,,버스·지하철 10% 청구할인,CONFIRMED
407,342,200000,CARD_LEVEL,5,통신,FIXED_AMOUNT,,2500,,,"이동통신요금 2,500원 환급할인",CONFIRMED
408,342,200000,CARD_LEVEL,10,영화,RATE_DISCOUNT,35.0,,,,CGV 35% 환급할인,CONFIRMED
409,342,200000,CARD_LEVEL,8,패밀리레스토랑,RATE_DISCOUNT,20.0,,,,"아웃백, VIPS 20% 환급할인",CONFIRMED
410,342,200000,CARD_LEVEL,18,카페,RATE_DISCOUNT,20.0,,,,스타벅스 20% 환급할인,CONFIRMED
411,342,200000,CARD_LEVEL,11,테마파크,RATE_DISCOUNT,50.0,,,,에버랜드·롯데월드 50% 환급할인,CONFIRMED
412,342,200000,CARD_LEVEL,19,편의점,RATE_DISCOUNT,5.0,,,,GS25 5% 환급할인,CONFIRMED
413,343,200000,CARD_LEVEL,8,패밀리레스토랑,RATE_DISCOUNT,10.0,,,,아웃백·VIPS 10% 포인트리 적립,CONFIRMED
414,343,200000,CARD_LEVEL,10,영화,FIXED_AMOUNT,,3000,,,"CGV 3,000원 포인트리 적립",CONFIRMED
415,343,200000,CARD_LEVEL,17,대중교통,RATE_DISCOUNT,5.0,,,,버스·지하철 5% 포인트리 적립,CONFIRMED
416,343,200000,CARD_LEVEL,21,온라인쇼핑,RATE_DISCOUNT,3.0,,,,G마켓·옥션 3% 포인트리 적립,CONFIRMED
417,343,200000,CARD_LEVEL,11,테마파크,RATE_DISCOUNT,50.0,,,,에버랜드 50% 포인트리 적립,CONFIRMED
418,344,100000,CARD_LEVEL,21,온라인쇼핑,RATE_DISCOUNT,5.0,,,,인터넷쇼핑몰 5% 환급할인 서비스,CONFIRMED
419,344,100000,CARD_LEVEL,36,약국,RATE_DISCOUNT,5.0,,,,약국 업종 5% 환급할인 서비스,CONFIRMED
420,345,300000,CARD_LEVEL,7,백화점,RATE_DISCOUNT,7.0,,,,롯데·현대·신세계백화점 7% 환급할인,CONFIRMED
421,345,300000,CARD_LEVEL,27,교통,RATE_DISCOUNT,5.0,,,,버스·지하철 5% 청구할인,CONFIRMED
422,345,300000,CARD_LEVEL,32,해외이용,RATE_DISCOUNT,5.0,,,,해외이용 5% 할인 캐시백,CONFIRMED
423,346,300000,CARD_LEVEL,22,대형마트,RATE_DISCOUNT,5.0,,,,이마트·롯데마트·홈플러스 5% 환급할인,CONFIRMED
424,346,300000,CARD_LEVEL,9,주유소,FIXED_AMOUNT,,60,,,SK에너지 리터당 60원 환급할인,CONFIRMED
425,346,300000,CARD_LEVEL,5,통신,FIXED_AMOUNT,,2500,,,"이동통신요금 2,500원 환급할인",CONFIRMED
426,346,300000,CARD_LEVEL,17,대중교통,RATE_DISCOUNT,5.0,,,,버스·지하철 5% 청구할인,CONFIRMED
427,346,300000,CARD_LEVEL,19,편의점,RATE_DISCOUNT,3.0,,,,CU편의점 3% CU포인트 적립,CONFIRMED
428,347,200000,CARD_LEVEL,18,카페,RATE_DISCOUNT,5.0,,,,"커피빈 주중 5%, 주말 10% 환급할인",CONFIRMED
429,347,200000,CARD_LEVEL,10,영화,RATE_DISCOUNT,20.0,,,,CGV·메가박스 20% 환급할인,CONFIRMED
430,347,200000,CARD_LEVEL,11,테마파크,RATE_DISCOUNT,30.0,,,,에버랜드·서울랜드·롯데월드 30% 환급할인,CONFIRMED
431,347,200000,CARD_LEVEL,19,편의점,RATE_DISCOUNT,5.0,,,,GS25 5% 환급할인,CONFIRMED
432,347,200000,CARD_LEVEL,17,대중교통,RATE_DISCOUNT,5.0,,,,버스·지하철 5% 청구할인,CONFIRMED
433,348,200000,CARD_LEVEL,17,대중교통,RATE_DISCOUNT,10.0,,,,버스·지하철 10% 청구할인,CONFIRMED
434,348,200000,CARD_LEVEL,5,통신,FIXED_AMOUNT,,2500,,,"이동통신요금 2,500원 환급할인",CONFIRMED
435,348,200000,CARD_LEVEL,10,영화,RATE_DISCOUNT,35.0,,,,CGV 35% 환급할인,CONFIRMED
436,348,200000,CARD_LEVEL,12,푸드,RATE_DISCOUNT,20.0,,,,"아웃백, VIPS / 스타벅스 20% 환급할인",CONFIRMED
437,348,200000,CARD_LEVEL,11,테마파크,RATE_DISCOUNT,50.0,,,,에버랜드·롯데월드 50% 환급할인,CONFIRMED
438,348,200000,CARD_LEVEL,4,금융,FREE_SERVICE,,,,,금융수수료 면제 서비스,CONFIRMED
439,348,200000,CARD_LEVEL,19,편의점,RATE_DISCOUNT,5.0,,,,GS25 5% 환급할인,CONFIRMED
440,349,200000,CARD_LEVEL,17,대중교통,RATE_DISCOUNT,10.0,,,,버스·지하철 10% 청구할인,CONFIRMED
441,349,200000,CARD_LEVEL,5,통신,FIXED_AMOUNT,,2500,,,"이동통신요금 2,500원 환급할인",CONFIRMED
442,349,200000,CARD_LEVEL,10,영화,RATE_DISCOUNT,35.0,,,,CGV 35% 환급할인,CONFIRMED
443,349,200000,CARD_LEVEL,8,패밀리레스토랑,RATE_DISCOUNT,20.0,,,,"아웃백, VIPS 20% 환급할인",CONFIRMED
444,349,200000,CARD_LEVEL,18,카페,RATE_DISCOUNT,20.0,,,,스타벅스 20% 환급할인,CONFIRMED
445,349,200000,CARD_LEVEL,11,테마파크,RATE_DISCOUNT,50.0,,,,에버랜드·롯데월드 50% 환급할인,CONFIRMED
446,349,200000,CARD_LEVEL,19,편의점,RATE_DISCOUNT,5.0,,,,GS25 5% 환급할인,CONFIRMED
447,350,200000,CARD_LEVEL,9,주유소,FIXED_AMOUNT,,50,,,"GS칼텍스 리터당 주중 50원, 주말 60원 환급할인",CONFIRMED
448,350,200000,CARD_LEVEL,7,백화점,RATE_DISCOUNT,5.0,,,,롯데·현대·신세계백화점 5% 환급할인,CONFIRMED
449,350,200000,CARD_LEVEL,8,패밀리레스토랑,RATE_DISCOUNT,10.0,,,,아웃백 10% 환급할인,CONFIRMED
450,350,200000,CARD_LEVEL,17,대중교통,RATE_DISCOUNT,5.0,,,,버스·지하철 5% 청구할인,CONFIRMED
451,350,200000,CARD_LEVEL,5,통신,FIXED_AMOUNT,,1000,,,"이동통신요금 1,000원 환급할인 (월 1회)",CONFIRMED
452,350,200000,CARD_LEVEL,11,테마파크,RATE_DISCOUNT,50.0,,,,에버랜드 50% 환급할인,CONFIRMED
453,351,200000,CARD_LEVEL,9,주유소,FIXED_AMOUNT,,50,,,"GS칼텍스 리터당 주중 50원, 주말 60원 환급할인",CONFIRMED
454,351,200000,CARD_LEVEL,17,대중교통,RATE_DISCOUNT,5.0,,,,버스·지하철 5% 청구할인,CONFIRMED
455,351,200000,CARD_LEVEL,5,통신,FIXED_AMOUNT,,2500,,,"이동통신요금 2,500원 환급할인",CONFIRMED
456,351,200000,CARD_LEVEL,10,영화,FIXED_AMOUNT,,3000,,,"CGV 3,000원 환급할인",CONFIRMED
457,351,200000,CARD_LEVEL,11,테마파크,RATE_DISCOUNT,50.0,,,,에버랜드 50% 환급할인,CONFIRMED
458,351,200000,CARD_LEVEL,21,온라인쇼핑,RATE_DISCOUNT,3.0,,,,G마켓·옥션 3% 환급할인,CONFIRMED
459,351,200000,CARD_LEVEL,8,패밀리레스토랑,RATE_DISCOUNT,10.0,,,,아웃백·VIPS 10% 환급할인,CONFIRMED
460,353,300000,CARD_LEVEL,27,교통,RATE_DISCOUNT,1.0,,,,"대중교통(버스,지하철)/택시업종 1% 포인트리 적립",CONFIRMED
461,354,300000,CARD_LEVEL,18,카페,RATE_DISCOUNT,10.0,,,,스타벅스 10% 환급할인,CONFIRMED
462,354,300000,CARD_LEVEL,10,영화,RATE_DISCOUNT,10.0,,,,CGV 10% 환급할인,CONFIRMED
463,359,300000,CARD_LEVEL,18,카페,RATE_DISCOUNT,10.0,,,,스타벅스 10% 환급할인,CONFIRMED
464,369,200000,CARD_LEVEL,21,온라인쇼핑,RATE_DISCOUNT,5.0,,,,온라인쇼핑몰/소셜커머스 3~5% 청구할인,CONFIRMED
465,369,200000,CARD_LEVEL,34,병원,RATE_DISCOUNT,3.0,,,,전국 병원 업종 3% 청구할인,CONFIRMED
466,369,200000,CARD_LEVEL,18,카페,RATE_DISCOUNT,5.0,,,,커피전문점/제과점 5% 청구할인,CONFIRMED
467,369,200000,CARD_LEVEL,11,테마파크,FREE_SERVICE,,,,,전국 주요 놀이공원 무료입장 및 할인,CONFIRMED
468,372,300000,CARD_LEVEL,21,온라인쇼핑,RATE_DISCOUNT,5.0,,,,온라인쇼핑 5% 할인,CONFIRMED
469,372,300000,CARD_LEVEL,18,카페,RATE_DISCOUNT,10.0,,,,영화 · 커피 10%할인,CONFIRMED
470,389,200000,CARD_LEVEL,17,대중교통,RATE_DISCOUNT,7.0,,,,버스/지하철 7% 캐시백,CONFIRMED
471,390,300000,CARD_LEVEL,27,교통,RATE_DISCOUNT,7.0,,,,후불교통 이용금액 7% 캐시백 서비스,CONFIRMED
472,392,0,CARD_LEVEL,2,모든가맹점,RATE_DISCOUNT,0.2,,,,업종 및 연간 이용금액에 따라 0.2%~0.8% 빅포인트 적립,CONFIRMED
473,392,0,CARD_LEVEL,8,패밀리레스토랑,RATE_DISCOUNT,10.0,,,,아웃백스테이크하우스 10% 현장할인,CONFIRMED
474,392,0,CARD_LEVEL,18,카페,FIXED_AMOUNT,,1000,,,"스타벅스 1,000원 결제일할인",CONFIRMED
475,392,0,CARD_LEVEL,7,백화점,RATE_DISCOUNT,5.0,,,,신세계백화점 5% 할인 및 신세계포인트 적립,CONFIRMED
476,393,0,CARD_LEVEL,2,모든가맹점,RATE_DISCOUNT,0.2,,,,업종 및 연간 이용금액에 따라 0.2%~0.8% 빅포인트 적립,CONFIRMED
477,393,0,CARD_LEVEL,10,영화,FIXED_AMOUNT,,3000,,,"CGV 3,000원 할인",CONFIRMED
478,393,0,CARD_LEVEL,11,테마파크,RATE_DISCOUNT,50.0,,,,놀이공원 자유이용권 50%·워터파크 입장권 30% 현장할인,CONFIRMED
479,394,0,CARD_LEVEL,2,모든가맹점,RATE_DISCOUNT,0.2,,,,업종 및 연간 이용금액에 따라 0.2%~0.6% 캐시백,CONFIRMED
480,394,0,CARD_LEVEL,10,영화,FIXED_AMOUNT,,3000,,,"CGV 3,000원 할인",CONFIRMED
481,394,0,CARD_LEVEL,11,테마파크,RATE_DISCOUNT,50.0,,,,놀이공원 자유이용권 50%·워터파크 입장권 30% 현장할인,CONFIRMED
482,402,100000,CARD_LEVEL,2,모든가맹점,RATE_DISCOUNT,0.2,,,,이용금액의 0.2% L.POINT 적립,CONFIRMED
483,406,300000,CARD_LEVEL,21,온라인쇼핑,RATE_DISCOUNT,5.0,,,,온라인 몰 5% 청구 할인,CONFIRMED
484,421,300000,CARD_LEVEL,3,주유,FIXED_AMOUNT,,200,,,"현대오일뱅크/SK에너지 주유시 리터당 200원·400원 할인
모든 충전소(LPG) 이용 시 리터당 100원·200원 할인",CONFIRMED
485,421,300000,CARD_LEVEL,25,정비,FREE_SERVICE,,,,,스피드메이트 엔진오일 교환 및 타이어 펑크 수리 무료서비스 제공,CONFIRMED
486,423,0,CARD_LEVEL,28,프리미엄 서비스,FREE_SERVICE,,,,,"특수 소재 카드 플레이트 제공
전 세계 800여 개 공항라운지 무료 이용 등",CONFIRMED
487,424,0,CARD_LEVEL,28,프리미엄 서비스,FREE_SERVICE,,,,,"특수소재 카드 플레이트 제공
전 세계 800여 개 공항라운지 무료 이용 등",CONFIRMED
488,451,0,CARD_LEVEL,2,모든가맹점,RATE_DISCOUNT,1.0,,,,일반 업종 이용금액 1% 포인트 기본적립,CONFIRMED
489,451,0,CARD_LEVEL,15,면세점,RATE_DISCOUNT,2.0,,,,면세점 및 백화점 이용금액 2% 포인트 특별적립,CONFIRMED
490,451,0,CARD_LEVEL,32,해외이용,RATE_DISCOUNT,2.0,,,,해외 이용금액 2% 포인트 특별적립,CONFIRMED
491,452,0,CARD_LEVEL,15,면세점,MILEAGE,2.0,,1500,WON,"면세점 및 백화점 이용금액 1,500원당 2마일리지 특별적립",CONFIRMED
492,452,0,CARD_LEVEL,32,해외이용,MILEAGE,2.0,,1500,WON,"해외 이용금액 1,500원당 2마일리지 특별적립",CONFIRMED
493,452,0,CARD_LEVEL,9,주유소,MILEAGE,3.0,,,LITER,SK 주유소 이용금액 리터당 3마일리지 적립,CONFIRMED
494,453,0,CARD_LEVEL,15,면세점,MILEAGE,2.0,,1000,WON,"면세점 및 백화점 이용금액 1,000원당 2마일리지 특별적립",CONFIRMED
495,453,0,CARD_LEVEL,32,해외이용,MILEAGE,2.0,,1000,WON,"해외 이용금액 1,000원당 2마일리지 특별적립",CONFIRMED
496,453,0,CARD_LEVEL,9,주유소,MILEAGE,3.0,,,LITER,SK 주유소 이용금액 리터당 3마일리지 적립,CONFIRMED
497,454,100000,CARD_LEVEL,2,모든가맹점,RATE_DISCOUNT,0.2,,,,국내외 가맹점 0.2% 포인트리 기본 적립,CONFIRMED
498,454,100000,CARD_LEVEL,31,카페/디저트,RATE_DISCOUNT,0.2,,,,커피/제과아이스크림 업종 0.2% 포인트리 추가 적립,CONFIRMED
499,454,100000,CARD_LEVEL,5,통신,RATE_DISCOUNT,0.2,,,,이동통신요금 자동이체 시 0.2% 포인트리 추가 적립,CONFIRMED
500,454,100000,CARD_LEVEL,19,편의점,RATE_DISCOUNT,0.2,,,,GS25 편의점 0.2% 포인트리 추가 적립,CONFIRMED
501,454,100000,CARD_LEVEL,27,교통,RATE_DISCOUNT,0.2,,,,"대중교통(버스, 지하철), 택시 0.2% 포인트리 추가 적립",CONFIRMED
502,454,100000,CARD_LEVEL,22,대형마트,RATE_DISCOUNT,0.8,,,,대형마트 0.8% 포인트리 추가 적립,CONFIRMED
503,454,100000,CARD_LEVEL,3,주유,RATE_DISCOUNT,0.8,,,,GS칼텍스 주유소 0.8% 포인트리 추가 적립,CONFIRMED
504,455,300000,CARD_LEVEL,1,쇼핑,RATE_DISCOUNT,5.0,,,,쇼핑 5% 결제일 할인,CONFIRMED
505,455,300000,CARD_LEVEL,27,교통,RATE_DISCOUNT,10.0,,,,교통 10% 결제일 할인,CONFIRMED
506,457,250000,CARD_LEVEL,32,해외이용,RATE_DISCOUNT,2.0,,,,[해외서비스] 해외가맹점(해외직구 포함) 이용금액의 1~2% 캐시백,CONFIRMED
507,458,300000,CARD_LEVEL,18,카페,RATE_DISCOUNT,5.0,,,,[일상팩] 커피전문점·편의점·배달앱 5% 네이버페이 포인트 적립,CONFIRMED
508,469,500000,CARD_LEVEL,21,온라인쇼핑,RATE_DISCOUNT,5.0,,,,[Easy 서비스] 인터넷쇼핑몰 5% 적립,CONFIRMED
509,469,500000,CARD_LEVEL,22,대형마트,RATE_DISCOUNT,5.0,,,,[Easy 서비스] 대형마트 5% 적립,CONFIRMED
510,469,500000,CARD_LEVEL,3,주유,RATE_DISCOUNT,5.0,,,,[Easy 서비스] 주유소/충전소 5% 적립,CONFIRMED
511,469,500000,CARD_LEVEL,17,대중교통,RATE_DISCOUNT,5.0,,,,[Basic 서비스] 대중교통 5% 적립,CONFIRMED
512,469,500000,CARD_LEVEL,5,통신,RATE_DISCOUNT,5.0,,,,[Basic 서비스] 이동통신 5% 적립,CONFIRMED
513,469,500000,CARD_LEVEL,13,선택형,RATE_DISCOUNT,5.0,,,,[Pick 서비스] 선호영역(택1) 5% 적립,CONFIRMED
514,470,500000,CARD_LEVEL,21,온라인쇼핑,RATE_DISCOUNT,5.0,,,,[Easy on 특화서비스] 인터넷 쇼핑몰 5% 할인,CONFIRMED
515,470,500000,CARD_LEVEL,12,푸드,RATE_DISCOUNT,5.0,,,,[Easy on 특화서비스] 음식 업종 5% 할인,CONFIRMED
516,470,500000,CARD_LEVEL,7,백화점,RATE_DISCOUNT,5.0,,,,[Easy on 특화서비스] 백화점 5% 할인,CONFIRMED
517,470,500000,CARD_LEVEL,18,카페,RATE_DISCOUNT,5.0,,,,[Easy on 특화서비스] 커피 5% 할인,CONFIRMED
518,470,500000,CARD_LEVEL,19,편의점,RATE_DISCOUNT,5.0,,,,[Easy on 특화서비스] 편의점 5% 할인,CONFIRMED
519,470,500000,CARD_LEVEL,17,대중교통,RATE_DISCOUNT,5.0,,,,[Easy on Plus 서비스] 대중교통 5% 할인,CONFIRMED
520,470,500000,CARD_LEVEL,5,통신,RATE_DISCOUNT,5.0,,,,[Easy on Plus 서비스] 이동통신요금 5% 할인,CONFIRMED
521,470,500000,CARD_LEVEL,14,생활,RATE_DISCOUNT,5.0,,,,"[Easy on Plus 서비스] 온라인 음원, 숙박앱 5% 할인",CONFIRMED
522,471,300000,CARD_LEVEL,14,생활,RATE_DISCOUNT,0.5,,,,기본적립 0.5% L.POINT 적립,CONFIRMED
523,471,300000,CARD_LEVEL,14,생활,RATE_DISCOUNT,3.0,,,,특별적립 3% L.POINT 적립,CONFIRMED
524,473,300000,CARD_LEVEL,32,해외이용,RATE_DISCOUNT,2.0,,,,[특별적립] 해외이용 2% UniMile 적립,CONFIRMED
525,473,300000,CARD_LEVEL,15,면세점,RATE_DISCOUNT,2.0,,,,[특별적립] 면세점 2% UniMile 적립,CONFIRMED
526,473,300000,CARD_LEVEL,30,렌터카,RATE_DISCOUNT,1.0,,,,[특별적립] 렌터카 1% UniMile 적립,CONFIRMED
527,473,300000,CARD_LEVEL,9,주유소,RATE_DISCOUNT,1.0,,,,[특별적립] 주유소 1% UniMile 적립,CONFIRMED
528,473,300000,CARD_LEVEL,14,생활,RATE_DISCOUNT,0.7,,,,[기본적립] 국내가맹점 0.7% UniMile 적립,CONFIRMED
529,476,400000,CARD_LEVEL,1,쇼핑,RATE_DISCOUNT,5.0,,,,"백화점, 마트, 홈쇼핑, 온라인쇼핑, 소셜몰, 패션&뷰티 1~5% 적립",CONFIRMED
530,476,400000,CARD_LEVEL,12,푸드,RATE_DISCOUNT,5.0,,,,"커피전문점, 편의점, 베이커리, 배달앱 1~5% 적립",CONFIRMED
531,476,400000,CARD_LEVEL,26,해외,RATE_DISCOUNT,5.0,,,,"해외, 항공&면세점 1~5% 적립",CONFIRMED
532,476,400000,CARD_LEVEL,14,생활,RATE_DISCOUNT,5.0,,,,"주유, 교육, 병원, 이동통신, 대중교통 1~5% 적립",CONFIRMED
533,477,400000,CARD_LEVEL,13,선택형,RATE_DISCOUNT,2.0,,,,[Taking 10 서비스] 가장 많이 이용한 5개 영역 각 2%씩 적립,CONFIRMED
534,477,400000,CARD_LEVEL,1,쇼핑,RATE_DISCOUNT,2.0,,,,"백화점, 마트, 홈쇼핑, 온라인쇼핑, 소셜몰, 패션&뷰티 2% 적립",CONFIRMED
535,477,400000,CARD_LEVEL,12,푸드,RATE_DISCOUNT,2.0,,,,"커피전문점, 편의점, 베이커리, 배달앱 2% 적립",CONFIRMED
536,477,400000,CARD_LEVEL,26,해외,RATE_DISCOUNT,2.0,,,,"해외, 항공&면세점 2% 적립",CONFIRMED
537,477,400000,CARD_LEVEL,14,생활,RATE_DISCOUNT,2.0,,,,"주유, 교육, 병원, 이동통신, 대중교통 2% 적립",CONFIRMED
538,478,0,CARD_LEVEL,22,대형마트,RATE_DISCOUNT,1.2,,,,홈플러스 포인트 1.2% 적립,CONFIRMED
539,478,0,CARD_LEVEL,10,영화,FIXED_AMOUNT,,1500,,,"YES24, 인터파크 영화 예매 1,500원 할인",CONFIRMED
540,479,0,CARD_LEVEL,24,마트/편의점,RATE_DISCOUNT,0.6,,,,홈플러스포인트 0.6% 적립,CONFIRMED
541,480,300000,CARD_LEVEL,9,주유소,FIXED_AMOUNT,,60,,,주유소 리터당 60원 할인,CONFIRMED
542,481,300000,CARD_LEVEL,21,온라인쇼핑,RATE_DISCOUNT,10.0,,,,온라인 쇼핑 10% 청구할인,CONFIRMED
543,481,300000,CARD_LEVEL,1,쇼핑,RATE_DISCOUNT,10.0,,,,"백화점, 아울렛, 잡화 10% 청구할인",CONFIRMED
544,481,300000,CARD_LEVEL,24,마트/편의점,RATE_DISCOUNT,10.0,,,,"대형할인점, 편의점 등 10% 청구할인",CONFIRMED
545,481,300000,CARD_LEVEL,32,해외이용,RATE_DISCOUNT,1.0,,,,해외 이용금액 1% 청구할인,CONFIRMED
546,481,300000,CARD_LEVEL,9,주유소,FIXED_AMOUNT,,60,,,주말 4대 주유소 리터당 60원 청구할인,CONFIRMED
547,481,300000,CARD_LEVEL,18,카페,RATE_DISCOUNT,10.0,,,,"스타벅스, 폴바셋 10% 청구할인",CONFIRMED
548,482,300000,CARD_LEVEL,21,온라인쇼핑,RATE_DISCOUNT,10.0,,,,온라인 쇼핑 10% 청구할인,CONFIRMED
549,482,300000,CARD_LEVEL,1,쇼핑,RATE_DISCOUNT,10.0,,,,"백화점, 아울렛, 잡화 10% 청구할인",CONFIRMED
550,482,300000,CARD_LEVEL,24,마트/편의점,RATE_DISCOUNT,10.0,,,,"대형할인점, 편의점 등 10% 청구할인",CONFIRMED
551,482,300000,CARD_LEVEL,32,해외이용,RATE_DISCOUNT,1.0,,,,해외 이용금액 1% 청구할인,CONFIRMED
552,482,300000,CARD_LEVEL,9,주유소,FIXED_AMOUNT,,60,,,주말 4대 주유소 리터당 60원 청구할인,CONFIRMED
553,482,300000,CARD_LEVEL,18,카페,RATE_DISCOUNT,10.0,,,,"스타벅스, 폴바셋 10% 청구할인",CONFIRMED
554,487,300000,CARD_LEVEL,17,대중교통,FIXED_AMOUNT,,200,,,"버스, 지하철 후불 교통 이용 금액 일 200원 ~ 일 600원 할인",CONFIRMED
555,487,300000,CARD_LEVEL,7,백화점,RATE_DISCOUNT,5.0,,,,4대 백화점 5% 할인,CONFIRMED
556,487,300000,CARD_LEVEL,18,카페,RATE_DISCOUNT,10.0,,,,커피전문점 10% 할인,CONFIRMED
557,487,300000,CARD_LEVEL,19,편의점,RATE_DISCOUNT,5.0,,,,편의점 5% 할인,CONFIRMED
558,487,300000,CARD_LEVEL,5,통신,RATE_DISCOUNT,5.0,,,,이동통신요금 5% 할인,CONFIRMED
559,490,0,CARD_LEVEL,21,온라인쇼핑,RATE_DISCOUNT,1.0,,,,11번가에서 SK pay 결제 시 이용금액 1% 적립,CONFIRMED
560,491,0,CARD_LEVEL,21,온라인쇼핑,RATE_DISCOUNT,0.5,,,,11번가에서 SK pay 결제 시 이용금액 0.5% 적립,CONFIRMED
561,500,0,CARD_LEVEL,2,모든가맹점,RATE_DISCOUNT,1.2,,,,전 가맹점 0.8~1.2% 적립/청구할인,CONFIRMED
562,501,0,CARD_LEVEL,2,모든가맹점,RATE_DISCOUNT,1.5,,,,"실적 관계없이, 한도 제한없이 전 가맹점 1~1.5% 적립/청구할인",CONFIRMED
563,507,400000,CARD_LEVEL,1,쇼핑,RATE_DISCOUNT,5.0,,,,온라인/오프라인 쇼핑 5% 할인,CONFIRMED
564,507,400000,CARD_LEVEL,2,모든가맹점,RATE_DISCOUNT,0.5,,,,전 가맹점 0.5% 기본할인,CONFIRMED
565,508,400000,CARD_LEVEL,14,생활,RATE_DISCOUNT,1.0,,,,10대 업종 0.5~1% 청구할인,CONFIRMED
566,508,400000,CARD_LEVEL,4,금융,FREE_SERVICE,,,,,전자금융 수수료 면제,CONFIRMED
567,516,400000,CARD_LEVEL,2,모든가맹점,RATE_DISCOUNT,0.7,,,,할인한도 없이 0.7%~1.4% 할인,CONFIRMED
568,516,400000,CARD_LEVEL,26,해외,RATE_DISCOUNT,1.0,,,,해외이용가맹점 1.0% 청구할인,CONFIRMED
569,516,400000,CARD_LEVEL,14,생활,RATE_DISCOUNT,1.4,,,,선택영역 1개 영역 1.4%~2.1% 청구할인,CONFIRMED
570,517,500000,CARD_LEVEL,2,모든가맹점,RATE_DISCOUNT,0.3,,,,국내·외 전 가맹점 0.2~0.3% 청구할인,CONFIRMED
571,521,300000,CARD_LEVEL,21,온라인쇼핑,RATE_DISCOUNT,10.0,,,,온라인 쇼핑 10% 청구할인,CONFIRMED
572,521,300000,CARD_LEVEL,1,쇼핑,RATE_DISCOUNT,10.0,,,,오프라인 쇼핑 10% 청구할인,CONFIRMED
573,521,300000,CARD_LEVEL,32,해외이용,RATE_DISCOUNT,5.0,,,,베트남 현지 오프라인 全가맹점 5% 청구할인,CONFIRMED
574,521,300000,CARD_LEVEL,3,주유,FIXED_AMOUNT,,60,,,주말 4대 주유소 리터당 60원 청구할인,CONFIRMED
575,521,300000,CARD_LEVEL,31,카페/디저트,RATE_DISCOUNT,10.0,,,,"스타벅스, 폴바셋 10% 청구할인",CONFIRMED
576,523,300000,CARD_LEVEL,5,통신,RATE_DISCOUNT,5.0,,,,이동통신요금 5% 환급할인,CONFIRMED
577,523,300000,CARD_LEVEL,29,여행/숙박,RATE_DISCOUNT,3.0,,,,야놀자 3% 환급할인,CONFIRMED
578,523,300000,CARD_LEVEL,19,편의점,RATE_DISCOUNT,3.0,,,,CU편의점 3% 환급할인,CONFIRMED
579,529,500000,CARD_LEVEL,2,모든가맹점,RATE_DISCOUNT,1.0,,,,"국내외 가맹점에서 1% 기본 M포인트 적립
100만원 이상 이용 시 1.5배 적립 / 200만원 이상 이용 시 2배 적립",CONFIRMED
580,529,500000,CARD_LEVEL,28,프리미엄 서비스,FREE_SERVICE,,,,,"특수 소재 카드 플레이트 제공
공항라운지 무료이용 / 발레파킹서비스 제공",CONFIRMED
581,534,0,CARD_LEVEL,21,온라인쇼핑,RATE_DISCOUNT,5.0,,,,인터파크 5.0% 결제일 청구할인,CONFIRMED
582,535,0,CARD_LEVEL,1,쇼핑,RATE_DISCOUNT,15.0,,,,"롯데면세점 5~15% 할인우대, 롯데백화점 5% 할인 e-쿠폰 등",CONFIRMED
583,535,0,CARD_LEVEL,12,푸드,RATE_DISCOUNT,10.0,,,,"T.G.I. FRiDAY'S 10% 할인, 미스터피자 15% 현장할인 등",CONFIRMED
584,535,0,CARD_LEVEL,6,기타,RATE_DISCOUNT,50.0,,,,"롯데월드 본인 종합이용권 50% 할인, 롯데시네마 관람권 1,500원 할인 등",CONFIRMED
585,539,0,CARD_LEVEL,14,생활,RATE_DISCOUNT,10.0,,,,"외식업종, 마트, 학원업종 10% 할인",CONFIRMED
586,539,0,CARD_LEVEL,34,병원,INSTALLMENT_FREE,,3,,,의료업종 2~3개월 무이자 할부,CONFIRMED
587,542,300000,CARD_LEVEL,32,해외이용,RATE_DISCOUNT,1.0,,,,해외 가맹점(해외직구 포함) 1% 청구할인,CONFIRMED
588,542,300000,CARD_LEVEL,9,주유소,FIXED_AMOUNT,,60,,,4대 주유소 주말 주유시 리터당 60원 청구할인,CONFIRMED
589,542,300000,CARD_LEVEL,28,프리미엄 서비스,FREE_SERVICE,,,,,"공항라운지 무료,
발렛 파킹 무료",CONFIRMED
590,543,400000,CARD_LEVEL,6,기타,RATE_DISCOUNT,30.0,,,,"유튜브 프리미엄 정기권 30% 청구할인,
넷플릭스 정기권 30% 청구할인",CONFIRMED
591,544,400000,CARD_LEVEL,6,기타,RATE_DISCOUNT,30.0,,,,"유튜브 프리미엄 정기권 30% 청구할인,
넷플릭스 정기권 30% 청구할인",CONFIRMED
592,544,400000,CARD_LEVEL,28,프리미엄 서비스,FREE_SERVICE,,,,,"전 세계 1,000여개 공항라운지 무료 입장 서비스,
프리미엄 투어 서비스",CONFIRMED
593,545,300000,CARD_LEVEL,6,기타,RATE_DISCOUNT,30.0,,,,유튜브 프리미엄 정기권 30% 캐시백,CONFIRMED
594,546,0,CARD_LEVEL,17,대중교통,RATE_DISCOUNT,10.0,,,,대중교통요금 10% 할인,CONFIRMED
595,546,0,CARD_LEVEL,9,주유소,FIXED_AMOUNT,,70,,,GS칼텍스 리터당 최대 70원 청구할인,CONFIRMED
596,559,200000,CARD_LEVEL,17,대중교통,RATE_DISCOUNT,10.0,,,,버스·지하철 10% 청구할인,CONFIRMED
597,559,200000,CARD_LEVEL,5,통신,FIXED_AMOUNT,,2500,,,"이동통신요금 2,500원 환급할인",CONFIRMED
598,559,200000,CARD_LEVEL,10,영화,RATE_DISCOUNT,35.0,,,,CGV 35% 환급할인,CONFIRMED
599,559,200000,CARD_LEVEL,12,푸드,RATE_DISCOUNT,20.0,,,,"아웃백, VIPS / 스타벅스 20% 환급할인",CONFIRMED
600,559,200000,CARD_LEVEL,11,테마파크,RATE_DISCOUNT,50.0,,,,에버랜드·롯데월드 50% 환급할인,CONFIRMED
601,559,200000,CARD_LEVEL,4,금융,FREE_SERVICE,,,,,금융수수료 면제 서비스,CONFIRMED
602,559,200000,CARD_LEVEL,19,편의점,RATE_DISCOUNT,5.0,,,,GS25 5% 환급할인,CONFIRMED
603,561,200000,CARD_LEVEL,17,대중교통,RATE_DISCOUNT,10.0,,,,버스·지하철 10% 청구할인,CONFIRMED
604,561,200000,CARD_LEVEL,5,통신,FIXED_AMOUNT,,2500,,,"이동통신요금 2,500원 환급할인",CONFIRMED
605,561,200000,CARD_LEVEL,10,영화,RATE_DISCOUNT,35.0,,,,CGV 35% 환급할인,CONFIRMED
606,561,200000,CARD_LEVEL,12,푸드,RATE_DISCOUNT,20.0,,,,"아웃백, VIPS / 스타벅스 20% 환급할인",CONFIRMED
607,561,200000,CARD_LEVEL,11,테마파크,RATE_DISCOUNT,50.0,,,,에버랜드·롯데월드 50% 환급할인,CONFIRMED
608,561,200000,CARD_LEVEL,4,금융,FREE_SERVICE,,,,,금융수수료 면제 서비스,CONFIRMED
609,561,200000,CARD_LEVEL,19,편의점,RATE_DISCOUNT,5.0,,,,GS25 5% 환급할인,CONFIRMED
610,568,0,CARD_LEVEL,10,영화,FIXED_AMOUNT,,3000,,,"CGV 및 롯데시네마 3,000원 결제일할인",CONFIRMED
611,568,0,CARD_LEVEL,14,생활,FREE_SERVICE,,,,,부가세환급 편의지원서비스 및 전자세금계산서 월 250건 무료 제공,CONFIRMED
612,578,0,CARD_LEVEL,4,금융,RATE_DISCOUNT,5.0,,,,"금융포인트 0.5~5% 적립
KB증권 매매수수료의 5% 금융포인트 적립",CONFIRMED
613,580,500000,CARD_LEVEL,21,온라인쇼핑,RATE_DISCOUNT,5.0,,,,[Easy 서비스] 인터넷쇼핑몰 5% 적립,CONFIRMED
614,580,500000,CARD_LEVEL,22,대형마트,RATE_DISCOUNT,5.0,,,,[Easy 서비스] 대형마트 5% 적립,CONFIRMED
615,580,500000,CARD_LEVEL,3,주유,RATE_DISCOUNT,5.0,,,,[Easy 서비스] 주유소/충전소 5% 적립,CONFIRMED
616,580,500000,CARD_LEVEL,17,대중교통,RATE_DISCOUNT,5.0,,,,[Basic 서비스] 대중교통 5% 적립,CONFIRMED
617,580,500000,CARD_LEVEL,5,통신,RATE_DISCOUNT,5.0,,,,[Basic 서비스] 이동통신 5% 적립,CONFIRMED
618,580,500000,CARD_LEVEL,13,선택형,RATE_DISCOUNT,5.0,,,,[Pick 서비스] 선호영역(택1) 5% 적립,CONFIRMED
619,581,400000,CARD_LEVEL,2,모든가맹점,RATE_DISCOUNT,0.5,,,,국내외 가맹점 0.5% 결제일 할인,CONFIRMED
620,582,300000,CARD_LEVEL,28,프리미엄 서비스,FREE_SERVICE,,,,,"공항라운지(The Lounge Members) 무료 이용 서비스,
Mastercard Platinum 서비스",CONFIRMED
621,587,300000,CARD_LEVEL,21,온라인쇼핑,RATE_DISCOUNT,10.0,,,,온라인 쇼핑 10% 적립,CONFIRMED
622,587,300000,CARD_LEVEL,1,쇼핑,RATE_DISCOUNT,5.0,,,,생활 쇼핑 5% 적립,CONFIRMED
623,589,0,CARD_LEVEL,26,해외,RATE_DISCOUNT,2.0,,,,해외 모든 가맹점 2% 토스머니 적립 (월 1만 토스머니 한도),CONFIRMED
624,592,0,CARD_LEVEL,24,마트/편의점,RATE_DISCOUNT,1.0,,,,조건 없이 마트/편의점 1% 할인,CONFIRMED
625,592,0,CARD_LEVEL,14,생활,RATE_DISCOUNT,5.0,,,,"커피/교통 5% 할인
쇼핑/배달앱 3% 할인",CONFIRMED
626,594,300000,CARD_LEVEL,10,영화,FIXED_AMOUNT,,3000,,,"전국 영화관 3,000원 청구할인",CONFIRMED
627,597,300000,CARD_LEVEL,2,모든가맹점,RATE_DISCOUNT,0.2,,,,국내가맹점 이용액 0.2% 위비꿀머니(모아포인트) 적립,CONFIRMED
628,597,300000,CARD_LEVEL,11,테마파크,RATE_DISCOUNT,50.0,,,,주요 놀이공원 자유이용권 50% 현장할인,CONFIRMED
629,598,300000,CARD_LEVEL,2,모든가맹점,RATE_DISCOUNT,0.2,,,,국내가맹점 이용액 0.2% 위비꿀머니(모아포인트) 적립,CONFIRMED
630,598,300000,CARD_LEVEL,11,테마파크,RATE_DISCOUNT,50.0,,,,주요 놀이공원 자유이용권 50% 현장할인,CONFIRMED
631,599,300000,CARD_LEVEL,2,모든가맹점,RATE_DISCOUNT,0.1,,,,국내가맹점 이용액 0.1% 우리WON꿀머니(모아포인트) 적립,CONFIRMED
632,599,300000,CARD_LEVEL,11,테마파크,RATE_DISCOUNT,50.0,,,,주요 놀이공원 자유이용권 50% 현장할인,CONFIRMED
633,601,0,CARD_LEVEL,18,카페,FIXED_AMOUNT,,500,,,"스타벅스, 폴바셋, 이디야 결제 건당 500원 할인",CONFIRMED
634,602,0,CARD_LEVEL,16,프리미엄,FREE_SERVICE,,,,,국내 특급호텔 및 공항 무료 발레파킹서비스,CONFIRMED
635,602,0,CARD_LEVEL,18,카페,FIXED_AMOUNT,,500,,,"스타벅스, 폴바셋, 이디야 결제 건당 500원 할인",CONFIRMED
636,603,0,CARD_LEVEL,16,프리미엄,FREE_SERVICE,,,,,국내 특급호텔 및 공항 무료 발레파킹서비스,CONFIRMED
637,603,0,CARD_LEVEL,18,카페,FIXED_AMOUNT,,500,,,"스타벅스, 폴바셋, 이디야 결제 건당 500원 할인",CONFIRMED
638,606,400000,CARD_LEVEL,14,생활,RATE_DISCOUNT,20.0,,,,정기결제 최대 20% 청구할인,CONFIRMED
639,606,400000,CARD_LEVEL,32,해외이용,RATE_DISCOUNT,1.0,,,,해외 가맹점 (온라인/오프라인) 1% 청구할인,CONFIRMED
640,607,400000,CARD_LEVEL,14,생활,RATE_DISCOUNT,20.0,,,,정기결제 최대 20% 청구할인,CONFIRMED
641,607,400000,CARD_LEVEL,32,해외이용,RATE_DISCOUNT,2.0,,,,해외 가맹점 (온라인/오프라인) 2% 청구할인,CONFIRMED
642,615,500000,CARD_LEVEL,5,통신,FIXED_AMOUNT,,1500,,,"통신요금 자동납부 1만원당 1,500원 청구 할인",CONFIRMED
643,615,500000,CARD_LEVEL,13,선택형,RATE_DISCOUNT,5.0,,,,온라인쇼핑 5% 청구할인,CONFIRMED
644,616,0,CARD_LEVEL,14,생활,FIXED_AMOUNT,,2000,,,"다이소 2,000원 ~ 4,000원 결제일할인",CONFIRMED
645,616,0,CARD_LEVEL,18,카페,FIXED_AMOUNT,,2000,,,"커피전문점 2,000원 결제일할인",CONFIRMED
646,616,0,CARD_LEVEL,6,기타,RATE_DISCOUNT,1.0,,,,할인점.온라인쇼핑몰.편의점.의료 1% 결제일할인,CONFIRMED
647,618,200000,CARD_LEVEL,17,대중교통,RATE_DISCOUNT,5.0,,,,대중교통 이용금액 5% 캐시백,CONFIRMED
648,618,200000,CARD_LEVEL,26,해외,RATE_DISCOUNT,1.2,,,,"해외 전 가맹점(온라인포함) 1.2% 캐시백
해외인출 1건 당 US  캐시백 제공",CONFIRMED
649,621,1500000,CARD_LEVEL,3,주유,FIXED_AMOUNT,,100,,,SK 에너지ㆍS-OILㆍGS칼텍스ㆍ현대오일뱅크 100원/L 할인,CONFIRMED
650,621,1500000,CARD_LEVEL,24,마트/편의점,RATE_DISCOUNT,5.0,,,,GS25ㆍCUㆍ세븐일레븐 5% 할인,CONFIRMED
651,622,1500000,CARD_LEVEL,18,카페,RATE_DISCOUNT,50.0,,,,스타벅스ㆍ폴바셋ㆍ빽다방ㆍ투썸플레이스 50% 할인,CONFIRMED
652,622,1500000,CARD_LEVEL,27,교통,RATE_DISCOUNT,10.0,,,,버스ㆍ지하철ㆍ택시 10% 할인,CONFIRMED
653,622,1500000,CARD_LEVEL,21,온라인쇼핑,RATE_DISCOUNT,5.0,,,,쿠팡ㆍSSG닷컴ㆍ마켓컬리 5% 할인,CONFIRMED
654,624,1500000,CARD_LEVEL,34,병원,RATE_DISCOUNT,10.0,,,,병원ㆍ약국ㆍ동물병원 10% 할인,CONFIRMED
655,624,1500000,CARD_LEVEL,1,쇼핑,RATE_DISCOUNT,5.0,,,,"백화점, 슈퍼 5% 할인",CONFIRMED
656,624,1500000,CARD_LEVEL,17,대중교통,RATE_DISCOUNT,10.0,,,,버스ㆍ지하철 10% 할인,CONFIRMED
657,625,1500000,CARD_LEVEL,22,대형마트,RATE_DISCOUNT,10.0,,,,이마트ㆍ홈플러스ㆍ롯데마트 10% 할인,CONFIRMED
658,625,1500000,CARD_LEVEL,21,온라인쇼핑,RATE_DISCOUNT,10.0,,,,쿠팡ㆍ위메프ㆍ티몬ㆍG마켓 ㆍ옥션ㆍ11번가 10% 할인,CONFIRMED
659,625,1500000,CARD_LEVEL,19,편의점,RATE_DISCOUNT,10.0,,,,세븐일레븐ㆍGS25ㆍCU 10% 할인,CONFIRMED
660,628,300000,CARD_LEVEL,2,모든가맹점,RATE_DISCOUNT,1.5,,,,모아포인트 0.3 ~ 1.5% 적립,CONFIRMED
661,628,300000,CARD_LEVEL,11,테마파크,RATE_DISCOUNT,50.0,,,,롯데아쿠아리움 및 주요 놀이공원 50% 현장할인,CONFIRMED
662,638,300000,CARD_LEVEL,2,모든가맹점,RATE_DISCOUNT,0.3,,,,모든 가맹점 0.3% 포인트 적립,CONFIRMED
663,638,300000,CARD_LEVEL,14,생활,RATE_DISCOUNT,2.0,,,,생활가맹점 총 2% 포인트 적립 (기본 0.3%+추가 1.7%),CONFIRMED
664,638,300000,CARD_LEVEL,1,쇼핑,RATE_DISCOUNT,1.0,,,,쇼핑가맹점 총 1% 포인트 적립(기본 0.3%+추가 0.7%),CONFIRMED
665,638,300000,CARD_LEVEL,32,해외이용,RATE_DISCOUNT,1.0,,,,해외 가맹점 이용금액 총 1% 포인트 적립(기본 0.3%+추가 0.7%),CONFIRMED
666,644,200000,CARD_LEVEL,17,대중교통,RATE_DISCOUNT,3.0,,,,"대중교통(버스-마을, 시내, 시외, 광역, 공항버스/지하철) 이용금액 3% 캐시백",CONFIRMED
667,644,200000,CARD_LEVEL,18,카페,RATE_DISCOUNT,5.0,,,,스타벅스(사이렌오더 포함)/JYP-Soulcup 5% 캐시백,CONFIRMED
668,644,200000,CARD_LEVEL,24,마트/편의점,RATE_DISCOUNT,5.0,,,,"편의점(GS25), 올리브영 5% 캐시백",CONFIRMED
669,644,200000,CARD_LEVEL,32,해외이용,RATE_DISCOUNT,1.0,,,,"해외 전가맹점(온라인 포함) 이용금액의 1% 캐시백,
해외인출 1건당 3$ 캐시백",CONFIRMED
670,645,0,CARD_LEVEL,27,교통,RATE_DISCOUNT,0.5,,,,"후불교통(버스/지하철) 및 택시, 롯데 더드림영역 이용금액 0.5% 포인트 적립",CONFIRMED
671,646,0,CARD_LEVEL,14,생활,RATE_DISCOUNT,0.6,,,,[더해드림] 자주 가는 DREAM영역은 기본의 3배 (총 0.6%) 포인트 적립,CONFIRMED
672,646,0,CARD_LEVEL,14,생활,RATE_DISCOUNT,1.0,,,,[챙겨드림] DREAM영역 중 가장 많이 이용한 영역은 기본의 5배 (총 1.0%) 포인트 자동적립,CONFIRMED
673,646,0,CARD_LEVEL,9,주유소,FIXED_AMOUNT,,40,,,"주말(토,일) 전 주유소 리터당 40원 적립",CONFIRMED
674,647,300000,CARD_LEVEL,2,모든가맹점,RATE_DISCOUNT,0.2,,,,전 가맹점 이용금액의 0.2% ~ 0.5% 마이신한포인트 적립,CONFIRMED
675,647,300000,CARD_LEVEL,12,푸드,RATE_DISCOUNT,5.0,,,,요식업종 이용금액의 5% 할인,CONFIRMED
676,647,300000,CARD_LEVEL,27,교통,RATE_DISCOUNT,5.0,,,,"버스, 지하철 이용금액의 5% 할인(후불교통 카드 선택 시)
SK주유소 주유 시 리터당 40원 할인(후불교통카드 미 선택 시)",CONFIRMED
677,647,300000,CARD_LEVEL,1,쇼핑,RATE_DISCOUNT,5.0,,,,"홈쇼핑 이용금액의 5% 할인
해외 이용금액의 5% 할인",CONFIRMED
678,649,500000,CARD_LEVEL,1,쇼핑,RATE_DISCOUNT,5.0,,,,쇼핑/배달 5% 포인트리 적립,CONFIRMED
679,650,300000,CARD_LEVEL,12,푸드,RATE_DISCOUNT,5.0,,,,푸드(#외식 #커피) 5% 청구할인,CONFIRMED
680,650,300000,CARD_LEVEL,19,편의점,RATE_DISCOUNT,5.0,,,,편의(#편의점 #뷰티) 5% 청구할인,CONFIRMED
681,650,300000,CARD_LEVEL,14,생활,RATE_DISCOUNT,5.0,,,,생활(#마트 #주유 #통신) 5% 청구할인,CONFIRMED
682,650,300000,CARD_LEVEL,1,쇼핑,RATE_DISCOUNT,5.0,,,,쇼핑/배달 5% 청구할인,CONFIRMED
683,652,400000,CARD_LEVEL,18,카페,FIXED_AMOUNT,,2000,,,"커피전문점 2,000원 청구할인(월 2회)",CONFIRMED
684,652,400000,CARD_LEVEL,19,편의점,FIXED_AMOUNT,,1000,,,"편의점 1,000원 청구할인(월 2회)",CONFIRMED
685,656,300000,CARD_LEVEL,26,해외,RATE_DISCOUNT,2.0,,,,해외가맹점(해외직구 포함) 이용금액의 2.0%~0.5% 캐시백,CONFIRMED
686,657,300000,CARD_LEVEL,24,마트/편의점,RATE_DISCOUNT,10.0,,,,편의점·헬스&뷰티·생활잡화 10% 결제일할인,CONFIRMED
687,657,300000,CARD_LEVEL,26,해외,RATE_DISCOUNT,1.5,,,,해외 1.5% 결제일할인,CONFIRMED
688,658,300000,CARD_LEVEL,9,주유소,FIXED_AMOUNT,,60,,,주유 리터당 60원~150원 할인,CONFIRMED
689,658,300000,CARD_LEVEL,1,쇼핑,RATE_DISCOUNT,1.0,,,,온라인 간편결제·온라인쇼핑몰 1% 할인,CONFIRMED
690,658,300000,CARD_LEVEL,26,해외,RATE_DISCOUNT,1.5,,,,해외 1.5% 결제일 할인,CONFIRMED
691,659,300000,CARD_LEVEL,21,온라인쇼핑,RATE_DISCOUNT,5.0,,,,온라인 쇼핑 5% 할인,CONFIRMED
692,659,300000,CARD_LEVEL,1,쇼핑,RATE_DISCOUNT,5.0,,,,오프라인 쇼핑 5% 할인,CONFIRMED
693,659,300000,CARD_LEVEL,26,해외,RATE_DISCOUNT,1.5,,,,해외 1.5% 할인,CONFIRMED
694,661,500000,CARD_LEVEL,14,생활,RATE_DISCOUNT,20.0,,,,정기결제 10~20% 청구할인,CONFIRMED
695,661,500000,CARD_LEVEL,26,해외,RATE_DISCOUNT,1.0,,,,해외 가맹점 (온라인/오프라인) 1% 적립,CONFIRMED
696,662,300000,CARD_LEVEL,32,해외이용,RATE_DISCOUNT,5.0,,,,삼성페이로 결제 시 해외 오프라인 가맹점 5% 결제일 할인,CONFIRMED
697,662,300000,CARD_LEVEL,32,해외이용,RATE_DISCOUNT,1.5,,,,해외 가맹점 1.5% 결제일 할인,CONFIRMED
698,663,400000,CARD_LEVEL,9,주유소,RATE_DISCOUNT,1.0,,,,SK 주유소 롤라머니 1% 적립,CONFIRMED
699,663,400000,CARD_LEVEL,6,기타,RATE_DISCOUNT,5.0,,,,[플레이롯데] 롯데 주요 매장 5% 할인,CONFIRMED
700,667,300000,CARD_LEVEL,22,대형마트,RATE_DISCOUNT,5.0,,,,대형마트 5% 적립,CONFIRMED
701,667,300000,CARD_LEVEL,18,카페,RATE_DISCOUNT,5.0,,,,커피 5% 적립,CONFIRMED
702,667,300000,CARD_LEVEL,34,병원,RATE_DISCOUNT,5.0,,,,병원/동물병원 5% 적립,CONFIRMED
703,677,300000,CARD_LEVEL,21,온라인쇼핑,RATE_DISCOUNT,10.0,,,,"G마켓, 옥션, 우리WON마켓 10% 캐시백",CONFIRMED
704,677,300000,CARD_LEVEL,18,카페,RATE_DISCOUNT,20.0,,,,스타벅스(사이렌오더 포함) 20% 캐시백,CONFIRMED
705,677,300000,CARD_LEVEL,6,기타,RATE_DISCOUNT,10.0,,,,"파리바게뜨, 배스킨라빈스, 던킨도너츠 10% 캐시백",CONFIRMED
706,677,300000,CARD_LEVEL,17,대중교통,FIXED_AMOUNT,,2000,,,"전국 시내버스 지하철 2,000원 캐시백",CONFIRMED
707,679,50000,CARD_LEVEL,6,기타,RATE_DISCOUNT,5.0,,,,"문구점 5% 환급할인
독서실 5% 환급할인",CONFIRMED
708,679,50000,CARD_LEVEL,19,편의점,RATE_DISCOUNT,5.0,,,,"GS25, CU편의점 5% 환급할인",CONFIRMED
709,679,50000,CARD_LEVEL,17,대중교통,RATE_DISCOUNT,5.0,,,,"대중교통(버스, 지하철) 5% 청구할인",CONFIRMED
710,680,50000,CARD_LEVEL,6,기타,RATE_DISCOUNT,5.0,,,,"문구점 5% 환급할인
독서실 5% 환급할인",CONFIRMED
711,680,50000,CARD_LEVEL,19,편의점,RATE_DISCOUNT,5.0,,,,"GS25, CU편의점 5% 환급할인",CONFIRMED
712,680,50000,CARD_LEVEL,17,대중교통,RATE_DISCOUNT,5.0,,,,"대중교통(버스, 지하철) 5% 청구할인",CONFIRMED
713,681,0,CARD_LEVEL,14,생활,RATE_DISCOUNT,5.0,,,,생활편의영역 5% SSG MONEY 추가 적립,CONFIRMED
714,681,0,CARD_LEVEL,26,해외,RATE_DISCOUNT,1.5,,,,해외 1.5% SSG MONEY 적립,CONFIRMED
715,687,400000,CARD_LEVEL,1,쇼핑,RATE_DISCOUNT,10.0,,,,"온·오프라인, 대·소형몰 먹거리까지 구분 없이
10% 캐시백 서비스",CONFIRMED
716,688,300000,CARD_LEVEL,2,모든가맹점,RATE_DISCOUNT,1.5,,,,모아포인트 0.3 ~ 1.5% 적립,CONFIRMED
717,688,300000,CARD_LEVEL,11,테마파크,RATE_DISCOUNT,50.0,,,,롯데아쿠아리움 및 주요 놀이공원 50% 현장할인,CONFIRMED
718,689,300000,CARD_LEVEL,29,여행/숙박,RATE_DISCOUNT,5.0,,,,"면세점, 항공사, 관광여행사 업종 5% 환급할인",CONFIRMED
719,689,300000,CARD_LEVEL,18,카페,RATE_DISCOUNT,5.0,,,,스타벅스 5% 환급할인,CONFIRMED
720,689,300000,CARD_LEVEL,19,편의점,RATE_DISCOUNT,5.0,,,,GS25 편의점 5% 환급할인,CONFIRMED
721,690,0,CARD_LEVEL,2,모든가맹점,RATE_DISCOUNT,0.3,,,,[국내] 전월실적 및 횟수 제한 없이 하나머니 0.3%~0.4% 적립,CONFIRMED
722,690,0,CARD_LEVEL,26,해외,RATE_DISCOUNT,0.4,,,,[해외] 전월실적 및 횟수 제한 없이 하나머니 0.4% 적립,CONFIRMED
723,691,0,CARD_LEVEL,6,기타,RATE_DISCOUNT,5.0,,,,커피전문점·편의점·생활잡화 5% 결제일할인,CONFIRMED
724,692,500000,CARD_LEVEL,18,카페,RATE_DISCOUNT,10.0,,,,"스타벅스 사이렌오더, 와인앤모어 10% 결제일 할인",CONFIRMED
725,693,400000,CARD_LEVEL,3,주유,FIXED_AMOUNT,,80,,,"전국 모든 주유소 이용금액 리터당 80원 결제일 할인
전국 모든 충전소 이용금액 리터당 40원 결제일 할인",CONFIRMED
726,694,300000,CARD_LEVEL,21,온라인쇼핑,RATE_DISCOUNT,2.0,,,,온라인 쇼핑 배민포인트 2% 적립,CONFIRMED
727,694,300000,CARD_LEVEL,6,기타,FREE_SERVICE,,,,,배민 앱에서 배민페이 연간 이용금액 10만원 이상 시 차년도 연회비 면제,CONFIRMED
728,695,500000,CARD_LEVEL,2,모든가맹점,RATE_DISCOUNT,0.5,,,,국내외 가맹점 L.POINT 0.5% 적립,CONFIRMED
729,695,500000,CARD_LEVEL,14,생활,RATE_DISCOUNT,50.0,,,,"커피 50% 할인
스트리밍 30% 할인",CONFIRMED
730,695,500000,CARD_LEVEL,15,면세점,RATE_DISCOUNT,15.0,,,,롯데면세점 5~15% 현장할인 (정상가 기준),CONFIRMED
731,696,300000,CARD_LEVEL,17,대중교통,RATE_DISCOUNT,10.0,,,,대중교통(버스/지하철) 10% 적립,CONFIRMED
732,696,300000,CARD_LEVEL,5,통신,RATE_DISCOUNT,10.0,,,,통신요금 자동납부 10% 적립,CONFIRMED
733,697,400000,CARD_LEVEL,13,선택형,RATE_DISCOUNT,20.0,,,,"[선택형3] 3대 대형할인점(이마트, 홈플러스, 롯데마트), 하나로식자재매장 20% 포인트리 적립",CONFIRMED
734,697,400000,CARD_LEVEL,13,선택형,RATE_DISCOUNT,20.0,,,,"[선택형4] 6대 인터넷쇼핑몰(G마켓, 옥션, 11번가, 인터파크, 롯데ON, 신세계몰) 20% 포인트리 적립",CONFIRMED
735,699,400000,CARD_LEVEL,18,카페,RATE_DISCOUNT,50.0,,,,스타벅스 50% 할인,CONFIRMED
736,699,400000,CARD_LEVEL,17,대중교통,RATE_DISCOUNT,5.0,,,,"대중교통(버스, 지하철) 5% 할인",CONFIRMED
737,701,500000,CARD_LEVEL,2,모든가맹점,RATE_DISCOUNT,1.0,,,,"[기본 할인] 모든 가맹점에서 1%/1.5% 할인
당월 이용금액별 최대 1.5% 할인",CONFIRMED
738,704,500000,CARD_LEVEL,2,모든가맹점,RATE_DISCOUNT,1.0,,,,"[기본 할인] 모든 가맹점에서 1%/1.5% 할인
당월 이용금액별 최대 1.5% 할인",CONFIRMED
739,705,500000,CARD_LEVEL,2,모든가맹점,RATE_DISCOUNT,1.0,,,,"[기본 할인] 모든 가맹점에서 1%/1.5% 할인
당월 이용금액별 최대 1.5% 할인",CONFIRMED
740,708,300000,CARD_LEVEL,30,렌터카,RATE_DISCOUNT,3.0,,,,쏘카 앱 이용 시 최대 3% 크레딧 적립,CONFIRMED
741,712,300000,INLINE,21,온라인쇼핑,RATE_DISCOUNT,5.0,,,,"쿠팡, SSG닷컴, 롯데ON, 11번가, G마켓 5% 결제일 할인 (전월실적 30만원 이상)",CONFIRMED
742,713,300000,CARD_LEVEL,21,온라인쇼핑,RATE_DISCOUNT,5.0,,,,"쿠팡, SSG닷컴, 롯데ON, 11번가, G마켓 5% 결제일 할인",CONFIRMED
743,717,0,CARD_LEVEL,28,프리미엄 서비스,FREE_SERVICE,,,,,"전세계 공항 라운지 무료 이용 서비스
국내 지정 골프장 무료 커피 제공(골프장 카페 서비스), 골프연습장 무료 제공(골프연습장 타석 서비스)",CONFIRMED
744,717,0,CARD_LEVEL,3,주유,FIXED_AMOUNT,,60,,,SK 주유 및 충전 시 리터(ℓ)당 60원 청구 할인,CONFIRMED
745,717,0,CARD_LEVEL,29,여행/숙박,FREE_SERVICE,,,,,"국내 호텔/리조트/카라반/글램핑 2박 연박 시 1박 무료
해외 패키지 여행 할인 등 제공",CONFIRMED
746,718,0,CARD_LEVEL,1,쇼핑,RATE_DISCOUNT,7.0,,,,백화점·프리미엄 아울렛·할인점·온라인쇼핑몰·생활잡화·신선식품 배송 7% 결제일할인,CONFIRMED
747,718,0,CARD_LEVEL,26,해외,RATE_DISCOUNT,1.5,,,,해외 1.5% 결제일할인,CONFIRMED
748,719,500000,CARD_LEVEL,18,카페,RATE_DISCOUNT,10.0,,,,스타벅스 사이렌오더 10% 할인,CONFIRMED
749,719,500000,CARD_LEVEL,14,생활,RATE_DISCOUNT,5.0,,,,"일상 생활(대중교통, 휴대전화, 해외) 할인 5%",CONFIRMED
750,720,300000,CARD_LEVEL,18,카페,RATE_DISCOUNT,5.0,,,,스타벅스 사이렌오더 5% 적립,CONFIRMED
751,720,300000,CARD_LEVEL,14,생활,RATE_DISCOUNT,1.0,,,,"일상 생활(대형마트, 슈퍼마켓, 영화, 커피, 대중교통, 휴대전화, 해외) 적립 1%",CONFIRMED
752,720,300000,CARD_LEVEL,21,온라인쇼핑,RATE_DISCOUNT,3.0,,,,온라인쇼핑 적립 3%,CONFIRMED
753,724,0,CARD_LEVEL,16,프리미엄,FREE_SERVICE,,,,,"신규 발급 시 본인 회원에 한해 1회 무료로 특수 소재 플레이트 제공,
전 세계 800여 개 공항 라운지 무료 이용 가능한 Priority Pass 카드 제공 외",CONFIRMED
754,725,300000,CARD_LEVEL,19,편의점,RATE_DISCOUNT,5.0,,,,GS25 편의점 5% 할인,CONFIRMED
755,725,300000,CARD_LEVEL,14,생활,RATE_DISCOUNT,5.0,,,,"쏘카, 야놀자, LiivM 이동통신 5% 할인",CONFIRMED
756,725,300000,CARD_LEVEL,18,카페,RATE_DISCOUNT,5.0,,,,"스타벅스, 파리바게뜨 5% 할인",CONFIRMED
757,728,300000,CARD_LEVEL,21,온라인쇼핑,RATE_DISCOUNT,5.0,,,,"온라인쇼핑, 홈쇼핑 5% 할인",CONFIRMED
758,728,300000,CARD_LEVEL,17,대중교통,RATE_DISCOUNT,5.0,,,,교통 최대 5% 할인,CONFIRMED
759,729,300000,CARD_LEVEL,21,온라인쇼핑,RATE_DISCOUNT,3.0,,,,삼성닷컴 3% 결제일할인,CONFIRMED
760,729,300000,CARD_LEVEL,14,생활,RATE_DISCOUNT,3.0,,,,주유·온라인쇼핑몰 3%·6% 결제일할인,CONFIRMED
761,729,300000,CARD_LEVEL,6,기타,FIXED_AMOUNT,,3000,,,"라이트할부 이용 시 삼성케어플러스 3,000원~5,000원 결제일할인",CONFIRMED
762,730,400000,CARD_LEVEL,21,온라인쇼핑,RATE_DISCOUNT,10.0,,,,온라인쇼핑몰 이용금액의 10% 청구 할인,CONFIRMED
763,730,400000,CARD_LEVEL,22,대형마트,RATE_DISCOUNT,10.0,,,,대형마트 이용금액의 10% 청구 할인,CONFIRMED
764,730,400000,CARD_LEVEL,9,주유소,FIXED_AMOUNT,,100,,,주유 시 리터당 100원 청구 할인,CONFIRMED
765,730,400000,CARD_LEVEL,14,생활,RATE_DISCOUNT,7.0,,,,생활요금 정기결제 시 7% 청구 할인,CONFIRMED
766,730,400000,CARD_LEVEL,33,무이자할부,INSTALLMENT_FREE,,3,,,모든 가맹점에서 2~3개월 무이자할부 혜택 제공,CONFIRMED
767,731,400000,CARD_LEVEL,18,카페,RATE_DISCOUNT,50.0,,,,커피전문점 이용금액의 50% 청구 할인,CONFIRMED
768,731,400000,CARD_LEVEL,19,편의점,RATE_DISCOUNT,10.0,,,,편의점 이용금액의 10% 청구 할인,CONFIRMED
769,731,400000,CARD_LEVEL,17,대중교통,RATE_DISCOUNT,10.0,,,,대중교통 이용금액의 10% 청구 할인,CONFIRMED
770,731,400000,CARD_LEVEL,5,통신,RATE_DISCOUNT,7.0,,,,이동통신요금 정기결제 시 7% 청구 할인,CONFIRMED
771,731,400000,CARD_LEVEL,33,무이자할부,INSTALLMENT_FREE,,3,,,모든 가맹점에서 2~3개월 무이자할부 혜택 제공,CONFIRMED
772,732,400000,CARD_LEVEL,21,온라인쇼핑,RATE_DISCOUNT,70.0,,,,온라인쇼핑 멤버십 이용금액의 70% 청구 할인,CONFIRMED
773,732,400000,CARD_LEVEL,18,카페,RATE_DISCOUNT,50.0,,,,커피전문점 스마트오더 이용금액의 50% 청구 할인,CONFIRMED
774,732,400000,CARD_LEVEL,33,무이자할부,INSTALLMENT_FREE,,3,,,모든 가맹점에서 2~3개월 무이자할부 혜택 제공,CONFIRMED
775,733,300000,CARD_LEVEL,21,온라인쇼핑,RATE_DISCOUNT,5.0,,,,무신사 및 솔드아웃에서 결제 시 5% 청구 할인,CONFIRMED
776,735,500000,CARD_LEVEL,18,카페,VOUCHER,,10000,,,"커피빈 이용 시 청구 할인(최대 1만 8천원),
커피빈 모바일 쿠폰 제공(1만원권)",CONFIRMED
777,735,500000,CARD_LEVEL,14,생활,RATE_DISCOUNT,5.0,,,,주요 생활 영역 5% 청구 할인,CONFIRMED
778,736,1000000,INLINE,14,생활,RATE_DISCOUNT,30.0,,,,라이프스타일 30% 결제일할인 [전월 실적 100만원 이상],CONFIRMED
779,738,0,CARD_LEVEL,22,대형마트,RATE_DISCOUNT,10.0,,,,주요 마트 최대 10% 적립,CONFIRMED
780,738,0,CARD_LEVEL,3,주유,RATE_DISCOUNT,5.0,,,,"모든 주유소 이용금액 5% 포인트 적립
전기차 충전소 이용금액 30% 포인트 적립",CONFIRMED
781,738,0,CARD_LEVEL,21,온라인쇼핑,FIXED_AMOUNT,,2500,,,"온라인 쇼핑몰 이용 시 2,500원 결제일 할인",CONFIRMED
782,738,0,CARD_LEVEL,17,대중교통,RATE_DISCOUNT,10.0,,,,버스 이용금액 10% 결제일 할인,CONFIRMED
783,738,0,CARD_LEVEL,5,통신,RATE_DISCOUNT,5.0,,,,이동통신요금 자동이체 5% 결제일 할인,CONFIRMED
784,739,100000,CARD_LEVEL,17,대중교통,RATE_DISCOUNT,20.0,,,,대중교통(전국 버스/지하철) 20% 청구할인,CONFIRMED
785,739,100000,CARD_LEVEL,5,통신,FIXED_AMOUNT,,2500,,,"이동통신 자동납부 2,500원 환급할인",CONFIRMED
786,739,100000,CARD_LEVEL,1,쇼핑,RATE_DISCOUNT,5.0,,,,"GS홈쇼핑, CJ홈쇼핑, G마켓, 옥션 5% 환급할인",CONFIRMED
787,744,300000,CARD_LEVEL,1,쇼핑,RATE_DISCOUNT,10.0,,,,"IKEA 매장(푸드 제외) 이용 시 이용금액의 10% 결제일 할인
IKEA 푸드 이용 시 이용금액의 15% 결제일 할인",CONFIRMED
788,744,300000,CARD_LEVEL,1,쇼핑,RATE_DISCOUNT,5.0,,,,백화점/프리미엄 아울렛 및 대형 할인점 5% 결제일 할인,CONFIRMED
789,744,300000,CARD_LEVEL,19,편의점,RATE_DISCOUNT,5.0,,,,편의점 5% 결제일 할인,CONFIRMED
790,744,300000,CARD_LEVEL,10,영화,RATE_DISCOUNT,5.0,,,,영화 예매 5% 결제일 할인,CONFIRMED
791,744,300000,CARD_LEVEL,18,카페,RATE_DISCOUNT,5.0,,,,커피 5% 결제일 할인,CONFIRMED
792,744,300000,CARD_LEVEL,5,통신,RATE_DISCOUNT,5.0,,,,이동통신요금 자동이체 5% 결제일 할인,CONFIRMED
793,745,500000,CARD_LEVEL,17,대중교통,RATE_DISCOUNT,20.0,,,,대중교통 20% 청구할인,CONFIRMED
794,745,500000,CARD_LEVEL,19,편의점,RATE_DISCOUNT,10.0,,,,편의점 10% 청구할인,CONFIRMED
795,745,500000,CARD_LEVEL,18,카페,RATE_DISCOUNT,10.0,,,,커피 10% 청구할인,CONFIRMED
796,746,250000,CARD_LEVEL,17,대중교통,RATE_DISCOUNT,15.0,,,,대중교통 15% 캐시백,CONFIRMED
797,746,250000,CARD_LEVEL,26,해외,RATE_DISCOUNT,20.0,,,,"해외 직접 구매 배송 대행료 20% 할인,
해외 이용 수수료 우대",CONFIRMED
798,749,0,CARD_LEVEL,32,해외이용,FREE_SERVICE,,,,,해외 가맹점 이용 수수료 면제 서비스,CONFIRMED
799,750,250000,CARD_LEVEL,14,생활,RATE_DISCOUNT,0.5,,,,요식/대형마트/백화점/병원/약국/인터넷 쇼핑몰 0.5% 캐시백,CONFIRMED
800,751,400000,CARD_LEVEL,1,쇼핑,RATE_DISCOUNT,5.0,,,,대형마트/온라인쇼핑몰/홈쇼핑 5% 할인,CONFIRMED
801,752,300000,CARD_LEVEL,34,병원,RATE_DISCOUNT,5.0,,,,병원 5% 할인,CONFIRMED
802,753,300000,CARD_LEVEL,1,쇼핑,RATE_DISCOUNT,5.0,,,,"특별가맹점(할인점, 백화점, 면세점, 카페 등) 5% 적립",CONFIRMED
803,754,300000,CARD_LEVEL,1,쇼핑,RATE_DISCOUNT,2.0,,,,백화점·프리미엄 아울렛·할인점·온라인쇼핑몰·생활잡화·신선식품 배송 2% 캐시백,CONFIRMED
804,754,300000,CARD_LEVEL,14,생활,RATE_DISCOUNT,2.0,,,,의료·산후조리원·학원·학습지·온라인서점·어린이집·유치원 2% 캐시백,CONFIRMED
805,757,300000,CARD_LEVEL,21,온라인쇼핑,RATE_DISCOUNT,3.0,,,,온라인 이용 건 3% 캐시백,CONFIRMED
806,757,300000,CARD_LEVEL,1,쇼핑,RATE_DISCOUNT,5.0,,,,"쿠팡, 티몬, 위메프, 11번가, 옥션, G마켓 5% 캐시백",CONFIRMED
807,758,300000,CARD_LEVEL,14,생활,RATE_DISCOUNT,30.0,,,,다이소 30% 할인,CONFIRMED
808,758,300000,CARD_LEVEL,19,편의점,RATE_DISCOUNT,10.0,,,,"GS25, CU 10% 할인",CONFIRMED
809,758,300000,CARD_LEVEL,18,카페,RATE_DISCOUNT,10.0,,,,"스타벅스, 커피빈 10% 할인",CONFIRMED
810,758,300000,CARD_LEVEL,10,영화,RATE_DISCOUNT,20.0,,,,"CGV, 롯데시네마 20% 할인",CONFIRMED
811,760,50000,CARD_LEVEL,19,편의점,RATE_DISCOUNT,5.0,,,,GS25 5% 환급할인,CONFIRMED
812,760,50000,CARD_LEVEL,10,영화,RATE_DISCOUNT,5.0,,,,CGV 5% 환급할인,CONFIRMED
813,761,500000,CARD_LEVEL,35,골프,FREE_SERVICE,,,,,"국내 지정 골프장 커피(4잔) 무료 제공
국내 지정 골프연습장 타석권 무료 제공",CONFIRMED
814,762,200000,CARD_LEVEL,21,온라인쇼핑,RATE_DISCOUNT,5.0,,,,온라인 쇼핑 5% 캐시백,CONFIRMED
815,762,200000,CARD_LEVEL,14,생활,RATE_DISCOUNT,5.0,,,,안경/렌즈 5% 캐시백,CONFIRMED
816,762,200000,CARD_LEVEL,18,카페,RATE_DISCOUNT,5.0,,,,커피 5% 캐시백,CONFIRMED
817,762,200000,CARD_LEVEL,17,대중교통,RATE_DISCOUNT,5.0,,,,대중교통(버스/지하철) 5% 캐시백,CONFIRMED
818,762,200000,CARD_LEVEL,5,통신,RATE_DISCOUNT,5.0,,,,이동통신 5% 캐시백,CONFIRMED
819,762,200000,CARD_LEVEL,26,해외,RATE_DISCOUNT,5.0,,,,해외 5% 캐시백,CONFIRMED
820,762,200000,CARD_LEVEL,6,기타,RATE_DISCOUNT,5.0,,,,"OTT서비스, 공연티켓, 어학시험 5% 캐시백",CONFIRMED
821,763,500000,CARD_LEVEL,2,모든가맹점,RATE_DISCOUNT,1.0,,,,"국내외 가맹점 1% 적립
월 200만원 이상 이용 시 2배, 월 100만원 이상 이용 시 1.5배 적립",CONFIRMED
822,763,500000,CARD_LEVEL,6,기타,VOUCHER,,100000,,,"M포인트로 상품권 교환, 면세점에서 사용 가능한 the Pink 바우처 교환(10만원권)",CONFIRMED
823,763,500000,CARD_LEVEL,23,바우처,VOUCHER,,100000,,,the Pink 최초 발급 시 웰컴 바우처 10만원권 1매 제공,CONFIRMED
824,763,500000,CARD_LEVEL,16,프리미엄,FREE_SERVICE,,,,,"인천국제공항라운지, 발레파킹 무료 서비스 제공",CONFIRMED
825,764,0,CARD_LEVEL,26,해외,RATE_DISCOUNT,1.0,,,,해외 1% 카카오페이포인트 적립,CONFIRMED
826,768,400000,CARD_LEVEL,1,쇼핑,RATE_DISCOUNT,20.0,,,,"친환경 마켓 20% 포인트리 적립
업사이클링 제품, 반려식물 10% 포인트리 적립",CONFIRMED
827,769,0,CARD_LEVEL,12,푸드,RATE_DISCOUNT,0.5,,,,"[추가 적립] 음식점, 커피 전문점 업종 0.5% 추가적립 (전월실적 없음)",CONFIRMED
828,769,0,CARD_LEVEL,27,교통,RATE_DISCOUNT,0.5,,,,"[추가 적립] 버스/지하철, 택시 0.5% 추가적립 (전월실적 없음)",CONFIRMED
829,769,0,CARD_LEVEL,5,통신,RATE_DISCOUNT,0.5,,,,[추가 적립] 이동통신요금 0.5% 추가적립 (전월실적 없음),CONFIRMED
830,770,300000,CARD_LEVEL,35,골프,RATE_DISCOUNT,5.0,,,,"골프연습장/스크린골프, 골프관광(그린재킷 투어) 5% 환급할인
골프웨어/골프용품 5% 환급할인",CONFIRMED
831,770,300000,CARD_LEVEL,9,주유소,RATE_DISCOUNT,5.0,,,,주유소 5% 환급할인,CONFIRMED
832,774,200000,CARD_LEVEL,21,온라인쇼핑,RATE_DISCOUNT,15.0,,,,쿠팡 15% 할인,CONFIRMED
833,774,200000,CARD_LEVEL,12,푸드,RATE_DISCOUNT,10.0,,,,"롯데리아, 엔제리너스, 나뚜루, TGIF, 보네스뻬, 크리스피크림도넛 10% 할인 (1만원 이상 결제 시 할인)",CONFIRMED
834,774,200000,CARD_LEVEL,11,테마파크,RATE_DISCOUNT,50.0,,,,롯데월드 종합이용권 50% 할인,CONFIRMED
835,774,200000,CARD_LEVEL,10,영화,FIXED_AMOUNT,,1500,,,"롯데시네마 관람료 1,500원 할인",CONFIRMED
836,774,200000,CARD_LEVEL,12,푸드,RATE_DISCOUNT,15.0,,,,미스터피자 15% 현장 할인,CONFIRMED
837,775,0,CARD_LEVEL,32,해외이용,RATE_DISCOUNT,1.0,,,,해외 이용금액의 1% 해피포인트 적립,CONFIRMED
838,776,0,CARD_LEVEL,22,대형마트,RATE_DISCOUNT,1.0,,,,홈플러스에서 결제 시 1%·5% 결제일할인(청구할인),CONFIRMED
839,776,0,CARD_LEVEL,9,주유소,FIXED_AMOUNT,,80,,,GS칼텍스에서 주유 시 리터당 80원 결제일할인(청구할인),CONFIRMED
840,777,300000,CARD_LEVEL,11,테마파크,RATE_DISCOUNT,50.0,,,,롯데월드 아쿠아리움 입장권 및 놀이공원 자유이용권 50% 현장할인,CONFIRMED
841,778,400000,CARD_LEVEL,21,온라인쇼핑,RATE_DISCOUNT,12.0,,,,GS SHOP 12% 청구 할인,CONFIRMED
842,778,400000,CARD_LEVEL,22,대형마트,RATE_DISCOUNT,5.0,,,,대형마트 5% 청구 할인,CONFIRMED
843,778,400000,CARD_LEVEL,5,통신,RATE_DISCOUNT,5.0,,,,이동통신 5% 청구 할인,CONFIRMED
844,778,400000,CARD_LEVEL,18,카페,RATE_DISCOUNT,10.0,,,,커피 10% 청구 할인,CONFIRMED
845,778,400000,CARD_LEVEL,19,편의점,RATE_DISCOUNT,10.0,,,,편의점 10% 청구 할인,CONFIRMED
846,779,0,CARD_LEVEL,21,온라인쇼핑,RATE_DISCOUNT,2.0,,,,"위메프 적립 2%
위메프오 적립 1%",CONFIRMED
847,779,0,CARD_LEVEL,14,생활,RATE_DISCOUNT,5.0,,,,생활영역/구독서비스 적립 5%,CONFIRMED
848,780,0,CARD_LEVEL,6,기타,FREE_SERVICE,,,,,"부가세환급 편의지원서비스
전자세금계산서 월 250건 무료",CONFIRMED
849,783,300000,CARD_LEVEL,21,온라인쇼핑,RATE_DISCOUNT,4.0,,,,SSG.COM에서 결제 시 2~4% 신세계포인트 적립,CONFIRMED
850,783,300000,CARD_LEVEL,14,생활,RATE_DISCOUNT,5.0,,,,생활편의영역에서 결제 시 3~5% 신세계포인트 적립,CONFIRMED
851,788,200000,CARD_LEVEL,11,테마파크,RATE_DISCOUNT,50.0,,,,놀이공원 50%·워터파크 30% 할인,CONFIRMED
852,788,200000,CARD_LEVEL,12,푸드,RATE_DISCOUNT,15.0,,,,CJ푸드빌 15% 현장할인,CONFIRMED
853,788,200000,CARD_LEVEL,10,영화,FIXED_AMOUNT,,4000,,,"CGV 4,000원·8,000원 할인",CONFIRMED
854,788,200000,CARD_LEVEL,12,푸드,RATE_DISCOUNT,20.0,,,,CJ푸드빌 20%·30% 현장할인,CONFIRMED
855,789,0,CARD_LEVEL,24,마트/편의점,RATE_DISCOUNT,5.0,,,,이마트 7대 가맹점에서 결제 시 최대 5% 신세계포인트 적립,CONFIRMED
856,789,0,CARD_LEVEL,14,생활,RATE_DISCOUNT,5.0,,,,생활편의영역에서 결제 시 최대 5% 신세계포인트 적립,CONFIRMED
857,789,0,CARD_LEVEL,2,모든가맹점,RATE_DISCOUNT,0.5,,,,그 외 모든 가맹점에서 결제 시 최대 0.5% 신세계포인트 적립,CONFIRMED
858,816,0,CARD_LEVEL,9,주유소,RATE_DISCOUNT,2.0,,,,전주유소 이용액의 2% 할인(LPG제외),CONFIRMED
859,816,0,CARD_LEVEL,10,영화,FIXED_AMOUNT,,1500,,,"전국 주요영화관 1,500원 할인",CONFIRMED
860,816,0,CARD_LEVEL,8,패밀리레스토랑,RATE_DISCOUNT,10.0,,,,주요 패밀리레스토랑 10% 할인,CONFIRMED
861,816,0,CARD_LEVEL,18,카페,RATE_DISCOUNT,10.0,,,,커피전문점 10% 할인,CONFIRMED
862,852,0,CARD_LEVEL,2,모든가맹점,RATE_DISCOUNT,2.0,,,,"스마일페이 가맹점/해외에서 스마일페이로 결제 시 2% 스마일캐시 적립
그 외 가맹점 이용 시 1% 스마일캐시 적립",CONFIRMED
863,852,0,CARD_LEVEL,33,무이자할부,INSTALLMENT_FREE,,3,,,모든 가맹점에서 5만원 이상 결제 시 2~3개월 무이자할부,CONFIRMED
864,853,0,CARD_LEVEL,33,무이자할부,INSTALLMENT_FREE,,3,,,모든 가맹점에서 5만원 이상 결제 시 2~3개월 무이자할부,CONFIRMED
865,854,0,CARD_LEVEL,3,주유,FIXED_AMOUNT,,200,,,"현대오일뱅크/SK에너지에서 주유 시 리터당 200원·400원 청구 할인
모든 충전소(LPG) 이용 시 리터당 100원·200원 청구 할인",CONFIRMED
866,859,0,CARD_LEVEL,3,주유,FIXED_AMOUNT,,200,,,"현대오일뱅크/SK에너지에서 주유 시 리터당 200원·400원 청구 할인
모든 충전소(LPG) 이용 시 리터당 100원·200원 청구 할인",CONFIRMED
867,865,500000,CARD_LEVEL,22,대형마트,RATE_DISCOUNT,7.0,,,,"홈플러스 매장, 온라인몰 결제 시 마이홈플러스 포인트 7% 적립",CONFIRMED
868,865,500000,CARD_LEVEL,2,모든가맹점,RATE_DISCOUNT,0.3,,,,홈플러스 매장 외 가맹점 결제 시 0.3% 결제일 할인,CONFIRMED
869,889,400000,CARD_LEVEL,22,대형마트,RATE_DISCOUNT,1.0,,,,(공통서비스) 3대 마트 1% 할인,CONFIRMED
870,890,500000,CARD_LEVEL,14,생활,RATE_DISCOUNT,12.0,,,,영라이프할인 - 라이프 가맹점 10~12% 결제일 할인,CONFIRMED
871,895,300000,CARD_LEVEL,2,모든가맹점,RATE_DISCOUNT,0.7,,,,모든 가맹점 0.7% 포인트 적립,CONFIRMED
872,895,300000,CARD_LEVEL,1,쇼핑,RATE_DISCOUNT,1.3,,,,"신한은행 결제계좌 연결 시, 쇼핑 1.3% 추가적립",CONFIRMED
873,895,300000,CARD_LEVEL,26,해외,RATE_DISCOUNT,1.3,,,,"신한은행 결제계좌 연결 시, 해외 1.3% 추가적립",CONFIRMED
874,895,300000,CARD_LEVEL,14,생활,RATE_DISCOUNT,3.3,,,,"신한은행 결제계좌 연결 시, 통신/대중교통/도시가스 3.3% 추가적립",CONFIRMED
875,905,0,CARD_LEVEL,24,마트/편의점,RATE_DISCOUNT,1.0,,,,"메가마트 매장 결제 시 메가포인트 1.0% 적립
메가마트 자체 추가적립 0.5%, 총 1.5% 적립",CONFIRMED
876,905,0,CARD_LEVEL,2,모든가맹점,RATE_DISCOUNT,0.5,,,,메가마트 제외 모든가맹점 메가포인트 0.5% 적립,CONFIRMED
877,905,0,CARD_LEVEL,27,교통,RATE_DISCOUNT,5.0,,,,"택시, 버스, 지하철 3~5% 할인 (모바일 교통거래 포함)",CONFIRMED
878,905,0,CARD_LEVEL,3,주유,FIXED_AMOUNT,,60,,,GS칼텍스 60원/L 할인,CONFIRMED
879,906,0,CARD_LEVEL,24,마트/편의점,RATE_DISCOUNT,0.5,,,,"메가마트 매장 결제 시 메가포인트 0.5% 적립
메가마트 자체 추가적립 0.2%, 총 0.7% 적립",CONFIRMED
880,906,0,CARD_LEVEL,2,모든가맹점,RATE_DISCOUNT,0.1,,,,메가마트 제외 모든가맹점 메가포인트 0.1% 적립,CONFIRMED
881,912,500000,CARD_LEVEL,1,쇼핑,RATE_DISCOUNT,10.0,,,,"온라인쇼핑몰, 대형마트, 소셜커머스, 백화점 10% 포인트리 적립",CONFIRMED
882,912,500000,CARD_LEVEL,13,선택형,RATE_DISCOUNT,5.0,,,,"아파트 관리비, 편의점, 배달앱 5% 포인트리 적립",CONFIRMED
883,916,300000,CARD_LEVEL,3,주유,FIXED_AMOUNT,,80,,,알뜰주유소 리터당 80원~100원 청구할인,CONFIRMED
884,916,300000,CARD_LEVEL,12,푸드,RATE_DISCOUNT,10.0,,,,치킨·피자 10% 청구할인,CONFIRMED
885,916,300000,CARD_LEVEL,10,영화,FIXED_AMOUNT,,12000,,,"전국 영화관 12,000원 이상 결제 시 3,000원 청구할인",CONFIRMED
886,916,300000,CARD_LEVEL,18,카페,RATE_DISCOUNT,10.0,,,,커피전문점 10% 청구할인,CONFIRMED
887,940,400000,CARD_LEVEL,2,모든가맹점,RATE_DISCOUNT,0.1,,,,전 가맹점 OK캐쉬백 0.1% 기본적립,CONFIRMED
888,942,300000,CARD_LEVEL,7,백화점,RATE_DISCOUNT,10.0,,,,"AK PLAZA 청구할인 최대 10%
AK 멤버스 서비스",CONFIRMED
889,942,300000,CARD_LEVEL,14,생활,RATE_DISCOUNT,5.0,,,,"[생활영역 청구 할인] 학원, 패밀리레스토랑,커피,미용실 5% 할인",CONFIRMED
890,942,300000,CARD_LEVEL,10,영화,FIXED_AMOUNT,,3500,,,"인터파크 영화예매 1매당 3,500원 청구 할인",CONFIRMED
891,942,300000,CARD_LEVEL,11,테마파크,RATE_DISCOUNT,50.0,,,,놀이공원 최대 50% 할인,CONFIRMED
892,945,3000000,INLINE,2,모든가맹점,RATE_DISCOUNT,1.0,,,,"일시불, 할부 이용금액 마이신한포인트 1% 적립
전월 300만원 이상 이용 시 일시불, 할부 이용금액 0.5% 추가적립",CONFIRMED
893,945,500000,INLINE,26,해외,RATE_DISCOUNT,2.0,,,,[Travel 적립] 해외/면세점 이용금액 2% 추가 적립(전월실적 50만원 이상),CONFIRMED
894,949,0,CARD_LEVEL,2,모든가맹점,RATE_DISCOUNT,0.5,,,,모든 가맹점 이용액 0.5% 캐시백,CONFIRMED
895,949,0,CARD_LEVEL,6,기타,FREE_SERVICE,,,,,ATM 출금 수수료 면제,CONFIRMED
896,949,0,CARD_LEVEL,13,선택형,RATE_DISCOUNT,1.2,,,,선택한 2가지 업종 1.2% 캐시백,CONFIRMED
897,949,0,CARD_LEVEL,13,선택형,RATE_DISCOUNT,2.0,,,,선택한 업종 2.0% 캐시백(혜택 추가시 연회비 3천원 추가),CONFIRMED
898,951,300000,CARD_LEVEL,8,패밀리레스토랑,RATE_DISCOUNT,10.0,,,,"아웃백, TGIF 10% 청구할인",CONFIRMED
899,951,300000,CARD_LEVEL,18,카페,RATE_DISCOUNT,20.0,,,,"스타벅스, 투썸플레이스 20% 청구할인",CONFIRMED
900,951,300000,CARD_LEVEL,10,영화,FIXED_AMOUNT,,3000,,,"모든 영화관 3,000원 청구할인",CONFIRMED
901,951,300000,CARD_LEVEL,11,테마파크,RATE_DISCOUNT,50.0,,,,놀이공원 50% 현장할인,CONFIRMED
902,952,300000,CARD_LEVEL,8,패밀리레스토랑,RATE_DISCOUNT,10.0,,,,"아웃백, TGIF 10% 청구할인",CONFIRMED
903,952,300000,CARD_LEVEL,18,카페,RATE_DISCOUNT,20.0,,,,"스타벅스, 투썸플레이스 20% 청구할인",CONFIRMED
904,952,300000,CARD_LEVEL,11,테마파크,RATE_DISCOUNT,50.0,,,,놀이공원 50% 현장할인,CONFIRMED
905,952,300000,CARD_LEVEL,10,영화,FIXED_AMOUNT,,3000,,,"모든 영화관 3,000원 청구할인",CONFIRMED
906,953,300000,CARD_LEVEL,3,주유,FIXED_AMOUNT,,70,,,주유소/충전소 리터당 70원 할인,CONFIRMED
907,953,300000,CARD_LEVEL,30,렌터카,RATE_DISCOUNT,70.0,,,,SK렌터카 최대 70% 현장할인,CONFIRMED
908,1002,400000,CARD_LEVEL,2,모든가맹점,RATE_DISCOUNT,1.0,,,,국내 모든 가맹점 최대 1% 할인,CONFIRMED
909,1003,0,CARD_LEVEL,1,쇼핑,INSTALLMENT_FREE,,3,,,"전국 유명 백화점, 할인점, 온라인 쇼핑몰 5% 할인
전국 유명 백화점 및 할인점 상시 2~3개월 무이자 할부",CONFIRMED
910,1003,0,CARD_LEVEL,3,주유,FIXED_AMOUNT,,60,,,GS칼텍스 60원/L 할인,CONFIRMED
911,1003,0,CARD_LEVEL,12,푸드,RATE_DISCOUNT,30.0,,,,"불고기브라더스, 제일제면소 30% 할인
아웃백, 카페마마스, 스타벅스 20% 할인",CONFIRMED
912,1003,0,CARD_LEVEL,14,생활,RATE_DISCOUNT,10.0,,,,LG계열 제휴사 최대 5~10% 할인 및 포인트 적립,CONFIRMED
913,1010,500000,CARD_LEVEL,6,기타,RATE_DISCOUNT,50.0,,,,"전기/수소차 충전 50% 적립
올가홀푸드, 바이올가, SSG.COM, 쿠팡 5% 적립",CONFIRMED
914,1018,300000,CARD_LEVEL,18,카페,RATE_DISCOUNT,20.0,,,,커피 업종 이용시 20% 결제일 할인,CONFIRMED
915,1019,0,CARD_LEVEL,18,카페,RATE_DISCOUNT,30.0,,,,빽다방 30% 결제일 할인,CONFIRMED
916,1019,0,CARD_LEVEL,12,푸드,RATE_DISCOUNT,10.0,,,,더본(theborn) 모든 매장 10% 결제일 할인,CONFIRMED
917,1019,0,CARD_LEVEL,19,편의점,RATE_DISCOUNT,5.0,,,,편의점 5% 결제일 할인,CONFIRMED
918,1035,200000,CARD_LEVEL,9,주유소,FIXED_AMOUNT,,50,,,"SK주유소 50원/ℓ 할인
엔진오일 교환 시 최대 1만 5천원 현장할인",CONFIRMED
919,1035,200000,CARD_LEVEL,33,무이자할부,INSTALLMENT_FREE,,3,,,백화점/대형마트 2~3개월 무이자 할부,CONFIRMED
920,1035,200000,CARD_LEVEL,17,대중교통,RATE_DISCOUNT,10.0,,,,대중교통 이용금액 10% 할인,CONFIRMED
921,1073,300000,CARD_LEVEL,10,영화,FIXED_AMOUNT,,3000,,,"모든 영화관 3,000원 할인",CONFIRMED
922,1073,300000,CARD_LEVEL,11,테마파크,RATE_DISCOUNT,50.0,,,,놀이공원 50% 할인,CONFIRMED
923,1155,500000,CARD_LEVEL,1,쇼핑,RATE_DISCOUNT,10.0,,,,"온라인쇼핑몰, 대형마트, 소셜커머스, 백화점 10% 포인트리 적립",CONFIRMED
924,1155,500000,CARD_LEVEL,13,선택형,RATE_DISCOUNT,5.0,,,,"아파트 관리비, 편의점, 배달앱 5% 포인트리 적립",CONFIRMED
925,1165,400000,CARD_LEVEL,11,테마파크,RATE_DISCOUNT,50.0,,,,롯데월드 본인 종합이용권 50% 할인,CONFIRMED
926,1165,400000,CARD_LEVEL,10,영화,FIXED_AMOUNT,,1500,,,"롯데시네마 영화관람료 1,500원 할인",CONFIRMED
927,1165,400000,CARD_LEVEL,12,푸드,RATE_DISCOUNT,10.0,,,,T.G.I.FRiDAY'S 10% 현장할인(주류 제외),CONFIRMED
928,1169,0,CARD_LEVEL,12,푸드,RATE_DISCOUNT,10.0,,,,"파리바게뜨, 던킨도너츠 10% 할인",CONFIRMED
929,1169,0,CARD_LEVEL,11,테마파크,RATE_DISCOUNT,50.0,,,,놀이공원 최대 50% 할인,CONFIRMED
930,1169,0,CARD_LEVEL,9,주유소,FIXED_AMOUNT,,50,,,SK주유소 리터당 SK주유포인트 50원적립,CONFIRMED
931,1169,0,CARD_LEVEL,6,기타,FREE_SERVICE,,,,,연회비 면제 및 SMS 무료 서비스,CONFIRMED
932,1171,0,CARD_LEVEL,2,모든가맹점,RATE_DISCOUNT,0.5,,,,모든 이용금액(일부 제외)0.5% 적립,CONFIRMED
933,1171,0,CARD_LEVEL,7,백화점,RATE_DISCOUNT,1.0,,,,현대백화점그룹내 1%추가적립,CONFIRMED
934,1171,0,CARD_LEVEL,14,생활,RATE_DISCOUNT,5.0,,,,"커피, 편의점, 약국 업종 5%청구할인",CONFIRMED
935,1171,0,CARD_LEVEL,6,기타,RATE_DISCOUNT,5.0,,,,"학원, 골프/골프연습장, 미용실 업종 5%청구할인",CONFIRMED
936,1171,0,CARD_LEVEL,10,영화,FIXED_AMOUNT,,3500,,,"인터파크 영화 예매 시 1매당 3,500원 청구할인",CONFIRMED
937,1171,0,CARD_LEVEL,11,테마파크,RATE_DISCOUNT,50.0,,,,롯데월드/에버랜드/캐리비안베이 30 ~ 50% 현장할인,CONFIRMED
938,1172,300000,CARD_LEVEL,22,대형마트,RATE_DISCOUNT,10.0,,,,하나로마트 대상점 이용 시 이용금액 10% 청구 할인,CONFIRMED
939,1172,300000,CARD_LEVEL,5,통신,RATE_DISCOUNT,5.0,,,,"통신 자동이체 이용 시, 이용금액의 5% 청구 할인",CONFIRMED
940,1186,200000,CARD_LEVEL,14,생활,RATE_DISCOUNT,5.0,,,,생활 가맹점 이용당 5% 하나머니 적립,CONFIRMED
941,1198,500000,CARD_LEVEL,1,쇼핑,RATE_DISCOUNT,10.0,,,,IKEA 매장 이용 시 10% 할인,CONFIRMED
942,1213,400000,CARD_LEVEL,24,마트/편의점,RATE_DISCOUNT,5.0,,,,"대형마트 5% 청구할인
편의점 5% 청구할인",CONFIRMED
943,1213,400000,CARD_LEVEL,3,주유,FIXED_AMOUNT,,60,,,전국 주유소 리터당 60원 할인,CONFIRMED
944,1248,300000,CARD_LEVEL,22,대형마트,RATE_DISCOUNT,3.0,,,,"이마트, 이마트 트레이더스, 홈플러스, 롯데마트 이용금액 3% 청구할인",CONFIRMED
945,1248,300000,CARD_LEVEL,18,카페,RATE_DISCOUNT,10.0,,,,커피빈 이용금액 10% 청구할인,CONFIRMED
946,1253,300000,CARD_LEVEL,12,푸드,RATE_DISCOUNT,7.0,,,,랭킹닭컴 이용 시 7% 청구할인,CONFIRMED
947,1253,300000,CARD_LEVEL,32,해외이용,RATE_DISCOUNT,5.0,,,,"지난달 이용실적 30만원 이상 시 청구할인 제공
해외 전 가맹점 5% 할인",CONFIRMED
948,1253,300000,CARD_LEVEL,14,생활,RATE_DISCOUNT,7.0,,,,"지난달 이용실적 70만원 이상 시 제공
통신, 대중교통, 온라인 7% 청구할인",CONFIRMED
949,1258,250000,CARD_LEVEL,21,온라인쇼핑,RATE_DISCOUNT,10.0,,,,"G마켓, 옥션 10% 할인",CONFIRMED
950,1258,250000,CARD_LEVEL,31,카페/디저트,RATE_DISCOUNT,20.0,,,,"스타벅스 20% 할인(사이렌오더 포함)
파리바게뜨, 배스킨라빈스, 던킨도너츠 10% 할인",CONFIRMED
951,1258,250000,CARD_LEVEL,12,푸드,RATE_DISCOUNT,10.0,,,,"맥도날드, 롯데리아, 버거킹, 피자헛, 미스터피자, 도미노피자 10% 할인",CONFIRMED
952,1258,250000,CARD_LEVEL,24,마트/편의점,RATE_DISCOUNT,5.0,,,,"편의점(CU), 올리브영 5% 할인",CONFIRMED
953,1258,250000,CARD_LEVEL,10,영화,RATE_DISCOUNT,10.0,,,,"CGV, 롯데시네마, 메가박스 10% 할인",CONFIRMED
954,1258,250000,CARD_LEVEL,37,교육,RATE_DISCOUNT,10.0,,,,"YBM시사(토익응시료 포함), 파고다, 해커스어학원 10% 할인",CONFIRMED
955,1259,300000,CARD_LEVEL,8,패밀리레스토랑,RATE_DISCOUNT,10.0,,,,패밀리레스토랑 10% 캐시백 할인,CONFIRMED
956,1259,300000,CARD_LEVEL,18,카페,RATE_DISCOUNT,10.0,,,,"스타벅스, 커피빈 10% 캐시백 할인",CONFIRMED
957,1259,300000,CARD_LEVEL,11,테마파크,RATE_DISCOUNT,50.0,,,,주요 놀이공원 자유이용권 50% 현장할인,CONFIRMED
958,1260,300000,CARD_LEVEL,17,대중교통,FIXED_AMOUNT,,1500,,,"전국 시내버스, 지하철 1,500원 할인",CONFIRMED
959,1260,300000,CARD_LEVEL,8,패밀리레스토랑,RATE_DISCOUNT,20.0,,,,"아웃백, TGIF 20% 현장 할인",CONFIRMED
960,1260,300000,CARD_LEVEL,18,카페,RATE_DISCOUNT,20.0,,,,"스타벅스, 투썸플레이스 20% 할인",CONFIRMED
961,1260,300000,CARD_LEVEL,3,주유,FIXED_AMOUNT,,40,,,GS칼텍스 40원/L 할인,CONFIRMED
962,1278,0,CARD_LEVEL,34,병원,RATE_DISCOUNT,5.0,,,,의료비 5% 할인,CONFIRMED
963,1278,0,CARD_LEVEL,21,온라인쇼핑,RATE_DISCOUNT,5.0,,,,온라인 쇼핑 5% 할인,CONFIRMED
964,1278,0,CARD_LEVEL,8,패밀리레스토랑,RATE_DISCOUNT,10.0,,,,패밀리레스토랑 10% 할인,CONFIRMED
965,1278,0,CARD_LEVEL,18,카페,RATE_DISCOUNT,20.0,,,,커피전문점 20% 할인,CONFIRMED
966,1278,0,CARD_LEVEL,11,테마파크,RATE_DISCOUNT,5.0,,,,키즈파크 5% 할인,CONFIRMED
967,1285,200000,CARD_LEVEL,27,교통,RATE_DISCOUNT,5.0,,,,"대중교통, 택시 5% 캐쉬백",CONFIRMED
968,1285,200000,CARD_LEVEL,14,생활,RATE_DISCOUNT,5.0,,,,"온라인쇼핑, 생활영역 5% 캐쉬백",CONFIRMED
969,1286,0,CARD_LEVEL,21,온라인쇼핑,RATE_DISCOUNT,5.0,,,,"CJ오쇼핑, CJmall 5% 청구할인",CONFIRMED
970,1286,0,CARD_LEVEL,12,푸드,RATE_DISCOUNT,20.0,,,,CJ푸드빌 10~20% 현장할인,CONFIRMED
971,1288,0,CARD_LEVEL,2,모든가맹점,RATE_DISCOUNT,1.0,,,,전 가맹점 이용 시 기본 1.0% 토스포인트 기본적립,CONFIRMED
972,1288,0,CARD_LEVEL,18,카페,RATE_DISCOUNT,4.0,,,,스타벅스 이용 시 추가 4.0% 토스포인트 추가적립,CONFIRMED
973,1290,200000,CARD_LEVEL,27,교통,RATE_DISCOUNT,5.0,,,,"대중교통, 택시 5% 캐쉬백",CONFIRMED
974,1290,200000,CARD_LEVEL,14,생활,RATE_DISCOUNT,5.0,,,,"온라인쇼핑, 생활영역 5% 캐쉬백",CONFIRMED
975,1298,200000,CARD_LEVEL,19,편의점,RATE_DISCOUNT,10.0,,,,편의점 10% 할인,CONFIRMED
976,1298,200000,CARD_LEVEL,31,카페/디저트,RATE_DISCOUNT,10.0,,,,"베이커리 업종 10% 할인
커피전문점 10% 할인",CONFIRMED
977,1299,500000,CARD_LEVEL,2,모든가맹점,RATE_DISCOUNT,1.3,,,,국내가맹점 1~1.3% 포인트리 적립,CONFIRMED
978,1299,500000,CARD_LEVEL,26,해외,RATE_DISCOUNT,5.0,,,,해외이용(직구포함) 5% 할인 캐시백,CONFIRMED
979,1299,500000,CARD_LEVEL,28,프리미엄 서비스,FREE_SERVICE,,,,,"인천공항 음료(HOT/ICE 아메리카노) 무료제공 등 고품격 서비스
Master / Local 플래티늄 전용서비스",CONFIRMED
980,1309,200000,CARD_LEVEL,1,쇼핑,RATE_DISCOUNT,0.7,,,,쇼핑 특화 영역 포인트리 0.7% 추가 적립,CONFIRMED
981,1309,200000,CARD_LEVEL,29,여행/숙박,RATE_DISCOUNT,0.7,,,,여행 특화 영역 포인트리 0.7% 추가 적립,CONFIRMED
982,1309,200000,CARD_LEVEL,26,해외,RATE_DISCOUNT,3.0,,,,해외이용 최대 3% 적립,CONFIRMED
983,1311,0,CARD_LEVEL,2,모든가맹점,RATE_DISCOUNT,0.4,,,,국내 이용금액 0.2~0.4% 캐시백,CONFIRMED
984,1311,0,CARD_LEVEL,32,해외이용,RATE_DISCOUNT,1.0,,,,해외 이용금액 1% 캐시백,CONFIRMED
985,1315,300000,CARD_LEVEL,26,해외,RATE_DISCOUNT,2.0,,,,해외 이용금액 2% 할인 캐시백,CONFIRMED
986,1339,300000,CARD_LEVEL,35,골프,RATE_DISCOUNT,20.0,,,,스크린골프 및 직영매장 20% 청구할인,CONFIRMED
987,1339,300000,CARD_LEVEL,9,주유소,FIXED_AMOUNT,,60,,,전 주유소 리터당 60원 청구할인,CONFIRMED
988,1360,300000,CARD_LEVEL,2,모든가맹점,RATE_DISCOUNT,0.5,,,,빅포인트 0.5% 기본적립 (빅포인트계열),CONFIRMED
989,1379,300000,CARD_LEVEL,3,주유,FIXED_AMOUNT,,60,,,"[주유] 주유소, 충전소 업종 리터당 60원 청구할인",CONFIRMED
990,1379,300000,CARD_LEVEL,5,통신,RATE_DISCOUNT,10.0,,,,"[통신] 전화요금, 인터넷이용료, 케이블TV 업종 10% 청구할인",CONFIRMED
991,1379,300000,CARD_LEVEL,27,교통,RATE_DISCOUNT,10.0,,,,"[교통] 버스, 지하철, 택시 업종10% 청구할인",CONFIRMED
992,1379,300000,CARD_LEVEL,12,푸드,RATE_DISCOUNT,10.0,,,,"음식점, 커피전문점, 편의점, 약국 업종 10% 추가 청구할인",CONFIRMED
993,1379,300000,CARD_LEVEL,14,생활,RATE_DISCOUNT,10.0,,,,"학원, 휘트니스센터 업종 10% 추가 청구할인",CONFIRMED
994,1379,300000,CARD_LEVEL,28,프리미엄 서비스,FREE_SERVICE,,,,,"인천공항 음료 무료제공 등 고품격 서비스
Master / VISA / AMEX / Local 플래티늄 전용서비스",CONFIRMED
995,1380,300000,CARD_LEVEL,10,영화,FIXED_AMOUNT,,3500,,,"인터파크 영화예매 시 3,500원 청구할인",CONFIRMED
996,1380,300000,CARD_LEVEL,11,테마파크,RATE_DISCOUNT,50.0,,,,놀이공원 최대 50% 할인,CONFIRMED
997,1381,0,CARD_LEVEL,8,패밀리레스토랑,RATE_DISCOUNT,10.0,,,,외식 10% 청구할인,CONFIRMED
998,1381,0,CARD_LEVEL,18,카페,RATE_DISCOUNT,10.0,,,,커피 10% 청구할인,CONFIRMED
999,1382,0,CARD_LEVEL,26,해외,RATE_DISCOUNT,3.0,,,,해외 전 가맹점 최대 3% 포인트리 적립,CONFIRMED
1000,1382,0,CARD_LEVEL,1,쇼핑,RATE_DISCOUNT,2.0,,,,몰테일 배송료 이용금액 2% 적립 및 수수료 할인,CONFIRMED
1001,1383,300000,CARD_LEVEL,22,대형마트,RATE_DISCOUNT,5.0,,,,이마트 · 롯데마트 · 홈플러스 5%청구할인,CONFIRMED
1002,1383,300000,CARD_LEVEL,21,온라인쇼핑,RATE_DISCOUNT,5.0,,,,G마켓 · 옥션 · 인터파크 · 11번가 5%청구할인,CONFIRMED
1003,1394,0,CARD_LEVEL,2,모든가맹점,RATE_DISCOUNT,0.2,,,,"모든 가맹점 0.2% 캐시백
특정업종 추가로 0.2% 캐시백",CONFIRMED
1004,1394,0,CARD_LEVEL,7,백화점,RATE_DISCOUNT,5.0,,,,현대백화점 5% 현장할인,CONFIRMED
1005,1438,200000,CARD_LEVEL,8,패밀리레스토랑,RATE_DISCOUNT,10.0,,,,패밀리레스토랑 10% 캐시백,CONFIRMED
1006,1438,200000,CARD_LEVEL,19,편의점,RATE_DISCOUNT,10.0,,,,편의점 10% 캐시백,CONFIRMED
1007,1443,300000,CARD_LEVEL,11,테마파크,RATE_DISCOUNT,50.0,,,,"에버랜드 자유이용권(대인 동반 소인 1매) 50% 현장할인
캐리비안베이 입장권 30% 현장할인",CONFIRMED
1008,1443,300000,CARD_LEVEL,8,패밀리레스토랑,RATE_DISCOUNT,20.0,,,,"VIPS, 아웃백, TGIF 20% 청구할인",CONFIRMED
1009,1451,0,CARD_LEVEL,4,금융,RATE_DISCOUNT,50.0,,,,"외환 환전 송금 최대 50% 환율 우대
우리원송금클럽",CONFIRMED
1010,1451,0,CARD_LEVEL,11,테마파크,RATE_DISCOUNT,50.0,,,,놀이공원 및 테마파크 30~50% 할인,CONFIRMED
1011,1451,0,CARD_LEVEL,22,대형마트,RATE_DISCOUNT,5.0,,,,대형마트 5% 청구할인,CONFIRMED
1012,1526,200000,CARD_LEVEL,11,테마파크,RATE_DISCOUNT,50.0,,,,"롯데월드, 에버랜드 자유이용권 50% 할인",CONFIRMED
1013,1529,300000,CARD_LEVEL,18,카페,RATE_DISCOUNT,5.0,,,,5대 커피업종 5% 청구할인,CONFIRMED
1014,1529,300000,CARD_LEVEL,10,영화,FIXED_AMOUNT,,3000,,,"영화업종 3,000원 청구할인",CONFIRMED
1015,1532,300000,CARD_LEVEL,10,영화,FIXED_AMOUNT,,3000,,,"모든 영화관 3,000원 청구할인",CONFIRMED
1016,1532,300000,CARD_LEVEL,11,테마파크,RATE_DISCOUNT,50.0,,,,놀이공원 자유이용권 50% 현장할인,CONFIRMED
1017,1544,100000,CARD_LEVEL,21,온라인쇼핑,RATE_DISCOUNT,5.0,,,,옥션 · G마켓 5% 청구할인,CONFIRMED
1018,1544,100000,CARD_LEVEL,10,영화,FIXED_AMOUNT,,3500,,,"인터파크 3,500원 청구할인",CONFIRMED
1019,1544,100000,CARD_LEVEL,29,여행/숙박,RATE_DISCOUNT,10.0,,,,제너두 둔내 펜션 10%~40% 현장할인,CONFIRMED
1020,1544,100000,CARD_LEVEL,33,무이자할부,INSTALLMENT_FREE,,3,,,"백화점 및 할인점 2~3개월 무이자할부
국내 면세점 2~3개월 무이자할부",CONFIRMED
1021,1549,0,CARD_LEVEL,10,영화,FIXED_AMOUNT,,3500,,,"인터파크 영화예매 1매당 3,500원 청구 할인",CONFIRMED
1022,1549,0,CARD_LEVEL,33,무이자할부,INSTALLMENT_FREE,,3,,,2~3개월 무이자할부 서비스,CONFIRMED
1023,1549,0,CARD_LEVEL,4,금융,RATE_DISCOUNT,30.0,,,,외국통화 매매 및 여행자 수표 매도 시 매매마진율의 30% 우대,CONFIRMED
1024,1555,300000,CARD_LEVEL,8,패밀리레스토랑,RATE_DISCOUNT,10.0,,,,"VIPS, TGIF 10% 청구할인",CONFIRMED
1025,1555,300000,CARD_LEVEL,18,카페,RATE_DISCOUNT,20.0,,,,"할리스, 엔제리너스 20% 청구할인",CONFIRMED
1026,1555,300000,CARD_LEVEL,11,테마파크,RATE_DISCOUNT,50.0,,,,"롯데월드, 에버랜드, 서울랜드, 이월드(대구), 경주월드, 통도환타지아 자유이용권 50% 현장할인",CONFIRMED
1027,1558,300000,CARD_LEVEL,1,쇼핑,RATE_DISCOUNT,10.0,,,,3대 대형마트 / 3대 백화점 10% 청구할인,CONFIRMED
1028,1558,300000,CARD_LEVEL,27,교통,RATE_DISCOUNT,5.0,,,,"대중교통(버스, 지하철), 택시 5% 청구할인",CONFIRMED
1029,1558,300000,CARD_LEVEL,5,통신,RATE_DISCOUNT,5.0,,,,이동통신요금 5% 청구할인,CONFIRMED
1030,1558,300000,CARD_LEVEL,6,기타,RATE_DISCOUNT,20.0,,,,"외국인 선호 관광지 20% 청구할인
외국인 선호/거주 지역 음식 청구할인 5% 청구할인",CONFIRMED
1031,1572,100000,CARD_LEVEL,12,푸드,RATE_DISCOUNT,0.2,,,,"음식점, 커피전문점 업종 0.2% 추가 포인트리 적립",CONFIRMED
1032,1572,100000,CARD_LEVEL,17,대중교통,RATE_DISCOUNT,0.2,,,,"대중교통(버스·지하철), 택시 0.2% 추가 포인트리 적립",CONFIRMED
1033,1572,100000,CARD_LEVEL,5,통신,RATE_DISCOUNT,0.2,,,,이동통신요금 0.2% 추가 포인트리 적립,CONFIRMED
1034,1573,200000,CARD_LEVEL,8,패밀리레스토랑,RATE_DISCOUNT,10.0,,,,"아웃백·VIPS·TGIF·세븐스프링스
주중 10%, 주말 15% 환급할인",CONFIRMED
1035,1573,200000,CARD_LEVEL,10,영화,RATE_DISCOUNT,20.0,,,,CGV·메가박스 20% 환급할인,CONFIRMED
1036,1573,200000,CARD_LEVEL,11,테마파크,RATE_DISCOUNT,30.0,,,,에버랜드·서울랜드·롯데월드 30% 환급할인,CONFIRMED
1037,1573,200000,CARD_LEVEL,18,카페,RATE_DISCOUNT,5.0,,,,"커피빈 주중 5%, 주말 10% 환급할인",CONFIRMED
1038,1573,200000,CARD_LEVEL,19,편의점,RATE_DISCOUNT,5.0,,,,GS25 5% 환급할인,CONFIRMED
1039,1573,200000,CARD_LEVEL,4,금융,FREE_SERVICE,,,,,금융수수료 면제 서비스,CONFIRMED
1040,1584,0,CARD_LEVEL,1,쇼핑,RATE_DISCOUNT,5.0,,,,백화점/할인점/홈쇼핑·온라인몰 1.0~5.0% 적립,CONFIRMED
1041,1584,0,CARD_LEVEL,2,모든가맹점,RATE_DISCOUNT,2.0,,,,"전국 가맹점 0.2~2.0% 적립
해외 가맹점 1~5% 적립",CONFIRMED
1042,1584,0,CARD_LEVEL,9,주유소,FIXED_AMOUNT,,60,,,"S-OIL, 현대오일뱅크 주유 시 리터 당 60원 적립",CONFIRMED
1043,1584,0,CARD_LEVEL,4,금융,RATE_DISCOUNT,0.2,,,,"신한금융투자 CMA 결제계좌 0.2% 추가 적립
마이신한포인트 가맹점 추가 적립",CONFIRMED
1044,1584,0,CARD_LEVEL,5,통신,RATE_DISCOUNT,5.0,,,,SK텔레콤/KT/LG U+ 이동통신요금 1.0~5.0% 적립,CONFIRMED
1045,1586,500000,CARD_LEVEL,1,쇼핑,RATE_DISCOUNT,10.0,,,,오프라인 쇼핑 10% 할인,CONFIRMED
1046,1586,500000,CARD_LEVEL,21,온라인쇼핑,RATE_DISCOUNT,10.0,,,,온라인 쇼핑 10% 할인,CONFIRMED
1047,1586,500000,CARD_LEVEL,18,카페,RATE_DISCOUNT,10.0,,,,"스타벅스, 커피빈, 카페베네,엔제리너스, 투썸플레이스 10% 할인",CONFIRMED
1048,1586,500000,CARD_LEVEL,14,생활,RATE_DISCOUNT,10.0,,,,"다이소, 올리브영, 온라인 서점 10% 할인",CONFIRMED
1049,1586,500000,CARD_LEVEL,9,주유소,FIXED_AMOUNT,,60,,,주유소 리터당 60원 할인,CONFIRMED
1050,1586,500000,CARD_LEVEL,26,해외,RATE_DISCOUNT,5.0,,,,해외이용금액 5% 캐시백,CONFIRMED
1051,1586,500000,CARD_LEVEL,12,푸드,RATE_DISCOUNT,10.0,,,,"마켓컬리, 하이프레시, 집반찬연구소 10% 할인서비스",CONFIRMED
1052,1592,300000,CARD_LEVEL,17,대중교통,FIXED_AMOUNT,,200,,,"버스, 지하철 후불 교통 이용 금액 일 200원 ~ 일 600원 할인",CONFIRMED
1053,1592,300000,CARD_LEVEL,7,백화점,RATE_DISCOUNT,5.0,,,,4대 백화점 5% 할인,CONFIRMED
1054,1592,300000,CARD_LEVEL,18,카페,RATE_DISCOUNT,10.0,,,,커피전문점 10% 할인,CONFIRMED
1055,1592,300000,CARD_LEVEL,19,편의점,RATE_DISCOUNT,5.0,,,,편의점 5% 할인,CONFIRMED
1056,1592,300000,CARD_LEVEL,5,통신,RATE_DISCOUNT,5.0,,,,이동통신요금 5% 할인,CONFIRMED
1057,1593,500000,CARD_LEVEL,1,쇼핑,RATE_DISCOUNT,5.0,,,,1~5% 특별적립,CONFIRMED
1058,1593,500000,CARD_LEVEL,24,마트/편의점,RATE_DISCOUNT,5.0,,,,1~5% 특별적립,CONFIRMED
1059,1593,500000,CARD_LEVEL,25,정비,RATE_DISCOUNT,5.0,,,,1~5% 특별적립,CONFIRMED
1060,1593,500000,CARD_LEVEL,2,모든가맹점,RATE_DISCOUNT,2.0,,,,국내/외 모든 가맹점 0.2~2.0% 적립,CONFIRMED
1061,1595,0,CARD_LEVEL,1,쇼핑,INSTALLMENT_FREE,,3,,,"전국 유명 백화점, 할인점, 온라인 쇼핑몰 5% 할인
전국 유명 백화점 및 할인점 상시 2~3개월 무이자 할부",CONFIRMED
1062,1595,0,CARD_LEVEL,9,주유소,FIXED_AMOUNT,,60,,,GS칼텍스 60원/L 할인,CONFIRMED
1063,1595,0,CARD_LEVEL,12,푸드,RATE_DISCOUNT,30.0,,,,"불고기브라더스, 제일제면소 30% 할인
아웃백, 카페마마스, 스타벅스 20% 할인",CONFIRMED
1064,1595,0,CARD_LEVEL,14,생활,RATE_DISCOUNT,10.0,,,,LG계열 제휴사 최대 5~10% 할인 및 포인트 적립,CONFIRMED
1065,1599,300000,CARD_LEVEL,9,주유소,FIXED_AMOUNT,,40,,,GS칼텍스 주유 시 리터당 40원 결제일 할인,CONFIRMED
1066,1599,300000,CARD_LEVEL,15,면세점,RATE_DISCOUNT,8.0,,,,제주 JDC 면세점 8% 결제일 할인,CONFIRMED
1067,1599,300000,CARD_LEVEL,18,카페,FIXED_AMOUNT,,3000,,,"스타벅스 3,000원 할인",CONFIRMED
1068,1599,300000,CARD_LEVEL,16,프리미엄,FREE_SERVICE,,,,,인천공항 무료 발렛 파킹,CONFIRMED
1069,1610,200000,CARD_LEVEL,5,통신,FIXED_AMOUNT,,2500,,,"이동통신요금 2,500원 환급할인",CONFIRMED
1070,1610,200000,CARD_LEVEL,10,영화,RATE_DISCOUNT,35.0,,,,CGV 35% 환급할인,CONFIRMED
1071,1610,200000,CARD_LEVEL,8,패밀리레스토랑,RATE_DISCOUNT,20.0,,,,"아웃백, VIPS 20% 환급할인",CONFIRMED
1072,1610,200000,CARD_LEVEL,18,카페,RATE_DISCOUNT,20.0,,,,스타벅스 20% 환급할인,CONFIRMED
1073,1610,200000,CARD_LEVEL,11,테마파크,RATE_DISCOUNT,50.0,,,,에버랜드·롯데월드 50% 환급할인,CONFIRMED
1074,1610,200000,CARD_LEVEL,4,금융,FREE_SERVICE,,,,,금융수수료 면제 서비스,CONFIRMED
1075,1610,200000,CARD_LEVEL,19,편의점,RATE_DISCOUNT,5.0,,,,GS25 5% 환급할인,CONFIRMED
1076,1615,200000,CARD_LEVEL,5,통신,FIXED_AMOUNT,,2500,,,"이동통신요금 2,500원 환급할인",CONFIRMED
1077,1615,200000,CARD_LEVEL,10,영화,RATE_DISCOUNT,35.0,,,,CGV 35% 환급할인,CONFIRMED
1078,1615,200000,CARD_LEVEL,8,패밀리레스토랑,RATE_DISCOUNT,20.0,,,,"아웃백, VIPS 20% 환급할인",CONFIRMED
1079,1615,200000,CARD_LEVEL,18,카페,RATE_DISCOUNT,20.0,,,,스타벅스 20% 환급할인,CONFIRMED
1080,1615,200000,CARD_LEVEL,11,테마파크,RATE_DISCOUNT,50.0,,,,에버랜드·롯데월드 50% 환급할인,CONFIRMED
1081,1615,200000,CARD_LEVEL,4,금융,FREE_SERVICE,,,,,금융수수료 면제 서비스,CONFIRMED
1082,1615,200000,CARD_LEVEL,19,편의점,RATE_DISCOUNT,5.0,,,,GS25 5% 환급할인,CONFIRMED
1083,1616,200000,CARD_LEVEL,5,통신,FIXED_AMOUNT,,2500,,,"이동통신요금 2,500원 환급할인",CONFIRMED
1084,1616,200000,CARD_LEVEL,10,영화,RATE_DISCOUNT,35.0,,,,CGV 35% 환급할인,CONFIRMED
1085,1616,200000,CARD_LEVEL,8,패밀리레스토랑,RATE_DISCOUNT,20.0,,,,"아웃백, VIPS 20% 환급할인",CONFIRMED
1086,1616,200000,CARD_LEVEL,18,카페,RATE_DISCOUNT,20.0,,,,스타벅스 20% 환급할인,CONFIRMED
1087,1616,200000,CARD_LEVEL,11,테마파크,RATE_DISCOUNT,50.0,,,,에버랜드·롯데월드 50% 환급할인,CONFIRMED
1088,1616,200000,CARD_LEVEL,4,금융,FREE_SERVICE,,,,,금융수수료 면제 서비스,CONFIRMED
1089,1616,200000,CARD_LEVEL,19,편의점,RATE_DISCOUNT,5.0,,,,GS25 5% 환급할인,CONFIRMED
1090,1617,0,CARD_LEVEL,5,통신,FIXED_AMOUNT,,2500,,,"이동통신요금 2,500원 환급할인",CONFIRMED
1091,1617,0,CARD_LEVEL,10,영화,RATE_DISCOUNT,35.0,,,,CGV 35% 환급할인,CONFIRMED
1092,1617,0,CARD_LEVEL,8,패밀리레스토랑,RATE_DISCOUNT,20.0,,,,"아웃백, VIPS 20% 환급할인",CONFIRMED
1093,1617,0,CARD_LEVEL,18,카페,RATE_DISCOUNT,20.0,,,,스타벅스 20% 환급할인,CONFIRMED
1094,1617,0,CARD_LEVEL,11,테마파크,RATE_DISCOUNT,50.0,,,,에버랜드·롯데월드 50% 환급할인,CONFIRMED
1095,1617,0,CARD_LEVEL,4,금융,FREE_SERVICE,,,,,금융수수료 면제 서비스,CONFIRMED
1096,1617,0,CARD_LEVEL,19,편의점,RATE_DISCOUNT,5.0,,,,GS25 5% 환급할인,CONFIRMED
1097,1618,200000,CARD_LEVEL,5,통신,FIXED_AMOUNT,,2500,,,"이동통신요금 2,500원 환급할인",CONFIRMED
1098,1618,200000,CARD_LEVEL,10,영화,RATE_DISCOUNT,35.0,,,,CGV 35% 환급할인,CONFIRMED
1099,1618,200000,CARD_LEVEL,8,패밀리레스토랑,RATE_DISCOUNT,20.0,,,,"아웃백, VIPS 20% 환급할인",CONFIRMED
1100,1618,200000,CARD_LEVEL,18,카페,RATE_DISCOUNT,20.0,,,,스타벅스 20% 환급할인,CONFIRMED
1101,1618,200000,CARD_LEVEL,11,테마파크,RATE_DISCOUNT,50.0,,,,에버랜드·롯데월드 50% 환급할인,CONFIRMED
1102,1618,200000,CARD_LEVEL,4,금융,FREE_SERVICE,,,,,금융수수료 면제 서비스,CONFIRMED
1103,1618,200000,CARD_LEVEL,19,편의점,RATE_DISCOUNT,5.0,,,,GS25 5% 환급할인,CONFIRMED
1104,1619,0,CARD_LEVEL,5,통신,FIXED_AMOUNT,,2500,,,"이동통신요금 2,500원 환급할인",CONFIRMED
1105,1619,0,CARD_LEVEL,10,영화,RATE_DISCOUNT,35.0,,,,CGV 35% 환급할인,CONFIRMED
1106,1619,0,CARD_LEVEL,8,패밀리레스토랑,RATE_DISCOUNT,20.0,,,,"아웃백, VIPS 20% 환급할인",CONFIRMED
1107,1619,0,CARD_LEVEL,18,카페,RATE_DISCOUNT,20.0,,,,스타벅스 20% 환급할인,CONFIRMED
1108,1619,0,CARD_LEVEL,11,테마파크,RATE_DISCOUNT,50.0,,,,에버랜드·롯데월드 50% 환급할인,CONFIRMED
1109,1619,0,CARD_LEVEL,4,금융,FREE_SERVICE,,,,,금융수수료 면제 서비스,CONFIRMED
1110,1619,0,CARD_LEVEL,19,편의점,RATE_DISCOUNT,5.0,,,,GS25 5% 환급할인,CONFIRMED
1111,1623,300000,CARD_LEVEL,2,모든가맹점,RATE_DISCOUNT,0.5,,,,빅포인트 0.5% 기본적립,CONFIRMED
1112,1630,300000,CARD_LEVEL,27,교통,RATE_DISCOUNT,5.0,,,,"대중교통 건당 50~100원 청구할인
택시 5% 청구할인 / KTX 10% 할인",CONFIRMED
1113,1630,300000,CARD_LEVEL,29,여행/숙박,RATE_DISCOUNT,5.0,,,,"국내선 5%, 국제선 7% 발권 수수료 할인 (횟수제한 없음)
롯데렌터카 35% 현장할인",CONFIRMED
1114,1630,300000,CARD_LEVEL,5,통신,RATE_DISCOUNT,3.0,,,,"KT, SKT, LGU+ 매월 청구금액의 3% 청구할인",CONFIRMED
1115,1630,300000,CARD_LEVEL,11,테마파크,RATE_DISCOUNT,50.0,,,,놀이공원 자유이용권 50% 현장할인,CONFIRMED
1116,1648,300000,CARD_LEVEL,3,주유,RATE_DISCOUNT,5.0,,,,"Sk에너지, 농협주유소 5% 청구할인(충전소 제외)",CONFIRMED
1117,1648,300000,CARD_LEVEL,12,푸드,RATE_DISCOUNT,3.0,,,,"국내음식점, 커피전문점, 제과점, 아이스크림점, 패밀리레스토랑 및 패스트푸드점 3% 청구할인",CONFIRMED
1118,1673,0,CARD_LEVEL,10,영화,FIXED_AMOUNT,,3000,,,"CGV 현장 결제 시 3,000원 현장할인 및 온라인 예매 시 3,000원 즉시할인",CONFIRMED
1119,1695,300000,CARD_LEVEL,27,교통,RATE_DISCOUNT,5.0,,,,"대중교통 건당 50~100원 청구할인
택시 5% 청구할인 / KTX 10% 할인",CONFIRMED
1120,1695,300000,CARD_LEVEL,29,여행/숙박,RATE_DISCOUNT,5.0,,,,"국내선 5%, 국제선 7% 발권 수수료 할인 (횟수제한 없음)
롯데렌터카 35% 현장할인",CONFIRMED
1121,1695,300000,CARD_LEVEL,5,통신,RATE_DISCOUNT,3.0,,,,"KT, SKT, LGU+ 매월 청구금액의 3% 청구할인",CONFIRMED
1122,1695,300000,CARD_LEVEL,11,테마파크,RATE_DISCOUNT,50.0,,,,놀이공원 자유이용권 50% 현장할인,CONFIRMED
1123,1699,200000,CARD_LEVEL,3,주유,FIXED_AMOUNT,,40,,,SK주유소(LPG포함) 40원/L 청구할인,CONFIRMED
1124,1699,200000,CARD_LEVEL,17,대중교통,FIXED_AMOUNT,,50,,,"전국 버스, 지하철 건당 50원 청구할인",CONFIRMED
1125,1699,200000,CARD_LEVEL,5,통신,RATE_DISCOUNT,3.0,,,,휴대폰 요금 3% 청구할인,CONFIRMED
1126,1699,200000,CARD_LEVEL,30,렌터카,RATE_DISCOUNT,35.0,,,,롯데렌터카 35% 현장할인,CONFIRMED
1127,1699,200000,CARD_LEVEL,31,카페/디저트,RATE_DISCOUNT,5.0,,,,커피/베이커리 5% 청구할인,CONFIRMED
1128,1702,300000,CARD_LEVEL,26,해외,FREE_SERVICE,,,,,"해외이용금액 외화결제계좌 달러 인출
해외가맹점(해외직구 포함) 이용 시 이용수수료 면제",CONFIRMED
1129,1702,300000,CARD_LEVEL,2,모든가맹점,RATE_DISCOUNT,0.3,,,,국내 전가맹점 0.3% 모아포인트 적립,CONFIRMED
1130,1714,200000,CARD_LEVEL,19,편의점,POINT_PER_UNIT,7.0,,1000,WON,"세븐일레븐에서 결제 시 1,000원당 7포인트 적립",CONFIRMED
1131,1714,200000,CARD_LEVEL,11,테마파크,RATE_DISCOUNT,50.0,,,,테마파크 최대 50% 할인,CONFIRMED
1132,1714,200000,CARD_LEVEL,1,쇼핑,RATE_DISCOUNT,10.0,,,,롯데멤버스 제휴사 최대 10% 할인,CONFIRMED
1133,1714,200000,CARD_LEVEL,29,여행/숙박,RATE_DISCOUNT,7.0,,,,롯데카드 여행서비스 최대 7% 할인,CONFIRMED
1134,1714,200000,CARD_LEVEL,12,푸드,RATE_DISCOUNT,10.0,,,,외식 10% 할인,CONFIRMED
1135,1714,200000,CARD_LEVEL,3,주유,FIXED_AMOUNT,,50,,,SK주유소 리터당 SK주유포인트 50원적립,CONFIRMED
1136,1754,0,CARD_LEVEL,10,영화,FIXED_AMOUNT,,1500,,,"롯데시네마 관람료 1,500원 청구할인",CONFIRMED
1137,1759,0,CARD_LEVEL,11,테마파크,RATE_DISCOUNT,50.0,,,,놀이공원 자유이용권 50%·워터파크 입장권 30% 현장할인,CONFIRMED
1138,1807,400000,CARD_LEVEL,18,카페,RATE_DISCOUNT,20.0,,,,스타벅스 20% 캐시백,CONFIRMED
1139,1809,300000,CARD_LEVEL,20,항공마일리지,RATE_DISCOUNT,1.5,,,,UniMile 0.2~ 1.5% 적립,CONFIRMED
1140,1816,300000,CARD_LEVEL,10,영화,FIXED_AMOUNT,,12000,,,"전국 영화관 12,000원 이상 결제 시 3,000원 청구할인",CONFIRMED
1141,1816,300000,CARD_LEVEL,18,카페,RATE_DISCOUNT,10.0,,,,커피전문점 10% 청구할인,CONFIRMED
1142,1818,300000,CARD_LEVEL,10,영화,FIXED_AMOUNT,,3000,,,"전국 영화관 3,000원 청구할인",CONFIRMED
1143,1818,300000,CARD_LEVEL,18,카페,FIXED_AMOUNT,,1000,,,"스타벅스, 투썸플레이스 1,000원 청구할인",CONFIRMED
1144,1829,300000,CARD_LEVEL,10,영화,FIXED_AMOUNT,,12000,,,"영화 12,000원 이상 결제 시 6,000원 청구할인",CONFIRMED
1145,1829,300000,CARD_LEVEL,18,카페,RATE_DISCOUNT,5.0,,,,"스타벅스, 커피빈, 카페베네, 투썸플레이스에서 결제 시 5% 청구할인",CONFIRMED
1146,1829,300000,CARD_LEVEL,11,테마파크,RATE_DISCOUNT,50.0,,,,전국 놀이공원 자유이용권 50% 현장할인,CONFIRMED
1147,1839,300000,CARD_LEVEL,11,테마파크,RATE_DISCOUNT,50.0,,,,놀이공원 최대 50% 할인,CONFIRMED
1148,1859,300000,CARD_LEVEL,14,생활,RATE_DISCOUNT,7.0,,,,"각영역별 주요 9대 업종 7% 청구할인
자동이체시 매월 포인트 적립",CONFIRMED
1149,1868,0,CARD_LEVEL,10,영화,FIXED_AMOUNT,,12000,,,"전국 영화관 12,000원 이상 결제 시 3,000원 청구할인",CONFIRMED
1150,1868,0,CARD_LEVEL,11,테마파크,RATE_DISCOUNT,50.0,,,,"에버랜드, 롯데월드, 서울랜드, 대구이월드, 경주월드, 통도환타지아 자유이용권 50% 현장할인",CONFIRMED
1151,1868,0,CARD_LEVEL,8,패밀리레스토랑,RATE_DISCOUNT,10.0,,,,"아웃백, TGIF, 베니건스 10% 청구 할인",CONFIRMED
1152,1868,0,CARD_LEVEL,18,카페,RATE_DISCOUNT,20.0,,,,"스타벅스, 투썸플레이스 20% 청구할인",CONFIRMED
1153,1882,500000,CARD_LEVEL,1,쇼핑,FIXED_AMOUNT,,11000,,,"삼성스토어 라이트할부 이용 시 11,000원·미이용 시 4,000원 결제대금 차감",CONFIRMED
1154,1882,500000,CARD_LEVEL,27,교통,RATE_DISCOUNT,5.0,,,,대중교통·택시 5% 결제일할인(청구할인),CONFIRMED
1155,1882,500000,CARD_LEVEL,18,카페,RATE_DISCOUNT,5.0,,,,10대 커피전문점 5% 결제일할인(청구할인),CONFIRMED
1156,1882,500000,CARD_LEVEL,1,쇼핑,RATE_DISCOUNT,3.0,,,,삼성닷컴 3% 결제일할인(청구할인),CONFIRMED
1157,1882,500000,CARD_LEVEL,1,쇼핑,RATE_DISCOUNT,10.0,,,,삼성전자 서비스센터 10% 결제일할인(청구할인),CONFIRMED
1158,1883,400000,CARD_LEVEL,31,카페/디저트,RATE_DISCOUNT,5.0,,,,커피전문점·헬스&뷰티 5% PAYCO 포인트 적립,CONFIRMED
1159,1883,400000,CARD_LEVEL,19,편의점,RATE_DISCOUNT,5.0,,,,편의점·배달앱 5% PAYCO 포인트 적립,CONFIRMED
1160,1884,300000,CARD_LEVEL,3,주유,FIXED_AMOUNT,,30000,,,"주유소에서 30,000원 이상 결제 시 3,000원 결제일할인(청구할인)",CONFIRMED
1161,1884,300000,CARD_LEVEL,22,대형마트,FIXED_AMOUNT,,30000,,,"할인점에서 30,000원 이상 결제 시 2,000원 결제일할인(청구할인)",CONFIRMED
1162,1884,300000,CARD_LEVEL,10,영화,FIXED_AMOUNT,,12000,,,"영화 티켓 12,000원 이상 결제 시 5,000원 결제일할인(청구할인)",CONFIRMED
1163,1887,400000,CARD_LEVEL,19,편의점,RATE_DISCOUNT,10.0,,,,"GS25, CU 10% 할인",CONFIRMED
1164,1887,400000,CARD_LEVEL,18,카페,RATE_DISCOUNT,10.0,,,,"스타벅스, 커피빈 10% 할인",CONFIRMED
1165,1887,400000,CARD_LEVEL,10,영화,RATE_DISCOUNT,20.0,,,,"CGV, 롯데시네마 20% 할인",CONFIRMED
1166,1889,500000,CARD_LEVEL,2,모든가맹점,RATE_DISCOUNT,1.0,,,,모든 가맹점 1% 빅포인트 적립,CONFIRMED
1167,1889,500000,CARD_LEVEL,3,주유,FIXED_AMOUNT,,2000,,,"모든 주유소·LPG 2,000원 결제일할인",CONFIRMED
1168,1899,500000,CARD_LEVEL,1,쇼핑,RATE_DISCOUNT,10.0,,,,"LG전자 5~10% 청구할인
LG전자 베스트샵 멤버십 포인트 0.5% 적립",CONFIRMED
1169,1899,500000,CARD_LEVEL,33,무이자할부,RATE_DISCOUNT,3.0,,,,베스트 플러스 할부 포인트 최고 3% 적립,CONFIRMED
1170,1899,500000,CARD_LEVEL,11,테마파크,RATE_DISCOUNT,50.0,,,,"롯데월드, 서울랜드 50% 할인",CONFIRMED
1171,1909,300000,CARD_LEVEL,18,카페,FIXED_AMOUNT,,2000,,,"스타벅스 1만원 이상 결제 시 2,000원 결제일할인(청구할인)",CONFIRMED
1172,1926,300000,CARD_LEVEL,11,테마파크,RATE_DISCOUNT,50.0,,,,놀이공원 최대 50% 할인,CONFIRMED
1173,1932,200000,CARD_LEVEL,11,테마파크,RATE_DISCOUNT,50.0,,,,놀이공원 최대 50% 할인,CONFIRMED
1174,1944,500000,CARD_LEVEL,22,대형마트,RATE_DISCOUNT,3.0,,,,농협하나로 클럽·마트 3% 청구할인,CONFIRMED
1175,1977,0,CARD_LEVEL,19,편의점,RATE_DISCOUNT,10.0,,,,[쇼핑할인혜택] GS25 10% 할인,CONFIRMED
1176,1977,0,CARD_LEVEL,21,온라인쇼핑,RATE_DISCOUNT,5.0,,,,[쇼핑할인혜택] 온라인쇼핑 5% 할인,CONFIRMED
1177,1977,0,CARD_LEVEL,22,대형마트,RATE_DISCOUNT,5.0,,,,[쇼핑할인혜택] 오프라인쇼핑 5% 할인,CONFIRMED
1178,1977,0,CARD_LEVEL,18,카페,RATE_DISCOUNT,20.0,,,,[쇼핑할인혜택] 스타벅스 20% 할인,CONFIRMED
1179,1987,200000,CARD_LEVEL,22,대형마트,RATE_DISCOUNT,10.0,,,,"롯데마트 온/오프라인 매장에서 5만원 이상 결제시, 10%청구할인",CONFIRMED
1180,1987,200000,CARD_LEVEL,33,무이자할부,INSTALLMENT_FREE,,3,,,롯데마트 및 토이저러스 2~3개월 무이자할부,CONFIRMED
1181,1990,300000,CARD_LEVEL,14,생활,RATE_DISCOUNT,10.0,,,,엉 서비스 - O2O 앱 이용 시 10% 청구할인,CONFIRMED
1182,1990,300000,CARD_LEVEL,24,마트/편의점,RATE_DISCOUNT,10.0,,,,"GS 25, GS 수퍼 10% 청구할인
GS POP 서비스",CONFIRMED
1183,1990,300000,CARD_LEVEL,18,카페,RATE_DISCOUNT,10.0,,,,스타벅스 10% 청구할인,CONFIRMED
1184,1991,0,CARD_LEVEL,23,바우처,FREE_SERVICE,,,,,동반자 1인에 대한 대한항공 이코노미 클래스 또는 비즈니스 클래스 왕복항공권을 무료로 제공,CONFIRMED
1185,1991,0,CARD_LEVEL,23,바우처,FREE_SERVICE,,,,,"서비스 ① CGV CINE de CHEF 동반자 1인 무료 서비스
서비스 ② 인터파크 공연 동반자 1인 무료 서비스",CONFIRMED
1186,1996,300000,CARD_LEVEL,11,테마파크,RATE_DISCOUNT,50.0,,,,전국 주요 놀이공원 할인 50% 할인,CONFIRMED
1187,2007,300000,CARD_LEVEL,8,패밀리레스토랑,RATE_DISCOUNT,10.0,,,,"아웃백, VIPS 10% 청구할인",CONFIRMED
1188,2007,300000,CARD_LEVEL,18,카페,RATE_DISCOUNT,20.0,,,,"스타벅스, 커피빈 20% 청구할인",CONFIRMED
1189,2007,300000,CARD_LEVEL,11,테마파크,RATE_DISCOUNT,50.0,,,,주요 놀이공원 자유이용권 50% 현장할인,CONFIRMED
1190,2016,300000,CARD_LEVEL,18,카페,RATE_DISCOUNT,5.0,,,,커피전문점 5% 청구할인,CONFIRMED
1191,2016,300000,CARD_LEVEL,11,테마파크,RATE_DISCOUNT,50.0,,,,롯데월드 본인 종합이용권 50% 현장할인,CONFIRMED
1192,2016,300000,CARD_LEVEL,10,영화,FIXED_AMOUNT,,1500,,,"롯데시네마 관람료 1,500원 청구할인",CONFIRMED
1193,2019,300000,CARD_LEVEL,11,테마파크,RATE_DISCOUNT,50.0,,,,전국 주요 놀이공원 할인 50% 할인,CONFIRMED
1194,2021,300000,CARD_LEVEL,11,테마파크,RATE_DISCOUNT,50.0,,,,전국 주요 놀이공원 할인 50% 할인,CONFIRMED
1195,2023,0,CARD_LEVEL,11,테마파크,RATE_DISCOUNT,50.0,,,,전국 주요 놀이공원 할인 50% 할인,CONFIRMED
1196,2026,200000,CARD_LEVEL,21,온라인쇼핑,RATE_DISCOUNT,10.0,,,,[On-line 쇼핑] 온라인 쇼핑 10% 청구할인,CONFIRMED
1197,2026,200000,CARD_LEVEL,19,편의점,RATE_DISCOUNT,5.0,,,,[Off-line 쇼핑] 편의점 및 드럭스토어 5% 청구할인,CONFIRMED
1198,2072,300000,CARD_LEVEL,6,기타,RATE_DISCOUNT,15.0,,,,나들가게 15% 할인,CONFIRMED
1199,2072,300000,CARD_LEVEL,5,통신,FIXED_AMOUNT,,2000,,,"이동통신요금 2,000원 할인",CONFIRMED
1200,2072,300000,CARD_LEVEL,6,기타,RATE_DISCOUNT,5.0,,,,교통 5% 할인,CONFIRMED
1201,2076,300000,CARD_LEVEL,6,기타,RATE_DISCOUNT,5.0,,,,"병원, 약국 5% 할인",CONFIRMED
1202,2076,300000,CARD_LEVEL,35,골프,RATE_DISCOUNT,5.0,,,,"골프장, 골프연습장 5% 할인",CONFIRMED
1203,2076,300000,CARD_LEVEL,22,대형마트,RATE_DISCOUNT,5.0,,,,대형마트 5% 할인,CONFIRMED
1204,2076,300000,CARD_LEVEL,25,정비,FIXED_AMOUNT,,5000,,,"자동차정비 5,000원 할인",CONFIRMED
1205,2076,300000,CARD_LEVEL,10,영화,FIXED_AMOUNT,,2000,,,"영화 2,000원 할인",CONFIRMED
1206,2076,300000,CARD_LEVEL,27,교통,RATE_DISCOUNT,5.0,,,,"고속버스, KTX/SRT, 렌터카 5% 할인",CONFIRMED
1207,2079,0,CARD_LEVEL,7,백화점,RATE_DISCOUNT,5.0,,,,백화점 5% 할인,CONFIRMED
1208,2080,300000,CARD_LEVEL,7,백화점,RATE_DISCOUNT,7.0,,,,백화점 7% 할인,CONFIRMED
1209,2080,300000,CARD_LEVEL,21,온라인쇼핑,RATE_DISCOUNT,10.0,,,,온라인쇼핑 10% 할인,CONFIRMED
1210,2082,0,CARD_LEVEL,34,병원,RATE_DISCOUNT,5.0,,,,"병원, 약국 5% 할인",CONFIRMED
1211,2082,0,CARD_LEVEL,21,온라인쇼핑,RATE_DISCOUNT,5.0,,,,인터넷쇼핑 5% 할인,CONFIRMED
1212,2082,0,CARD_LEVEL,7,백화점,RATE_DISCOUNT,5.0,,,,"백화점, 대형마트 5% 할인",CONFIRMED
1213,2083,250000,CARD_LEVEL,3,주유,FIXED_AMOUNT,,60,,,전국 주유 리터당 최대 60원 할인,CONFIRMED
1214,2083,250000,CARD_LEVEL,18,카페,RATE_DISCOUNT,10.0,,,,커피 10% 할인,CONFIRMED
1215,2083,250000,CARD_LEVEL,22,대형마트,RATE_DISCOUNT,5.0,,,,대형마트 5% 할인,CONFIRMED
1216,2083,250000,CARD_LEVEL,19,편의점,RATE_DISCOUNT,5.0,,,,편의점 5% 할인,CONFIRMED
1217,2084,200000,CARD_LEVEL,18,카페,RATE_DISCOUNT,10.0,,,,커피전문점 10% 할인,CONFIRMED
1218,2084,200000,CARD_LEVEL,6,기타,FIXED_AMOUNT,,2000,,,"어학응시료 2,000원 할인",CONFIRMED
1219,2084,200000,CARD_LEVEL,7,백화점,RATE_DISCOUNT,5.0,,,,백화점 5% 할인,CONFIRMED
1220,2084,200000,CARD_LEVEL,21,온라인쇼핑,RATE_DISCOUNT,10.0,,,,인터넷 쇼핑 10% 할인,CONFIRMED
1221,2090,0,CARD_LEVEL,35,골프,FREE_SERVICE,,,,,"홀인원 축하금 300만원 서비스
제휴 골프장 그린피 무료 서비스 및 부킹 대행 서비스",CONFIRMED
1222,2090,0,CARD_LEVEL,15,면세점,RATE_DISCOUNT,10.0,,,,국내 유명 면세점 10% 할인,CONFIRMED
1223,2091,0,CARD_LEVEL,20,항공마일리지,FREE_SERVICE,,,,,"대한항공 / 아시아나 항공 마일리지 적립
항공 좌석 승급(비즈니스→퍼스트 또는 비즈니스 스위트) 또는 동반자 비즈니스석 무료 항공권 (택1)",CONFIRMED
1224,2091,0,CARD_LEVEL,35,골프,FREE_SERVICE,,,,,"KLPGA 하나금융그룹 Championship
홀인원 상금 지원 서비스 / 골프 상해보험 무료 가입 서비스",CONFIRMED
1225,2094,150000,CARD_LEVEL,19,편의점,RATE_DISCOUNT,5.0,,,,편의점 5% 할인,CONFIRMED
1226,2094,150000,CARD_LEVEL,21,온라인쇼핑,RATE_DISCOUNT,10.0,,,,온라인쇼핑 10% 할인,CONFIRMED
1227,2094,150000,CARD_LEVEL,18,카페,RATE_DISCOUNT,10.0,,,,커피 10% 할인,CONFIRMED
1228,2097,0,CARD_LEVEL,35,골프,FREE_SERVICE,,,,,"홀인원 축하금 300만원 서비스
제휴 골프장 그린피 무료 서비스 및 부킹 대행 서비스",CONFIRMED
1229,2097,0,CARD_LEVEL,15,면세점,RATE_DISCOUNT,10.0,,,,국내 유명 면세점 10% 할인,CONFIRMED
1230,2104,0,CARD_LEVEL,2,모든가맹점,RATE_DISCOUNT,1.0,,,,국내외 가맹점 1% L.POINT 적립,CONFIRMED
1231,2132,300000,CARD_LEVEL,9,주유소,FIXED_AMOUNT,,100,,,전국 모든 정유사 대상 리터당 100원 할인,CONFIRMED
1232,2139,0,CARD_LEVEL,19,편의점,RATE_DISCOUNT,10.0,,,,세븐일레븐매장 10%할인,CONFIRMED
1233,2139,0,CARD_LEVEL,9,주유소,FIXED_AMOUNT,,50,,,SK주유소 리터당 SK주유포인트 50원적립,CONFIRMED
1234,2140,0,CARD_LEVEL,1,쇼핑,RATE_DISCOUNT,5.0,,,,쇼핑 5% 할인,CONFIRMED
1235,2140,0,CARD_LEVEL,10,영화,FIXED_AMOUNT,,1500,,,"롯데시네마 관람료 1,500원 청구할인",CONFIRMED
1236,2140,0,CARD_LEVEL,9,주유소,FIXED_AMOUNT,,50,,,SK주유소 리터당 SK주유포인트 50원적립,CONFIRMED
1237,2147,0,CARD_LEVEL,11,테마파크,RATE_DISCOUNT,50.0,,,,놀이공원 최대 50% 현장할인,CONFIRMED
1238,2147,0,CARD_LEVEL,10,영화,FIXED_AMOUNT,,1500,,,"롯데시네마 1,500원 할인",CONFIRMED
1239,2149,0,CARD_LEVEL,21,온라인쇼핑,RATE_DISCOUNT,7.0,,,,이랜드리테일 이용금액 7% 결제일할인,CONFIRMED
1240,2149,0,CARD_LEVEL,22,대형마트,RATE_DISCOUNT,5.0,,,,주요 마트 이용금액 5% 결제일 할인,CONFIRMED
1241,2151,300000,CARD_LEVEL,18,카페,RATE_DISCOUNT,10.0,,,,커피전문점 10% 청구할인,CONFIRMED
1242,2151,300000,CARD_LEVEL,10,영화,FIXED_AMOUNT,,2000,,,"영화관 2,000원 청구 할인",CONFIRMED
1243,2151,300000,CARD_LEVEL,6,기타,FREE_SERVICE,,,,,"전자금융(인터넷뱅킹, 텔레뱅킹) 이용수수료 면제
그린카드 특화서비스 (모든 그린카드 제공되는 공통서비스)",CONFIRMED
1244,2172,200000,CARD_LEVEL,17,대중교통,RATE_DISCOUNT,10.0,,,,대중교통 10% 청구 할인,CONFIRMED
1245,2172,200000,CARD_LEVEL,5,통신,RATE_DISCOUNT,3.0,,,,이동통신요금 3% 청구 할인,CONFIRMED
1246,2172,200000,CARD_LEVEL,19,편의점,RATE_DISCOUNT,7.0,,,,편의점(CU) 최대 7% 청구 할인,CONFIRMED
1247,2172,200000,CARD_LEVEL,12,푸드,RATE_DISCOUNT,20.0,,,,"패밀리레스토랑(VIPS) 20% 청구 할인
커피전문점 20% 청구 할인",CONFIRMED
1248,2175,300000,CARD_LEVEL,9,주유소,FIXED_AMOUNT,,120,,,"SK주유소, 충전소 리터당 최대 120원 청구할인",CONFIRMED
1249,2175,300000,CARD_LEVEL,14,생활,RATE_DISCOUNT,10.0,,,,생활 할인 서비스 5~10% 청구할인,CONFIRMED
1250,2178,0,CARD_LEVEL,13,선택형,RATE_DISCOUNT,1.0,,,,"Triple 적립서비스
- 전월실적, 한도제한없이 선택 타입 업종 최대 1% 적립",CONFIRMED
1251,2179,0,CARD_LEVEL,2,모든가맹점,RATE_DISCOUNT,0.5,,,,전 가맹점 이용액 0.5% 적립/캐시백,CONFIRMED
1252,2179,0,CARD_LEVEL,6,기타,FREE_SERVICE,,,,,당행 ATM 출금 수수료 면제,CONFIRMED
1253,2189,200000,CARD_LEVEL,6,기타,FREE_SERVICE,,,,,"전북은행 ATM 출금수수료 면제 (월5회)
카드디자인",CONFIRMED
1254,2190,0,CARD_LEVEL,14,생활,RATE_DISCOUNT,10.0,,,,"영화(CGV, 메가박스, 롯데시네마) 2천원 청구할인
대중교통(버스/지하철) 및 편의점 10% 청구할인",CONFIRMED
1255,2214,300000,CARD_LEVEL,4,금융,RATE_DISCOUNT,0.1,,,,"CMA 우대금리 0.1% 제공
업무시간 內 롯데ATM 입/출금 수수료 면제 등",CONFIRMED
1256,2215,300000,CARD_LEVEL,18,카페,RATE_DISCOUNT,10.0,,,,커피할인 10%(월10회),CONFIRMED
1257,2215,300000,CARD_LEVEL,19,편의점,RATE_DISCOUNT,10.0,,,,편의점할인 10%(월10회),CONFIRMED
1258,2218,300000,CARD_LEVEL,18,카페,RATE_DISCOUNT,10.0,,,,커피 10% 할인,CONFIRMED
1259,2218,300000,CARD_LEVEL,19,편의점,RATE_DISCOUNT,10.0,,,,편의점 10% 할인,CONFIRMED
1260,2219,300000,CARD_LEVEL,22,대형마트,RATE_DISCOUNT,5.0,,,,대형마트 이용금액의 5% 할인,CONFIRMED
1261,2219,300000,CARD_LEVEL,21,온라인쇼핑,RATE_DISCOUNT,5.0,,,,온라인쇼핑몰 이용금액의 5% 할인,CONFIRMED
1262,2219,300000,CARD_LEVEL,3,주유,FIXED_AMOUNT,,40,,,주유 시 리터당 40원 할인,CONFIRMED
1263,2219,300000,CARD_LEVEL,4,금융,FREE_SERVICE,,,,,출금 및 이체수수료 면제 서비스,CONFIRMED
1264,2220,0,CARD_LEVEL,2,모든가맹점,RATE_DISCOUNT,0.3,,,,모든 가맹점 0.3% 캐쉬백,CONFIRMED
1265,2220,0,CARD_LEVEL,3,주유,FIXED_AMOUNT,,100,,,GS칼텍스 리터당 100원 캐쉬백,CONFIRMED
1266,2220,0,CARD_LEVEL,5,통신,FIXED_AMOUNT,,5000,,,"이동통신요금 5,000원 할인",CONFIRMED
1267,2220,0,CARD_LEVEL,4,금융,FREE_SERVICE,,,,,"수시입출금의 편리함과 주식거래, 고금리를 하나의 계좌로,
결제계좌 이체/출금 수수료 면제",CONFIRMED
1268,2221,0,CARD_LEVEL,2,모든가맹점,RATE_DISCOUNT,0.6,,,,"모든 가맹점 0.6% 캐쉬백
금융상품가입 시 최대 2.5% 추가 캐쉬백",CONFIRMED
1269,2221,0,CARD_LEVEL,4,금융,FREE_SERVICE,,,,,"수시입출금의 편리함과 주식거래, 고금리를 하나의 계좌로,
결제계좌 이체/출금 수수료 면제",CONFIRMED
1270,2224,0,CARD_LEVEL,4,금융,FREE_SERVICE,,,,,"able 금융서비스
언제 어디서나 수수료 면제!",CONFIRMED
1271,2225,0,CARD_LEVEL,4,금융,FREE_SERVICE,,,,,"able 금융서비스
언제 어디서나 수수료 면제!",CONFIRMED
1272,2226,0,CARD_LEVEL,2,모든가맹점,RATE_DISCOUNT,0.5,,,,"기본캐시백: 전월 실적조건 없이 0.5% 캐시백
특별캐시백: 최대 5% 캐시백",CONFIRMED
1273,2228,400000,CARD_LEVEL,18,카페,RATE_DISCOUNT,50.0,,,,"스타벅스 50% 결제일 할인
간편결제 시 스타벅스 60% 결제일 할인",CONFIRMED
1274,2228,400000,CARD_LEVEL,10,영화,RATE_DISCOUNT,50.0,,,,"롯데시네마, CGV 50% 결제일 할인",CONFIRMED
1275,2228,400000,CARD_LEVEL,17,대중교통,RATE_DISCOUNT,10.0,,,,"시내버스, 지하철 10% 결제일 할인",CONFIRMED
1276,2228,400000,CARD_LEVEL,5,통신,RATE_DISCOUNT,10.0,,,,"SKT, KT, LG U+ 10% 결제일 할인",CONFIRMED
1277,2230,750000,CARD_LEVEL,14,생활,RATE_DISCOUNT,5.0,,,,생활업종 5% 결제일 할인,CONFIRMED
1278,2234,400000,CARD_LEVEL,14,생활,RATE_DISCOUNT,2.5,,,,주유·이동통신·아파트 관리비 2.5% 할인,CONFIRMED
1279,2234,400000,CARD_LEVEL,2,모든가맹점,RATE_DISCOUNT,0.5,,,,국내외 가맹점 0.5% 할인,CONFIRMED
1280,2235,300000,CARD_LEVEL,14,생활,RATE_DISCOUNT,10.0,,,,교통·이동통신·스트리밍 10% 할인,CONFIRMED
1281,2238,300000,CARD_LEVEL,11,테마파크,RATE_DISCOUNT,50.0,,,,롯데월드 운영 시설 이용권 본인 및 동반 1인 50% 현장할인,CONFIRMED
1282,2238,300000,CARD_LEVEL,11,테마파크,RATE_DISCOUNT,25.0,,,,롯데월드 운영 시설 연간이용권 25% 현장할인,CONFIRMED
1283,2238,300000,CARD_LEVEL,11,테마파크,RATE_DISCOUNT,10.0,,,,"전월 이용금액 관계없이, 할인한도 없이 롯데월드 직영 기념품샵 10% 현장할인",CONFIRMED
1284,2238,300000,CARD_LEVEL,11,테마파크,RATE_DISCOUNT,20.0,,,,전월 이용금액에 관계없이 롯데월드 운영 시설 기타 서비스 20%·50% 현장할인,CONFIRMED
1285,2238,300000,CARD_LEVEL,14,생활,RATE_DISCOUNT,7.0,,,,"생활 필수 영역 7% 결제일할인
(아파트 관리비, 온라인쇼핑몰, 주유, 배달앱, 신선식품 배송, 온라인서점)",CONFIRMED
1286,2238,300000,CARD_LEVEL,2,모든가맹점,RATE_DISCOUNT,0.5,,,,"전월 이용금액에 관계없이, 할인한도 없이 국내 가맹점 0.5% 결제일할인",CONFIRMED
1287,2238,300000,CARD_LEVEL,26,해외,RATE_DISCOUNT,1.5,,,,전월 이용금액에 관계없이 해외 1.5% 결제일할인,CONFIRMED
1288,2240,300000,CARD_LEVEL,14,생활,RATE_DISCOUNT,10.0,,,,생활영역 이용금액의 10% Weverse Shop 캐시 적립,CONFIRMED
1289,2240,300000,CARD_LEVEL,6,기타,RATE_DISCOUNT,50.0,,,,"HYBE INSIGHT 내 매장 결제 시 50% 할인,
연 1회 Gift 서비스",CONFIRMED
1290,2242,300000,CARD_LEVEL,3,주유,RATE_DISCOUNT,15.0,,,,GS칼텍스 이용금액 최대 15% 할인 및 Mobility 업종 이용금액 5% 할인,CONFIRMED
1291,2243,0,CARD_LEVEL,1,쇼핑,RATE_DISCOUNT,2.0,,,,GS리테일 점내 이용 시 GS&POINT 2% 적립,CONFIRMED
1292,2243,0,CARD_LEVEL,2,모든가맹점,RATE_DISCOUNT,0.3,,,,그 외 모든 가맹점 이용 시 GS&POINT 0.3% 기본 적립,CONFIRMED
1293,2244,200000,CARD_LEVEL,14,생활,RATE_DISCOUNT,5.0,,,,생활영역 이용금액의 5% Weverse Shop 캐시 적립,CONFIRMED
1294,2244,200000,CARD_LEVEL,6,기타,RATE_DISCOUNT,25.0,,,,HYBE INSIGHT 내 매장 결제 시 25% 할인,CONFIRMED
1295,2245,200000,CARD_LEVEL,14,생활,RATE_DISCOUNT,5.0,,,,생활영역 이용금액의 5% Weverse Shop 캐시 적립,CONFIRMED
1296,2245,200000,CARD_LEVEL,6,기타,RATE_DISCOUNT,25.0,,,,HYBE INSIGHT 내 매장 결제 시 25% 할인,CONFIRMED
1297,2246,200000,CARD_LEVEL,14,생활,RATE_DISCOUNT,5.0,,,,생활영역 이용금액의 5% Weverse Shop 캐시 적립,CONFIRMED
1298,2246,200000,CARD_LEVEL,6,기타,RATE_DISCOUNT,25.0,,,,HYBE INSIGHT 내 매장 결제 시 25% 할인,CONFIRMED
1299,2247,200000,CARD_LEVEL,14,생활,RATE_DISCOUNT,5.0,,,,생활영역 이용금액의 5% Weverse Shop 캐시 적립,CONFIRMED
1300,2247,200000,CARD_LEVEL,6,기타,RATE_DISCOUNT,25.0,,,,HYBE INSIGHT 내 매장 결제 시 25% 할인,CONFIRMED
1301,2248,300000,CARD_LEVEL,14,생활,RATE_DISCOUNT,10.0,,,,생활영역 이용금액의 10% Weverse Shop 캐시 적립,CONFIRMED
1302,2248,300000,CARD_LEVEL,6,기타,RATE_DISCOUNT,50.0,,,,"HYBE INSIGHT 내 매장 결제 시 50% 할인,
연 1회 Gift 서비스",CONFIRMED
1303,2249,300000,CARD_LEVEL,14,생활,RATE_DISCOUNT,10.0,,,,생활영역 이용금액의 10% Weverse Shop 캐시 적립,CONFIRMED
1304,2249,300000,CARD_LEVEL,6,기타,RATE_DISCOUNT,50.0,,,,"HYBE INSIGHT 내 매장 결제 시 50% 할인,
연 1회 Gift 서비스",CONFIRMED
1305,2250,300000,CARD_LEVEL,14,생활,RATE_DISCOUNT,10.0,,,,생활영역 이용금액의 10% Weverse Shop 캐시 적립,CONFIRMED
1306,2250,300000,CARD_LEVEL,6,기타,RATE_DISCOUNT,50.0,,,,"HYBE INSIGHT 내 매장 결제 시 50% 할인,
연 1회 Gift 서비스",CONFIRMED
1307,2251,300000,CARD_LEVEL,18,카페,RATE_DISCOUNT,5.0,,,,"스타벅스, 투썸플레이스, 이디야, 폴바셋 이용금액 5% 할인",CONFIRMED
1308,2251,300000,CARD_LEVEL,19,편의점,RATE_DISCOUNT,5.0,,,,"GS25, CU, 세븐일레븐, 이마트24 이용금액 5% 할인",CONFIRMED
1309,2257,0,CARD_LEVEL,5,통신,RATE_DISCOUNT,10.0,,,,이동통신요금 정기결제 시 10% 삼성전자 포인트 적립,CONFIRMED
1310,2257,0,CARD_LEVEL,14,생활,RATE_DISCOUNT,5.0,,,,배달앱·편의점·주유 5% 삼성전자 포인트 적립,CONFIRMED
1311,2259,500000,CARD_LEVEL,28,프리미엄 서비스,FREE_SERVICE,,,,,"전 세계 공항라운지 / 무료 발레파킹 서비스
VISA Signature / MasterCard World 서비스",CONFIRMED
1312,2260,500000,CARD_LEVEL,28,프리미엄 서비스,FREE_SERVICE,,,,,"전 세계 공항라운지 / 무료 발레파킹 서비스
VISA Signature / MasterCard World 서비스",CONFIRMED
1313,2261,0,CARD_LEVEL,21,온라인쇼핑,RATE_DISCOUNT,1.5,,,,온라인 1.5% 결제일 할인,CONFIRMED
1314,2262,400000,CARD_LEVEL,18,카페,RATE_DISCOUNT,60.0,,,,"스타벅스, 투썸플레이스, 할리스커피, 폴바셋 60% 결제일 할인",CONFIRMED
1315,2263,400000,CARD_LEVEL,9,주유소,RATE_DISCOUNT,60.0,,,,"SK에너지, S-OIL, GS칼텍스, 현대오일뱅크 60% 결제일 할인",CONFIRMED
1316,2263,400000,CARD_LEVEL,10,영화,RATE_DISCOUNT,60.0,,,,"롯데시네마, CGV, 메가박스 60% 결제일 할인",CONFIRMED
1317,2264,400000,CARD_LEVEL,21,온라인쇼핑,RATE_DISCOUNT,60.0,,,,"쿠팡, SSG.COM, 티몬 60% 결제일 할인",CONFIRMED
1318,2264,400000,CARD_LEVEL,19,편의점,RATE_DISCOUNT,60.0,,,,"GS25, CU, 세븐일레븐 60% 결제일 할인",CONFIRMED
1319,2270,0,CARD_LEVEL,26,해외,FREE_SERVICE,,,,,"수수료 면제, 추가 캐시백 혜택",CONFIRMED
1320,2277,300000,CARD_LEVEL,14,생활,RATE_DISCOUNT,5.0,,,,생활업종 청구할인 5%,CONFIRMED
1321,2278,400000,CARD_LEVEL,14,생활,RATE_DISCOUNT,5.0,,,,주유·커피전문점·제과점·편의점·생활잡화 5% 결제일할인,CONFIRMED
1322,2278,400000,CARD_LEVEL,14,생활,FIXED_AMOUNT,,10000,,,"생활요금 정기결제 10,000원 이상 결제건별 1,000원 결제일할인",CONFIRMED
1323,2279,400000,CARD_LEVEL,24,마트/편의점,RATE_DISCOUNT,7.0,,,,할인점·슈퍼마켓·편의점 7% 결제일할인,CONFIRMED
1324,2279,400000,CARD_LEVEL,31,카페/디저트,RATE_DISCOUNT,10.0,,,,커피전문점·제과점 10% 결제일할인,CONFIRMED
1325,2279,400000,CARD_LEVEL,26,해외,RATE_DISCOUNT,1.5,,,,전월 이용금액에 관계없이 해외 1.5% 결제일할인,CONFIRMED
1326,2280,0,CARD_LEVEL,28,프리미엄 서비스,FREE_SERVICE,,,,,"메탈 플레이트 기본 제공 (교통카드 기능 탑재)
국내 주요 공항 및 특급호텔 월 5회 무료 발레파킹, Amex THE PLATINUM 서비스",CONFIRMED
1327,2280,0,CARD_LEVEL,18,카페,FREE_SERVICE,,,,,공항 무료 커피서비스,CONFIRMED
1328,2281,0,CARD_LEVEL,28,프리미엄 서비스,FREE_SERVICE,,,,,"메탈 플레이트 기본 제공(교통카드 기능 탑재)
국내 주요 공항 및 특급호텔 월 5회 무료 발레파킹, Amex PLATINUM ELITE 서비스",CONFIRMED
1329,2281,0,CARD_LEVEL,18,카페,FREE_SERVICE,,,,,공항 무료 커피서비스,CONFIRMED
1330,2282,0,CARD_LEVEL,28,프리미엄 서비스,FREE_SERVICE,,,,,"국내 주요 공항 및 국내 특급호텔 월 2회 무료 발레파킹
Amex PLATINUM ELITE 서비스",CONFIRMED
1331,2282,0,CARD_LEVEL,18,카페,FREE_SERVICE,,,,,공항 무료 커피서비스,CONFIRMED
1332,2287,500000,CARD_LEVEL,1,쇼핑,RATE_DISCOUNT,10.0,,,,[MX Black Zone] Shopping Zone 10% 청구 할인,CONFIRMED
1333,2287,500000,CARD_LEVEL,12,푸드,RATE_DISCOUNT,10.0,,,,[MX Black Zone] Food & Drink Zone 10% 청구 할인,CONFIRMED
1334,2287,500000,CARD_LEVEL,6,기타,RATE_DISCOUNT,10.0,,,,[MX Black Zone] Mobility Zone 10% 청구 할인,CONFIRMED
1335,2288,400000,CARD_LEVEL,1,쇼핑,RATE_DISCOUNT,5.0,,,,"신세계백화점, 신세계 아카데미, 시코르닷컴 5% 할인",CONFIRMED
1336,2288,400000,CARD_LEVEL,31,카페/디저트,RATE_DISCOUNT,20.0,,,,커피/제과/택시 20% 할인(1만원 이상 결제 건),CONFIRMED
1337,2288,400000,CARD_LEVEL,11,테마파크,RATE_DISCOUNT,30.0,,,,놀이공원/워터파크 30% 할인,CONFIRMED
1338,2289,300000,CARD_LEVEL,26,해외,RATE_DISCOUNT,1.0,,,,"전월 이용금액에 관계없이, 할인한도 없이 해외 1% 결제일할인",CONFIRMED
1339,2289,300000,CARD_LEVEL,13,선택형,RATE_DISCOUNT,50.0,,,,미래지향적 라이프스타일-친환경 소재(Recycling-PVC)를 50% 이상 사용한 삼성 iD EV 카드,CONFIRMED
1340,2290,500000,CARD_LEVEL,9,주유소,FIXED_AMOUNT,,10000,,,"주유 10,000원 결제일할인",CONFIRMED
1341,2290,500000,CARD_LEVEL,17,대중교통,RATE_DISCOUNT,10.0,,,,대중교통·택시·전기차 충전요금 10% 결제일할인,CONFIRMED
1342,2290,500000,CARD_LEVEL,6,기타,RATE_DISCOUNT,10.0,,,,고속도로 통행료 10% 결제일할인,CONFIRMED
1343,2290,500000,CARD_LEVEL,18,카페,RATE_DISCOUNT,30.0,,,,스타벅스 드라이브 스루 30% 결제일할인,CONFIRMED
1344,2290,500000,CARD_LEVEL,13,선택형,RATE_DISCOUNT,50.0,,,,미래지향적 라이프스타일-친환경 소재(Recycling-PVC)를 50% 이상 사용한 삼성 iD ENERGY 카드,CONFIRMED
1345,2292,0,CARD_LEVEL,2,모든가맹점,RATE_DISCOUNT,0.7,,,,모든 가맹점에서 이용 시 0.7% 할인,CONFIRMED
1346,2293,0,CARD_LEVEL,2,모든가맹점,RATE_DISCOUNT,0.7,,,,모든 가맹점에서 이용 시 0.7% 할인,CONFIRMED
1347,2294,0,CARD_LEVEL,2,모든가맹점,RATE_DISCOUNT,0.7,,,,모든 가맹점에서 이용 시 0.7% 할인,CONFIRMED
1348,2296,300000,CARD_LEVEL,19,편의점,RATE_DISCOUNT,5.0,,,,편의점 5% 청구할인,CONFIRMED
1349,2296,300000,CARD_LEVEL,17,대중교통,RATE_DISCOUNT,5.0,,,,대중교통 5% 청구할인,CONFIRMED
1350,2297,300000,CARD_LEVEL,1,쇼핑,RATE_DISCOUNT,50.0,,,,"패션플랫폼(지그재그, 무신사, 브랜디, 에이블리) 50% 청구할인",CONFIRMED
1351,2297,300000,CARD_LEVEL,19,편의점,RATE_DISCOUNT,5.0,,,,편의점 5% 청구할인,CONFIRMED
1352,2297,300000,CARD_LEVEL,17,대중교통,RATE_DISCOUNT,5.0,,,,대중교통 5% 청구할인,CONFIRMED
1353,2298,300000,CARD_LEVEL,19,편의점,RATE_DISCOUNT,5.0,,,,편의점 5% 청구할인,CONFIRMED
1354,2298,300000,CARD_LEVEL,17,대중교통,RATE_DISCOUNT,5.0,,,,대중교통 5% 청구할인,CONFIRMED
1355,2299,300000,CARD_LEVEL,19,편의점,RATE_DISCOUNT,5.0,,,,편의점 5% 청구할인,CONFIRMED
1356,2299,300000,CARD_LEVEL,17,대중교통,RATE_DISCOUNT,5.0,,,,대중교통 5% 청구할인,CONFIRMED
1357,2300,500000,CARD_LEVEL,2,모든가맹점,RATE_DISCOUNT,0.5,,,,국내외 전 가맹점 0.5% 하나머니 적립,CONFIRMED
1358,2300,500000,CARD_LEVEL,1,쇼핑,RATE_DISCOUNT,5.0,,,,"백화점, 홈쇼핑, 마트 5% 하나머니 적립",CONFIRMED
1359,2300,500000,CARD_LEVEL,1,쇼핑,RATE_DISCOUNT,5.0,,,,"패션, 명품 5% 하나머니 적립",CONFIRMED
1360,2300,500000,CARD_LEVEL,3,주유,RATE_DISCOUNT,5.0,,,,"주유 5% 하나머니 적립
EV충전 20% 하나머니 적립",CONFIRMED
1361,2300,500000,CARD_LEVEL,35,골프,RATE_DISCOUNT,10.0,,,,골프장 / 골프연습장 / 스크린골프 / 카카오골프 10% 하나머니 적립,CONFIRMED
1362,2300,500000,CARD_LEVEL,29,여행/숙박,RATE_DISCOUNT,10.0,,,,"숙박, 고속철도, 항공 10% 하나머니 적립",CONFIRMED
1363,2302,0,CARD_LEVEL,14,생활,RATE_DISCOUNT,5.0,,,,"할인점, 온라인쇼핑 이용 시 5% 적립
생활친화업종 이용 시 10% 적립",CONFIRMED
1364,2304,400000,CARD_LEVEL,4,금융,FREE_SERVICE,,,,,"[적립포인트 투자 서비스]
신한은행 달러 예금 계좌 혜택: 마이신한포인트 외화체인지업 계좌 입금 시 환전수수료 면제(USD 계좌에 한함)",CONFIRMED
1365,2311,200000,CARD_LEVEL,31,카페/디저트,RATE_DISCOUNT,15.0,,,,커피빈 15% 할인,CONFIRMED
1366,2311,200000,CARD_LEVEL,24,마트/편의점,RATE_DISCOUNT,10.0,,,,"GS25, 세븐일레븐 10% 캐시백",CONFIRMED
1367,2311,200000,CARD_LEVEL,6,기타,RATE_DISCOUNT,3.0,,,,단골 매장 3% 캐시백,CONFIRMED
1368,2312,0,CARD_LEVEL,18,카페,RATE_DISCOUNT,15.0,,,,커피빈 15% 할인,CONFIRMED
1369,2312,0,CARD_LEVEL,19,편의점,RATE_DISCOUNT,10.0,,,,"GS25, 세븐일레븐 10% 캐시백",CONFIRMED
1370,2312,0,CARD_LEVEL,6,기타,RATE_DISCOUNT,3.0,,,,단골 매장 3% 캐시백,CONFIRMED
1371,2316,0,CARD_LEVEL,17,대중교통,RATE_DISCOUNT,2.0,,,,대중교통 2% 캐시백,CONFIRMED
1372,2324,300000,CARD_LEVEL,2,모든가맹점,RATE_DISCOUNT,0.5,,,,국내 가맹점 0.5% 결제일할인,CONFIRMED
1373,2324,300000,CARD_LEVEL,14,생활,RATE_DISCOUNT,3.0,,,,주유·전기차 충전요금·이동통신·인터넷/유선통신·렌탈·보안·방역 3% 결제일할인,CONFIRMED
1374,2325,300000,CARD_LEVEL,21,온라인쇼핑,RATE_DISCOUNT,10.0,,,,프레딧 10% 청구 할인,CONFIRMED
1375,2325,300000,CARD_LEVEL,31,카페/디저트,RATE_DISCOUNT,10.0,,,,"스타벅스, 파리바게뜨, 뚜레쥬르 10% 청구 할인",CONFIRMED
1376,2325,300000,CARD_LEVEL,5,통신,RATE_DISCOUNT,5.0,,,,"SKT, KT, LG U+ 통신요금 자동이체 5% 청구 할인",CONFIRMED
1377,2325,300000,CARD_LEVEL,2,모든가맹점,RATE_DISCOUNT,0.5,,,,국내외 전 가맹점 0.5% 청구 할인,CONFIRMED
1378,2326,300000,CARD_LEVEL,14,생활,RATE_DISCOUNT,5.0,,,,"학원, 골프/골프연습장, 약국, 미용실 5% 적립",CONFIRMED
1379,2329,0,CARD_LEVEL,4,금융,RATE_DISCOUNT,0.6,,,,전월 실적 없이 최대 0.6% 무제한 캐시백,CONFIRMED
1380,2330,500000,CARD_LEVEL,17,대중교통,RATE_DISCOUNT,10.0,,,,[생활업종]대중교통 10% 할인,CONFIRMED
1381,2330,500000,CARD_LEVEL,5,통신,RATE_DISCOUNT,10.0,,,,"[생활업종]SKT, KT, LG U+ 10% 할인",CONFIRMED
1382,2330,500000,CARD_LEVEL,33,무이자할부,INSTALLMENT_FREE,,3,,,국내 가맹점 2~3개월 무이자 할부,CONFIRMED
1383,2331,300000,CARD_LEVEL,19,편의점,RATE_DISCOUNT,5.0,,,,편의점 이용금액 마이신한포인트 5% 적립,CONFIRMED
1384,2332,200000,CARD_LEVEL,14,생활,RATE_DISCOUNT,10.0,,,,세탁소 10% 할인,CONFIRMED
1385,2332,200000,CARD_LEVEL,6,기타,RATE_DISCOUNT,10.0,,,,정육점 10% 할인,CONFIRMED
1386,2332,200000,CARD_LEVEL,6,기타,RATE_DISCOUNT,5.0,,,,반찬가게 5% 할인,CONFIRMED
1387,2332,200000,CARD_LEVEL,6,기타,RATE_DISCOUNT,5.0,,,,야채과일가게 5% 할인,CONFIRMED
1388,2332,200000,CARD_LEVEL,6,기타,RATE_DISCOUNT,5.0,,,,번개장터(번개페이) 5% 할인,CONFIRMED
1389,2333,300000,CARD_LEVEL,18,카페,RATE_DISCOUNT,2.0,,,,스타벅스 이용금액 마이신한포인트 2% 적립,CONFIRMED
1390,2333,300000,CARD_LEVEL,19,편의점,RATE_DISCOUNT,2.0,,,,편의점 이용금액 마이신한포인트 2% 적립,CONFIRMED
1391,2334,0,CARD_LEVEL,2,모든가맹점,RATE_DISCOUNT,0.2,,,,전가맹점 이용금액 마이신한포인트 0.2% 적립,CONFIRMED
1392,2334,0,CARD_LEVEL,9,주유소,RATE_DISCOUNT,0.2,,,,주유소 이용금액 마이신한포인트 0.2% 추가 적립,CONFIRMED
1393,2334,0,CARD_LEVEL,19,편의점,RATE_DISCOUNT,0.2,,,,편의점 이용금액 마이신한포인트 0.2% 추가 적립,CONFIRMED
1394,2338,200000,CARD_LEVEL,17,대중교통,RATE_DISCOUNT,5.0,,,,대중교통(버스/지하철) 이용 시 최대 5% 적립,CONFIRMED
1395,2338,200000,CARD_LEVEL,14,생활,RATE_DISCOUNT,2.0,,,,생활편의영역 이용 시 최대 2% 적립,CONFIRMED
1396,2338,200000,CARD_LEVEL,26,해외,RATE_DISCOUNT,1.3,,,,해외 이용금액에 대해 1.3% 적립,CONFIRMED
1397,2340,300000,CARD_LEVEL,21,온라인쇼핑,RATE_DISCOUNT,7.0,,,,"[온라인] 쿠팡, G마켓, 옥션 7% 청구할인",CONFIRMED
1398,2340,300000,CARD_LEVEL,21,온라인쇼핑,RATE_DISCOUNT,7.0,,,,"[온라인] 로켓와우, 스마일클럽 멤버십 7% 청구할인",CONFIRMED
1399,2340,300000,CARD_LEVEL,19,편의점,RATE_DISCOUNT,7.0,,,,[라이프] 편의점 7% 청구할인,CONFIRMED
1400,2342,300000,CARD_LEVEL,18,카페,RATE_DISCOUNT,20.0,,,,투썸플레이스 20% 캐시백,CONFIRMED
1401,2343,200000,CARD_LEVEL,14,생활,RATE_DISCOUNT,2.0,,,,생활편의영역 이용 시 최대 2% 적립,CONFIRMED
1402,2343,200000,CARD_LEVEL,26,해외,RATE_DISCOUNT,1.3,,,,해외 이용금액에 대해 1.3% 적립,CONFIRMED
1403,2349,300000,CARD_LEVEL,13,선택형,RATE_DISCOUNT,30.0,,,,"[맞춤혜택] 옵션 서비스 1(Needs & Identity Option)
온라인패션·오늘의집 30% 할인 / 스타벅스 50%, 교보문고·스트리밍 30% 할인",CONFIRMED
1404,2349,300000,CARD_LEVEL,13,선택형,RATE_DISCOUNT,7.0,,,,"[맞춤혜택] 옵션 서비스 2(My Shopping Otion)
온라인쇼핑몰 / 편의점·다이소·올리브영 / 해외 7% 할인",CONFIRMED
1405,2349,300000,CARD_LEVEL,14,생활,RATE_DISCOUNT,10.0,,,,이동통신요금·아파트 관리비 10% 결제일 할인,CONFIRMED
1406,2349,300000,CARD_LEVEL,27,교통,RATE_DISCOUNT,10.0,,,,대중교통·택시 10% 결제일 할인,CONFIRMED
1407,2352,0,CARD_LEVEL,24,마트/편의점,RATE_DISCOUNT,3.0,,,,GS가맹점 최대 3% GS&POINT 적립,CONFIRMED
1408,2352,0,CARD_LEVEL,2,모든가맹점,RATE_DISCOUNT,0.7,,,,국내 전 가맹점 0.7% GS&POINT 적립,CONFIRMED
1409,2353,0,CARD_LEVEL,2,모든가맹점,RATE_DISCOUNT,1.8,,,,국내 전 가맹점 1~1.8% 포인트적립,CONFIRMED
1410,2353,0,CARD_LEVEL,26,해외,RATE_DISCOUNT,3.0,,,,해외 전 가맹점 3% 포인트적립,CONFIRMED
1411,2353,0,CARD_LEVEL,17,대중교통,FREE_SERVICE,,,,,[The Premium] K리무진 버스 무료 이용,CONFIRMED
1412,2354,400000,CARD_LEVEL,2,모든가맹점,RATE_DISCOUNT,0.5,,,,국내 가맹점 0.5%할인,CONFIRMED
1413,2354,400000,CARD_LEVEL,2,모든가맹점,RATE_DISCOUNT,0.3,,,,국내 가맹점 우리페이 결제시 0.3% 추가할인,CONFIRMED
1414,2354,400000,CARD_LEVEL,22,대형마트,RATE_DISCOUNT,1.5,,,,"[LIVING] 이마트, 롯데마트, 홈플러스 1.5% 할인",CONFIRMED
1415,2354,400000,CARD_LEVEL,27,교통,RATE_DISCOUNT,1.5,,,,"[LIVING] 대중교통, 택시, 전기차, 주유 1.5% 할인",CONFIRMED
1416,2354,400000,CARD_LEVEL,18,카페,RATE_DISCOUNT,5.0,,,,"[ENJOY] 스타벅스, 투썸플레이스, 폴바셋, 이디야, 커피빈, 탐앤탐스, 카페베네, 할리스, 엔제리너스 5% 할인",CONFIRMED
1417,2355,400000,CARD_LEVEL,11,테마파크,RATE_DISCOUNT,10.0,,,,[레고랜드] 레고랜드 리조트 10% 청구할인,CONFIRMED
1418,2355,400000,CARD_LEVEL,12,푸드,RATE_DISCOUNT,10.0,,,,[배달간식] 배달앱/커피/제과/패스트푸드 10% 청구할인,CONFIRMED
1419,2355,400000,CARD_LEVEL,6,기타,RATE_DISCOUNT,5.0,,,,[쇼핑교육] 대형마트/온라인쇼핑/소셜커머스/교육 5% 청구할인,CONFIRMED
1420,2355,400000,CARD_LEVEL,26,해외,RATE_DISCOUNT,5.0,,,,[해외이용] 해외 가맹점 이용 5% 캐시백,CONFIRMED
1421,2356,300000,CARD_LEVEL,11,테마파크,RATE_DISCOUNT,5.0,,,,레고랜드 코리아 5% 환급할인,CONFIRMED
1422,2356,300000,CARD_LEVEL,17,대중교통,RATE_DISCOUNT,10.0,,,,대중교통(버스/지하철) 10% 환급할인,CONFIRMED
1423,2356,300000,CARD_LEVEL,5,통신,FIXED_AMOUNT,,2500,,,"SKT, KT, LGU+, LiivM 2,500원 환급할인",CONFIRMED
1424,2356,300000,CARD_LEVEL,18,카페,RATE_DISCOUNT,20.0,,,,스타벅스 20% 환급할인,CONFIRMED
1425,2356,300000,CARD_LEVEL,19,편의점,RATE_DISCOUNT,5.0,,,,GS25 5% 환급할인,CONFIRMED
1426,2357,400000,CARD_LEVEL,11,테마파크,RATE_DISCOUNT,30.0,,,,레고랜드 리조트 30% 청구할인,CONFIRMED
1427,2357,400000,CARD_LEVEL,6,기타,RATE_DISCOUNT,10.0,,,,레고/완구 구매 10% 청구할인,CONFIRMED
1428,2357,400000,CARD_LEVEL,1,쇼핑,RATE_DISCOUNT,10.0,,,,백화점/대형마트 10% 청구할인,CONFIRMED
1429,2357,400000,CARD_LEVEL,32,해외이용,RATE_DISCOUNT,10.0,,,,해외 가맹점 이용 10% 캐시백,CONFIRMED
1430,2358,500000,CARD_LEVEL,21,온라인쇼핑,RATE_DISCOUNT,50.0,,,,온라인쇼핑몰 멤버십 50% 결제일할인,CONFIRMED
1431,2358,500000,CARD_LEVEL,26,해외,RATE_DISCOUNT,1.5,,,,해외 1.5% 결제일 할인,CONFIRMED
1432,2359,300000,CARD_LEVEL,2,모든가맹점,RATE_DISCOUNT,0.2,,,,일반 가맹점 이용 시 0.2% 블루멤버스 포인트 적립,CONFIRMED
1433,2360,1500000,CARD_LEVEL,11,테마파크,RATE_DISCOUNT,10.0,,,,"[지역 특화 서비스]롯데월드 부산, 스카이라인루지 부산 10% 할인",CONFIRMED
1434,2360,1500000,CARD_LEVEL,1,쇼핑,RATE_DISCOUNT,5.0,,,,[지역 특화 서비스] 오프라인 쇼핑 5% 할인,CONFIRMED
1435,2360,1500000,CARD_LEVEL,21,온라인쇼핑,RATE_DISCOUNT,5.0,,,,[지역 특화 서비스] 온라인 쇼핑 5% 할인,CONFIRMED
1436,2361,0,CARD_LEVEL,2,모든가맹점,RATE_DISCOUNT,0.5,,,,모든 가맹점 0.5% 기본 캐시백,CONFIRMED
1437,2361,0,CARD_LEVEL,2,모든가맹점,RATE_DISCOUNT,1.0,,,,"전월 실적 충족하면, 모든 가맹점 1% 특별캐시백",CONFIRMED
1438,2363,300000,CARD_LEVEL,12,푸드,RATE_DISCOUNT,10.0,,,,식음료 10% 청구할인,CONFIRMED
1439,2363,300000,CARD_LEVEL,14,생활,RATE_DISCOUNT,5.0,,,,자기관리(미용/스포츠) 5% 청구할인,CONFIRMED
1440,2364,400000,CARD_LEVEL,27,교통,RATE_DISCOUNT,10.0,,,,대중교통·택시 10% 결제일할인,CONFIRMED
1441,2364,400000,CARD_LEVEL,5,통신,RATE_DISCOUNT,10.0,,,,이동통신·스트리밍 10% 결제일할인,CONFIRMED
1442,2364,400000,CARD_LEVEL,31,카페/디저트,RATE_DISCOUNT,10.0,,,,커피전문점·편의점 10% 결제일할인,CONFIRMED
1443,2364,400000,CARD_LEVEL,6,기타,RATE_DISCOUNT,1.5,,,,해외·항공·철도 1.5% 결제일 할인,CONFIRMED
1444,2365,400000,CARD_LEVEL,5,통신,FIXED_AMOUNT,,15000,,,"[자동이체 청구할인] 통신요금 자동이체 최대 15,000원 청구할인",CONFIRMED
1445,2365,400000,CARD_LEVEL,6,기타,FIXED_AMOUNT,,15000,,,"[자동이체 청구할인] 기타 자동이체 가맹점 최대 15,000원 청구할인",CONFIRMED
1446,2369,300000,CARD_LEVEL,14,생활,RATE_DISCOUNT,5.0,,,,"일상 가맹점, 업종에서 5% 해피포인트 적립",CONFIRMED
1447,2369,300000,CARD_LEVEL,2,모든가맹점,RATE_DISCOUNT,0.5,,,,국내외 온·오프라인 가맹점에서 최대 0.5% 해피포인트 적립,CONFIRMED
1448,2370,300000,CARD_LEVEL,2,모든가맹점,RATE_DISCOUNT,0.2,,,,국내 가맹점 0.2% 적립,CONFIRMED
1449,2370,300000,CARD_LEVEL,1,쇼핑,RATE_DISCOUNT,1.0,,,,"[DAILY] 해외, 쿠팡, 11번가, 이마트, 롯데마트 1% 적립",CONFIRMED
1450,2370,300000,CARD_LEVEL,27,교통,RATE_DISCOUNT,1.0,,,,"[DAILY] 대중교통, 전기차충전, 주유 1% 적립",CONFIRMED
1451,2370,300000,CARD_LEVEL,6,기타,RATE_DISCOUNT,0.5,,,,[DAILY] UNIQ DAILY 0.5% 한번 더 적립,CONFIRMED
1452,2370,300000,CARD_LEVEL,18,카페,RATE_DISCOUNT,1.0,,,,"[EAT] 스타벅스, 투썸플레이스, 이디야 1% 적립",CONFIRMED
1453,2370,300000,CARD_LEVEL,19,편의점,RATE_DISCOUNT,1.0,,,,"[EAT] CU, 세븐일레븐, GS25 1% 적립",CONFIRMED
1454,2373,200000,CARD_LEVEL,14,생활,RATE_DISCOUNT,2.0,,,,생활편의영역 이용 시 최대 2% 적립,CONFIRMED
1455,2373,200000,CARD_LEVEL,26,해외,RATE_DISCOUNT,1.3,,,,해외 이용금액에 대해 1.3% 적립,CONFIRMED
1456,2374,200000,CARD_LEVEL,17,대중교통,RATE_DISCOUNT,5.0,,,,대중교통(버스/지하철) 이용 시 최대 5% 적립,CONFIRMED
1457,2374,200000,CARD_LEVEL,14,생활,RATE_DISCOUNT,2.0,,,,생활편의영역 이용 시 최대 2% 적립,CONFIRMED
1458,2374,200000,CARD_LEVEL,26,해외,RATE_DISCOUNT,1.3,,,,해외 이용금액에 대해 1.3% 적립,CONFIRMED
1459,2376,0,CARD_LEVEL,2,모든가맹점,RATE_DISCOUNT,0.7,,,,국내외 가맹점 0.7% 할인,CONFIRMED
1460,2376,0,CARD_LEVEL,2,모든가맹점,RATE_DISCOUNT,1.0,,,,국내외 가맹점 1% 할인,CONFIRMED
1461,2376,0,CARD_LEVEL,21,온라인쇼핑,RATE_DISCOUNT,50.0,,,,"온라인쇼핑몰 멤버십 50% 할인
전월 이용금액 30만원 이상 시 제공",CONFIRMED
1462,2376,0,CARD_LEVEL,10,영화,FIXED_AMOUNT,,3000,,,"영화 3,000원 할인
전월 이용금액 30만원 이상 시 제공",CONFIRMED
1463,2378,300000,CARD_LEVEL,13,선택형,RATE_DISCOUNT,10.0,,,,"A팩: 온라인쇼핑, 대형마트, 렌탈/이동통신요금 10% 적립
B팩: 학원/서점 업종, 식품/배달 업체, 슈퍼마켓, 제과/아이스크림업종 10% 적립",CONFIRMED
1464,2379,200000,CARD_LEVEL,14,생활,RATE_DISCOUNT,2.0,,,,생활편의영역 이용 시 최대 2% 적립,CONFIRMED
1465,2379,200000,CARD_LEVEL,26,해외,RATE_DISCOUNT,1.3,,,,해외 이용금액에 대해 1.3% 적립,CONFIRMED
1466,2385,500000,CARD_LEVEL,2,모든가맹점,RATE_DISCOUNT,0.5,,,,국내외 가맹점 L.POINT 0.5% 적립,CONFIRMED
1467,2385,500000,CARD_LEVEL,15,면세점,RATE_DISCOUNT,15.0,,,,롯데면세점 5~15% 현장할인,CONFIRMED
1468,2386,300000,CARD_LEVEL,17,대중교통,RATE_DISCOUNT,30.0,,,,"[교통서비스 할인(모바일티머니)]
대중교통(버스, 지하철) 30% 결제일 할인",CONFIRMED
1469,2386,300000,CARD_LEVEL,27,교통,RATE_DISCOUNT,20.0,,,,"[교통서비스 할인(티머니GO)]
고속/시외 버스, 따릉이, 킥보드, 택시 20% 결제일 할인",CONFIRMED
1470,2386,300000,CARD_LEVEL,7,백화점,RATE_DISCOUNT,5.0,,,,"[생활서비스 할인]
4대 백화점 5% 결제일 할인",CONFIRMED
1471,2386,300000,CARD_LEVEL,19,편의점,RATE_DISCOUNT,5.0,,,,"[생활서비스 할인]
5대 편의점 5% 결제일 할인",CONFIRMED
1472,2386,300000,CARD_LEVEL,5,통신,RATE_DISCOUNT,5.0,,,,"[생활서비스 할인]
이동통신요금 자동이체 5% 결제일 할인",CONFIRMED
1473,2386,300000,CARD_LEVEL,18,카페,RATE_DISCOUNT,5.0,,,,"[생활서비스 할인]
커피전문점 5% 결제일 할인",CONFIRMED
1474,2388,0,CARD_LEVEL,2,모든가맹점,RATE_DISCOUNT,3.0,,,,전월 이용금액에 따라 국내외 가맹점 이용금액 최대 3% 넥슨 현대카드 포인트 적립,CONFIRMED
1475,2389,0,CARD_LEVEL,2,모든가맹점,RATE_DISCOUNT,0.5,,,,제한 없이 기본 0.5% 적립,CONFIRMED
1476,2389,0,CARD_LEVEL,2,모든가맹점,RATE_DISCOUNT,1.5,,,,이용금액 30만원 이상 시 1.5% 추가 적립,CONFIRMED
1477,2390,0,CARD_LEVEL,2,모든가맹점,RATE_DISCOUNT,0.5,,,,월 이용금액 50만원 한도까지 실적 조건 없이 0.5% 넥슨 현대카드 포인트 적립,CONFIRMED
1478,2392,300000,CARD_LEVEL,21,온라인쇼핑,RATE_DISCOUNT,7.0,,,,CJ온스타일 7% 결제일 할인,CONFIRMED
1479,2392,300000,CARD_LEVEL,8,패밀리레스토랑,RATE_DISCOUNT,20.0,,,,VIPS 20% 결제일할인,CONFIRMED
1480,2392,300000,CARD_LEVEL,10,영화,FIXED_AMOUNT,,4000,,,"CGV 4,000원·8,000원 결제일할인",CONFIRMED
1481,2392,300000,CARD_LEVEL,19,편의점,RATE_DISCOUNT,5.0,,,,편의점 5% 결제일할인,CONFIRMED
1482,2392,300000,CARD_LEVEL,5,통신,RATE_DISCOUNT,5.0,,,,이동통신요금 5% 결제일할인,CONFIRMED
1483,2393,300000,CARD_LEVEL,21,온라인쇼핑,RATE_DISCOUNT,7.0,,,,SSG.COM 결제 시 SSG MONEY 7% 적립,CONFIRMED
1484,2393,300000,CARD_LEVEL,2,모든가맹점,RATE_DISCOUNT,0.5,,,,SSG.COM 외 가맹점 결제 시 SSG MONEY 0.5% 적립,CONFIRMED
1485,2394,0,CARD_LEVEL,32,해외이용,FREE_SERVICE,,,,,해외 가맹점 이용수수료 면제,CONFIRMED
1486,2396,0,CARD_LEVEL,26,해외,RATE_DISCOUNT,2.0,,,,"해외, 면세점 2% 포인트 적립",CONFIRMED
1487,2396,0,CARD_LEVEL,27,교통,FREE_SERVICE,,,,,[프리미엄 서비스] K리무진 버스 무료 이용,CONFIRMED
1488,2396,0,CARD_LEVEL,35,골프,FREE_SERVICE,,,,,"[프리미엄 서비스] 국내 지정 골프장 커피(4잔) 무료 제공, 국내 지정 골프연습장 타석권 무료 제공",CONFIRMED
1489,2396,0,CARD_LEVEL,23,바우처,FREE_SERVICE,,,,,[프리미엄 기프트] 공항 라운지 무료이용권 8매,CONFIRMED
1490,2396,0,CARD_LEVEL,23,바우처,VOUCHER,,200000,,,[프리미엄 기프트] 신라면세점 선불카드 20만원권 교환쿠폰,CONFIRMED
1491,2397,0,CARD_LEVEL,27,교통,FREE_SERVICE,,,,,[프리미엄 서비스] K리무진 버스 무료 이용,CONFIRMED
1492,2397,0,CARD_LEVEL,35,골프,FREE_SERVICE,,,,,"[프리미엄 서비스] 국내 지정 골프장 커피(4잔) 무료 제공, 국내 지정 골프연습장 타석권 무료 제공",CONFIRMED
1493,2397,0,CARD_LEVEL,23,바우처,FREE_SERVICE,,,,,[프리미엄 기프트] 공항 라운지 무료이용권 8매,CONFIRMED
1494,2397,0,CARD_LEVEL,23,바우처,VOUCHER,,200000,,,[프리미엄 기프트] 신라면세점 선불카드 20만원권 교환쿠폰,CONFIRMED
1495,2398,500000,CARD_LEVEL,2,모든가맹점,MILEAGE,1.0,,,,국내외 가맹점 스카이패스 1마일리지 적립,CONFIRMED
1496,2398,500000,CARD_LEVEL,1,쇼핑,MILEAGE,1.0,,,,신세계백화점·신세계면세점 스카이패스 1마일리지 추가적립,CONFIRMED
1497,2399,0,CARD_LEVEL,12,푸드,RATE_DISCOUNT,5.0,,,,"[YUMMY!] 편의점(GS25/CU), 커피/음료 전문점 5% 환급할인",CONFIRMED
1498,2399,0,CARD_LEVEL,14,생활,RATE_DISCOUNT,5.0,,,,"[Enjoy!] 올리브영, 다이소 결제 시 5% 환급할인",CONFIRMED
1499,2400,0,CARD_LEVEL,12,푸드,RATE_DISCOUNT,8.0,,,,종일커피/점심식사/저녁간식 페이북머니 8% 적립,CONFIRMED
1500,2400,0,CARD_LEVEL,2,모든가맹점,RATE_DISCOUNT,0.1,,,,국내 가맹점 이용금액 0.1% 기부 기금 적립,CONFIRMED
1501,2401,300000,CARD_LEVEL,17,대중교통,RATE_DISCOUNT,10.0,,,,[친환경 생활] 대중교통 (버스/지하철) 10% 적립,CONFIRMED
1502,2401,300000,CARD_LEVEL,6,기타,RATE_DISCOUNT,10.0,,,,[친환경 생활] 공유 모빌리티 10% 적립,CONFIRMED
1503,2401,300000,CARD_LEVEL,18,카페,RATE_DISCOUNT,10.0,,,,[디지털 생활] 커피 10% 적립,CONFIRMED
1504,2402,0,CARD_LEVEL,2,모든가맹점,RATE_DISCOUNT,1.0,,,,"국내 이용금액의 1%, 국외 이용금액의 2% NH포인트 적립",CONFIRMED
1505,2403,300000,CARD_LEVEL,3,주유,FIXED_AMOUNT,,100,,,[Daily 할인] 주유 리터당 60~100원 청구할인,CONFIRMED
1506,2403,300000,CARD_LEVEL,17,대중교통,RATE_DISCOUNT,10.0,,,,[Daily 할인] 대중교통 10% 청구할인,CONFIRMED
1507,2403,300000,CARD_LEVEL,18,카페,RATE_DISCOUNT,10.0,,,,[Daily 할인] 커피 10% 청구할인,CONFIRMED
1508,2404,300000,CARD_LEVEL,19,편의점,RATE_DISCOUNT,5.0,,,,편의점 5% 청구할인 서비스,CONFIRMED
1509,2406,500000,CARD_LEVEL,20,항공마일리지,MILEAGE,1.0,,1000,WON,국내 이용금액 1천원당 1마일리지 적립,CONFIRMED
1510,2406,500000,CARD_LEVEL,20,항공마일리지,MILEAGE,2.0,,1000,WON,해외 이용금액 1천원당 2마일리지 적립 (지난달 실적 조건 확인),CONFIRMED
1511,2407,400000,CARD_LEVEL,26,해외,RATE_DISCOUNT,1.5,,,,해외 1.5% 할인,CONFIRMED
1512,2407,400000,CARD_LEVEL,31,카페/디저트,FIXED_AMOUNT,,1000,,,"커피전문점/편의점 1,000원 할인",CONFIRMED
1513,2409,200000,CARD_LEVEL,17,대중교통,FIXED_AMOUNT,,300,,,대중교통 건당 300원 할인,CONFIRMED
1514,2409,200000,CARD_LEVEL,18,카페,FIXED_AMOUNT,,300,,,커피 건당 300원 할인,CONFIRMED
1515,2409,200000,CARD_LEVEL,19,편의점,FIXED_AMOUNT,,300,,,편의점 건당 300원 할인,CONFIRMED
1516,2409,200000,CARD_LEVEL,3,주유,FIXED_AMOUNT,,3000,,,"주유/충전 건당 3,000원 할인",CONFIRMED
1517,2409,200000,CARD_LEVEL,1,쇼핑,FIXED_AMOUNT,,3000,,,"쇼핑 건당 3,000원 할인",CONFIRMED
1518,2409,200000,CARD_LEVEL,14,생활,FIXED_AMOUNT,,3000,,,"생활요금 건당 3,000원 할인",CONFIRMED
1519,2409,200000,CARD_LEVEL,33,무이자할부,INSTALLMENT_FREE,,3,,,#MYWAY 2~3개월 무이자 할부 서비스,CONFIRMED
1520,2411,0,CARD_LEVEL,21,온라인쇼핑,RATE_DISCOUNT,1.7,,,,국내 온라인 가맹점 1.7% 청구할인,CONFIRMED
1521,2411,0,CARD_LEVEL,32,해외이용,RATE_DISCOUNT,1.7,,,,해외 가맹점 1.7% 청구할인,CONFIRMED
1522,2414,400000,CARD_LEVEL,14,생활,RATE_DISCOUNT,10.0,,,,생활 필수 영역 이용 금액의 10% M포인트 적립,CONFIRMED
1523,2416,500000,CARD_LEVEL,22,대형마트,RATE_DISCOUNT,30.0,,,,이마트/트레이더스 최대 30% 청구할인,CONFIRMED
1524,2416,500000,CARD_LEVEL,18,카페,RATE_DISCOUNT,10.0,,,,스타벅스 최대 10% 청구할인,CONFIRMED
1525,2416,500000,CARD_LEVEL,14,생활,RATE_DISCOUNT,10.0,,,,생활업종 최대 10% 청구할인,CONFIRMED
1526,2417,0,CARD_LEVEL,19,편의점,RATE_DISCOUNT,1.0,,,,편의점 1% M포인트 적립,CONFIRMED
1527,2417,0,CARD_LEVEL,5,통신,RATE_DISCOUNT,1.0,,,,통신요금 자동이체 1% M포인트 적립,CONFIRMED
1528,2419,0,CARD_LEVEL,17,대중교통,RATE_DISCOUNT,1.0,,,,대중교통 1%·2% 결제일할인,CONFIRMED
1529,2419,0,CARD_LEVEL,14,생활,RATE_DISCOUNT,1.0,,,,편의점·배달앱·델리·커피전문점 1%·8% 결제일 할인,CONFIRMED
1530,2420,500000,CARD_LEVEL,6,기타,RATE_DISCOUNT,1.5,,,,온라인 간편결제/커피전문점/해외 1.5% 결제일할인,CONFIRMED
1531,2421,0,CARD_LEVEL,14,생활,RATE_DISCOUNT,0.3,,,,매일 가는 곳은 혜택 고민 없이 0.3% 캐시백,CONFIRMED
1532,2422,200000,CARD_LEVEL,18,카페,RATE_DISCOUNT,10.0,,,,"[일상] 스타벅스, 커피빈 10% 할인",CONFIRMED
1533,2422,200000,CARD_LEVEL,19,편의점,RATE_DISCOUNT,5.0,,,,"[일상] GS25, CU 5% 할인",CONFIRMED
1534,2422,200000,CARD_LEVEL,5,통신,FIXED_AMOUNT,,2500,,,"[일상] SKT, KT, LG U+, Liiv M 2,500원 할인",CONFIRMED
1535,2422,200000,CARD_LEVEL,10,영화,FIXED_AMOUNT,,4000,,,"[일상] CGV 4,000원 할인",CONFIRMED
1536,2422,200000,CARD_LEVEL,11,테마파크,FIXED_AMOUNT,,15000,,,"[일상] 에버랜드, 롯데월드 15,000원 할인",CONFIRMED
1537,2423,200000,CARD_LEVEL,18,카페,RATE_DISCOUNT,10.0,,,,"[일상] 스타벅스, 커피빈 10% 할인",CONFIRMED
1538,2423,200000,CARD_LEVEL,19,편의점,RATE_DISCOUNT,5.0,,,,"[일상] GS25, CU 5% 할인",CONFIRMED
1539,2423,200000,CARD_LEVEL,5,통신,FIXED_AMOUNT,,2500,,,"[일상] SKT, KT, LG U+, Liiv M 2,500원 할인",CONFIRMED
1540,2423,200000,CARD_LEVEL,11,테마파크,FIXED_AMOUNT,,15000,,,"[일상] 에버랜드, 롯데월드 15,000원 할인",CONFIRMED
1541,2423,200000,CARD_LEVEL,32,해외이용,RATE_DISCOUNT,2.0,,,,[Global] 해외 가맹점 2% 할인,CONFIRMED
1542,2434,500000,CARD_LEVEL,7,백화점,RATE_DISCOUNT,5.0,,,,갤러리아 백화점 5% 현장할인,CONFIRMED
1543,2434,500000,CARD_LEVEL,21,온라인쇼핑,RATE_DISCOUNT,5.0,,,,갤러리아 백화점(Mall) 5% 청구할인,CONFIRMED
1544,2435,400000,CARD_LEVEL,5,통신,RATE_DISCOUNT,5.0,,,,이동통신 5% 캐시백,CONFIRMED
1545,2435,400000,CARD_LEVEL,19,편의점,RATE_DISCOUNT,5.0,,,,편의점 5% 캐시백,CONFIRMED
1546,2435,400000,CARD_LEVEL,31,카페/디저트,RATE_DISCOUNT,5.0,,,,베이커리·커피전문점 5% 캐시백,CONFIRMED
1547,2436,500000,CARD_LEVEL,13,선택형,MILEAGE,1.0,,1000,WON,"항공 마일리지와 M포인트 중 선택 적립
[선택1] 대한항공 마일리지 이용 금액 1천원당 1마일리지 적립",CONFIRMED
1548,2436,500000,CARD_LEVEL,13,선택형,RATE_DISCOUNT,2.0,,,,"항공 마일리지와 M포인트 중 선택 적립
[선택2] M포인트 당월 이용 금액에 따라 1~2% 적립",CONFIRMED
1549,2436,500000,CARD_LEVEL,28,프리미엄 서비스,FREE_SERVICE,,,,,무료 발레파킹 서비스,CONFIRMED
1550,2440,400000,CARD_LEVEL,26,해외,RATE_DISCOUNT,2.0,,,,해외 가맹점 2% 청구할인,CONFIRMED
1551,2440,400000,CARD_LEVEL,14,생활,RATE_DISCOUNT,50.0,,,,"쇼핑 멤버십 50%, OTT 10%, 이동통신요금 5% 청구할인(자동납부 할인)",CONFIRMED
1552,2441,400000,CARD_LEVEL,12,푸드,RATE_DISCOUNT,10.0,,,,"[나한테 진심 서비스] 음식점, 편의점 10% 할인",CONFIRMED
1553,2441,400000,CARD_LEVEL,5,통신,RATE_DISCOUNT,10.0,,,,[나한테 진심 서비스] 이동통신요금 10% 할인,CONFIRMED
1554,2441,400000,CARD_LEVEL,13,선택형,RATE_DISCOUNT,5.0,,,,[더욱 진심 서비스] 먹는데 진심-배달/커피 5% 할인,CONFIRMED
1555,2441,400000,CARD_LEVEL,13,선택형,RATE_DISCOUNT,5.0,,,,"[더욱 진심 서비스] 노는데 진심-택시/커피 5%, 영화관 30% 할인",CONFIRMED
1556,2441,400000,CARD_LEVEL,13,선택형,RATE_DISCOUNT,5.0,,,,"[더욱 진심 서비스] 관리에 진심-미용실, 스포츠, 온라인서점, 올리브영 5% 할인",CONFIRMED
1557,2442,400000,CARD_LEVEL,13,선택형,RATE_DISCOUNT,5.0,,,,[1st 선택] 마트중심/백화점중심/동네중심 5% 할인 (택 1),CONFIRMED
1558,2442,400000,CARD_LEVEL,13,선택형,RATE_DISCOUNT,10.0,,,,[2nd 선택] 둘이중심/자녀중심/돌봄중심 10% 할인 (택 1),CONFIRMED
1559,2442,400000,CARD_LEVEL,6,기타,RATE_DISCOUNT,10.0,,,,"[YOU With 기본 서비스]
이동통신자동납부 10% 할인 / Happy Family Month / 전월실적 채워드림",CONFIRMED
1560,2444,0,CARD_LEVEL,22,대형마트,FIXED_AMOUNT,,30000,,,"롯데마트, MAXX 월 최대 30,000원 결제일 할인",CONFIRMED
1561,2444,0,CARD_LEVEL,14,생활,FIXED_AMOUNT,,25000,,,"5대 생활업종 월 최대 25,000원 결제일 할인",CONFIRMED
1562,2445,400000,CARD_LEVEL,19,편의점,RATE_DISCOUNT,10.0,,,,편의점 10% 할인,CONFIRMED
1563,2445,400000,CARD_LEVEL,27,교통,RATE_DISCOUNT,10.0,,,,택시 10% 할인,CONFIRMED
1564,2445,400000,CARD_LEVEL,17,대중교통,RATE_DISCOUNT,10.0,,,,대중교통 10% 할인,CONFIRMED
1565,2445,400000,CARD_LEVEL,12,푸드,RATE_DISCOUNT,10.0,,,,하나페이 맛집 10% 할인,CONFIRMED
1566,2445,400000,CARD_LEVEL,21,온라인쇼핑,RATE_DISCOUNT,10.0,,,,온라인식품&쇼핑 10% 할인,CONFIRMED
1567,2446,0,CARD_LEVEL,14,생활,RATE_DISCOUNT,2.0,,,,"쿠팡/마트/베이커리 2% 할인
대중교통 3% 할인",CONFIRMED
1568,2447,400000,CARD_LEVEL,3,주유,RATE_DISCOUNT,10.0,,,,주유/LPG충전 10% 할인,CONFIRMED
1569,2447,400000,CARD_LEVEL,18,카페,RATE_DISCOUNT,10.0,,,,커피 10% 할인,CONFIRMED
1570,2447,400000,CARD_LEVEL,14,생활,RATE_DISCOUNT,10.0,,,,세탁 10% 할인,CONFIRMED
1571,2448,400000,CARD_LEVEL,22,대형마트,RATE_DISCOUNT,5.0,,,,마트 5% 할인,CONFIRMED
1572,2448,400000,CARD_LEVEL,3,주유,RATE_DISCOUNT,5.0,,,,주유/LPG충전 5% 할인,CONFIRMED
1573,2448,400000,CARD_LEVEL,18,카페,RATE_DISCOUNT,5.0,,,,커피 5% 할인,CONFIRMED
1574,2448,400000,CARD_LEVEL,6,기타,RATE_DISCOUNT,5.0,,,,뷰티&펫 5% 할인,CONFIRMED
1575,2449,400000,CARD_LEVEL,3,주유,RATE_DISCOUNT,10.0,,,,SK주유&쇼핑 10% 하나머니 적립,CONFIRMED
1576,2449,400000,CARD_LEVEL,22,대형마트,RATE_DISCOUNT,10.0,,,,마트 10% 하나머니 적립,CONFIRMED
1577,2449,400000,CARD_LEVEL,17,대중교통,RATE_DISCOUNT,10.0,,,,대중교통 10% 하나머니 적립,CONFIRMED
1578,2452,0,CARD_LEVEL,2,모든가맹점,RATE_DISCOUNT,0.5,,,,국내외 전 가맹점 기본 0.5% 할인,CONFIRMED
1579,2455,400000,CARD_LEVEL,6,기타,RATE_DISCOUNT,50.0,,,,카카오톡 선물하기 50% 할인,CONFIRMED
1580,2459,500000,CARD_LEVEL,10,영화,FIXED_AMOUNT,,5000,,,"영화 5,000원 할인",CONFIRMED
1581,2460,500000,CARD_LEVEL,18,카페,FIXED_AMOUNT,,3000,,,"[DAILY LIFESTYLE] 스타벅스 3,000원 할인",CONFIRMED
1582,2461,500000,CARD_LEVEL,14,생활,FIXED_AMOUNT,,50000,,,"[PREMIUM LIFESTYLE] 라이프스타일 50,000원 할인",CONFIRMED
1583,2463,400000,CARD_LEVEL,17,대중교통,RATE_DISCOUNT,50.0,,,,대중교통 50% 할인,CONFIRMED
1584,2463,400000,CARD_LEVEL,18,카페,RATE_DISCOUNT,50.0,,,,커피 50% 할인,CONFIRMED
1585,2463,400000,CARD_LEVEL,21,온라인쇼핑,RATE_DISCOUNT,50.0,,,,온라인쇼핑 50% 할인,CONFIRMED
1586,2463,400000,CARD_LEVEL,27,교통,FREE_SERVICE,,,,,"LOCA Mobility 반띵 카드 발급 시, '로카모빌리티카드' 1매 무료 제공",CONFIRMED
1587,2466,300000,CARD_LEVEL,27,교통,RATE_DISCOUNT,5.0,,,,교통 5% 청구할인,CONFIRMED
1588,2469,0,CARD_LEVEL,17,대중교통,RATE_DISCOUNT,50.0,,,,"[라이프 캐시백]
대중교통(버스, 지하철) 50% 캐시백",CONFIRMED
1589,2469,0,CARD_LEVEL,18,카페,RATE_DISCOUNT,50.0,,,,"[라이프 캐시백]
커피(스타벅스 사이렌 오더) 50% 캐시백",CONFIRMED
1590,2470,0,CARD_LEVEL,22,대형마트,RATE_DISCOUNT,5.0,,,,트레이더스 홀세일 클럽 1/3/5% TR CASH 적립,CONFIRMED
1591,2470,0,CARD_LEVEL,14,생활,RATE_DISCOUNT,2.0,,,,생활 편의 영역 1/2% TR CASH 적립,CONFIRMED
1592,2471,200000,CARD_LEVEL,17,대중교통,RATE_DISCOUNT,5.0,,,,대중교통(버스/지하철) 이용 시 최대 5% 적립,CONFIRMED
1593,2471,200000,CARD_LEVEL,14,생활,RATE_DISCOUNT,2.0,,,,생활편의영역 이용 시 최대 2% 적립,CONFIRMED
1594,2471,200000,CARD_LEVEL,26,해외,RATE_DISCOUNT,1.3,,,,해외 이용금액에 대해 1.3% 적립,CONFIRMED
1595,2473,500000,CARD_LEVEL,3,주유,RATE_DISCOUNT,5.0,,,,모든 주유소(LPG 포함) 5% 및 전기차 충전 50% 결제일 할인,CONFIRMED
1596,2475,0,CARD_LEVEL,6,기타,MILEAGE,400.0,,20000,WON,"G마켓/옥션 결제시 2만원당 400마일리지 적립, G마켓 SVIP+옥션 VIP 서비스
CU편의점 결제시 CU 포인트 2% 적립 ＋OK캐쉬백 1% 동시적립",CONFIRMED
1597,2475,0,CARD_LEVEL,4,금융,FREE_SERVICE,,,,,KEB하나은행 자동화기기(CD/ATM) 수수료 월 10회 면제,CONFIRMED
1598,2479,500000,CARD_LEVEL,1,쇼핑,RATE_DISCOUNT,10.0,,,,쇼핑 10% 할인,CONFIRMED
1599,2479,500000,CARD_LEVEL,14,생활,RATE_DISCOUNT,10.0,,,,생활 10% 할인,CONFIRMED
1600,2481,300000,CARD_LEVEL,1,쇼핑,RATE_DISCOUNT,7.0,,,,생활쇼핑 가맹점 7% 결제일 할인,CONFIRMED
1601,2481,300000,CARD_LEVEL,31,카페/디저트,RATE_DISCOUNT,10.0,,,,커피전문점/제과점 10% 결제일 할인,CONFIRMED
1602,2481,300000,CARD_LEVEL,1,쇼핑,RATE_DISCOUNT,10.0,,,,"주말 복합쇼핑몰 10% 결제일 할인
주말 3대 할인점 10% 결제일 할인",CONFIRMED
1603,2483,500000,CARD_LEVEL,14,생활,RATE_DISCOUNT,1.0,,,,"6대 생활영역 이용금액 1% 기본캐시백
음식점, 온라인쇼핑, 대형마트·편의점, 통신비, 병원비, 교통",CONFIRMED
1604,2484,500000,CARD_LEVEL,9,주유소,RATE_DISCOUNT,1.0,,,,SK 주유소 1% 청구할인,CONFIRMED
1605,2486,0,CARD_LEVEL,1,쇼핑,RATE_DISCOUNT,5.0,,,,LFmall (lfmall.co.kr) 이용 시 5% 청구할인,CONFIRMED
1606,2486,0,CARD_LEVEL,2,모든가맹점,RATE_DISCOUNT,0.5,,,,국내외 가맹점 이용 시 0.5% 포인트리 적립,CONFIRMED
1607,2487,300000,CARD_LEVEL,10,영화,FREE_SERVICE,,,,,"CGV 영화관람권 1매 무료 예매, CGV 영화관람권 5천원 할인
CGV 매점 콤보 할인",CONFIRMED
1608,2488,500000,CARD_LEVEL,6,기타,RATE_DISCOUNT,10.0,,,,베베쿡 10% 할인,CONFIRMED
1609,2488,500000,CARD_LEVEL,1,쇼핑,RATE_DISCOUNT,5.0,,,,"일상생활 쇼핑 할 때에도 5% 결제일 할인
할인점/백화점/창고형 할인매장/신선식품 배송",CONFIRMED
1610,2488,500000,CARD_LEVEL,1,쇼핑,RATE_DISCOUNT,5.0,,,,"주요 커피점, 잡화, 온라인서점 쇼핑할 때에도 5% 결제일 할인",CONFIRMED
1611,2489,0,CARD_LEVEL,2,모든가맹점,RATE_DISCOUNT,1.0,,,,전 가맹점 1% 할인,CONFIRMED
1612,2489,0,CARD_LEVEL,14,생활,RATE_DISCOUNT,0.5,,,,생활 편의 업종 0.5% 추가 할인,CONFIRMED
1613,2489,0,CARD_LEVEL,1,쇼핑,RATE_DISCOUNT,5.0,,,,페이북 쇼핑 5% 할인,CONFIRMED
1614,2489,0,CARD_LEVEL,29,여행/숙박,FREE_SERVICE,,,,,비씨투어 멤버스 서비스 무료 가입,CONFIRMED
1615,2491,0,CARD_LEVEL,2,모든가맹점,RATE_DISCOUNT,0.9,,,,[Daily 결제일 할인] 국내 이용금액 최대 0.9% / 해외 이용금액 0.5% 결제일 할인,CONFIRMED
1616,2495,500000,CARD_LEVEL,7,백화점,RATE_DISCOUNT,7.0,,,,"신세계백화점 최대 7% 할인, 마이신한포인트 1% 적립",CONFIRMED
1617,2495,500000,CARD_LEVEL,1,쇼핑,RATE_DISCOUNT,5.0,,,,신세계 계열사 5% 할인,CONFIRMED
1618,2495,500000,CARD_LEVEL,14,생활,RATE_DISCOUNT,5.0,,,,커피·배달앱·온라인서점·잡화 5% 할인,CONFIRMED
1619,2496,400000,CARD_LEVEL,1,쇼핑,RATE_DISCOUNT,7.0,,,,신세계 계열사 7% 할인,CONFIRMED
1620,2496,400000,CARD_LEVEL,9,주유소,FIXED_AMOUNT,,40,,,"GS칼텍스, S-OIL 리터 당 40원 할인",CONFIRMED
1621,2497,500000,CARD_LEVEL,6,기타,FIXED_AMOUNT,,11000,,,"할부 이용 시 월 11,000원 캐시백",CONFIRMED
1622,2515,500000,CARD_LEVEL,23,바우처,VOUCHER,,100000,,,투자/쇼핑/호텔/골프 바우처 중 택1 10만원 상당 바우처 제공 (연 1회),CONFIRMED
1623,2516,500000,CARD_LEVEL,23,바우처,VOUCHER,,300000,,,"투자/쇼핑/호텔/골프 바우처 중 택3, 30만원 상당 바우처 제공 (연 1회)",CONFIRMED
1624,2517,0,CARD_LEVEL,21,온라인쇼핑,RATE_DISCOUNT,5.0,,,,온라인쇼핑몰 5% 네이버페이 포인트 적립,CONFIRMED
1625,2517,0,CARD_LEVEL,32,해외이용,RATE_DISCOUNT,1.0,,,,해외 1% 네이버페이 포인트 적립,CONFIRMED
1626,2519,0,CARD_LEVEL,21,온라인쇼핑,RATE_DISCOUNT,30.0,,,,패션 30% 캐시백,CONFIRMED
1627,2523,300000,CARD_LEVEL,8,패밀리레스토랑,RATE_DISCOUNT,10.0,,,,패밀리레스토랑 10% 청구할인,CONFIRMED
1628,2523,300000,CARD_LEVEL,18,카페,RATE_DISCOUNT,20.0,,,,커피 20% 청구할인,CONFIRMED
1629,2523,300000,CARD_LEVEL,11,테마파크,RATE_DISCOUNT,50.0,,,,주요 놀이공원 자유이용권 50% 현장할인,CONFIRMED
1630,2525,0,CARD_LEVEL,9,주유소,FIXED_AMOUNT,,100,,,[Daily 할인] 주유 리터당 60~100원 청구할인,CONFIRMED
1631,2525,0,CARD_LEVEL,17,대중교통,RATE_DISCOUNT,10.0,,,,[Daily 할인] 대중교통 10% 청구할인,CONFIRMED
1632,2525,0,CARD_LEVEL,18,카페,RATE_DISCOUNT,10.0,,,,[Daily 할인] 커피 10% 청구할인,CONFIRMED
1633,2526,0,CARD_LEVEL,1,쇼핑,RATE_DISCOUNT,10.0,,,,LG트윈스 용품 구매 시 10% 현장 할인,CONFIRMED
1634,2526,0,CARD_LEVEL,10,영화,FIXED_AMOUNT,,3000,,,"전국 CGV 영화관 3,000원(2매 기준) 현장할인",CONFIRMED
1635,2526,0,CARD_LEVEL,11,테마파크,RATE_DISCOUNT,50.0,,,,"롯데월드, 서울랜드, 에버랜드 자유이용권 50% 및 캐리비안베이 입장권 30% 할인",CONFIRMED
1636,2527,0,CARD_LEVEL,19,편의점,RATE_DISCOUNT,10.0,,,,4대 편의점 이용 시 10% 적립,CONFIRMED
1637,2527,0,CARD_LEVEL,18,카페,RATE_DISCOUNT,10.0,,,,커피 업종 이용 시 10% 적립,CONFIRMED
1638,2527,0,CARD_LEVEL,32,해외이용,RATE_DISCOUNT,1.0,,,,해외 이용금액 1% 적립,CONFIRMED
1639,2528,0,CARD_LEVEL,19,편의점,RATE_DISCOUNT,10.0,,,,4대 편의점 이용 시 10% 적립,CONFIRMED
1640,2528,0,CARD_LEVEL,18,카페,RATE_DISCOUNT,10.0,,,,커피 업종 이용 시 10% 적립,CONFIRMED
1641,2528,0,CARD_LEVEL,32,해외이용,RATE_DISCOUNT,1.0,,,,해외 이용금액 1% 적립,CONFIRMED
1642,2528,0,CARD_LEVEL,14,생활,RATE_DISCOUNT,10.0,,,,놀이 영역 이용 시 10% 적립,CONFIRMED
1643,2529,0,CARD_LEVEL,32,해외이용,RATE_DISCOUNT,3.0,,,,해외 가맹점 3% 하나머니 적립 (신용카드 결제 시),CONFIRMED
1644,2529,0,CARD_LEVEL,15,면세점,RATE_DISCOUNT,3.0,,,,면세점 3% 하나머니 적립,CONFIRMED
1645,2530,300000,CARD_LEVEL,18,카페,RATE_DISCOUNT,5.0,,,,커피음료전문점 업종 5% 환급할인 (평일만),CONFIRMED
1646,2530,300000,CARD_LEVEL,17,대중교통,RATE_DISCOUNT,5.0,,,,"대중교통(버스, 지하철) 5% 청구할인",CONFIRMED
1647,2533,400000,CARD_LEVEL,33,무이자할부,INSTALLMENT_FREE,,3,,,2~3개월 무이자 할부 서비스,CONFIRMED
1648,2534,500000,CARD_LEVEL,22,대형마트,RATE_DISCOUNT,10.0,,,,할인점 10% 결제일 할인,CONFIRMED
1649,2534,500000,CARD_LEVEL,32,해외이용,RATE_DISCOUNT,1.0,,,,"전월 이용금액에 관계없이, 할인한도 없이 해외 1% 결제일할인",CONFIRMED
1650,2537,0,CARD_LEVEL,22,대형마트,FIXED_AMOUNT,,30000,,,"롯데마트, MAXX 월 최대 30,000원 결제일 할인",CONFIRMED
1651,2539,300000,CARD_LEVEL,9,주유소,RATE_DISCOUNT,10.0,,,,S-OIL 주유 10% 결제일할인,CONFIRMED
1652,2539,300000,CARD_LEVEL,18,카페,RATE_DISCOUNT,30.0,,,,스타벅스 드라이브스루 30% 결제일할인,CONFIRMED
1653,2539,300000,CARD_LEVEL,6,기타,RATE_DISCOUNT,10.0,,,,주차장/대리운전 10% 결제일 할인,CONFIRMED
1654,2543,500000,CARD_LEVEL,7,백화점,RATE_DISCOUNT,1.0,,,,신세계백화점 1% 할인,CONFIRMED
1655,2543,500000,CARD_LEVEL,10,영화,FIXED_AMOUNT,,10000,,,"모든 영화관 10,000원 결제일할인",CONFIRMED
1656,2543,500000,CARD_LEVEL,18,카페,RATE_DISCOUNT,20.0,,,,커피전문점 20% 결제일할인,CONFIRMED
1657,2543,500000,CARD_LEVEL,8,패밀리레스토랑,FIXED_AMOUNT,,20000,,,"VIPS•더플레이스 20,000원 결제일할인",CONFIRMED
1658,2546,0,CARD_LEVEL,19,편의점,RATE_DISCOUNT,10.0,,,,4대 편의점 10% 적립,CONFIRMED
1659,2546,0,CARD_LEVEL,18,카페,RATE_DISCOUNT,10.0,,,,커피 업종 10% 적립,CONFIRMED
1660,2546,0,CARD_LEVEL,14,생활,RATE_DISCOUNT,10.0,,,,놀이 영역 이용 시 10% 적립,CONFIRMED
1661,2547,0,CARD_LEVEL,19,편의점,RATE_DISCOUNT,10.0,,,,4대 편의점 이용 시 10% 적립,CONFIRMED
1662,2547,0,CARD_LEVEL,18,카페,RATE_DISCOUNT,10.0,,,,커피 업종 이용 시 10% 적립,CONFIRMED
1663,2550,200000,CARD_LEVEL,18,카페,RATE_DISCOUNT,10.0,,,,"[일상] 스타벅스, 커피빈 10% 할인",CONFIRMED
1664,2550,200000,CARD_LEVEL,19,편의점,RATE_DISCOUNT,5.0,,,,"[일상] GS25, CU 5% 할인",CONFIRMED
1665,2550,200000,CARD_LEVEL,5,통신,FIXED_AMOUNT,,2500,,,"[일상] SKT, KT, LG U+, Liiv M 2,500원 할인",CONFIRMED
1666,2550,200000,CARD_LEVEL,10,영화,FIXED_AMOUNT,,4000,,,"[일상] CGV 4,000원 할인",CONFIRMED
1667,2550,200000,CARD_LEVEL,11,테마파크,FIXED_AMOUNT,,15000,,,"[일상] 에버랜드, 롯데월드 15,000원 할인",CONFIRMED
1668,2558,400000,CARD_LEVEL,27,교통,RATE_DISCOUNT,10.0,,,,대중교통 10% 결제일 할인,CONFIRMED
1669,2558,400000,CARD_LEVEL,18,카페,RATE_DISCOUNT,20.0,,,,커피전문점 20% 결제일 할인,CONFIRMED
1670,2558,400000,CARD_LEVEL,21,온라인쇼핑,RATE_DISCOUNT,3.0,,,,온라인쇼핑 3% 결제일 할인,CONFIRMED
1671,2563,300000,CARD_LEVEL,17,대중교통,RATE_DISCOUNT,10.0,,,,대중교통 10% 캐시백,CONFIRMED
1672,2563,300000,CARD_LEVEL,5,통신,RATE_DISCOUNT,10.0,,,,이동통신 10% 캐시백,CONFIRMED
1673,2563,300000,CARD_LEVEL,19,편의점,FIXED_AMOUNT,,1000,,,"편의점/커피전문점/제과 1,000원 캐시벡",CONFIRMED
1674,2563,300000,CARD_LEVEL,10,영화,FIXED_AMOUNT,,3000,,,"CGV 3,000원 할인",CONFIRMED
1675,2565,400000,CARD_LEVEL,21,온라인쇼핑,RATE_DISCOUNT,10.0,,,,온라인쇼핑 10% 할인,CONFIRMED
1676,2565,400000,CARD_LEVEL,18,카페,RATE_DISCOUNT,10.0,,,,커피 10% 할인,CONFIRMED
1677,2565,400000,CARD_LEVEL,22,대형마트,RATE_DISCOUNT,5.0,,,,대형마트 5% 할인,CONFIRMED
1678,2565,400000,CARD_LEVEL,19,편의점,RATE_DISCOUNT,5.0,,,,편의점 5% 할인,CONFIRMED
1679,2566,300000,CARD_LEVEL,2,모든가맹점,RATE_DISCOUNT,1.2,,,,국내 가맹점 1.2% 결제일 할인,CONFIRMED
1680,2566,300000,CARD_LEVEL,26,해외,RATE_DISCOUNT,2.0,,,,해외 가맹점 2.0% 결제일 할인,CONFIRMED
1681,2567,0,CARD_LEVEL,19,편의점,RATE_DISCOUNT,1.0,,,,GS25 1%/5%/10% 결제일 할인,CONFIRMED
1682,2567,0,CARD_LEVEL,18,카페,RATE_DISCOUNT,10.0,,,,커피전문점/배달앱 10% 결제일할인,CONFIRMED
1683,2567,0,CARD_LEVEL,26,해외,RATE_DISCOUNT,1.0,,,,해외 1% 결제일 할인,CONFIRMED
1684,2568,0,CARD_LEVEL,17,대중교통,RATE_DISCOUNT,10.0,,,,버스·지하철 10% 청구할인,CONFIRMED
1685,2568,0,CARD_LEVEL,5,통신,RATE_DISCOUNT,5.0,,,,이동통신요금 5% 환급할인,CONFIRMED
1686,2568,0,CARD_LEVEL,10,영화,RATE_DISCOUNT,35.0,,,,CGV 35% 환급할인,CONFIRMED
1687,2568,0,CARD_LEVEL,8,패밀리레스토랑,RATE_DISCOUNT,20.0,,,,"아웃백, VIPS 20% 환급할인",CONFIRMED
1688,2568,0,CARD_LEVEL,18,카페,RATE_DISCOUNT,20.0,,,,스타벅스 20% 환급할인,CONFIRMED
1689,2568,0,CARD_LEVEL,11,테마파크,RATE_DISCOUNT,50.0,,,,에버랜드·롯데월드 50% 환급할인,CONFIRMED
1690,2568,0,CARD_LEVEL,4,금융,FREE_SERVICE,,,,,금융수수료 면제 서비스,CONFIRMED
1691,2568,0,CARD_LEVEL,19,편의점,RATE_DISCOUNT,5.0,,,,GS25 5% 환급할인,CONFIRMED
1692,2570,200000,CARD_LEVEL,21,온라인쇼핑,RATE_DISCOUNT,5.0,,,,[오늘 하루 SHOPPING] 온라인 쇼핑 5% 캐시백,CONFIRMED
1693,2570,200000,CARD_LEVEL,14,생활,RATE_DISCOUNT,5.0,,,,[오늘 하루 SHOPPING] 안경/렌즈 5% 캐시백,CONFIRMED
1694,2570,200000,CARD_LEVEL,18,카페,RATE_DISCOUNT,5.0,,,,[오늘 하루 EAT] 커피 5% 캐시백,CONFIRMED
1695,2570,200000,CARD_LEVEL,17,대중교통,RATE_DISCOUNT,5.0,,,,[오늘 하루 LIFE] 대중교통(버스/지하철) 5% 캐시백,CONFIRMED
1696,2570,200000,CARD_LEVEL,5,통신,RATE_DISCOUNT,5.0,,,,[오늘 하루 LIFE] 이동통신 5% 캐시백,CONFIRMED
1697,2570,200000,CARD_LEVEL,26,해외,RATE_DISCOUNT,5.0,,,,[오늘 하루 LIFE] 해외 5% 캐시백,CONFIRMED
1698,2570,200000,CARD_LEVEL,14,생활,RATE_DISCOUNT,5.0,,,,[오늘 하루 LIFE] 어학시험 5% 캐시백,CONFIRMED
1699,2571,300000,CARD_LEVEL,14,생활,FIXED_AMOUNT,,3000,,,"생활요금 정기결제 월 최대 3,000원 할인",CONFIRMED
1700,2583,400000,CARD_LEVEL,18,카페,RATE_DISCOUNT,5.0,,,,커피전문점 5% 청구할인,CONFIRMED
1701,2583,400000,CARD_LEVEL,19,편의점,RATE_DISCOUNT,5.0,,,,편의점 5% 청구할인,CONFIRMED
1702,2585,200000,CARD_LEVEL,17,대중교통,RATE_DISCOUNT,5.0,,,,대중교통(버스/지하철) 이용 시 최대 5% 적립,CONFIRMED
1703,2585,200000,CARD_LEVEL,14,생활,RATE_DISCOUNT,2.0,,,,생활편의영역(통신·편의점·생활잡화·디지털컨텐츠·커피) 이용시 2% 적립,CONFIRMED
1704,2585,200000,CARD_LEVEL,32,해외이용,RATE_DISCOUNT,1.3,,,,해외 이용금액에 대해 1.3% 적립,CONFIRMED
1705,2588,0,CARD_LEVEL,18,카페,RATE_DISCOUNT,10.0,,,,"스타벅스, 커피빈 10% 할인",CONFIRMED
1706,2588,0,CARD_LEVEL,19,편의점,RATE_DISCOUNT,5.0,,,,"GS25, CU 5% 할인",CONFIRMED
1707,2588,0,CARD_LEVEL,5,통신,FIXED_AMOUNT,,2500,,,"SKT, KT, LG U+, Liiv M 2,500원 할인",CONFIRMED
1708,2588,0,CARD_LEVEL,10,영화,FIXED_AMOUNT,,4000,,,"CGV 4,000원 할인",CONFIRMED
1709,2588,0,CARD_LEVEL,11,테마파크,FIXED_AMOUNT,,15000,,,"에버랜드, 롯데월드 15,000원 할인",CONFIRMED
1710,2588,0,CARD_LEVEL,32,해외이용,RATE_DISCOUNT,2.0,,,,해외 가맹점 2% 할인,CONFIRMED
1711,2589,0,CARD_LEVEL,1,쇼핑,RATE_DISCOUNT,1.0,,,,GS리테일 점내 이용 시 GS&POINT 1% 적립,CONFIRMED
1712,2589,0,CARD_LEVEL,2,모든가맹점,RATE_DISCOUNT,0.1,,,,그 외 모든 가맹점 이용 시 GS&POINT 0.1% 기본 적립,CONFIRMED
1713,2595,300000,CARD_LEVEL,1,쇼핑,RATE_DISCOUNT,20.0,,,,랭킹닭컴 20% 청구할인,CONFIRMED
1714,2595,300000,CARD_LEVEL,35,골프,RATE_DISCOUNT,10.0,,,,골프(연습)장 최대 10% 청구할인,CONFIRMED
1715,2598,400000,CARD_LEVEL,12,푸드,RATE_DISCOUNT,30.0,,,,빕스/뚜레쥬르/CGV 이용금액 30% CJ ONE 포인트 적립,CONFIRMED
1716,2603,400000,CARD_LEVEL,3,주유,FIXED_AMOUNT,,150,,,주유소(충전소 포함) 리터당 150원~300원 청구할인,CONFIRMED
1717,2605,400000,CARD_LEVEL,3,주유,RATE_DISCOUNT,5.0,,,,주유 5% 청구 할인,CONFIRMED
1718,2605,400000,CARD_LEVEL,12,푸드,RATE_DISCOUNT,5.0,,,,식음료 5% 청구 할인,CONFIRMED
1719,2608,300000,CARD_LEVEL,3,주유,FIXED_AMOUNT,,40,,,GS칼텍스 주유시 리터랑 40원 결제일 할인,CONFIRMED
1720,2612,0,CARD_LEVEL,29,여행/숙박,FREE_SERVICE,,,,,[Premium Service] KAL 리무진 버스 무료이용 서비스 제공,CONFIRMED
1721,2613,500000,CARD_LEVEL,29,여행/숙박,FREE_SERVICE,,,,,[Premium Service] KAL 리무진 버스 무료이용 서비스 제공,CONFIRMED
1722,2613,500000,CARD_LEVEL,35,골프,FREE_SERVICE,,,,,[Premium Service] 국내 지정 골프장 무료 커피 또는 지정 골프연습장 무료 타석권 제공,CONFIRMED
1723,2618,500000,CARD_LEVEL,9,주유소,FIXED_AMOUNT,,70,,,주유 리터당 70원·90원 결제일 할인,CONFIRMED
1724,2618,500000,CARD_LEVEL,14,생활,RATE_DISCOUNT,1.5,,,,할인점·온라인쇼핑몰·편의점·배달앱·커피전문점 1.5% 결제일 할인,CONFIRMED
1725,2618,500000,CARD_LEVEL,10,영화,FIXED_AMOUNT,,5000,,,"영화 5,000원 결제일 할인",CONFIRMED
1726,2623,300000,CARD_LEVEL,21,온라인쇼핑,RATE_DISCOUNT,10.0,,,,온라인 쇼핑 10% 할인(KB Pay 결제 시),CONFIRMED
1727,2623,300000,CARD_LEVEL,18,카페,RATE_DISCOUNT,10.0,,,,커피/편의점 10% 할인(KB Pay 결제 시),CONFIRMED
1728,2623,300000,CARD_LEVEL,1,쇼핑,RATE_DISCOUNT,5.0,,,,오프라인 쇼핑 5% 할인(KB Pay 결제 시),CONFIRMED
1729,2624,300000,CARD_LEVEL,21,온라인쇼핑,RATE_DISCOUNT,10.0,,,,온라인 쇼핑 10% 할인 (KB Pay 결제 시),CONFIRMED
1730,2624,300000,CARD_LEVEL,3,주유,RATE_DISCOUNT,5.0,,,,"주유 100원/L, 편의점 5% 할인",CONFIRMED
1731,2624,300000,CARD_LEVEL,5,통신,RATE_DISCOUNT,10.0,,,,"이동통신 10%, OTT 30% 할인",CONFIRMED
1732,2624,300000,CARD_LEVEL,8,패밀리레스토랑,RATE_DISCOUNT,30.0,,,,패밀리레스토랑 30% 할인,CONFIRMED
1733,2624,300000,CARD_LEVEL,32,해외이용,RATE_DISCOUNT,5.0,,,,해외 가맹점 5% 할인,CONFIRMED
1734,2625,200000,CARD_LEVEL,18,카페,FIXED_AMOUNT,,100,,,커피 업종 100원 할인,CONFIRMED
1735,2625,200000,CARD_LEVEL,19,편의점,FIXED_AMOUNT,,200,,,편의점 200원 할인,CONFIRMED
1736,2625,200000,CARD_LEVEL,17,대중교통,FIXED_AMOUNT,,1000,,,"대중교통 1,000원 할인",CONFIRMED
1737,2630,300000,CARD_LEVEL,11,테마파크,RATE_DISCOUNT,50.0,,,,"에버랜드 종일권(대인 동반 소인 1매) 50% 현장할인
캐리비안베이 종일권 30% 현장할인",CONFIRMED
1738,2630,300000,CARD_LEVEL,11,테마파크,RATE_DISCOUNT,20.0,,,,"직영 기념품 매장 20% 현장할인
정기권 10% 현장할인",CONFIRMED
1739,2630,300000,CARD_LEVEL,3,주유,FIXED_AMOUNT,,60,,,SK주유소 리터당 60원 청구할인,CONFIRMED
1740,2630,300000,CARD_LEVEL,8,패밀리레스토랑,RATE_DISCOUNT,20.0,,,,"VIPS, 아웃백, TGIF 20% 청구할인",CONFIRMED
1741,2631,300000,CARD_LEVEL,14,생활,RATE_DISCOUNT,1.0,,,,생활 필수 영역 1% 모니머니 리워드 추가 적립,CONFIRMED
1742,2631,300000,CARD_LEVEL,18,카페,FIXED_AMOUNT,,5000,,,"스타벅스 5,000원 할인",CONFIRMED
1743,2633,500000,CARD_LEVEL,21,온라인쇼핑,RATE_DISCOUNT,5.0,,,,온라인 쇼핑 최대 5% 결제일 할인,CONFIRMED
1744,2634,0,CARD_LEVEL,21,온라인쇼핑,RATE_DISCOUNT,5.0,,,,온라인 쇼핑 최대 5% 결제일 할인,CONFIRMED
1745,2634,0,CARD_LEVEL,5,통신,RATE_DISCOUNT,5.0,,,,"SKT, KT, LG U+ 5% 결제일 할인",CONFIRMED
1746,2635,400000,CARD_LEVEL,13,선택형,FIXED_AMOUNT,,30000,,,"Triple in 혜택
5개의 생활 업종 중 3개 최대 30,000원 할인",CONFIRMED
1747,2636,0,CARD_LEVEL,23,바우처,VOUCHER,,50000,,,"Special Gift 혜택 (롯데상품권카드 5만원권 1매 / 3개월간 1,000만원 이상 이용시 제공)",CONFIRMED
1748,2637,300000,CARD_LEVEL,18,카페,RATE_DISCOUNT,5.0,,,,커피전문점 업종 이용금액에 5% 카카오페이포인트 적립,CONFIRMED
1749,2637,300000,CARD_LEVEL,17,대중교통,RATE_DISCOUNT,5.0,,,,대중교통 이용금액에 5% 카카오페이포인트 적립(버스/지하철),CONFIRMED
1750,2637,300000,CARD_LEVEL,26,해외,RATE_DISCOUNT,1.0,,,,해외(온라인 포함) 이용금액에 1% 카카오페이포인트 적립,CONFIRMED
1751,2638,300000,CARD_LEVEL,19,편의점,RATE_DISCOUNT,5.0,,,,편의점 이용금액에 5% 카카오페이포인트 적립,CONFIRMED
1752,2638,300000,CARD_LEVEL,5,통신,RATE_DISCOUNT,5.0,,,,통신요금 자동이체 이용금액에 5% 카카오페이포인트 적립,CONFIRMED
1753,2638,300000,CARD_LEVEL,26,해외,RATE_DISCOUNT,1.0,,,,해외(온라인 포함) 이용금액에 1% 카카오페이포인트 적립,CONFIRMED
1754,2639,50000,CARD_LEVEL,12,푸드,RATE_DISCOUNT,5.0,,,,"[DO EAT] 편의점, 배달의민족 5% 적립",CONFIRMED
1755,2639,50000,CARD_LEVEL,1,쇼핑,RATE_DISCOUNT,5.0,,,,"[DO BUY] 쿠팡, 무신사 5% 적립",CONFIRMED
1756,2641,300000,CARD_LEVEL,17,대중교통,RATE_DISCOUNT,10.0,,,,대중 교통(10% 에코머니포인트 적립),CONFIRMED
1757,2641,300000,CARD_LEVEL,14,생활,RATE_DISCOUNT,10.0,,,,공유 모빌리티 (10% 에코머니포인트 적립),CONFIRMED
1758,2641,300000,CARD_LEVEL,18,카페,RATE_DISCOUNT,10.0,,,,커피 전문점 (10% 에코머니포인트 적립),CONFIRMED
1759,2643,0,CARD_LEVEL,1,쇼핑,RATE_DISCOUNT,0.6,,,,"마트, SSM, 백화점 0.6% 하나머니 적립",CONFIRMED
1760,2643,0,CARD_LEVEL,17,대중교통,RATE_DISCOUNT,1.0,,,,"버스, 지하철 1.0% 하나머니 적립",CONFIRMED
1761,2651,300000,CARD_LEVEL,18,카페,RATE_DISCOUNT,7.0,,,,커피전문점/헬스&뷰티/온라인쇼핑몰/이동통신 7% W POINT 적립,CONFIRMED
1762,2651,300000,CARD_LEVEL,26,해외,RATE_DISCOUNT,1.5,,,,해외 1.5% W POINT 적립,CONFIRMED
1763,2652,300000,CARD_LEVEL,11,테마파크,RATE_DISCOUNT,50.0,,,,에버랜드 50%/캐리비안 베이 30% 할인,CONFIRMED
1764,2652,300000,CARD_LEVEL,11,테마파크,RATE_DISCOUNT,3.0,,,,에버랜드리조트 3% 솜 적립,CONFIRMED
1765,2652,300000,CARD_LEVEL,26,해외,RATE_DISCOUNT,1.5,,,,해외 1.5% 솜 적립,CONFIRMED
1766,2654,400000,CARD_LEVEL,17,대중교통,RATE_DISCOUNT,10.0,,,,대중교통 10% 할인,CONFIRMED
1767,2654,400000,CARD_LEVEL,18,카페,RATE_DISCOUNT,10.0,,,,커피 10% 할인,CONFIRMED
1768,2654,400000,CARD_LEVEL,19,편의점,RATE_DISCOUNT,10.0,,,,편의점 10% 할인,CONFIRMED
1769,2655,300000,CARD_LEVEL,2,모든가맹점,RATE_DISCOUNT,0.8,,,,기본 Discount - 0.8% 기본 청구할인,CONFIRMED
1770,2656,0,CARD_LEVEL,5,통신,FIXED_AMOUNT,,20000,,,"SKT, KT, LG U+ 월 최대 20,000원 결제일 할인",CONFIRMED
1771,2657,500000,CARD_LEVEL,18,카페,RATE_DISCOUNT,50.0,,,,[REWARD] 커피 50% 하나머니 적립 (지난달 실적 조건 및 적립한도 확인),CONFIRMED
1772,2661,400000,CARD_LEVEL,26,해외,RATE_DISCOUNT,1.0,,,,해외 1% 할인,CONFIRMED
1773,2662,500000,CARD_LEVEL,23,바우처,VOUCHER,,120000,,,연간 12만원 상당 바우처 제공(연 1회),CONFIRMED
1774,2662,500000,CARD_LEVEL,28,프리미엄 서비스,FREE_SERVICE,,,,,공항 및 국내 특급 호텔 무료 발레파킹 서비스,CONFIRMED
1775,2663,500000,CARD_LEVEL,23,바우처,VOUCHER,,250000,,,연간 25만원 상당 바우처 제공(연 1회),CONFIRMED
1776,2663,500000,CARD_LEVEL,28,프리미엄 서비스,FREE_SERVICE,,,,,공항 및 국내 특급 호텔 무료 발레파킹 서비스,CONFIRMED
1777,2664,500000,CARD_LEVEL,23,바우처,VOUCHER,,850000,,,국내 트래블・패션/뷰티 영역에서 사용 가능한 85만원 상당 바우처 제공(연 1회),CONFIRMED
1778,2664,500000,CARD_LEVEL,28,프리미엄 서비스,FREE_SERVICE,,,,,인천국제공항 및 국내 특급호텔 무료 발레파킹,CONFIRMED
1779,2667,0,CARD_LEVEL,26,해외,RATE_DISCOUNT,1.0,,,,해외 대중교통 컨택리스 방식으로 이용 시 1% 결제일 할인,CONFIRMED
1780,2671,0,CARD_LEVEL,1,쇼핑,RATE_DISCOUNT,2.0,,,,쿠팡&슈퍼마켓 2% 할인,CONFIRMED
1781,2671,0,CARD_LEVEL,21,온라인쇼핑,RATE_DISCOUNT,4.0,,,,온라인식품&쇼핑 4% 할인,CONFIRMED
1782,2671,0,CARD_LEVEL,21,온라인쇼핑,RATE_DISCOUNT,4.0,,,,오픈마켓 4% 할인,CONFIRMED
1783,2671,0,CARD_LEVEL,33,무이자할부,INSTALLMENT_FREE,,3,,,2~3개월 무이자할부,CONFIRMED
1784,2673,200000,CARD_LEVEL,14,생활,RATE_DISCOUNT,1.0,,,,[일상 생활비 적립 서비스] 국내 건당 결제금액별 0.2~1% 포인트 적립・해외 결제금액 1% 포인트 적립,CONFIRMED
1785,2676,500000,CARD_LEVEL,32,해외이용,RATE_DISCOUNT,2.0,,,,해외 2% 할인,CONFIRMED
1786,2676,500000,CARD_LEVEL,14,생활,RATE_DISCOUNT,1.0,,,,일상 필수 영역 1% 할인,CONFIRMED
1787,2677,500000,CARD_LEVEL,1,쇼핑,RATE_DISCOUNT,5.0,,,,[퍼스널 쇼핑 적립] 패션/럭셔리/라이프/해외 5% 적립,CONFIRMED
1788,2678,500000,CARD_LEVEL,29,여행/숙박,RATE_DISCOUNT,5.0,,,,퍼스널 트래블(패키지/플랫폼/교통/해외) 5% 적립,CONFIRMED
1789,2680,500000,CARD_LEVEL,21,온라인쇼핑,RATE_DISCOUNT,10.0,,,,온라인 쇼핑몰 10% 청구 할인,CONFIRMED
1790,2680,500000,CARD_LEVEL,19,편의점,RATE_DISCOUNT,10.0,,,,편의점 10% 청구 할인,CONFIRMED
1791,2680,500000,CARD_LEVEL,18,카페,RATE_DISCOUNT,10.0,,,,커피전문점 10% 청구 할인,CONFIRMED
1792,2680,500000,CARD_LEVEL,17,대중교통,RATE_DISCOUNT,10.0,,,,대중교통 10% 청구 할인(K-패스 또는 후불형 기후동행카드 신청 가능),CONFIRMED
1793,2681,500000,CARD_LEVEL,17,대중교통,RATE_DISCOUNT,10.0,,,,"버스/지하철 10% 청구할인 (월 1만원, 월 2만원)",CONFIRMED
1794,2681,500000,CARD_LEVEL,18,카페,RATE_DISCOUNT,10.0,,,,스타벅스/커피빈 10% 청구할인 (월 5천원),CONFIRMED
1795,2682,300000,CARD_LEVEL,17,대중교통,RATE_DISCOUNT,10.0,,,,"버스/지하철 10% 캐시백 (월 3천원, 월 6천원)",CONFIRMED
1796,2682,300000,CARD_LEVEL,18,카페,RATE_DISCOUNT,1.0,,,,스타벅스/커피빈 1% 캐시백 (월 5천원),CONFIRMED
1797,2683,500000,CARD_LEVEL,21,온라인쇼핑,RATE_DISCOUNT,10.0,,,,온라인 쇼핑몰 10% 청구 할인,CONFIRMED
1798,2683,500000,CARD_LEVEL,3,주유,RATE_DISCOUNT,10.0,,,,주유 10% 청구 할인,CONFIRMED
1799,2683,500000,CARD_LEVEL,14,생활,RATE_DISCOUNT,10.0,,,,생활 요금 정기 결제 10% 청구 할인,CONFIRMED
1800,2684,500000,CARD_LEVEL,21,온라인쇼핑,RATE_DISCOUNT,10.0,,,,온라인 쇼핑몰 10% 청구 할인,CONFIRMED
1801,2684,500000,CARD_LEVEL,10,영화,RATE_DISCOUNT,10.0,,,,영화 10% 청구 할인,CONFIRMED
1802,2684,500000,CARD_LEVEL,26,해외,RATE_DISCOUNT,10.0,,,,해외 가맹점 10% 청구 할인,CONFIRMED
1803,2685,300000,CARD_LEVEL,32,해외이용,RATE_DISCOUNT,100.0,,,,해외 이용 환율우대 100% (USD기준),CONFIRMED
1804,2685,300000,CARD_LEVEL,14,생활,RATE_DISCOUNT,10.0,,,,자주 쓰는 일상 영역 10% 할인 (KB Pay 결제 시),CONFIRMED
1805,2685,300000,CARD_LEVEL,1,쇼핑,RATE_DISCOUNT,5.0,,,,온라인 항공/면세점 5% 할인 (KB Pay 결제 시),CONFIRMED
1806,2685,300000,CARD_LEVEL,27,교통,RATE_DISCOUNT,10.0,,,,철도・고속버스 10% 할인,CONFIRMED
1807,2686,300000,CARD_LEVEL,18,카페,RATE_DISCOUNT,55.0,,,,"[Discount 4 서비스] 하나. Discount 55% 커피 4대 브랜드통합 스타벅스, 투썸플레이스, 커피빈, 폴바셋",CONFIRMED
1808,2686,300000,CARD_LEVEL,27,교통,RATE_DISCOUNT,33.0,,,,"[Discount 4 서비스] 둘. Discount 33% 대중교통 시내버스/지하철 (후불 교통기능 선택 시 제공), 택시",CONFIRMED
1809,2686,300000,CARD_LEVEL,19,편의점,RATE_DISCOUNT,11.0,,,,[Discount 4 서비스] 셋. Discount 11% 편의점,CONFIRMED
1810,2686,300000,CARD_LEVEL,10,영화,FIXED_AMOUNT,,5500,,,"[Discount 4 서비스] 넷. Discount 5,500원 영화관",CONFIRMED
1811,2687,300000,CARD_LEVEL,21,온라인쇼핑,RATE_DISCOUNT,10.0,,,,[쇼핑 할인의 정석] 온라인 쇼핑 10% 청구할인,CONFIRMED
1812,2687,300000,CARD_LEVEL,1,쇼핑,RATE_DISCOUNT,10.0,,,,[쇼핑 할인의 정석] 오프라인 쇼핑 10% 청구할인,CONFIRMED
1813,2687,300000,CARD_LEVEL,3,주유,FIXED_AMOUNT,,60,,,[생활밀착 할인의 정석] 4대 주유소 주말 주유시 리터당 60원 청구할인,CONFIRMED
1814,2687,300000,CARD_LEVEL,18,카페,RATE_DISCOUNT,10.0,,,,"[생활밀착 할인의 정석] 스타벅스, 폴바셋 10% 청구할인",CONFIRMED
1815,2688,300000,CARD_LEVEL,3,주유,FIXED_AMOUNT,,100,,,[Daily 할인] 주유 리터당 60~100원 청구할인,CONFIRMED
1816,2688,300000,CARD_LEVEL,17,대중교통,RATE_DISCOUNT,10.0,,,,[Daily 할인] 대중교통 10% 청구할인,CONFIRMED
1817,2688,300000,CARD_LEVEL,18,카페,RATE_DISCOUNT,10.0,,,,[Daily 할인] 커피 10% 청구할인,CONFIRMED
1818,2690,300000,CARD_LEVEL,17,대중교통,RATE_DISCOUNT,10.0,,,,"대중교통(버스, 지하철) 이용 시 10% 결제일 할인",CONFIRMED
1819,2690,300000,CARD_LEVEL,14,생활,RATE_DISCOUNT,5.0,,,,생활서비스 5% 결제일 할인,CONFIRMED
1820,2691,200000,CARD_LEVEL,26,해외,FREE_SERVICE,,,,,"[해외 혜택] 해외 가맹점, ATM 이용 수수료 면제",CONFIRMED
1821,2691,200000,CARD_LEVEL,18,카페,FIXED_AMOUNT,,1000,,,"[국내 혜택] 카페 1,000원 할인",CONFIRMED
1822,2691,200000,CARD_LEVEL,12,푸드,FIXED_AMOUNT,,5000,,,"[국내 혜택] 전국맛집 5,000원 할인",CONFIRMED
1823,2692,500000,CARD_LEVEL,29,여행/숙박,RATE_DISCOUNT,5.0,,,,[추가 혜택] 전월 이용 금액 100만원 이상 시 여행 영역 5% M포인트 적립,CONFIRMED
1824,2692,500000,CARD_LEVEL,35,골프,RATE_DISCOUNT,5.0,,,,[추가 혜택] 전월 이용 금액 100만원 이상 시 골프 영역 5% M포인트 적립,CONFIRMED
1825,2692,500000,CARD_LEVEL,23,바우처,VOUCHER,,150000,,,"[바우처] 전년도(카드 발급 확정월 포함 12개월) 이용 금액 1,200만원 이상 시
15만원권 바우처 제공(연 1회)",CONFIRMED
1826,2692,500000,CARD_LEVEL,6,기타,FREE_SERVICE,,,,,전월 이용 금액 50만원 이상 시 공항 및 특급호텔 발레파킹 무료 이용,CONFIRMED
1827,2693,200000,CARD_LEVEL,17,대중교통,RATE_DISCOUNT,10.0,,,,"대중교통(버스, 지하철) 이용 시 10% 결제일 할인",CONFIRMED
1828,2693,200000,CARD_LEVEL,14,생활,RATE_DISCOUNT,2.0,,,,생활서비스 2% 결제일 할인,CONFIRMED
1829,2694,300000,CARD_LEVEL,14,생활,RATE_DISCOUNT,5.0,,,,[일상 속 5% 적립 서비스] 생활·여행·패션 5% 마이신한포인트 적립,CONFIRMED
1830,2697,500000,CARD_LEVEL,21,온라인쇼핑,RATE_DISCOUNT,10.0,,,,[추가혜택] 전월 이용 금액 100만원 이상 시 10% 할인,CONFIRMED
1831,2697,500000,CARD_LEVEL,7,백화점,RATE_DISCOUNT,10.0,,,,[추가혜택] 전월 이용 금액 100만원 이상 시 10% 할인,CONFIRMED
1832,2697,500000,CARD_LEVEL,18,카페,RATE_DISCOUNT,10.0,,,,[추가혜택] 전월 이용 금액 100만원 이상 시 10% 할인,CONFIRMED
1833,2697,500000,CARD_LEVEL,19,편의점,RATE_DISCOUNT,10.0,,,,[추가혜택] 전월 이용 금액 100만원 이상 시 10% 할인,CONFIRMED
1834,2697,500000,CARD_LEVEL,3,주유,RATE_DISCOUNT,10.0,,,,[추가혜택] 전월 이용 금액 100만원 이상 시 10% 할인,CONFIRMED
1835,2697,500000,CARD_LEVEL,17,대중교통,RATE_DISCOUNT,10.0,,,,[추가혜택] 전월 이용 금액 100만원 이상 시 10% 할인,CONFIRMED
1836,2697,500000,CARD_LEVEL,6,기타,FREE_SERVICE,,,,,공항 및 특급호텔 발레파킹 무료 이용,CONFIRMED
1837,2700,0,CARD_LEVEL,26,해외,RATE_DISCOUNT,5.0,,,,해외 5% 캐시백,CONFIRMED
1838,2700,0,CARD_LEVEL,1,쇼핑,RATE_DISCOUNT,5.0,,,,쇼핑 5% 캐시백,CONFIRMED
1839,2700,0,CARD_LEVEL,12,푸드,RATE_DISCOUNT,5.0,,,,푸드 5% 캐시백,CONFIRMED
1840,2700,0,CARD_LEVEL,14,생활,RATE_DISCOUNT,5.0,,,,일상 5% 캐시백,CONFIRMED
1841,2701,500000,CARD_LEVEL,14,생활,RATE_DISCOUNT,5.0,,,,생활요금 정기결제 5%/10% 할인,CONFIRMED
1842,2701,500000,CARD_LEVEL,14,생활,RATE_DISCOUNT,5.0,,,,일상 필수 영역 5%/10% 할인,CONFIRMED
1843,2701,500000,CARD_LEVEL,26,해외,RATE_DISCOUNT,1.5,,,,해외 1.5% 할인,CONFIRMED
1844,2702,300000,CARD_LEVEL,18,카페,RATE_DISCOUNT,20.0,,,,[커피전문점 할인] 커피전문점 20% 결제일 할인,CONFIRMED
1845,2704,500000,CARD_LEVEL,23,바우처,RATE_DISCOUNT,50.0,,,,연 누적 이용금액별 골프/프리미엄 아울렛 50% 할인 (서비스 실적 조건 확인),CONFIRMED
1846,2705,500000,CARD_LEVEL,23,바우처,RATE_DISCOUNT,50.0,,,,[BONUS VOUCHER] 연 누적 이용금액별 골프/프리미엄 아울렛 50% 청구 할인,CONFIRMED
1847,2707,0,CARD_LEVEL,33,무이자할부,INSTALLMENT_FREE,,3,,,국내 가맹점 2~3개월 무이자 할부,CONFIRMED
1848,2713,500000,CARD_LEVEL,33,무이자할부,INSTALLMENT_FREE,,3,,,국내 가맹점 2~3개월 무이자 할부,CONFIRMED
1849,2714,500000,CARD_LEVEL,33,무이자할부,INSTALLMENT_FREE,,3,,,국내 가맹점 2~3개월 무이자 할부,CONFIRMED
1850,2715,500000,CARD_LEVEL,33,무이자할부,INSTALLMENT_FREE,,3,,,국내 가맹점 2~3개월 무이자 할부,CONFIRMED
1851,2716,500000,CARD_LEVEL,33,무이자할부,INSTALLMENT_FREE,,3,,,국내 가맹점 2~3개월 무이자 할부,CONFIRMED
1852,2717,500000,CARD_LEVEL,33,무이자할부,INSTALLMENT_FREE,,3,,,국내 가맹점 2~3개월 무이자할부,CONFIRMED
1853,2718,400000,CARD_LEVEL,5,통신,FIXED_AMOUNT,,20000,,,"SKT, KT, LG U+ 및 알뜰폰 월 최대 20,000원 결제일 할인",CONFIRMED
1854,2733,0,CARD_LEVEL,33,무이자할부,INSTALLMENT_FREE,,3,,,2~3개월 무이자 할부,CONFIRMED
1855,2733,0,CARD_LEVEL,1,쇼핑,RATE_DISCOUNT,2.0,,,,쿠팡 2.0% 청구할인,CONFIRMED
1856,2733,0,CARD_LEVEL,1,쇼핑,RATE_DISCOUNT,4.0,,,,오픈마켓 4.0% 청구할인,CONFIRMED
1857,2733,0,CARD_LEVEL,21,온라인쇼핑,RATE_DISCOUNT,4.0,,,,온라인식품&쇼핑 4.0% 청구할인,CONFIRMED
1858,2735,500000,INLINE,14,생활,RATE_DISCOUNT,1.0,,,,[생활비] 1% 캐시백 (전월실적 50만원 이상),CONFIRMED
1859,2737,500000,CARD_LEVEL,23,바우처,VOUCHER,,300000,,,"[추가혜택] 전년도(카드 발급 확정월 포함 12개월) 이용 금액 1,200만원 이상 시 30만원 바우처 제공(연 1회)",CONFIRMED
1860,2740,0,CARD_LEVEL,32,해외이용,FREE_SERVICE,,,,,해외 가맹점 이용 수수료 면제 · 해외 ATM 인출 수수료 면제,CONFIRMED
1861,2743,500000,CARD_LEVEL,16,프리미엄,FREE_SERVICE,,,,,[우대 서비스] 메탈 플레이트 제공·공항 라운지 무료 이용·무료 발레파킹 서비스,CONFIRMED
1862,2746,500000,CARD_LEVEL,14,생활,RATE_DISCOUNT,10.0,,,,4대 생활 영역(백화점/할인점/온라인쇼핑몰/주유) 10% 빅포인트 적립,CONFIRMED
1863,2746,500000,CARD_LEVEL,14,생활,RATE_DISCOUNT,3.0,,,,아파트관리비/이동통신 정기결제 시 3% 빅포인트 적립,CONFIRMED
1864,2746,500000,CARD_LEVEL,26,해외,RATE_DISCOUNT,1.0,,,,해외 1% 빅포인트 적립,CONFIRMED
1865,2747,400000,CARD_LEVEL,1,쇼핑,RATE_DISCOUNT,30.0,,,,5개 펫 온라인 전용몰 30% 결제일 할인,CONFIRMED
1866,2747,400000,CARD_LEVEL,21,온라인쇼핑,RATE_DISCOUNT,10.0,,,,일반 온라인 쇼핑몰 10% 결제일 할인,CONFIRMED
1867,2748,400000,CARD_LEVEL,1,쇼핑,RATE_DISCOUNT,30.0,,,,5개 펫 온라인 전용몰 30% 결제일 할인,CONFIRMED
1868,2748,400000,CARD_LEVEL,21,온라인쇼핑,RATE_DISCOUNT,10.0,,,,일반 온라인 쇼핑몰 10% 결제일 할인,CONFIRMED
1869,2751,500000,CARD_LEVEL,23,바우처,VOUCHER,,300000,,,"[추가혜택] 전년도(카드 발급 확정월 포함 12개월) 이용 금액 1,200만원 이상 시
30만원 바우처 제공(연 1회)",CONFIRMED
1870,2759,300000,INLINE,14,생활,RATE_DISCOUNT,5.0,,,,[일상 속 5% 적립 서비스] 생활·여행·패션 5% 마이신한포인트적립 (전월실적 30만원 이상),CONFIRMED
1871,2760,300000,CARD_LEVEL,12,푸드,RATE_DISCOUNT,5.0,,,,칼퇴(음식점·주점·카페·편의점) 5% 캐시백 (저녁 6~11시 결제 건),CONFIRMED
1872,2760,300000,CARD_LEVEL,27,교통,RATE_DISCOUNT,5.0,,,,교통(대중교통·택시·카셰어링) 5% 캐시백,CONFIRMED
1873,2761,300000,CARD_LEVEL,21,온라인쇼핑,RATE_DISCOUNT,10.0,,,,온라인 쇼핑 10% 청구할인,CONFIRMED
1874,2761,300000,CARD_LEVEL,1,쇼핑,RATE_DISCOUNT,5.0,,,,오프라인 쇼핑 5% 청구할인,CONFIRMED
1875,2761,300000,CARD_LEVEL,5,통신,RATE_DISCOUNT,5.0,,,,이동 통신 요금 자동납부 5% 청구할인,CONFIRMED
1876,2763,400000,CARD_LEVEL,19,편의점,RATE_DISCOUNT,20.0,,,,CU 편의점 최대 20% 현장할인,CONFIRMED
1877,2771,400000,CARD_LEVEL,18,카페,RATE_DISCOUNT,10.0,,,,커피전문점/편의점 10% 결제일할인,CONFIRMED
1878,2771,400000,CARD_LEVEL,5,통신,RATE_DISCOUNT,5.0,,,,이동통신요금 정기결제 시 5%/7% 결제일할인,CONFIRMED
1879,2771,400000,CARD_LEVEL,14,생활,RATE_DISCOUNT,5.0,,,,배달앱/온라인쇼핑몰/헬스&뷰티/생활잡화 5%/7% 결제일할인,CONFIRMED
1880,2771,400000,CARD_LEVEL,26,해외,RATE_DISCOUNT,1.0,,,,"전월 이용금액에 관계없이, 할인한도 없이 해외 1% 결제일 할인",CONFIRMED
1881,2775,200000,CARD_LEVEL,32,해외이용,FREE_SERVICE,,,,,해외 이용수수료 면제 서비스,CONFIRMED
1882,2784,400000,CARD_LEVEL,14,생활,RATE_DISCOUNT,10.0,,,,"[생활 할인] 스타벅스, 폴바셋 10% 청구할인",CONFIRMED
1883,2784,400000,CARD_LEVEL,19,편의점,RATE_DISCOUNT,10.0,,,,"[생활 할인] CU, GS25 10% 청구할인",CONFIRMED
1884,2784,400000,CARD_LEVEL,17,대중교통,RATE_DISCOUNT,10.0,,,,"[대중교통 할인] 버스, 지하철 10% 청구할인",CONFIRMED
1885,2789,400000,CARD_LEVEL,1,쇼핑,RATE_DISCOUNT,20.0,,,,KB Pay 오픈마켓 20% 청구할인,CONFIRMED
1886,2799,400000,CARD_LEVEL,14,생활,RATE_DISCOUNT,15.0,,,,대중교통 & 생활비 최대 15% 결제일 할일,CONFIRMED
1887,2807,500000,INLINE,14,생활,RATE_DISCOUNT,7.0,,,,[Life Experience 서비스] 커피전문점 2천원 할인/택시 이용금액 7% 할인 (전월실적 50만원 이상),CONFIRMED
1888,2809,0,CARD_LEVEL,19,편의점,RATE_DISCOUNT,5.0,,,,"GS25, CU, 이마트24, 세븐일레븐 5% 캐시백",CONFIRMED
1889,2809,0,CARD_LEVEL,17,대중교통,RATE_DISCOUNT,10.0,,,,"버스, 지하철 10% 캐시백",CONFIRMED
1890,2809,0,CARD_LEVEL,18,카페,RATE_DISCOUNT,20.0,,,,"스타벅스, 투썸플레이스 20% 캐시백",CONFIRMED
1891,2810,300000,CARD_LEVEL,5,통신,FIXED_AMOUNT,,5000,,,"통신 요금 대상 가맹점 자동이체 1만원 이상 납부 시 5,000원 캐시백",CONFIRMED
1892,2810,300000,CARD_LEVEL,18,카페,RATE_DISCOUNT,5.0,,,,"스타벅스, 커피빈, 투썸플레이스 1만원 이상 결제 시 5% 캐시백",CONFIRMED
1893,2817,200000,CARD_LEVEL,27,교통,RATE_DISCOUNT,10.0,,,,대중교통 요금 10% 할인,CONFIRMED
1894,2817,200000,CARD_LEVEL,5,통신,RATE_DISCOUNT,2.0,,,,이동통신 2% 할인,CONFIRMED
1895,2817,200000,CARD_LEVEL,14,생활,RATE_DISCOUNT,2.0,,,,커피·생활용품·편의점 2% 할인,CONFIRMED
1896,2817,200000,CARD_LEVEL,10,영화,RATE_DISCOUNT,2.0,,,,영화 2% 할인,CONFIRMED
1897,2820,400000,CARD_LEVEL,1,쇼핑,RATE_DISCOUNT,2.0,,,,쿠팡&슈퍼마켓 2% 청구할인,CONFIRMED
1898,2820,400000,CARD_LEVEL,21,온라인쇼핑,RATE_DISCOUNT,4.0,,,,"컬리, SSG.COM, 롯데ON, 더현대닷컴 4% 청구할인",CONFIRMED
1899,2820,400000,CARD_LEVEL,1,쇼핑,RATE_DISCOUNT,4.0,,,,"G마켓, 옥션, 11번가, 인터파크, 위메프, 티몬 4% 청구할인",CONFIRMED
1900,2820,400000,CARD_LEVEL,33,무이자할부,INSTALLMENT_FREE,,3,,,국내 5만원 이상 결제건 2~3개월 무이자 할부,CONFIRMED
1901,2821,400000,CARD_LEVEL,1,쇼핑,RATE_DISCOUNT,2.0,,,,쿠팡 2% 할인,CONFIRMED
1902,2821,400000,CARD_LEVEL,7,백화점,RATE_DISCOUNT,2.0,,,,백화점 2% 할인,CONFIRMED
1903,2821,400000,CARD_LEVEL,22,대형마트,RATE_DISCOUNT,2.0,,,,마트 2% 할인,CONFIRMED
1904,2821,400000,CARD_LEVEL,19,편의점,RATE_DISCOUNT,2.0,,,,편의점 2% 할인,CONFIRMED
1905,2827,400000,CARD_LEVEL,3,주유,RATE_DISCOUNT,10.0,,,,GS칼텍스에서 주유 시 10% 결제일할인,CONFIRMED
1906,2827,400000,CARD_LEVEL,5,통신,RATE_DISCOUNT,5.0,,,,통신요금 정기결제 시 5% 결제일할인,CONFIRMED
1907,2827,400000,CARD_LEVEL,19,편의점,RATE_DISCOUNT,5.0,,,,편의점 5% 결제일할인,CONFIRMED
1908,2827,400000,CARD_LEVEL,21,온라인쇼핑,RATE_DISCOUNT,5.0,,,,온라인쇼핑몰 5% 결제일할인,CONFIRMED
1909,2828,400000,CARD_LEVEL,3,주유,RATE_DISCOUNT,10.0,,,,SK주유(충전)소에서 주유 시 10% 결제일할인,CONFIRMED
1910,2828,400000,CARD_LEVEL,5,통신,RATE_DISCOUNT,5.0,,,,통신요금 정기결제 시 5% 결제일할인,CONFIRMED
1911,2828,400000,CARD_LEVEL,19,편의점,RATE_DISCOUNT,5.0,,,,편의점 5% 결제일할인,CONFIRMED
1912,2828,400000,CARD_LEVEL,21,온라인쇼핑,RATE_DISCOUNT,5.0,,,,온라인쇼핑몰 5% 결제일할인,CONFIRMED
1913,2830,0,CARD_LEVEL,14,생활,RATE_DISCOUNT,1.0,,,,[일상 생활비 적립] 국내 건당 결제금액별 0.2~1% 포인트 적립,CONFIRMED
1914,2831,300000,INLINE,1,쇼핑,RATE_DISCOUNT,10.0,,,,알리익스프레스 국내 / 해외 배송상품 10% 결제일 할인 (전월실적 30만원 이상),CONFIRMED
1915,2831,300000,CARD_LEVEL,26,해외,RATE_DISCOUNT,1.0,,,,해외 이용 시 1% 마이신한포인트 적립,CONFIRMED
1916,2835,400000,INLINE,1,쇼핑,RATE_DISCOUNT,10.0,,,,[Daily Plan 서비스] 쇼핑 10% 결제일 할인 (전월실적 40만원 이상),CONFIRMED
1917,2835,400000,INLINE,27,교통,RATE_DISCOUNT,5.0,,,,[Daily Plan 서비스] 이동 5% 결제일 할인 (전월실적 40만원 이상),CONFIRMED
1918,2835,400000,INLINE,14,생활,RATE_DISCOUNT,5.0,,,,[Daily Plan 서비스] 생활 5% 결제일 할인 (전월실적 40만원 이상),CONFIRMED
1919,2836,400000,CARD_LEVEL,1,쇼핑,RATE_DISCOUNT,10.0,,,,[Daily Plan 서비스] 쇼핑 10% 결제일 할인,CONFIRMED
1920,2836,400000,CARD_LEVEL,27,교통,RATE_DISCOUNT,5.0,,,,[Daily Plan 서비스] 이동 5% 결제일 할인,CONFIRMED
1921,2836,400000,CARD_LEVEL,14,생활,RATE_DISCOUNT,5.0,,,,[Daily Plan 서비스] 생활 5% 결제일 할인,CONFIRMED
1922,2837,400000,CARD_LEVEL,26,해외,RATE_DISCOUNT,2.0,,,,해외 가맹점 2% 할인,CONFIRMED
1923,2840,300000,CARD_LEVEL,9,주유소,FIXED_AMOUNT,,80,,,주유 리터당 80원~120원 캐시백,CONFIRMED
1924,2840,300000,CARD_LEVEL,18,카페,RATE_DISCOUNT,10.0,,,,커피 20대 브랜드 10% 캐시백,CONFIRMED
1925,2840,300000,CARD_LEVEL,10,영화,RATE_DISCOUNT,10.0,,,,영화 가맹점 10% 캐시백,CONFIRMED
1926,2841,300000,CARD_LEVEL,18,카페,RATE_DISCOUNT,10.0,,,,커피 20대 브랜드 10% 캐시백,CONFIRMED
1927,2845,400000,CARD_LEVEL,12,푸드,RATE_DISCOUNT,10.0,,,,"음식점, 편의점 10% 할인",CONFIRMED
1928,2845,400000,CARD_LEVEL,5,통신,RATE_DISCOUNT,10.0,,,,이동통신요금 10% 할인,CONFIRMED
1929,2847,300000,CARD_LEVEL,32,해외이용,RATE_DISCOUNT,1.0,,,,[해외 이용 서비스] 국제 브랜드 수수료(1%) / 해외 서비스 수수료(0.2%) 면제,CONFIRMED
1930,2847,300000,CARD_LEVEL,32,해외이용,RATE_DISCOUNT,1.0,,,,[해외 이용 서비스] 해외 ATM 이용 인출 수수료(건당 ) 및 국제 브랜드 수수료(1%) 면제,CONFIRMED
1931,2847,300000,CARD_LEVEL,32,해외이용,RATE_DISCOUNT,1.0,,,,[해외 이용 서비스] 해외 대중교통 컨택리스 방식으로 이용 시 1% 결제일 할인,CONFIRMED
1932,2847,300000,CARD_LEVEL,26,해외,RATE_DISCOUNT,50.0,,,,[일본 여행 서비스] 돈키호테/스타벅스 50% 할인,CONFIRMED
1933,2847,300000,CARD_LEVEL,19,편의점,RATE_DISCOUNT,5.0,,,,[국내 이용 서비스] 국내 4대 편의점 5% 결제일 할인,CONFIRMED
1934,2847,300000,CARD_LEVEL,17,대중교통,RATE_DISCOUNT,1.0,,,,[국내 이용 서비스] 국내 대중교통 1% 결제일 할인,CONFIRMED
1935,2852,0,CARD_LEVEL,19,편의점,RATE_DISCOUNT,5.0,,,,"[공통] CU, 세븐일레븐 5% 할인",CONFIRMED
1936,2852,0,CARD_LEVEL,1,쇼핑,RATE_DISCOUNT,5.0,,,,"[공통] 다이소, 올리브영, KB Pay 쇼핑 5% 할인",CONFIRMED
1937,2852,0,CARD_LEVEL,8,패밀리레스토랑,RATE_DISCOUNT,10.0,,,,[외식 3구간] 패밀리레스토랑 업종 10% 할인,CONFIRMED
1938,2856,1000000,CARD_LEVEL,14,생활,RATE_DISCOUNT,0.4,,,,[Life 영역] 0.4% ~ 1% 적립,CONFIRMED
1939,2856,1000000,CARD_LEVEL,6,기타,RATE_DISCOUNT,1.0,,,,[Biz 1. 영역] 제약/의료기기 0.4 ~ 1% 적립,CONFIRMED
1940,2856,1000000,CARD_LEVEL,32,해외이용,RATE_DISCOUNT,1.4,,,,[해외이용] 해외 가맹점 1.4% 적립,CONFIRMED
1941,2859,400000,CARD_LEVEL,1,쇼핑,RATE_DISCOUNT,10.0,,,,KB Pay 쇼핑 이용 5~10% 청구할인,CONFIRMED
1942,2863,0,CARD_LEVEL,29,여행/숙박,RATE_DISCOUNT,2.0,,,,"[특별적립] 항공권 2%, 호텔/렌터카 3% 트래블마일 적립",CONFIRMED
1943,2864,0,CARD_LEVEL,29,여행/숙박,RATE_DISCOUNT,3.0,,,,"[특별적립] 항공권 3%, 호텔/렌터카 5% 트래블마일 적립",CONFIRMED
1944,2867,500000,CARD_LEVEL,7,백화점,RATE_DISCOUNT,5.0,,,,[갤러리아 기본 서비스] 갤러리아 백화점 5% 현장할인,CONFIRMED
1945,2867,500000,CARD_LEVEL,7,백화점,RATE_DISCOUNT,7.0,,,,[갤러리아 특별 서비스] 갤러리아 백화점 / 갤러리아몰 5~7% 청구할인,CONFIRMED
1946,2867,500000,CARD_LEVEL,33,무이자할부,INSTALLMENT_FREE,,6,,,[갤러리아 특별 서비스] 갤러리아 백화점 최대 6개월 무이자할부,CONFIRMED
1947,2867,500000,CARD_LEVEL,14,생활,RATE_DISCOUNT,3.0,,,,[생활 서비스] 생활 영역 3% 청구할인,CONFIRMED
1948,2868,400000,CARD_LEVEL,1,쇼핑,RATE_DISCOUNT,5.0,,,,KB Pay 쇼핑 이용 5% 환급할인,CONFIRMED
1949,2869,400000,CARD_LEVEL,19,편의점,RATE_DISCOUNT,10.0,,,,편의점 업종 10% 청구할인,CONFIRMED
1950,2869,400000,CARD_LEVEL,18,카페,RATE_DISCOUNT,10.0,,,,커피 업종 10% 청구할인,CONFIRMED
1951,2873,400000,CARD_LEVEL,1,쇼핑,RATE_DISCOUNT,10.0,,,,[스타필드] 스타필드 이용금액 10% 결제일 할인,CONFIRMED
1952,2873,400000,CARD_LEVEL,7,백화점,RATE_DISCOUNT,5.0,,,,[신세계 계열사] 신세계백화점 5% 결제일 할인,CONFIRMED
1953,2873,400000,CARD_LEVEL,24,마트/편의점,RATE_DISCOUNT,5.0,,,,"[신세계 계열사] 할인점, 편의점 5% 결제일 할인",CONFIRMED
1954,2873,400000,CARD_LEVEL,21,온라인쇼핑,RATE_DISCOUNT,5.0,,,,[신세계 계열사] 온라인쇼핑 5% 결제일 할인,CONFIRMED
1955,2873,400000,CARD_LEVEL,18,카페,RATE_DISCOUNT,5.0,,,,[신세계 계열사] 스타벅스 5% 결제일 할인,CONFIRMED
1956,2873,400000,CARD_LEVEL,14,생활,RATE_DISCOUNT,5.0,,,,[신세계 계열사] 까사미아 5% 결제일 할인,CONFIRMED
1957,2873,400000,CARD_LEVEL,10,영화,RATE_DISCOUNT,5.0,,,,[라이프] 영화관 5% 결제일 할인,CONFIRMED
1958,2875,300000,CARD_LEVEL,5,통신,RATE_DISCOUNT,5.0,,,,이동통신 5% 할인,CONFIRMED
1959,2876,0,CARD_LEVEL,17,대중교통,RATE_DISCOUNT,5.0,,,,대중교통 5% 청구할인,CONFIRMED
1960,2876,0,CARD_LEVEL,24,마트/편의점,RATE_DISCOUNT,5.0,,,,"편의점, 슈퍼마켓 5% 청구할인",CONFIRMED
1961,2876,0,CARD_LEVEL,3,주유,RATE_DISCOUNT,5.0,,,,주유 5% 청구할인,CONFIRMED
1962,2877,500000,CARD_LEVEL,26,해외,RATE_DISCOUNT,10.0,,,,해외여행 10% 청구할인,CONFIRMED
1963,2877,500000,CARD_LEVEL,1,쇼핑,RATE_DISCOUNT,10.0,,,,쇼핑 10% 청구할인,CONFIRMED
1964,2877,500000,CARD_LEVEL,35,골프,RATE_DISCOUNT,10.0,,,,골프 10% 청구할인,CONFIRMED
1965,2877,500000,CARD_LEVEL,18,카페,RATE_DISCOUNT,50.0,,,,커피 50% 청구할인,CONFIRMED
1966,2882,0,CARD_LEVEL,32,해외이용,RATE_DISCOUNT,2.0,,,,[추가 혜택] 실적·한도 제한 없이 해외 온·오프라인 가맹점 2% 청구 할인,CONFIRMED
1967,2885,400000,CARD_LEVEL,14,생활,RATE_DISCOUNT,5.0,,,,[기본] 생활 편의 영역 5% 할인,CONFIRMED
1968,2885,400000,CARD_LEVEL,26,해외,RATE_DISCOUNT,2.0,,,,[기본] 해외 2% 할인,CONFIRMED
1969,2886,300000,CARD_LEVEL,14,생활,RATE_DISCOUNT,5.0,,,,생활 편의 영역 5% 할인,CONFIRMED
1970,2886,300000,CARD_LEVEL,26,해외,RATE_DISCOUNT,2.0,,,,해외 2% 할인,CONFIRMED
1971,2890,200000,CARD_LEVEL,14,생활,RATE_DISCOUNT,1.0,,,,[일상 생활비 적립] 국내 건당 결제금액별 0.2~1% 포인트 적립,CONFIRMED
1972,2890,200000,CARD_LEVEL,32,해외이용,RATE_DISCOUNT,1.0,,,,[일상 생활비 적립] 해외 결제금액 1% 포인트 적립,CONFIRMED
1973,2891,200000,CARD_LEVEL,17,대중교통,RATE_DISCOUNT,5.0,,,,[일상 서비스] 대중교통 이용금액 5% 캐시백,CONFIRMED
1974,2891,200000,CARD_LEVEL,26,해외,RATE_DISCOUNT,1.2,,,,"[해외 서비스] 해외 전 가맹점(온라인포함) 1.2% 캐시백
해외인출 1건 당 US  캐시백 제공",CONFIRMED
1975,2892,200000,CARD_LEVEL,19,편의점,RATE_DISCOUNT,10.0,,,,[생활 영역] 4대 편의점 10% 적립,CONFIRMED
1976,2892,200000,CARD_LEVEL,18,카페,RATE_DISCOUNT,10.0,,,,[생활 영역] 커피 업종 10% 적립,CONFIRMED
1977,2892,200000,CARD_LEVEL,32,해외이용,RATE_DISCOUNT,1.0,,,,[생활 영역] 해외이용 1% 적립,CONFIRMED
1978,2892,200000,CARD_LEVEL,6,기타,RATE_DISCOUNT,10.0,,,,"[놀이 영역] 사진관, 볼링장, 테니스장, 스키장 10% 적립",CONFIRMED
1979,2893,200000,CARD_LEVEL,19,편의점,RATE_DISCOUNT,10.0,,,,[생활 영역] 4대 편의점 10% 적립,CONFIRMED
1980,2893,200000,CARD_LEVEL,18,카페,RATE_DISCOUNT,10.0,,,,[생활 영역] 커피 업종 10% 적립,CONFIRMED
1981,2893,200000,CARD_LEVEL,32,해외이용,RATE_DISCOUNT,1.0,,,,[생활 영역] 해외이용 1% 적립,CONFIRMED
1982,2894,300000,CARD_LEVEL,18,카페,RATE_DISCOUNT,50.0,,,,스타벅스 50% 할인,CONFIRMED
1983,2894,300000,CARD_LEVEL,26,해외,RATE_DISCOUNT,2.0,,,,해외 2% 할인,CONFIRMED
1984,2898,500000,INLINE,6,기타,FREE_SERVICE,,,,,국내공항 무료 발레파킹 서비스 (전월실적 50만원 이상),CONFIRMED
1985,2902,500000,CARD_LEVEL,14,생활,RATE_DISCOUNT,10.0,,,,[라이프] OTT/뷰티/여가 10% 할인,CONFIRMED
1986,2903,300000,CARD_LEVEL,3,주유,FIXED_AMOUNT,,150,,,"SK에너지·HD현대오일뱅크에서 주유 시 리터당 150원 청구 할인
모든 충전소(LPG) 이용 시 리터당 150원 청구 할인",CONFIRMED
1987,2904,500000,CARD_LEVEL,14,생활,RATE_DISCOUNT,10.0,,,,"8가지 생활영역에서 10% 청구할인
(병원/의원, 관리비, 통신, 쇼핑, 학원, 커피, 보험, 골프)",CONFIRMED
1988,2905,200000,CARD_LEVEL,26,해외,FREE_SERVICE,,,,,"[해외 혜택] 해외 가맹점, ATM 이용 수수료 면제",CONFIRMED
1989,2905,200000,CARD_LEVEL,18,카페,FIXED_AMOUNT,,1000,,,"[국내 혜택] 카페 1,000원 할인",CONFIRMED
1990,2905,200000,CARD_LEVEL,12,푸드,FIXED_AMOUNT,,5000,,,"[국내 혜택] 전국맛집 5,000원 할인",CONFIRMED
1991,2906,0,CARD_LEVEL,11,테마파크,RATE_DISCOUNT,50.0,,,,테마파크 서울랜드 50% 할인,CONFIRMED
1992,2907,300000,CARD_LEVEL,19,편의점,RATE_DISCOUNT,50.0,,,,[일본 여행] 일본 3대 편의점 50% 캐시백,CONFIRMED
1993,2907,300000,CARD_LEVEL,12,푸드,RATE_DISCOUNT,50.0,,,,[일본 여행] 일본 커피/패스트푸드 50% 캐시백,CONFIRMED
1994,2907,300000,CARD_LEVEL,26,해외,RATE_DISCOUNT,10.0,,,,[국내외 캐시백] 해외 10% 캐시백,CONFIRMED
1995,2907,300000,CARD_LEVEL,1,쇼핑,RATE_DISCOUNT,5.0,,,,[국내외 캐시백] 국내 쇼핑 5% 캐시백,CONFIRMED
1996,2907,300000,CARD_LEVEL,12,푸드,RATE_DISCOUNT,5.0,,,,[국내외 캐시백] 국내 푸드 5% 캐시백,CONFIRMED
1997,2907,300000,CARD_LEVEL,14,생활,RATE_DISCOUNT,5.0,,,,[국내외 캐시백] 국내 일상 5% 캐시백,CONFIRMED
1998,2909,300000,CARD_LEVEL,1,쇼핑,RATE_DISCOUNT,5.0,,,,쇼핑 5% 청구할인,CONFIRMED
1999,2913,300000,CARD_LEVEL,10,영화,FIXED_AMOUNT,,3500,,,"메가박스/CGV 온라인 영화 예매 시 3,500원 청구할인",CONFIRMED
2000,2913,300000,CARD_LEVEL,11,테마파크,RATE_DISCOUNT,50.0,,,,롯데월드 어드벤처 종합이용권 50% 현장 할인,CONFIRMED
2001,2913,300000,CARD_LEVEL,11,테마파크,RATE_DISCOUNT,50.0,,,,에버랜드 페스티벌월드 자유이용권 50% 현장 할인,CONFIRMED
2002,2913,300000,CARD_LEVEL,11,테마파크,RATE_DISCOUNT,30.0,,,,캐리비안베이 입장권 30% 현장 할인,CONFIRMED
2003,2914,0,CARD_LEVEL,7,백화점,RATE_DISCOUNT,0.5,,,,국내외 가맹점 0.5% ~ 3% 신백리워드 포인트 적립,CONFIRMED
2004,2914,0,CARD_LEVEL,22,대형마트,FIXED_AMOUNT,,6000,,,"이마트 6,000원 할인 (통합 월 1회, 전월 이용금액 20만원 이상 시 제공)",CONFIRMED
2005,2914,0,CARD_LEVEL,10,영화,FIXED_AMOUNT,,3000,,,"CGV 3,000원 할인 (월 1회, 전월 이용금액 30만원 이상 시 제공)",CONFIRMED
2006,2914,0,CARD_LEVEL,11,테마파크,RATE_DISCOUNT,50.0,,,,"놀이공원 50% / 워터파크 30% 할인 (연 5회, 전월 이용금액 30만원 이상 시 제공)",CONFIRMED
2007,2914,0,CARD_LEVEL,33,무이자할부,INSTALLMENT_FREE,,3,,,국내 가맹점 주말 2~3개월 무이자할부,CONFIRMED
2008,2914,0,CARD_LEVEL,33,무이자할부,INSTALLMENT_FREE,,3,,,신세계백화점 / 이마트 2~3개월 무이자할부,CONFIRMED
2009,2923,300000,CARD_LEVEL,7,백화점,RATE_DISCOUNT,3.0,,,,신세계백화점 최대 3% 결제일 할인 서비스,CONFIRMED
2010,2923,300000,CARD_LEVEL,32,해외이용,RATE_DISCOUNT,2.0,,,,해외 가맹점 2% 할인 서비스,CONFIRMED
2011,2929,200000,CARD_LEVEL,13,선택형,RATE_DISCOUNT,50.0,,,,"[A팩] 6개 영역 최대 50% 할인
OTT, APP, 여가, 교통, 편의점, 영화관",CONFIRMED
2012,2929,200000,CARD_LEVEL,13,선택형,RATE_DISCOUNT,50.0,,,,"[B팩] 6개 영역 최대 50% 할인
쇼핑 멤버십, 통신요금, 패션/라이프, 배달, 편의점, 데이트",CONFIRMED
2013,2930,400000,CARD_LEVEL,13,선택형,RATE_DISCOUNT,10.0,,,,"[일상팩] 6개 영역 최대 10% 청구할인
주유, 배달, 통신/보험/APP, 온라인쇼핑, 편의점, 취미/자기관리",CONFIRMED
2014,2930,400000,CARD_LEVEL,13,선택형,RATE_DISCOUNT,10.0,,,,"[가족팩] 6개 영역 최대 10% 청구할인
생활요금, 온라인장보기, 일상케어, 학원, 대형마트, 카페",CONFIRMED
2015,2943,400000,CARD_LEVEL,21,온라인쇼핑,RATE_DISCOUNT,5.0,,,,G마켓/옥션 5% 빅포인트 적립,CONFIRMED
2016,2943,400000,CARD_LEVEL,5,통신,RATE_DISCOUNT,5.0,,,,이동통신 5% 빅포인트 적립,CONFIRMED
2017,2943,400000,CARD_LEVEL,26,해외,RATE_DISCOUNT,2.0,,,,해외 가맹점 2% 빅포인트 적립,CONFIRMED
2018,2944,500000,CARD_LEVEL,23,바우처,VOUCHER,,150000,,,"[연간 보너스] 쇼핑, 호텔, 여행 영역 15만원권 바우처 제공(연 1회, 서비스 실적 조건 확인)",CONFIRMED
2019,2952,400000,CARD_LEVEL,3,주유,RATE_DISCOUNT,10.0,,,,HD현대오일뱅크 10% 할인,CONFIRMED
2020,2952,400000,CARD_LEVEL,5,통신,RATE_DISCOUNT,5.0,,,,통신 5% 할인,CONFIRMED
2021,2952,400000,CARD_LEVEL,19,편의점,RATE_DISCOUNT,5.0,,,,편의점 5% 할인,CONFIRMED
2022,2952,400000,CARD_LEVEL,21,온라인쇼핑,RATE_DISCOUNT,5.0,,,,온라인쇼핑몰 5% 할인,CONFIRMED
2023,2954,300000,CARD_LEVEL,19,편의점,RATE_DISCOUNT,5.0,,,,"편의점 이용 시 최대 5% 적립(GS25, CU, 세븐일레븐, 이마트24)",CONFIRMED
2024,2955,300000,CARD_LEVEL,27,교통,RATE_DISCOUNT,10.0,,,,대중교통/택시 10% 할인,CONFIRMED
2025,2964,400000,CARD_LEVEL,21,온라인쇼핑,RATE_DISCOUNT,5.0,,,,[국내 할인 서비스] 온라인패션몰 5% 할인,CONFIRMED
2026,2964,400000,CARD_LEVEL,26,해외,RATE_DISCOUNT,2.0,,,,[특별 서비스] 해외 가맹점 2% 할인,CONFIRMED
2027,2970,400000,CARD_LEVEL,5,통신,RATE_DISCOUNT,10.0,,,,[위시 베이직] 이동통신요금 10% 할인,CONFIRMED
2028,2970,400000,CARD_LEVEL,13,선택형,RATE_DISCOUNT,5.0,,,,[위시 픽] 배달/커피 5% 할인 (배달/일상/관리 중 택 1),CONFIRMED
2029,2970,400000,CARD_LEVEL,13,선택형,RATE_DISCOUNT,5.0,,,,"[위시 픽] 택시/커피 5%, 영화관 30% 할인 (배달/일상/관리 중 택 1)",CONFIRMED
2030,2970,400000,CARD_LEVEL,13,선택형,RATE_DISCOUNT,5.0,,,,"[위시 픽] 미용실, 스포츠, 온라인서점, 올리브영 5% 할인 (배달/일상/관리 중 택 1)",CONFIRMED
2031,2975,0,CARD_LEVEL,26,해외,RATE_DISCOUNT,1.5,,,,해외 가맹점 1.5% 결제일 할인,CONFIRMED
2032,2975,0,CARD_LEVEL,33,무이자할부,INSTALLMENT_FREE,,3,,,국내 가맹점 2~3개월 무이자 할부,CONFIRMED
2033,2977,0,CARD_LEVEL,32,해외이용,FREE_SERVICE,,,,,"국제 브랜드 수수료 / 해외 서비스 수수료 면제
해외 ATM 이용 인출 수수료 및 국제 브랜드 수수료 면제",CONFIRMED
2034,2977,0,CARD_LEVEL,26,해외,RATE_DISCOUNT,50.0,,,,"일본 돈키호테 50% 할인
일본 편의점 50% 할인",CONFIRMED
2035,2978,500000,CARD_LEVEL,1,쇼핑,RATE_DISCOUNT,10.0,,,,온·오프라인 쇼핑 10% 청구할인,CONFIRMED
2036,2978,500000,CARD_LEVEL,1,쇼핑,RATE_DISCOUNT,5.0,,,,주중 온라인/주말 오프라인 쇼핑 5% 추가 청구할인,CONFIRMED
2037,2978,500000,CARD_LEVEL,21,온라인쇼핑,RATE_DISCOUNT,50.0,,,,온라인 쇼핑 멤버십 50% 청구할인,CONFIRMED
2038,2980,0,CARD_LEVEL,33,무이자할부,INSTALLMENT_FREE,,3,,,2~3개월 무이자 할부 서비스,CONFIRMED
2039,2981,0,CARD_LEVEL,26,해외,RATE_DISCOUNT,3.5,,,,해외 가맹점 3.5% 청구할인,CONFIRMED
2040,2986,0,CARD_LEVEL,1,쇼핑,RATE_DISCOUNT,1.0,,,,[기본 서비스] 쇼핑 1% 할인,CONFIRMED
2041,2986,0,CARD_LEVEL,33,무이자할부,INSTALLMENT_FREE,,3,,,[기본 서비스] 병원/약국 2~3개월 무이자할부,CONFIRMED
2042,2987,0,CARD_LEVEL,26,해외,RATE_DISCOUNT,2.0,,,,해외 가맹점 2.0% 결제일 할인,CONFIRMED
2043,2987,0,CARD_LEVEL,33,무이자할부,INSTALLMENT_FREE,,3,,,국내 가맹점 2~3개월 무이자 할부,CONFIRMED
2044,2988,400000,CARD_LEVEL,26,해외,RATE_DISCOUNT,1.0,,,,해외 가맹점 1% 할인,CONFIRMED
2045,2989,400000,INLINE,12,푸드,RATE_DISCOUNT,10.0,,,,"[기본 혜택] 일반음식점, 배달 앱 10% 청구 할인 (전월실적 40만원 이상)",CONFIRMED
2046,2991,0,CARD_LEVEL,32,해외이용,RATE_DISCOUNT,2.0,,,,[추가 혜택] 실적·한도 제한 없이 해외 온·오프라인 가맹점 2% 청구 할인,CONFIRMED
2047,2993,500000,CARD_LEVEL,33,무이자할부,INSTALLMENT_FREE,,3,,,2~3개월 무이자할부 서비스,CONFIRMED
2048,2997,500000,CARD_LEVEL,33,무이자할부,INSTALLMENT_FREE,,3,,,국내 2~3개월 무이자할부,CONFIRMED
2049,2998,500000,CARD_LEVEL,33,무이자할부,INSTALLMENT_FREE,,3,,,국내 2~3개월 무이자할부,CONFIRMED
2050,2210,300000,CARD_LEVEL,1,쇼핑,RATE_DISCOUNT,10.0,,,,[SHOPPING] 쇼핑 10% 청구할인,CONFIRMED
2051,2210,300000,CARD_LEVEL,14,생활,RATE_DISCOUNT,10.0,,,,[LIFE] 생활 10% 청구할인,CONFIRMED
2052,2210,300000,CARD_LEVEL,5,통신,INSTALLMENT_FREE,,24,,,[MOBILE] KT 단말기 할부대금 2~24개월 무이자 할부,CONFIRMED
2053,2271,400000,CARD_LEVEL,14,생활,RATE_DISCOUNT,7.0,,,,"[Social 서비스] 사회적인 나를 위한 소셜 라이프 서비스
이동통신, 대중교통, 카카오T, 골프, 편의점 7% 할인",CONFIRMED
2054,2271,400000,CARD_LEVEL,14,생활,RATE_DISCOUNT,10.0,,,,"[Personal 서비스] 개인적인 나의 일상을 즐기기 위한 사적 서비스
배달어플 10% 할인, 주유소/운동/넷플릭스/유튜브 프리미엄 7% 할인",CONFIRMED
2055,2271,400000,CARD_LEVEL,14,생활,RATE_DISCOUNT,50.0,,,,"[Always 서비스] 언제나 즐길 수 있는 데일리 서비스
스타벅스 사이렌오더 50% 할인, 온라인몰 7% 할인",CONFIRMED
2056,2346,150000,CARD_LEVEL,17,대중교통,RATE_DISCOUNT,7.0,,,,[매일 할인] 대중교통 7% 할인,CONFIRMED
2057,2346,150000,CARD_LEVEL,19,편의점,RATE_DISCOUNT,10.0,,,,[라이프스타일 할인] 편의점 10% 할인,CONFIRMED
2058,2346,150000,CARD_LEVEL,21,온라인쇼핑,RATE_DISCOUNT,10.0,,,,[라이프스타일 할인] 온라인쇼핑 10% 할인,CONFIRMED
2059,2346,150000,CARD_LEVEL,5,통신,RATE_DISCOUNT,10.0,,,,[라이프스타일 할인] 통신 10% 할인,CONFIRMED
2060,2348,400000,CARD_LEVEL,2,모든가맹점,RATE_DISCOUNT,0.7,,,,전 가맹점 0.7% 기본 할인,CONFIRMED
2061,2348,400000,CARD_LEVEL,1,쇼핑,RATE_DISCOUNT,6.3,,,,[특별 할인] 온라인쇼핑/간편결제 6.3% 추가 할인,CONFIRMED
2062,2348,400000,CARD_LEVEL,6,기타,RATE_DISCOUNT,6.3,,,,[특별 할인] 교통/통신/스트리밍 6.3% 할인,CONFIRMED
2063,2350,0,CARD_LEVEL,2,모든가맹점,RATE_DISCOUNT,0.8,,,,[덤1] 국내외 가맹점 0.8% 청구할인,CONFIRMED
2064,2350,0,CARD_LEVEL,14,생활,RATE_DISCOUNT,0.5,,,,[덤2] 생활 편의 업종 이용 시 0.5% 추가 청구할인,CONFIRMED
2065,2350,0,CARD_LEVEL,6,기타,RATE_DISCOUNT,0.2,,,,[덤3] 국내 가맹점 3개월 이상 유이자 할부 또는 결제 금액 10만원 이상 사용 시 0.2% 추가 청구할인,CONFIRMED
2066,2351,200000,CARD_LEVEL,8,패밀리레스토랑,RATE_DISCOUNT,10.0,,,,[생활할인 서비스] 패밀리레스토랑 10% 청구할인,CONFIRMED
2067,2351,200000,CARD_LEVEL,18,카페,RATE_DISCOUNT,20.0,,,,[생활할인 서비스] 커피 20% 청구할인,CONFIRMED
2068,2351,200000,CARD_LEVEL,10,영화,FIXED_AMOUNT,,3000,,,"[생활할인 서비스] 영화 3,000원 청구할인(현장/온라인 예매 포함)",CONFIRMED
2069,2362,0,CARD_LEVEL,2,모든가맹점,RATE_DISCOUNT,1.0,,,,[SUPER MONEY] 페이북 결제 시 1% 페이북 머니 적립,CONFIRMED
2070,2362,0,CARD_LEVEL,2,모든가맹점,RATE_DISCOUNT,0.2,,,,[STANDARD MONEY] 일반 가맹점 결제 시 0.2% 페이북 머니 적립,CONFIRMED
2071,2380,300000,CARD_LEVEL,1,쇼핑,RATE_DISCOUNT,5.0,,,,[쇼핑] 신세계백화점·이마트 등 5% 할인,CONFIRMED
2072,2380,300000,CARD_LEVEL,27,교통,RATE_DISCOUNT,4.0,,,,[교통] 주유소·전기차·대중교통·택시 4% 할인,CONFIRMED
2073,2380,300000,CARD_LEVEL,21,온라인쇼핑,RATE_DISCOUNT,7.0,,,,[온라인몰] SSG·쿠팡·G마켓·옥션·11번가 7% 할인,CONFIRMED
2074,2380,300000,CARD_LEVEL,14,생활,RATE_DISCOUNT,5.0,,,,[생활] 병원·약국·통신3사휴대폰요금 5% 할인,CONFIRMED
2075,2380,300000,CARD_LEVEL,12,푸드,RATE_DISCOUNT,10.0,,,,[커피/외식] 스타벅스·이디야·아웃백 등 10% 할인,CONFIRMED
2076,2382,300000,CARD_LEVEL,2,모든가맹점,RATE_DISCOUNT,1.5,,,,페이북머니 최대 1.5% 기본 적립,CONFIRMED
2077,2382,300000,CARD_LEVEL,33,무이자할부,INSTALLMENT_FREE,,3,,,국내 전 가맹점 2~3개월 무이자 할부,CONFIRMED
2078,2383,300000,CARD_LEVEL,1,쇼핑,RATE_DISCOUNT,7.0,,,,[FLEX] 신세계백화점·W concept 등 7% 할인,CONFIRMED
2079,2383,300000,CARD_LEVEL,14,생활,RATE_DISCOUNT,7.0,,,,[HEALTH&BEAUTY] 운동·골프·병원·약국·이/미용원 7% 할인,CONFIRMED
2080,2383,300000,CARD_LEVEL,31,카페/디저트,RATE_DISCOUNT,7.0,,,,[YUMMY] 카페·편의점·제과점 7% 할인,CONFIRMED
2081,2383,300000,CARD_LEVEL,6,기타,RATE_DISCOUNT,7.0,,,,[DAILY] 통신3사휴대폰요금·대중교통 등 7% 할인,CONFIRMED
2082,2384,200000,CARD_LEVEL,6,기타,RATE_DISCOUNT,5.0,,,,[매일할인] 점심식사·배달앱·대중교통 5% 할인,CONFIRMED
2083,2384,200000,CARD_LEVEL,1,쇼핑,RATE_DISCOUNT,7.0,,,,[라이프스타일 할인] 신세계·온라인쇼핑·뷰티·통신 등 7% 할인,CONFIRMED
2084,2462,0,CARD_LEVEL,2,모든가맹점,RATE_DISCOUNT,0.7,,,,"기본 할인 (실적, 한도 제한 없음)
국내 가맹점 0.7% 할인",CONFIRMED
2085,2462,0,CARD_LEVEL,1,쇼핑,RATE_DISCOUNT,1.7,,,,"특별 할인 (실적, 한도 제한 없음)
신세계백화점, SSGPAY 1.7% 할인",CONFIRMED
2086,2462,0,CARD_LEVEL,32,해외이용,RATE_DISCOUNT,1.7,,,,"특별 할인 (실적, 한도 제한 없음)
해외 가맹점 1.7% 청구 할인",CONFIRMED
2087,2462,0,CARD_LEVEL,6,기타,RATE_DISCOUNT,2.7,,,,"특별 할인 (실적, 한도 제한 없음)
신세계백화점 아카데미 2.7% 할인",CONFIRMED
2088,2462,0,CARD_LEVEL,33,무이자할부,INSTALLMENT_FREE,,3,,,국내 전 가맹점 2~3개월 무이자 할부,CONFIRMED
2089,2485,300000,CARD_LEVEL,9,주유소,RATE_DISCOUNT,1.0,,,,SK 주유소 1% 청구할인,CONFIRMED
2090,2501,300000,CARD_LEVEL,9,주유소,FIXED_AMOUNT,,150,,,[주유 할인 서비스] GS칼텍스 리터당 최대 150원 할인,CONFIRMED
2091,2501,300000,CARD_LEVEL,21,온라인쇼핑,RATE_DISCOUNT,10.0,,,,[생활 할인 서비스] 온라인쇼핑 10% 청구할인,CONFIRMED
2092,2501,300000,CARD_LEVEL,7,백화점,RATE_DISCOUNT,5.0,,,,[생활 할인 서비스] 백화점업종 5% 청구할인,CONFIRMED
2093,2501,300000,CARD_LEVEL,22,대형마트,RATE_DISCOUNT,5.0,,,,[생활 할인 서비스] 대형마트 5% 청구할인,CONFIRMED
2094,2501,300000,CARD_LEVEL,8,패밀리레스토랑,RATE_DISCOUNT,20.0,,,,[생활 할인 서비스] 패밀리레스토랑 20% 청구할인,CONFIRMED
2095,2501,300000,CARD_LEVEL,18,카페,RATE_DISCOUNT,10.0,,,,[생활 할인 서비스] 커피 전문점 10% 청구할인,CONFIRMED
2096,2501,300000,CARD_LEVEL,17,대중교통,RATE_DISCOUNT,10.0,,,,[생활 할인 서비스] 대중교통 10% 할인,CONFIRMED
2097,2502,300000,CARD_LEVEL,21,온라인쇼핑,RATE_DISCOUNT,5.0,,,,모바일 결제 5% 할인,CONFIRMED
2098,2502,300000,CARD_LEVEL,9,주유소,FIXED_AMOUNT,,60,,,GS칼텍스 리터당 60원 할인,CONFIRMED
2099,2502,300000,CARD_LEVEL,19,편의점,RATE_DISCOUNT,10.0,,,,전국 주요 편의점 10% 할인,CONFIRMED
2100,2502,300000,CARD_LEVEL,10,영화,FIXED_AMOUNT,,1500,,,"영화 인터넷 예매 시 1,500원 할인",CONFIRMED
2101,2502,300000,CARD_LEVEL,8,패밀리레스토랑,RATE_DISCOUNT,10.0,,,,전국 주요 외식업체 10% 할인,CONFIRMED
2102,2502,300000,CARD_LEVEL,33,무이자할부,INSTALLMENT_FREE,,3,,,"전국 대형할인점, 백화점에서 최대 3개월 무이자",CONFIRMED
2103,2502,300000,CARD_LEVEL,30,렌터카,RATE_DISCOUNT,35.0,,,,롯데렌터카(구. 금호렌터카) 35% 할인,CONFIRMED
2104,2503,300000,CARD_LEVEL,3,주유,FIXED_AMOUNT,,60,,,전국 모든 주유소 최대 60원 할인,CONFIRMED
2105,2503,300000,CARD_LEVEL,11,테마파크,FREE_SERVICE,,,,,키자니아 무료입장 세트권(대인+소인) 무료제공,CONFIRMED
2106,2503,300000,CARD_LEVEL,33,무이자할부,INSTALLMENT_FREE,,3,,,"전국 모든 백화점, 할인점, 자동차판매, 의류, 학원, 레져업소, 레져용품, 학원 업종에서 2~3개월 무이자할부",CONFIRMED
2107,2503,300000,CARD_LEVEL,11,테마파크,RATE_DISCOUNT,50.0,,,,키자니아 및 전국 주요 테마파크 무료입장 또는 최대 50% 할인,CONFIRMED
2108,2503,300000,CARD_LEVEL,8,패밀리레스토랑,RATE_DISCOUNT,10.0,,,,전국 주요 외식업체 10% 할인,CONFIRMED
2109,2503,300000,CARD_LEVEL,5,통신,RATE_DISCOUNT,3.0,,,,이동통신요금 3% 할인,CONFIRMED
2110,2503,300000,CARD_LEVEL,6,기타,FREE_SERVICE,,,,,"유아~고등학생 대상 진단테스트, 교육전문가 1:1온라인 맞춤형 상담 무료제공",CONFIRMED
2111,2557,300000,CARD_LEVEL,17,대중교통,RATE_DISCOUNT,15.0,,,,"대중교통(버스, 지하철) 15% 결제일 할인",CONFIRMED
2112,2557,300000,CARD_LEVEL,5,통신,RATE_DISCOUNT,5.0,,,,이동통신요금 5% 결제일 할인,CONFIRMED
2113,2557,300000,CARD_LEVEL,19,편의점,RATE_DISCOUNT,5.0,,,,편의점 5% 결제일 할인,CONFIRMED
2114,2557,300000,CARD_LEVEL,18,카페,RATE_DISCOUNT,5.0,,,,카페 5% 결제일 할인,CONFIRMED
2115,2557,300000,CARD_LEVEL,32,해외이용,RATE_DISCOUNT,3.0,,,,해외 3% 결제일 할인,CONFIRMED
2116,2591,300000,CARD_LEVEL,12,푸드,RATE_DISCOUNT,10.0,,,,음식점/커피 10% 결제일 할인,CONFIRMED
2117,2591,300000,CARD_LEVEL,27,교통,RATE_DISCOUNT,10.0,,,,버스/지하철/택시 10% 결제일 할인,CONFIRMED
2118,2591,300000,CARD_LEVEL,26,해외,RATE_DISCOUNT,10.0,,,,해외 10% 결제일 할인,CONFIRMED
2119,2607,300000,INLINE,9,주유소,RATE_DISCOUNT,1.0,,,,"SK주유소 결제일 할인
전월 실적 30만원 이상 시 1% 할인",CONFIRMED
2120,2616,300000,CARD_LEVEL,14,생활,RATE_DISCOUNT,10.0,,,,"공유 모빌리티, 대중교통, 일반교통, 커피전문점 에코머니 포인트 10% 적립",CONFIRMED
2121,2724,150000,CARD_LEVEL,1,쇼핑,RATE_DISCOUNT,7.0,,,,[바로카드 Pick! 적립] 쇼픽 그룹 7% 적립,CONFIRMED
2122,2724,150000,CARD_LEVEL,12,푸드,RATE_DISCOUNT,7.0,,,,[바로카드 Pick! 적립] 먹픽 그룹 7% 적립,CONFIRMED
2123,2724,150000,CARD_LEVEL,14,생활,RATE_DISCOUNT,7.0,,,,[바로카드 Pick! 적립] 생픽 그룹 7% 적립,CONFIRMED
2124,2724,150000,CARD_LEVEL,26,해외,RATE_DISCOUNT,2.0,,,,"[전월 실적, 한도 없는 적립] 해외 온/오프라인 결제 2% 적립",CONFIRMED
2125,2724,150000,CARD_LEVEL,33,무이자할부,INSTALLMENT_FREE,,3,,,전국 모든 가맹점 2~3개월 무이자할부 서비스,CONFIRMED
2126,2774,300000,CARD_LEVEL,27,교통,RATE_DISCOUNT,15.0,,,,"대중교통(버스, 지하철) 15% 결제일 할인",CONFIRMED
2127,2774,300000,CARD_LEVEL,5,통신,RATE_DISCOUNT,5.0,,,,이동통신요금 5% 결제일 할인,CONFIRMED
2128,2774,300000,CARD_LEVEL,19,편의점,RATE_DISCOUNT,5.0,,,,편의점 5% 결제일 할인,CONFIRMED
2129,2774,300000,CARD_LEVEL,21,온라인쇼핑,RATE_DISCOUNT,10.0,,,,온라인쇼핑 멤버십 10% 결제일 할인,CONFIRMED
2130,2774,300000,CARD_LEVEL,18,카페,RATE_DISCOUNT,5.0,,,,카페 5% 결제일 할인,CONFIRMED
2131,12,0,CARD_LEVEL,20,항공마일리지,FIXED_AMOUNT,,1500,,,"대한항공 1,500원당 1마일/아시아나항공 1,000원당 1마일",RECOVERED
2132,12,300000,INLINE,16,프리미엄,FIXED_AMOUNT,,300000,,,특급 호텔 발렛파킹/면세점 우대 서비스 (전월실적 30만원 이상),RECOVERED
2133,14,300000,CARD_LEVEL,18,카페,FIXED_AMOUNT,,2500000,,,스타벅스 모바일쿠폰 보너스 리워드 (분기별 실적 250만원 이상),RECOVERED
2134,16,300000,INLINE,16,프리미엄,FIXED_AMOUNT,,300000,,,Platinum # 서비스(전월실적 30만원 이상),RECOVERED
2135,21,300000,INLINE,10,영화,FIXED_AMOUNT,,300000,,,온라인 영화 예매 할인 (전월실적 30만원 이상),RECOVERED
2136,21,300000,INLINE,16,프리미엄,FIXED_AMOUNT,,300000,,,Platinum# 서비스 및 국제브랜드사 서비스 (전월실적 30만원 이상),RECOVERED
2137,39,300000,INLINE,10,영화,FIXED_AMOUNT,,300000,,,롯데시네마 일반관 5천원 현장 할인 (전월실적 30만원 이상),RECOVERED
2138,54,300000,INLINE,28,프리미엄 서비스,FIXED_AMOUNT,,300000,,,아멕스 PLATINUM 등급 서비스 [전월 실적 30만원 이상],RECOVERED
2139,130,500000,CARD_LEVEL,23,바우처,FIXED_AMOUNT,,1000000,,,"쿠폰서비스
(카드 발급 첫해:100만원이상 이용 시, 다음해 이후:전년도 1000만원 이상 이용 시)",RECOVERED
2140,131,500000,CARD_LEVEL,23,바우처,FIXED_AMOUNT,,1000000,,,"쿠폰서비스
(카드 발급 첫해:100만원이상 이용 시, 다음해 이후:전년도 1000만원 이상 이용 시)",RECOVERED
2141,185,400000,CARD_LEVEL,14,생활,FIXED_AMOUNT,,10000,,,아파트관리비 최대 1만원 할인,RECOVERED
2142,185,400000,CARD_LEVEL,1,쇼핑,FIXED_AMOUNT,,10000,,,쇼핑 최대 1만원 할인,RECOVERED
2143,215,500000,CARD_LEVEL,21,온라인쇼핑,FIXED_AMOUNT,,100000,,,퇴근 후 할인 - 온라인쇼핑 10만원 이상 결제 시 5천원 결제일 할인,RECOVERED
2144,215,500000,CARD_LEVEL,10,영화,FIXED_AMOUNT,,10000,,,"주말 할인 - 롯데시네마, CGV 1만원 이상 결제 시 3천원 결제일 할인",RECOVERED
2145,251,300000,CARD_LEVEL,10,영화,FIXED_AMOUNT,,10000,,,국내 영화관 영화표 1만원 이상 결제하면 5천원 청구할인,RECOVERED
2146,346,300000,CARD_LEVEL,25,정비,FIXED_AMOUNT,,20000,,,스피드메이트 엔진오일교환 2만원 현장할인 및 정비 할인,RECOVERED
2147,350,200000,CARD_LEVEL,25,정비,FIXED_AMOUNT,,20000,,,스피드메이트 엔진오일교환 2만원 현장할인 및 정비 할인,RECOVERED
2148,423,0,CARD_LEVEL,23,바우처,FIXED_AMOUNT,,500000,,,최대 50만원 상당의 바우처 제공(연 1회),RECOVERED
2149,465,300000,CARD_LEVEL,10,영화,FIXED_AMOUNT,,10000,,,"CGV, 메가박스, 롯데시네마 영화표 1만원 이상 결제하면 5천원 청구할인 (월 1회)",RECOVERED
2150,500,0,CARD_LEVEL,15,면세점,FIXED_AMOUNT,,50000,,,신세계면세점 선불카드 5만원 증정,RECOVERED
2151,522,500000,CARD_LEVEL,5,통신,FIXED_AMOUNT,,10000,,,통신요금 자동이체 1만원~1만5천원 청구할인,RECOVERED
2152,529,500000,CARD_LEVEL,23,바우처,FIXED_AMOUNT,,200000,,,최대 20만원 상당의 바우처 제공(연 1회),RECOVERED
2153,539,0,CARD_LEVEL,23,바우처,FIXED_AMOUNT,,30000,,,3만원 상당 기프트카드 제공,RECOVERED
2154,540,400000,CARD_LEVEL,6,기타,FIXED_AMOUNT,,6000000,,,"누적 이용금액 600만원 달성 시, 1만원 보너스 캐시백",RECOVERED
2155,551,500000,CARD_LEVEL,14,생활,FIXED_AMOUNT,,10000,,,자동납부 5천원/1만원 캐시백,RECOVERED
2156,569,500000,CARD_LEVEL,14,생활,FIXED_AMOUNT,,10000,,,4대 디지털 스트리밍 서비스 1만원 청구 할인,RECOVERED
2157,626,1500000,CARD_LEVEL,6,기타,FIXED_AMOUNT,,50000,,,SPECIAL GIFT 서비스: 특급호텔 F&B 5만원 이용권,RECOVERED
2158,627,0,CARD_LEVEL,6,기타,FIXED_AMOUNT,,50000,,,SPECIAL GIFT 서비스: 특급호텔 F&B 5만원 이용권,RECOVERED
2159,693,400000,CARD_LEVEL,25,정비,FIXED_AMOUNT,,40000,,,"스피드메이트/오토오아시스/현대 블루핸즈/기아 오토큐
연 최대 4만원 결제일 할인",RECOVERED
2160,707,750000,CARD_LEVEL,23,바우처,FIXED_AMOUNT,,60000,,,큰 금액 이용할 때 6만원 Flex Voucher까지,RECOVERED
2161,717,0,CARD_LEVEL,23,바우처,FIXED_AMOUNT,,50000,,,"프리미엄 기프트 5만원 상당 제공(연 1회, 택 1)",RECOVERED
2162,724,0,CARD_LEVEL,23,바우처,FIXED_AMOUNT,,600000,,,"[공통 제공 혜택]
트래블·호텔·쇼핑 영역별 최대 4매, 총 60만원까지 연 1회 선택 가능",RECOVERED
2163,769,300000,INLINE,10,영화,FIXED_AMOUNT,,300000,,,CGV/메가박스 온라인 영화 예매 청구할인 (전월실적 30만원 이상),RECOVERED
2164,769,300000,INLINE,11,테마파크,FIXED_AMOUNT,,300000,,,롯데월드/에버랜드/캐리비안베이 현장할인 (전월실적 30만원 이상),RECOVERED
2165,890,500000,CARD_LEVEL,23,바우처,FIXED_AMOUNT,,20000,,,스페셜기프트 - 매년 2만원 캐시백 지급,RECOVERED
2166,952,300000,CARD_LEVEL,3,주유,FIXED_AMOUNT,,50000,,,SK주유소 월 최대 5만원 할인,RECOVERED
2167,1002,400000,CARD_LEVEL,5,통신,FIXED_AMOUNT,,20000,,,통신요금 최대 2만원 할인,RECOVERED
2168,1006,500000,CARD_LEVEL,23,바우처,FIXED_AMOUNT,,3000000,,,매년 1회 Gift Option 선택 제공 (전년도 실적 300만원 이상),RECOVERED
2169,1006,500000,INLINE,35,골프,FIXED_AMOUNT,,500000,,,골프 쇼핑 or 레슨 할인 (전월실적 50만원 이상),RECOVERED
2170,1253,300000,CARD_LEVEL,10,영화,FIXED_AMOUNT,,300000,,,"지난달 이용실적 30만원 이상 시 청구할인 제공
CGV, 메가박스, 롯데시네마 3천원 할인",RECOVERED
2171,1253,300000,CARD_LEVEL,18,카페,FIXED_AMOUNT,,300000,,,"지난달 이용실적 30만원 이상 시 청구할인 제공
스타벅스, 커피빈 4천원 할인 (월 4천원 한도, 월 1회)",RECOVERED
2172,1379,300000,CARD_LEVEL,23,바우처,FIXED_AMOUNT,,110000,,,"쿠폰서비스 [연1회, 12가지 쿠폰서비스 중 택1]
최대 11만원 상당 제공",RECOVERED
2173,1597,500000,CARD_LEVEL,32,해외이용,FIXED_AMOUNT,,1000,,,"해외 이용금액 1,000원당 총 2마일 적립",RECOVERED
2174,1597,500000,CARD_LEVEL,15,면세점,FIXED_AMOUNT,,1000,,,"신라면세점 더 심플(앱) 1,000원당 총 2마일 적립",RECOVERED
2175,1731,0,CARD_LEVEL,23,바우처,FIXED_AMOUNT,,1000000,,,100만원 상당 선택 제공 기프트 ①~⑤ 택 1 (연 1회),RECOVERED
2176,1768,300000,CARD_LEVEL,20,항공마일리지,FIXED_AMOUNT,,1000,,,"이용금액 1,000원당 1~2 대한항공 마일리지 적립",RECOVERED
2177,1991,0,CARD_LEVEL,23,바우처,FIXED_AMOUNT,,1000000,,,3인 이상 하나투어 해외여행/해외호텔을 예약하실 경우 1인 여행경비에 대해 100만원까지 현장할인,RECOVERED
2178,2224,0,CARD_LEVEL,6,기타,FIXED_AMOUNT,,30000,,,모바일쿠폰서비스 최대 3만원,RECOVERED
2179,2230,750000,CARD_LEVEL,33,무이자할부,FIXED_AMOUNT,,50000,,,국내 가맹점에서 5만원 이상 2~3개월 할부 결제 시 무이자 할부 혜택이 제공,RECOVERED
2180,2259,500000,CARD_LEVEL,23,바우처,FIXED_AMOUNT,,200000,,,"최대 20만원 상당의 바우처 제공
총 5개 영역에서 최대 20만원까지 선택하여 사용",RECOVERED
2181,2259,500000,CARD_LEVEL,16,프리미엄,FIXED_AMOUNT,,20000000,,,"로열티 보너스: 연간 이용금액 2,000만원 이상 시 로열티 보너스 제공(연 1회, 택 1)",RECOVERED
2182,2260,500000,CARD_LEVEL,23,바우처,FIXED_AMOUNT,,100000,,,10만원 상당의 바우처 제공,RECOVERED
2183,2285,0,CARD_LEVEL,24,마트/편의점,FIXED_AMOUNT,,10000,,,"CU, GS25, 세븐일레븐, 이마트24, 올리브영 건당 1만원 이상 결제 시, 1천원 캐시백",RECOVERED
2184,2285,0,CARD_LEVEL,12,푸드,FIXED_AMOUNT,,10000,,,"뚜레쥬르, 파리바게트, 버거킹, 맥도날드, 롯데리아 건당 1만원 이상 결제 시, 1천원 캐시백",RECOVERED
2185,2285,0,CARD_LEVEL,17,대중교통,FIXED_AMOUNT,,20000,,,"버스, 지하철, 후불교통 이용금액 월 합산 2만원 이상 결제 시, 2천원 캐시백",RECOVERED
2186,2371,400000,INLINE,6,기타,FIXED_AMOUNT,,400000,,,[Weekly 할인 쿠폰] 매주 1회 국내 이용 할인 쿠폰 제공 (전월실적 40만원 이상),RECOVERED
2187,2388,0,CARD_LEVEL,14,생활,FIXED_AMOUNT,,60000,,,생활 편의 영역 6대 업종 결제 시 연간 통합 6만원 청구 할인,RECOVERED
2188,2396,0,CARD_LEVEL,23,바우처,FIXED_AMOUNT,,200000,,,[프리미엄 기프트] 프리미엄여행 할인권 20만원 제공,RECOVERED
2189,2396,0,CARD_LEVEL,23,바우처,FIXED_AMOUNT,,200000,,,[프리미엄 기프트] 신세계 상품권 모바일 교환권 20만원,RECOVERED
2190,2397,0,CARD_LEVEL,23,바우처,FIXED_AMOUNT,,200000,,,[프리미엄 기프트] 프리미엄여행 할인권 20만원 제공,RECOVERED
2191,2397,0,CARD_LEVEL,23,바우처,FIXED_AMOUNT,,200000,,,[프리미엄 기프트] 신세계 상품권 모바일 교환권 20만원,RECOVERED
2192,2436,500000,CARD_LEVEL,28,프리미엄 서비스,FIXED_AMOUNT,,20000000,,,"[로열티 보너스] 연간(카드 발급 확정일로부터 1년) 이용 금액 2,000만원 이상 시 로열티 보너스 제공(연 1회, 택1)",RECOVERED
2193,2592,500000,CARD_LEVEL,6,기타,FIXED_AMOUNT,,1500,,,"[부스터마일즈] 이용금액 1,500원당 1크리스플라이어 마일리지 추가 적립",RECOVERED
2194,2642,500000,CARD_LEVEL,23,바우처,FIXED_AMOUNT,,20000,,,[우대 서비스] 2만원 바로할인 보너스 카드 제공(6개월마다 1만원씩 총 2만원),RECOVERED
2195,2703,500000,CARD_LEVEL,23,바우처,FIXED_AMOUNT,,24000000,,,"연 누적 이용금액 2,400만원 이상 시 10만 하나머니 적립 (연 1회, 서비스 실적 조건 확인)",RECOVERED
2196,2704,500000,CARD_LEVEL,23,바우처,FIXED_AMOUNT,,300000,,,"해외/항공/면세/여행 30만원 청구 할인 (연 30만원 한도, 서비스 실적 조건 확인)",RECOVERED
2197,2704,500000,CARD_LEVEL,23,바우처,FIXED_AMOUNT,,200000,,,"특급호텔 레스토랑 20만원 현장 할인 (연 1회, 서비스 실적 조건 확인)",RECOVERED
2198,2705,500000,CARD_LEVEL,23,바우처,FIXED_AMOUNT,,200000,,,[DINING VOUCHER] 특급호텔 레스토랑 20만원 현장 할인 (연 1회),RECOVERED
2199,2705,500000,CARD_LEVEL,13,선택형,FIXED_AMOUNT,,100000,,,[SPECIAL PLATE] 특수 소재 카드 신청 가능 (신청 건별 발급수수료 10만원),RECOVERED
2200,2735,500000,INLINE,10,영화,FIXED_AMOUNT,,500000,,,[문화 취미] 메가박스 영화 온라인 예매 7천원 즉시 할인 (전월실적 50만원 이상),RECOVERED
2201,2780,500000,CARD_LEVEL,23,바우처,FIXED_AMOUNT,,6000000,,,"[Classic 전용혜택] 쿠폰 서비스 연 1회 제공, 3가지 중 택 1
연간 600만원 이상(초회년도는 실적조건 없음)",RECOVERED
2202,2790,500000,CARD_LEVEL,23,바우처,FIXED_AMOUNT,,1000000,,,[연간 보너스] 발급 첫해 누적 이용 금액 100만원 이상 시 5만원 크레딧 제공(연 1회),RECOVERED
2203,2791,500000,CARD_LEVEL,23,바우처,FIXED_AMOUNT,,1000000,,,[연간 보너스] 발급 첫해 누적 이용 금액 100만원 이상 시 5만원 크레딧 제공(연 1회),RECOVERED
2204,2792,500000,CARD_LEVEL,23,바우처,FIXED_AMOUNT,,1000000,,,[연간 보너스] 발급 첫해 누적 이용 금액 100만원 이상 시 5만원 크레딧 제공(연 1회),RECOVERED
2205,2793,500000,CARD_LEVEL,23,바우처,FIXED_AMOUNT,,1000000,,,[연간 보너스] 발급 첫해 누적 이용 금액 100만원 이상 시 5만원 크레딧 제공(연 1회),RECOVERED
2206,2824,500000,CARD_LEVEL,23,바우처,FIXED_AMOUNT,,50000,,,SPECIAL GIFT - 롯데상품권카드 5만원,RECOVERED
2207,2835,400000,INLINE,10,영화,FIXED_AMOUNT,,400000,,,[Monthly Plan 서비스] 영화 예매 5천원 결제일 할인 (전월실적 40만원 이상),RECOVERED
2208,2855,300000,INLINE,32,해외이용,FIXED_AMOUNT,,300000,,,해외 이용 적립 서비스 (전월실적 30만원 이상),RECOVERED
2209,2855,300000,INLINE,32,해외이용,FIXED_AMOUNT,,300000,,,일본 이용 추가 적립 서비스 (전월실적 30만원 이상),RECOVERED
2210,2898,500000,INLINE,6,기타,FIXED_AMOUNT,,500000,,,POINT 추가 적립 (전월실적 50만원 이상),RECOVERED
2211,2898,500000,INLINE,6,기타,FIXED_AMOUNT,,500000,,,인천공항 주차 할인 서비스 (전월실적 50만원 이상),RECOVERED
2212,2902,500000,CARD_LEVEL,23,바우처,FIXED_AMOUNT,,130000,,,[프리미엄 바우처] 최대 13만원 프리미엄 바우처 제공,RECOVERED
2213,2915,500000,CARD_LEVEL,16,프리미엄,FIXED_AMOUNT,,150000,,,프리미엄 영역 연간 최대 15만원 할인 기프트,RECOVERED
2214,2942,400000,INLINE,3,주유,FIXED_AMOUNT,,400000,,,[기본 혜택] GS칼텍스 이용 금액 청구 할인 (전월실적 40만원 이상),RECOVERED
2215,2953,300000,CARD_LEVEL,18,카페,POINT_PER_UNIT,1.0,,20000,WON,국내 스타벅스 이용 시 2만원당 스타벅스 리워드 별 1개 적립,RECOVERED
2216,2953,300000,CARD_LEVEL,26,해외,POINT_PER_UNIT,3.0,,20000,WON,해외 가맹점 이용 시 2만원당 스타벅스 리워드 별 3개 적립,RECOVERED
2217,1,0,CARD_LEVEL,6,기타,INSTALLMENT_SERVICE,,,,,무이자/영화/테마파크,SEMI_STRUCTURED
2218,11,0,CARD_LEVEL,14,생활,DISCOUNT_SERVICE_GENERIC,,,,,"생활친화가맹점 잔돈할인 서비스, Coin-Save",SEMI_STRUCTURED
2219,12,0,CARD_LEVEL,14,생활,POINT_UNSPECIFIED,,,,,마이신한포인트 추가 적립,SEMI_STRUCTURED
2220,15,300000,CARD_LEVEL,20,항공마일리지,MILEAGE_UNSPECIFIED,,,,,항공 마일리지 적립 서비스,SEMI_STRUCTURED
2221,16,500000,CARD_LEVEL,3,주유,POINT_UNSPECIFIED,,,,,국내 주유소 리터당 40~150포인트/충전소 리터당 10~50포인트 적립,SEMI_STRUCTURED
2222,21,300000,CARD_LEVEL,14,생활,DISCOUNT_SERVICE_GENERIC,,,,,잔돈 할인 서비스(Coin-Save),SEMI_STRUCTURED
2223,35,200000,CARD_LEVEL,11,테마파크,DISCOUNT_SERVICE_GENERIC,,,,,주요 놀이공원 할인 서비스,SEMI_STRUCTURED
2224,36,300000,CARD_LEVEL,28,프리미엄 서비스,PREMIUM_SERVICE,,,,,Platinum# 서비스 및 국제브랜드사 서비스,SEMI_STRUCTURED
2225,37,300000,CARD_LEVEL,13,선택형,MILEAGE_UNSPECIFIED,,,,,"캐시백(캐시백형 선택 시)
마일리지 적립(마일리지 적립형 선택 시)",SEMI_STRUCTURED
2226,38,300000,CARD_LEVEL,16,프리미엄,PREMIUM_SERVICE,,,,,Platinum# 서비스 및 국제브랜드사 서비스,SEMI_STRUCTURED
2227,50,300000,CARD_LEVEL,9,주유소,POINT_UNSPECIFIED,,,,,S-OIL 리터당 40 보너스포인트 적립,SEMI_STRUCTURED
2228,50,300000,CARD_LEVEL,11,테마파크,DISCOUNT_SERVICE_GENERIC,,,,,놀이공원 할인 서비스,SEMI_STRUCTURED
2229,53,300000,CARD_LEVEL,9,주유소,POINT_UNSPECIFIED,,,,,"S-OIL 주유소에서 휘발유, 경유, 등유 주유시 리터당 40보너스포인트 적립",SEMI_STRUCTURED
2230,56,500000,CARD_LEVEL,11,테마파크,DISCOUNT_SERVICE_GENERIC,,,,,놀이공원 할인 서비스,SEMI_STRUCTURED
2231,61,0,CARD_LEVEL,3,주유,POINT_UNSPECIFIED,,,,,S-OIL 주유소 주유 시 리터당 40 보너스포인트 적립,SEMI_STRUCTURED
2232,62,0,CARD_LEVEL,26,해외,POINT_UNSPECIFIED,,,,,해외 쇼핑 빅포인트 적립,SEMI_STRUCTURED
2233,64,300000,CARD_LEVEL,1,쇼핑,MEMBERSHIP_BENEFIT,,,,,신세계백화점·이마트 제휴 혜택,SEMI_STRUCTURED
2234,72,400000,CARD_LEVEL,7,백화점,MEMBERSHIP_BENEFIT,,,,,신세계백화점 제휴 서비스,SEMI_STRUCTURED
2235,73,300000,CARD_LEVEL,33,무이자할부,INSTALLMENT_SERVICE,,,,,할부전환서비스 / 무이자할부,SEMI_STRUCTURED
2236,77,300000,CARD_LEVEL,29,여행/숙박,PREMIUM_SERVICE,,,,,프리미엄 투어 서비스,SEMI_STRUCTURED
2237,91,0,CARD_LEVEL,23,바우처,VOUCHER_GIFT,,,,,"프리미엄 기프트 서비스(연 1회, 택1)",SEMI_STRUCTURED
2238,91,0,CARD_LEVEL,16,프리미엄,PREMIUM_SERVICE,,,,,프리미엄 투어 서비스,SEMI_STRUCTURED
2239,92,500000,CARD_LEVEL,23,바우처,VOUCHER_GIFT,,,,,"프리미엄 기프트 서비스(연 1회, 택1)",SEMI_STRUCTURED
2240,92,500000,CARD_LEVEL,16,프리미엄,PREMIUM_SERVICE,,,,,프리미엄 투어 서비스,SEMI_STRUCTURED
2241,93,500000,CARD_LEVEL,23,바우처,VOUCHER_GIFT,,,,,"프리미엄 기프트 서비스(연 1회, 택1)",SEMI_STRUCTURED
2242,93,500000,CARD_LEVEL,16,프리미엄,PREMIUM_SERVICE,,,,,프리미엄 투어 서비스,SEMI_STRUCTURED
2243,107,300000,CARD_LEVEL,25,정비,DISCOUNT_SERVICE_GENERIC,,,,,스피드메이트 차량정비 현장할인 서비스,SEMI_STRUCTURED
2244,108,0,CARD_LEVEL,14,생활,POINT_UNSPECIFIED,,,,,특별 포인트리,SEMI_STRUCTURED
2245,108,0,CARD_LEVEL,2,모든가맹점,POINT_UNSPECIFIED,,,,,기본 포인트리,SEMI_STRUCTURED
2246,113,0,CARD_LEVEL,20,항공마일리지,MILEAGE_UNSPECIFIED,,,,,대한항공 마일리지 1~2마일 적립,SEMI_STRUCTURED
2247,114,0,CARD_LEVEL,20,항공마일리지,MILEAGE_UNSPECIFIED,,,,,아시아나 마일리지 1~2마일 적립,SEMI_STRUCTURED
2248,116,300000,CARD_LEVEL,6,기타,POINT_UNSPECIFIED,,,,,연간 리워드 1만점 적립,SEMI_STRUCTURED
2249,121,300000,CARD_LEVEL,26,해외,DISCOUNT_SERVICE_GENERIC,,,,,KB투어할인 서비스,SEMI_STRUCTURED
2250,121,300000,CARD_LEVEL,13,선택형,POINT_UNSPECIFIED,,,,,선택 적립 서비스팩 - 생활/교육/쇼핑/직장인/레저팩 중 택 1,SEMI_STRUCTURED
2251,121,300000,CARD_LEVEL,6,기타,POINT_UNSPECIFIED,,,,,"연간 이용에 따른 다담리워드 서비스,
함께하는 기부 서비스",SEMI_STRUCTURED
2252,127,400000,CARD_LEVEL,3,주유,POINT_UNSPECIFIED,,,,,"SK, GS칼텍스 주유소 리터당 100점 적립",SEMI_STRUCTURED
2253,127,400000,CARD_LEVEL,6,기타,POINT_UNSPECIFIED,,,,,플러스 O2O 적립 서비스,SEMI_STRUCTURED
2254,127,400000,CARD_LEVEL,6,기타,POINT_UNSPECIFIED,,,,,서비스 제공 조건 및 적립한도,SEMI_STRUCTURED
2255,131,500000,CARD_LEVEL,20,항공마일리지,MILEAGE_UNSPECIFIED,,,,,대한항공 마일리지 적립,SEMI_STRUCTURED
2256,133,500000,CARD_LEVEL,23,바우처,VOUCHER_GIFT,,,,,쿠폰서비스,SEMI_STRUCTURED
2257,133,500000,CARD_LEVEL,16,프리미엄,MEMBERSHIP_BENEFIT,,,,,BeV Ⅲ카드 우대 서비스,SEMI_STRUCTURED
2258,134,400000,CARD_LEVEL,3,주유,POINT_UNSPECIFIED,,,,,전 주유소 및 충전소 110~150점/L 적립,SEMI_STRUCTURED
2259,140,300000,CARD_LEVEL,25,정비,DISCOUNT_SERVICE_GENERIC,,,,,스피드메이트 차량정비 현장할인 서비스,SEMI_STRUCTURED
2260,143,400000,CARD_LEVEL,12,푸드,DISCOUNT_SERVICE_GENERIC,,,,,"[꿀맛α Food 할인서비스]
음식업종 건당 2천원 청구할인",SEMI_STRUCTURED
2261,143,400000,CARD_LEVEL,31,카페/디저트,DISCOUNT_SERVICE_GENERIC,,,,,"[꿀맛α Food 할인서비스]
커피/제과 업종 건당 1천원 청구할인",SEMI_STRUCTURED
2262,145,400000,CARD_LEVEL,10,영화,DISCOUNT_SERVICE_GENERIC,,,,,"[꿀잼α Fun 할인서비스]
영화 건당 4천원 청구할인",SEMI_STRUCTURED
2263,146,0,CARD_LEVEL,13,선택형,POINT_UNSPECIFIED,,,,,추가 적립/할인 7대 영역 안내,SEMI_STRUCTURED
2264,174,300000,CARD_LEVEL,23,바우처,VOUCHER_GIFT,,,,,각종 바우처 제공,SEMI_STRUCTURED
2265,186,400000,CARD_LEVEL,6,기타,POINT_UNSPECIFIED,,,,,에코머니 포인트 적립,SEMI_STRUCTURED
2266,191,400000,CARD_LEVEL,31,카페/디저트,DISCOUNT_SERVICE_GENERIC,,,,,생활 할인 서비스,SEMI_STRUCTURED
2267,194,0,CARD_LEVEL,33,무이자할부,INSTALLMENT_SERVICE,,,,,6개월 슬림할부(부분 무이자할부) 서비스,SEMI_STRUCTURED
2268,201,300000,CARD_LEVEL,33,무이자할부,INSTALLMENT_SERVICE,,,,,롯데백화점 12개월 할부서비스,SEMI_STRUCTURED
2269,207,300000,CARD_LEVEL,6,기타,DISCOUNT_SERVICE_GENERIC,,,,,경차 유류세 환급,SEMI_STRUCTURED
2270,207,300000,CARD_LEVEL,9,주유소,DISCOUNT_SERVICE_GENERIC,,,,,주유 할인 서비스,SEMI_STRUCTURED
2271,207,300000,CARD_LEVEL,17,대중교통,DISCOUNT_SERVICE_GENERIC,,,,,교통 할인 서비스,SEMI_STRUCTURED
2272,207,300000,CARD_LEVEL,1,쇼핑,DISCOUNT_SERVICE_GENERIC,,,,,쇼핑 할인 서비스,SEMI_STRUCTURED
2273,207,300000,CARD_LEVEL,25,정비,DISCOUNT_SERVICE_GENERIC,,,,,정비(엔진오일) 할인 서비스,SEMI_STRUCTURED
2274,227,400000,CARD_LEVEL,6,기타,MEMBERSHIP_BENEFIT,,,,,"면세점/여행 관련 서비스,
하나은행 결제 계좌 고객 우대 서비스",SEMI_STRUCTURED
2275,231,300000,CARD_LEVEL,14,생활,POINT_UNSPECIFIED,,,,,아파트관리비 자동이체 시 하나머니 적립,SEMI_STRUCTURED
2276,232,300000,CARD_LEVEL,1,쇼핑,POINT_UNSPECIFIED,,,,,국내 특화가맹점/해외 모든가맹점 하나머니 적립,SEMI_STRUCTURED
2277,232,300000,CARD_LEVEL,14,생활,POINT_UNSPECIFIED,,,,,아파트관리비 자동이체 시 하나머니 적립,SEMI_STRUCTURED
2278,234,300000,CARD_LEVEL,2,모든가맹점,POINT_UNSPECIFIED,,,,,Daily/Monthly 하나머니 적립,SEMI_STRUCTURED
2279,234,300000,CARD_LEVEL,14,생활,POINT_UNSPECIFIED,,,,,아파트관리비 자동이체 시 하나머니 적립,SEMI_STRUCTURED
2280,237,300000,CARD_LEVEL,13,선택형,POINT_UNSPECIFIED,,,,,6개 영역 중 선택한 3개 영역 하나머니 적립,SEMI_STRUCTURED
2281,237,300000,CARD_LEVEL,21,온라인쇼핑,POINT_UNSPECIFIED,,,,,온라인쇼핑 적립(공통서비스),SEMI_STRUCTURED
2282,237,300000,CARD_LEVEL,5,통신,POINT_UNSPECIFIED,,,,,통신요금 적립(공통서비스),SEMI_STRUCTURED
2283,237,300000,CARD_LEVEL,27,교통,POINT_UNSPECIFIED,,,,,대중교통 적립(공통서비스),SEMI_STRUCTURED
2284,237,300000,CARD_LEVEL,10,영화,POINT_UNSPECIFIED,,,,,영화 적립(공통서비스),SEMI_STRUCTURED
2285,240,300000,CARD_LEVEL,14,생활,POINT_UNSPECIFIED,,,,,"[리빙 적립]
주유, 학원 이용금액 하나머니 적립(월 최대 4만 머니)",SEMI_STRUCTURED
2286,241,300000,CARD_LEVEL,1,쇼핑,POINT_UNSPECIFIED,,,,,쇼핑 또는 주유 이용금액 스페셜 적립,SEMI_STRUCTURED
2287,241,300000,CARD_LEVEL,14,생활,POINT_UNSPECIFIED,,,,,"온라인쇼핑, 통신/교통/자동이체, 해외 이용금액 플러스적립",SEMI_STRUCTURED
2288,242,0,CARD_LEVEL,20,항공마일리지,POINT_UNSPECIFIED,,,,,HANA Mile 적립,SEMI_STRUCTURED
2289,243,0,CARD_LEVEL,20,항공마일리지,POINT_UNSPECIFIED,,,,,HANA Mile 적립,SEMI_STRUCTURED
2290,244,0,CARD_LEVEL,20,항공마일리지,POINT_UNSPECIFIED,,,,,HANA Mile 적립,SEMI_STRUCTURED
2291,245,0,CARD_LEVEL,20,항공마일리지,POINT_UNSPECIFIED,,,,,HANA Mile 적립,SEMI_STRUCTURED
2292,251,300000,CARD_LEVEL,29,여행/숙박,POINT_UNSPECIFIED,,,,,"저가항공(LCC), 면세점 이용금액 하나머니 적립",SEMI_STRUCTURED
2293,281,0,CARD_LEVEL,14,생활,POINT_UNSPECIFIED,,,,,추가 포인트 적립,SEMI_STRUCTURED
2294,281,0,CARD_LEVEL,9,주유소,POINT_UNSPECIFIED,,,,,주유소 적립,SEMI_STRUCTURED
2295,284,300000,CARD_LEVEL,1,쇼핑,POINT_UNSPECIFIED,,,,,신한은행 결제 계좌 연결 제공 서비스(추가 포인트 적립),SEMI_STRUCTURED
2296,286,0,CARD_LEVEL,10,영화,POINT_UNSPECIFIED,,,,,CGV 영화 최대 3천원 적립,SEMI_STRUCTURED
2297,294,300000,CARD_LEVEL,4,금융,MEMBERSHIP_BENEFIT,,,,,금융 우대 서비스,SEMI_STRUCTURED
2298,303,0,CARD_LEVEL,3,주유,DISCOUNT_SERVICE_GENERIC,,,,,GS칼텍스 주유할인 서비스(LPG포함),SEMI_STRUCTURED
2299,309,200000,CARD_LEVEL,18,카페,DISCOUNT_SERVICE_GENERIC,,,,,EDIYA 특화 할인 서비스,SEMI_STRUCTURED
2300,313,250000,CARD_LEVEL,14,생활,DISCOUNT_SERVICE_GENERIC,,,,,"[국내서비스] 쇼핑, 커피, 영화 등 다양한 국내 가맹점 할인 서비스",SEMI_STRUCTURED
2301,324,300000,CARD_LEVEL,14,생활,DISCOUNT_SERVICE_GENERIC,,,,,"커피, 영화, 외식 등 다양한 국내 가맹점 할인 서비스",SEMI_STRUCTURED
2302,333,300000,CARD_LEVEL,2,모든가맹점,POINT_UNSPECIFIED,,,,,국내외 가맹점 기본적립,SEMI_STRUCTURED
2303,333,300000,CARD_LEVEL,31,카페/디저트,POINT_UNSPECIFIED,,,,,커피/제과아이스크림 업종 추가적립,SEMI_STRUCTURED
2304,333,300000,CARD_LEVEL,10,영화,POINT_UNSPECIFIED,,,,,영화관 업종 추가적립,SEMI_STRUCTURED
2305,333,300000,CARD_LEVEL,5,통신,POINT_UNSPECIFIED,,,,,"이동통신요금(SKT, KT, LG U+) 자동이체 시 추가적립",SEMI_STRUCTURED
2306,333,300000,CARD_LEVEL,17,대중교통,POINT_UNSPECIFIED,,,,,"대중교통(버스, 지하철) 추가적립",SEMI_STRUCTURED
2307,333,300000,CARD_LEVEL,19,편의점,POINT_UNSPECIFIED,,,,,GS25 편의점 추가적립,SEMI_STRUCTURED
2308,336,100000,CARD_LEVEL,2,모든가맹점,POINT_UNSPECIFIED,,,,,모든 가맹점 포인트리 기본적립,SEMI_STRUCTURED
2309,336,100000,CARD_LEVEL,12,푸드,POINT_UNSPECIFIED,,,,,"음식점, 커피전문점 업종 포인트리 추가적립",SEMI_STRUCTURED
2310,336,100000,CARD_LEVEL,27,교통,POINT_UNSPECIFIED,,,,,"대중교통, 택시 포인트리 추가적립",SEMI_STRUCTURED
2311,336,100000,CARD_LEVEL,5,통신,POINT_UNSPECIFIED,,,,,이동통신요금 포인트리 추가적립,SEMI_STRUCTURED
2312,338,300000,CARD_LEVEL,2,모든가맹점,DISCOUNT_SERVICE_GENERIC,,,,,모든 가맹점 기본 환급할인 및 주말·공휴일 추가 환급할인,SEMI_STRUCTURED
2313,338,300000,CARD_LEVEL,12,푸드,DISCOUNT_SERVICE_GENERIC,,,,,"음식점, 커피전문점 업종 추가 환급할인",SEMI_STRUCTURED
2314,338,300000,CARD_LEVEL,27,교통,DISCOUNT_SERVICE_GENERIC,,,,,"대중교통(버스·지하철), 택시 추가 환급할인",SEMI_STRUCTURED
2315,338,300000,CARD_LEVEL,5,통신,DISCOUNT_SERVICE_GENERIC,,,,,이동통신요금 추가 환급할인,SEMI_STRUCTURED
2316,343,200000,CARD_LEVEL,9,주유소,POINT_UNSPECIFIED,,,,,"GS칼텍스 리터당 주중 50점, 주말 60점 포인트리 적립",SEMI_STRUCTURED
2317,343,200000,CARD_LEVEL,5,통신,POINT_UNSPECIFIED,,,,,"이동통신요금 2,500점 포인트리 적립",SEMI_STRUCTURED
2318,343,200000,CARD_LEVEL,6,기타,POINT_UNSPECIFIED,,,,,통합적립한도,SEMI_STRUCTURED
2319,347,200000,CARD_LEVEL,8,패밀리레스토랑,PREMIUM_SERVICE,,,,,아웃백·VIPS·TGIF·세븐스프링스,SEMI_STRUCTURED
2320,354,300000,CARD_LEVEL,5,통신,DISCOUNT_SERVICE_GENERIC,,,,,LG U+ 이동통신요금 자동납부 시 4~6천원 환급할인,SEMI_STRUCTURED
2321,355,300000,CARD_LEVEL,6,기타,POINT_UNSPECIFIED,,,,,H.Point 적립,SEMI_STRUCTURED
2322,369,200000,CARD_LEVEL,6,기타,MEMBERSHIP_BENEFIT,,,,,공통/제휴서비스,SEMI_STRUCTURED
2323,402,100000,CARD_LEVEL,28,프리미엄 서비스,PREMIUM_SERVICE,,,,,VISA Platinum 국제브랜드 서비스,SEMI_STRUCTURED
2324,408,0,CARD_LEVEL,2,모든가맹점,POINT_UNSPECIFIED,,,,,사용금액별 X캐시백 적립,SEMI_STRUCTURED
2325,410,0,CARD_LEVEL,33,무이자할부,INSTALLMENT_SERVICE,,,,,무이자할부 서비스,SEMI_STRUCTURED
2326,414,0,CARD_LEVEL,2,모든가맹점,POINT_UNSPECIFIED,,,,,당월 이용금액별 M포인트 적립,SEMI_STRUCTURED
2327,421,300000,CARD_LEVEL,3,주유,DISCOUNT_SERVICE_GENERIC,,,,,경차 유류세 환급 대상자 주유 및 충전(LPG) 시 유류세 환급,SEMI_STRUCTURED
2328,422,500000,CARD_LEVEL,23,바우처,VOUCHER_GIFT,,,,,"M포인트로 여행, 면세점, 호텔에서 사용 가능한 the Green 바우처 교환",SEMI_STRUCTURED
2329,424,0,CARD_LEVEL,23,바우처,VOUCHER_GIFT,,,,,"[공통 제공 혜택]
연 1회, 여행과 쇼핑을 위한 바우처",SEMI_STRUCTURED
2330,424,0,CARD_LEVEL,13,선택형,MILEAGE_UNSPECIFIED,,,,,"[선택 제공 혜택]
항공마일리지(대한항공/아시아나항공) 또는 M포인트 적립",SEMI_STRUCTURED
2331,425,0,CARD_LEVEL,23,바우처,VOUCHER_GIFT,,,,,코스트코 리워드 포인트 매년 1회 바우처 교환,SEMI_STRUCTURED
2332,430,0,CARD_LEVEL,28,프리미엄 서비스,PREMIUM_SERVICE,,,,,VISA/MASTER Platinum 서비스,SEMI_STRUCTURED
2333,447,500000,CARD_LEVEL,6,기타,POINT_UNSPECIFIED,,,,,하나머니 적립,SEMI_STRUCTURED
2334,448,500000,CARD_LEVEL,6,기타,POINT_UNSPECIFIED,,,,,하나머니 적립,SEMI_STRUCTURED
2335,451,0,CARD_LEVEL,9,주유소,POINT_UNSPECIFIED,,,,,SK 주유소 이용금액 리터당 60포인트 적립,SEMI_STRUCTURED
2336,457,250000,CARD_LEVEL,14,생활,DISCOUNT_SERVICE_GENERIC,,,,,"[국내서비스] 쇼핑, 커피, 영화 등 다양한 국내 가맹점 할인 서비스",SEMI_STRUCTURED
2337,473,300000,CARD_LEVEL,29,여행/숙박,PREMIUM_SERVICE,,,,,프리미엄 투어 서비스,SEMI_STRUCTURED
2338,473,300000,CARD_LEVEL,28,프리미엄 서비스,PREMIUM_SERVICE,,,,,UnionPay Platinum 서비스,SEMI_STRUCTURED
2339,476,400000,CARD_LEVEL,13,선택형,POINT_UNSPECIFIED,,,,,[Making 17 서비스] 포인트 적립받을 영역과 적립율을 직접 선택하는 DIY 서비스!,SEMI_STRUCTURED
2340,478,0,CARD_LEVEL,6,기타,DISCOUNT_SERVICE_GENERIC,,,,,생활친화가맹점 잔돈할인 서비스,SEMI_STRUCTURED
2341,488,500000,CARD_LEVEL,3,주유,POINT_UNSPECIFIED,,,,,주유 리터당 150점 포인트리 적립,SEMI_STRUCTURED
2342,488,500000,CARD_LEVEL,31,카페/디저트,POINT_UNSPECIFIED,,,,,제과/아이스크림 2천점 포인트리 적립,SEMI_STRUCTURED
2343,488,500000,CARD_LEVEL,19,편의점,POINT_UNSPECIFIED,,,,,"편의점, 올리브영 1천점 포인트리 적립",SEMI_STRUCTURED
2344,502,0,CARD_LEVEL,28,프리미엄 서비스,PREMIUM_SERVICE,,,,,Platinum Service,SEMI_STRUCTURED
2345,535,0,CARD_LEVEL,23,바우처,VOUCHER_GIFT,,,,,스페셜기프트 제공(연 1회),SEMI_STRUCTURED
2346,535,0,CARD_LEVEL,28,프리미엄 서비스,PREMIUM_SERVICE,,,,,AMEX Platinum 서비스,SEMI_STRUCTURED
2347,536,400000,CARD_LEVEL,6,기타,POINT_UNSPECIFIED,,,,,디지털 구독 서비스 정기결제 이용 시 마이신한포인트 적립,SEMI_STRUCTURED
2348,537,400000,CARD_LEVEL,6,기타,POINT_UNSPECIFIED,,,,,7개 디지털 구독 서비스 정기결제 이용 시 마이신한 포인트 적립,SEMI_STRUCTURED
2349,537,400000,CARD_LEVEL,14,생활,POINT_UNSPECIFIED,,,,,"커피, 편의점, 해외 이용시 마이신한포인트 적립",SEMI_STRUCTURED
2350,539,0,CARD_LEVEL,28,프리미엄 서비스,PREMIUM_SERVICE,,,,,마스터 플래티넘 서비스,SEMI_STRUCTURED
2351,546,0,CARD_LEVEL,1,쇼핑,DISCOUNT_SERVICE_GENERIC,,,,,"유명의류, 한국프뢰벨, 현대홈쇼핑, 특별할인서비스",SEMI_STRUCTURED
2352,558,500000,CARD_LEVEL,6,기타,PREMIUM_SERVICE,,,,,프리미엄 투어 서비스,SEMI_STRUCTURED
2353,579,500000,CARD_LEVEL,16,프리미엄,PREMIUM_SERVICE,,,,,Mastercard Platinum 서비스,SEMI_STRUCTURED
2354,588,0,CARD_LEVEL,28,프리미엄 서비스,PREMIUM_SERVICE,,,,,MasterCard Platinum 서비스 제공,SEMI_STRUCTURED
2355,589,0,CARD_LEVEL,32,해외이용,MEMBERSHIP_BENEFIT,,,,,해외 인출 수수료 우대 서비스,SEMI_STRUCTURED
2356,594,300000,CARD_LEVEL,1,쇼핑,INSTALLMENT_SERVICE,,,,,삼성디지털프라자 장기할부 및 청구할인,SEMI_STRUCTURED
2357,600,0,CARD_LEVEL,28,프리미엄 서비스,PREMIUM_SERVICE,,,,,MasterCard 플래티넘서비스,SEMI_STRUCTURED
2358,601,0,CARD_LEVEL,28,프리미엄 서비스,PREMIUM_SERVICE,,,,,MasterCard 플래티넘서비스,SEMI_STRUCTURED
2359,601,0,CARD_LEVEL,6,기타,MILEAGE_UNSPECIFIED,,,,,웰컴보너스 5천 마일리지 적립,SEMI_STRUCTURED
2360,602,0,CARD_LEVEL,23,바우처,VOUCHER_GIFT,,,,,"마일리지, 항공권, 면세점 바우처 서비스",SEMI_STRUCTURED
2361,602,0,CARD_LEVEL,6,기타,MILEAGE_UNSPECIFIED,,,,,웰컴보너스 5천 마일리지 적립,SEMI_STRUCTURED
2362,603,0,CARD_LEVEL,23,바우처,VOUCHER_GIFT,,,,,"마일리지, 항공권, 면세점, Special 바우처 서비스",SEMI_STRUCTURED
2363,603,0,CARD_LEVEL,6,기타,MILEAGE_UNSPECIFIED,,,,,웰컴보너스 1만5천 마일리지 적립,SEMI_STRUCTURED
2364,608,0,CARD_LEVEL,28,프리미엄 서비스,PREMIUM_SERVICE,,,,,VISA 플래티넘 / Young Premium 서비스 제공,SEMI_STRUCTURED
2365,608,0,CARD_LEVEL,33,무이자할부,INSTALLMENT_SERVICE,,,,,무이자할부 서비스,SEMI_STRUCTURED
2366,609,0,CARD_LEVEL,28,프리미엄 서비스,PREMIUM_SERVICE,,,,,VISA 플래티넘 / Young Premium 서비스 제공,SEMI_STRUCTURED
2367,609,0,CARD_LEVEL,33,무이자할부,INSTALLMENT_SERVICE,,,,,무이자할부 서비스,SEMI_STRUCTURED
2368,610,0,CARD_LEVEL,28,프리미엄 서비스,PREMIUM_SERVICE,,,,,VISA 플래티넘 / Young Premium 서비스 제공,SEMI_STRUCTURED
2369,610,0,CARD_LEVEL,33,무이자할부,INSTALLMENT_SERVICE,,,,,무이자할부 서비스,SEMI_STRUCTURED
2370,611,0,CARD_LEVEL,28,프리미엄 서비스,PREMIUM_SERVICE,,,,,VISA 플래티넘 / Young Premium 서비스 제공,SEMI_STRUCTURED
2371,611,0,CARD_LEVEL,33,무이자할부,INSTALLMENT_SERVICE,,,,,무이자할부 서비스,SEMI_STRUCTURED
2372,613,500000,CARD_LEVEL,14,생활,POINT_UNSPECIFIED,,,,,마리아쥬 서비스 적립,SEMI_STRUCTURED
2373,613,500000,CARD_LEVEL,21,온라인쇼핑,POINT_UNSPECIFIED,,,,,온라인쇼핑 지원 적립,SEMI_STRUCTURED
2374,613,500000,CARD_LEVEL,6,기타,POINT_UNSPECIFIED,,,,,홈DIY 적립,SEMI_STRUCTURED
2375,617,300000,CARD_LEVEL,9,주유소,DISCOUNT_SERVICE_GENERIC,,,,,주유할인 서비스,SEMI_STRUCTURED
2376,626,1500000,CARD_LEVEL,28,프리미엄 서비스,PREMIUM_SERVICE,,,,,Master Platinum 서비스(Master 플래티넘 카드 발급 시 제공),SEMI_STRUCTURED
2377,627,0,CARD_LEVEL,28,프리미엄 서비스,PREMIUM_SERVICE,,,,,Master Platinum 서비스(Master 플래티넘 카드 발급 시 제공),SEMI_STRUCTURED
2378,647,300000,CARD_LEVEL,4,금융,MEMBERSHIP_BENEFIT,,,,,금융 우대 서비스,SEMI_STRUCTURED
2379,649,500000,CARD_LEVEL,14,생활,POINT_UNSPECIFIED,,,,,편의점/택시 1천점 포인트리 적립,SEMI_STRUCTURED
2380,673,300000,CARD_LEVEL,28,프리미엄 서비스,PREMIUM_SERVICE,,,,,"VISA 플래티넘서비스
MasterCard 플래티넘서비스",SEMI_STRUCTURED
2381,685,100000,CARD_LEVEL,14,생활,DISCOUNT_SERVICE_GENERIC,,,,,라이프 할인서비스(편의점/푸드/음료),SEMI_STRUCTURED
2382,685,100000,CARD_LEVEL,6,기타,DISCOUNT_SERVICE_GENERIC,,,,,스터디 할인서비스,SEMI_STRUCTURED
2383,687,400000,CARD_LEVEL,6,기타,DISCOUNT_SERVICE_GENERIC,,,,,언박싱 스페셜 할인 서비스,SEMI_STRUCTURED
2384,697,400000,CARD_LEVEL,13,선택형,POINT_UNSPECIFIED,,,,,"[선택형1] 주유소, 대형할인점, 인터넷쇼핑몰 포인트리 적립",SEMI_STRUCTURED
2385,697,400000,CARD_LEVEL,13,선택형,POINT_UNSPECIFIED,,,,,"[선택형2] SK, GS칼텍스 주유소 리터당 130점 포인트리 적립",SEMI_STRUCTURED
2386,700,500000,CARD_LEVEL,33,무이자할부,INSTALLMENT_SERVICE,,,,,무이자할부 서비스,SEMI_STRUCTURED
2387,700,500000,CARD_LEVEL,28,프리미엄 서비스,PREMIUM_SERVICE,,,,,"VISA 플래티넘 / MasterCard 플래티넘 서비스 제공
VISA Young Premium 서비스 제공",SEMI_STRUCTURED
2388,701,500000,CARD_LEVEL,33,무이자할부,INSTALLMENT_SERVICE,,,,,무이자할부 서비스,SEMI_STRUCTURED
2389,701,500000,CARD_LEVEL,16,프리미엄,PREMIUM_SERVICE,,,,,"VISA 플래티넘 / MasterCard 플래티넘 서비스 제공
VISA Young Premium 서비스 제공",SEMI_STRUCTURED
2390,702,500000,CARD_LEVEL,33,무이자할부,INSTALLMENT_SERVICE,,,,,무이자할부 서비스,SEMI_STRUCTURED
2391,702,500000,CARD_LEVEL,28,프리미엄 서비스,PREMIUM_SERVICE,,,,,"VISA 플래티넘 / MasterCard 플래티넘 서비스 제공
VISA Young Premium 서비스 제공",SEMI_STRUCTURED
2392,702,500000,CARD_LEVEL,6,기타,PREMIUM_SERVICE,,,,,현대카드 플래티넘서비스,SEMI_STRUCTURED
2393,703,500000,CARD_LEVEL,33,무이자할부,INSTALLMENT_SERVICE,,,,,무이자할부 서비스,SEMI_STRUCTURED
2394,703,500000,CARD_LEVEL,28,프리미엄 서비스,PREMIUM_SERVICE,,,,,"VISA 플래티넘 / MasterCard 플래티넘 서비스 제공
VISA Young Premium 서비스 제공",SEMI_STRUCTURED
2395,703,500000,CARD_LEVEL,6,기타,PREMIUM_SERVICE,,,,,현대카드 플래티넘서비스,SEMI_STRUCTURED
2396,704,500000,CARD_LEVEL,33,무이자할부,INSTALLMENT_SERVICE,,,,,무이자할부 서비스,SEMI_STRUCTURED
2397,704,500000,CARD_LEVEL,28,프리미엄 서비스,PREMIUM_SERVICE,,,,,"VISA 플래티넘 / MasterCard 플래티넘 서비스 제공
VISA Young Premium 서비스 제공",SEMI_STRUCTURED
2398,704,500000,CARD_LEVEL,6,기타,PREMIUM_SERVICE,,,,,현대카드 플래티넘서비스,SEMI_STRUCTURED
2399,705,500000,CARD_LEVEL,33,무이자할부,INSTALLMENT_SERVICE,,,,,무이자할부 서비스,SEMI_STRUCTURED
2400,705,500000,CARD_LEVEL,28,프리미엄 서비스,PREMIUM_SERVICE,,,,,"VISA 플래티넘 / MasterCard 플래티넘 서비스 제공
VISA Young Premium 서비스 제공",SEMI_STRUCTURED
2401,705,500000,CARD_LEVEL,6,기타,PREMIUM_SERVICE,,,,,현대카드 플래티넘서비스,SEMI_STRUCTURED
2402,718,0,CARD_LEVEL,6,기타,VOUCHER_GIFT,,,,,"임신, 출산, 육아 등 국가가 지원하는 바우처를 해당 카드로 이용 가능,
신세계백화점 제휴 서비스",SEMI_STRUCTURED
2403,721,300000,CARD_LEVEL,29,여행/숙박,PREMIUM_SERVICE,,,,,프리미엄 투어 서비스,SEMI_STRUCTURED
2404,726,500000,CARD_LEVEL,5,통신,DISCOUNT_SERVICE_GENERIC,,,,,알뜰폰 통신료 자동이체 최대 1만 5천원 할인 서비스,SEMI_STRUCTURED
2405,726,500000,CARD_LEVEL,16,프리미엄,PREMIUM_SERVICE,,,,,"티타늄 전용 서비스(공항/호텔 발레바킹, 공항 라운지 등)",SEMI_STRUCTURED
2406,727,300000,CARD_LEVEL,5,통신,DISCOUNT_SERVICE_GENERIC,,,,,알뜰폰 통신료 자동이체 할인 서비스,SEMI_STRUCTURED
2407,739,100000,CARD_LEVEL,6,기타,DISCOUNT_SERVICE_GENERIC,,,,,"군마트(P.X) 및 GS25 해군마트 환급할인
군 KT공중전화 할인",SEMI_STRUCTURED
2408,741,500000,CARD_LEVEL,16,프리미엄,PREMIUM_SERVICE,,,,,현대카드 플래티넘서비스,SEMI_STRUCTURED
2409,741,500000,CARD_LEVEL,16,프리미엄,PREMIUM_SERVICE,,,,,VISA/MasterCard 플래티넘서비스,SEMI_STRUCTURED
2410,754,300000,CARD_LEVEL,6,기타,MEMBERSHIP_BENEFIT,,,,,신세계백화점 제휴 서비스,SEMI_STRUCTURED
2411,761,500000,CARD_LEVEL,14,생활,DISCOUNT_SERVICE_GENERIC,,,,,"주유, 전기차, 커피전문점 할인 서비스",SEMI_STRUCTURED
2412,761,500000,CARD_LEVEL,28,프리미엄 서비스,PREMIUM_SERVICE,,,,,MasterCard Platinum 서비스,SEMI_STRUCTURED
2413,764,0,CARD_LEVEL,5,통신,POINT_UNSPECIFIED,,,,,"이동통신요금 카카오페이포인트 3,000P 적립",SEMI_STRUCTURED
2414,768,400000,CARD_LEVEL,6,기타,POINT_UNSPECIFIED,,,,,기부포인트 적립 서비스,SEMI_STRUCTURED
2415,791,0,CARD_LEVEL,28,프리미엄 서비스,PREMIUM_SERVICE,,,,,VISA 브랜드 플래티넘서비스 제공,SEMI_STRUCTURED
2416,853,0,CARD_LEVEL,28,프리미엄 서비스,PREMIUM_SERVICE,,,,,VISA 플래티넘서비스,SEMI_STRUCTURED
2417,859,0,CARD_LEVEL,3,주유,DISCOUNT_SERVICE_GENERIC,,,,,경차 유류세 환급 대상자 주유 및 충전(LPG) 시 유류세 환급,SEMI_STRUCTURED
2418,881,300000,CARD_LEVEL,23,바우처,VOUCHER_GIFT,,,,,모바일쿠폰 서비스,SEMI_STRUCTURED
2419,889,400000,CARD_LEVEL,5,통신,DISCOUNT_SERVICE_GENERIC,,,,,"(생활형) 통신, 인터넷, 보안업체 자동이체 시 결제일 할인서비스 제공",SEMI_STRUCTURED
2420,889,400000,CARD_LEVEL,4,금융,MEMBERSHIP_BENEFIT,,,,,(기본 제공) 신한은행 우대 서비스,SEMI_STRUCTURED
2421,890,500000,CARD_LEVEL,28,프리미엄 서비스,PREMIUM_SERVICE,,,,,VISA Platinum 서비스,SEMI_STRUCTURED
2422,993,0,CARD_LEVEL,20,항공마일리지,MILEAGE_UNSPECIFIED,,,,,항공 마일리지 적립 서비스,SEMI_STRUCTURED
2423,993,0,CARD_LEVEL,35,골프,DISCOUNT_SERVICE_GENERIC,,,,,골프 할인 서비스,SEMI_STRUCTURED
2424,1003,0,CARD_LEVEL,16,프리미엄,PREMIUM_SERVICE,,,,,Platinum# 서비스 및 국제브랜드사 서비스,SEMI_STRUCTURED
2425,1010,500000,CARD_LEVEL,6,기타,POINT_UNSPECIFIED,,,,,이용건별 기부서비스(1+1적립),SEMI_STRUCTURED
2426,1165,400000,CARD_LEVEL,35,골프,DISCOUNT_SERVICE_GENERIC,,,,,골프존 할인 서비스,SEMI_STRUCTURED
2427,1169,0,CARD_LEVEL,1,쇼핑,INSTALLMENT_SERVICE,,,,,"롯데백화점, 롯데ON, 롯데마트 할부 및 할인",SEMI_STRUCTURED
2428,1174,0,CARD_LEVEL,26,해외,POINT_UNSPECIFIED,,,,,해외에서도 전월 실적 및 횟수 제한 없는 하나머니 적립 서비스,SEMI_STRUCTURED
2429,1233,300000,CARD_LEVEL,6,기타,INSTALLMENT_SERVICE,,,,,라이트할부 할인서비스 최대 1만 5천원,SEMI_STRUCTURED
2430,1299,500000,CARD_LEVEL,23,바우처,VOUCHER_GIFT,,,,,플래티늄 바우처_쿠폰 서비스,SEMI_STRUCTURED
2431,1302,300000,CARD_LEVEL,3,주유,POINT_UNSPECIFIED,,,,,S-OIL 리터당 40 보너스포인트 적립,SEMI_STRUCTURED
2432,1315,300000,CARD_LEVEL,6,기타,POINT_UNSPECIFIED,,,,,연간 리워드 1만점 적립,SEMI_STRUCTURED
2433,1360,300000,CARD_LEVEL,3,주유,POINT_UNSPECIFIED,,,,,S-OIL 리터당 40 보너스포인트 적립,SEMI_STRUCTURED
2434,1390,400000,CARD_LEVEL,3,주유,POINT_UNSPECIFIED,,,,,현대오일뱅크 주유 시 40P/L 적립,SEMI_STRUCTURED
2435,1529,300000,CARD_LEVEL,6,기타,VOUCHER_GIFT,,,,,올레콘텐츠박스 이용쿠폰 제공,SEMI_STRUCTURED
2436,1584,0,CARD_LEVEL,6,기타,INSTALLMENT_SERVICE,,,,,무이자/영화/테마파크,SEMI_STRUCTURED
2437,1593,500000,CARD_LEVEL,3,주유,POINT_UNSPECIFIED,,,,,모든 주유소 리터당 40~150포인트/충전소 리터당 10~50포인트 적립,SEMI_STRUCTURED
2438,1593,500000,CARD_LEVEL,16,프리미엄,PREMIUM_SERVICE,,,,,Platinum # 서비스,SEMI_STRUCTURED
2439,1595,0,CARD_LEVEL,16,프리미엄,PREMIUM_SERVICE,,,,,Platinum# 서비스 및 국제브랜드사 서비스,SEMI_STRUCTURED
2440,1610,200000,CARD_LEVEL,6,기타,MEMBERSHIP_BENEFIT,,,,,"KB국민 티머니 체크카드
(체크카드 혜택 + 티머니서비스 + 멤버십서비스)",SEMI_STRUCTURED
2441,1615,200000,CARD_LEVEL,6,기타,MEMBERSHIP_BENEFIT,,,,,"KB국민 티머니 체크카드
(체크카드 혜택 + 티머니서비스 + 멤버십서비스)",SEMI_STRUCTURED
2442,1616,200000,CARD_LEVEL,6,기타,MEMBERSHIP_BENEFIT,,,,,"KB국민 티머니 체크카드
(체크카드 혜택 + 티머니서비스 + 멤버십서비스)",SEMI_STRUCTURED
2443,1617,0,CARD_LEVEL,6,기타,MEMBERSHIP_BENEFIT,,,,,"KB국민 티머니 체크카드
(체크카드 혜택 + 티머니서비스 + 멤버십서비스)",SEMI_STRUCTURED
2444,1618,200000,CARD_LEVEL,6,기타,MEMBERSHIP_BENEFIT,,,,,"KB국민 티머니 체크카드
(체크카드 혜택 + 티머니서비스 + 멤버십서비스)",SEMI_STRUCTURED
2445,1619,0,CARD_LEVEL,6,기타,MEMBERSHIP_BENEFIT,,,,,"KB국민 티머니 체크카드
(체크카드 혜택 + 티머니서비스 + 멤버십서비스)",SEMI_STRUCTURED
2446,1623,300000,CARD_LEVEL,3,주유,POINT_UNSPECIFIED,,,,,S-OIL 리터당 40 보너스포인트 적립,SEMI_STRUCTURED
2447,1630,300000,CARD_LEVEL,29,여행/숙박,PREMIUM_SERVICE,,,,,"여행서비스 할인
골프 라운지 혜택",SEMI_STRUCTURED
2448,1673,0,CARD_LEVEL,3,주유,POINT_UNSPECIFIED,,,,,S-OIL 주유소에소 주유 시 리터당 80 빅포인트 적립,SEMI_STRUCTURED
2449,1741,0,CARD_LEVEL,23,바우처,VOUCHER_GIFT,,,,,"프리미엄 기프트(연 1회, 택1)",SEMI_STRUCTURED
2450,1741,0,CARD_LEVEL,29,여행/숙박,VOUCHER_GIFT,,,,,프리미엄 여행기프트,SEMI_STRUCTURED
2451,1754,0,CARD_LEVEL,9,주유소,POINT_UNSPECIFIED,,,,,GS칼텍스주유포인트 리터당 60점 적립,SEMI_STRUCTURED
2452,1758,0,CARD_LEVEL,4,금융,POINT_UNSPECIFIED,,,,,"대출 보유 시 매월 최대 6,000 NH포인트 적립",SEMI_STRUCTURED
2453,1759,0,CARD_LEVEL,3,주유,POINT_UNSPECIFIED,,,,,S-OIL 주유소에서 주유 시 리터당 40 보너스포인트 적립,SEMI_STRUCTURED
2454,1763,0,CARD_LEVEL,4,금융,POINT_UNSPECIFIED,,,,,"대출 보유 시 매월 최대 6,000 NH포인트 적립",SEMI_STRUCTURED
2455,1768,300000,CARD_LEVEL,23,바우처,VOUCHER_GIFT,,,,,"프리미엄 기프트(연 1회, 택1)",SEMI_STRUCTURED
2456,1768,300000,CARD_LEVEL,29,여행/숙박,VOUCHER_GIFT,,,,,프리미엄 여행기프트,SEMI_STRUCTURED
2457,1809,300000,CARD_LEVEL,28,프리미엄 서비스,PREMIUM_SERVICE,,,,,UnionPay Platinum 서비스,SEMI_STRUCTURED
2458,1816,300000,CARD_LEVEL,29,여행/숙박,PREMIUM_SERVICE,,,,,프리미엄 투어 서비스,SEMI_STRUCTURED
2459,1854,0,CARD_LEVEL,3,주유,POINT_UNSPECIFIED,,,,,SK주유소 머핀포인트 적립 서비스,SEMI_STRUCTURED
2460,1856,300000,CARD_LEVEL,1,쇼핑,INSTALLMENT_SERVICE,,,,,하이마트 슬림할부 및 청구할인,SEMI_STRUCTURED
2461,1860,0,CARD_LEVEL,23,바우처,VOUCHER_GIFT,,,,,"골프, 호텔, 쇼핑 등 프리미엄 기프트 바우처 제공",SEMI_STRUCTURED
2462,1860,0,CARD_LEVEL,35,골프,MEMBERSHIP_BENEFIT,,,,,항공 및 골프클럽 우대 서비스 등,SEMI_STRUCTURED
2463,1860,0,CARD_LEVEL,16,프리미엄,MEMBERSHIP_BENEFIT,,,,,제휴 대상점 할인 및 우대 서비스,SEMI_STRUCTURED
2464,1861,0,CARD_LEVEL,38,외식,POINT_UNSPECIFIED,,,,,멤버십포인트,SEMI_STRUCTURED
2465,1865,0,CARD_LEVEL,23,바우처,VOUCHER_GIFT,,,,,"골프, 호텔, 쇼핑 등 프리미엄 기프트 바우처 제공",SEMI_STRUCTURED
2466,1865,0,CARD_LEVEL,35,골프,MEMBERSHIP_BENEFIT,,,,,항공 및 골프클럽 우대 서비스 등,SEMI_STRUCTURED
2467,1865,0,CARD_LEVEL,16,프리미엄,MEMBERSHIP_BENEFIT,,,,,제휴 대상점 할인 및 우대 서비스,SEMI_STRUCTURED
2468,1866,0,CARD_LEVEL,23,바우처,VOUCHER_GIFT,,,,,"골프, 호텔, 쇼핑 등 프리미엄 기프트 바우처 제공",SEMI_STRUCTURED
2469,1866,0,CARD_LEVEL,35,골프,MEMBERSHIP_BENEFIT,,,,,항공 및 골프클럽 우대 서비스 등,SEMI_STRUCTURED
2470,1866,0,CARD_LEVEL,16,프리미엄,MEMBERSHIP_BENEFIT,,,,,제휴 대상점 할인 및 우대 서비스,SEMI_STRUCTURED
2471,1882,500000,CARD_LEVEL,1,쇼핑,INSTALLMENT_SERVICE,,,,,삼성스토어에서 가전제품 구매 시 24·36개월 라이트할부 제공,SEMI_STRUCTURED
2472,1909,300000,CARD_LEVEL,23,바우처,VOUCHER_GIFT,,,,,기프트 옵션 서비스(택1),SEMI_STRUCTURED
2473,1977,0,CARD_LEVEL,6,기타,POINT_UNSPECIFIED,,,,,"GS 제휴 혜택 GS&POINT 할인 및 적립, 사용",SEMI_STRUCTURED
2474,2071,300000,CARD_LEVEL,12,푸드,MEMBERSHIP_BENEFIT,,,,,L.POINT 외식업종 제휴사 청구할인,SEMI_STRUCTURED
2475,2091,0,CARD_LEVEL,6,기타,MEMBERSHIP_BENEFIT,,,,,"Finance
- 하나금융그룹 우대서비스",SEMI_STRUCTURED
2476,2093,0,CARD_LEVEL,23,바우처,VOUCHER_GIFT,,,,,연 1회 스페셜기프트 제공,SEMI_STRUCTURED
2477,2104,0,CARD_LEVEL,23,바우처,VOUCHER_GIFT,,,,,연 1회 스페셜기프트 제공,SEMI_STRUCTURED
2478,2106,0,CARD_LEVEL,23,바우처,VOUCHER_GIFT,,,,,연 1회 스페셜기프트 제공,SEMI_STRUCTURED
2479,2150,0,CARD_LEVEL,6,기타,MEMBERSHIP_BENEFIT,,,,,그린카드 멤버십 서비스,SEMI_STRUCTURED
2480,2179,0,CARD_LEVEL,13,선택형,POINT_UNSPECIFIED,,,,,"기본 선택서비스 적립 또는 캐시백
프리미엄 선택서비스 적립 또는 캐시백",SEMI_STRUCTURED
2481,2197,0,CARD_LEVEL,6,기타,DISCOUNT_SERVICE_GENERIC,,,,,정부 유류세환급제도 지원,SEMI_STRUCTURED
2482,2226,0,CARD_LEVEL,28,프리미엄 서비스,PREMIUM_SERVICE,,,,,플래티넘(Platinum) 서비스,SEMI_STRUCTURED
2483,2236,0,CARD_LEVEL,19,편의점,VOUCHER_GIFT,,,,,"GS25 행사상품 현장 즉시 할인 및 추가 증정 행사
GS&POINT: GS리테일 이용 시 적립",SEMI_STRUCTURED
2484,2251,300000,CARD_LEVEL,1,쇼핑,INSTALLMENT_SERVICE,,,,,오케이몰 상품 구매 시 장기할부 제공,SEMI_STRUCTURED
2485,2279,400000,CARD_LEVEL,6,기타,MEMBERSHIP_BENEFIT,,,,,신세계백화점 제휴 서비스,SEMI_STRUCTURED
2486,2280,0,CARD_LEVEL,2,모든가맹점,POINT_UNSPECIFIED,,,,,한도 제한 없는 기본적립/특별적립,SEMI_STRUCTURED
2487,2280,0,CARD_LEVEL,20,항공마일리지,MILEAGE_UNSPECIFIED,,,,,멤버십 리워즈(MR)를 10여개 항공사 마일리지로 전환,SEMI_STRUCTURED
2488,2280,0,CARD_LEVEL,29,여행/숙박,POINT_UNSPECIFIED,,,,,"멤버십 리워즈(MR)를 글로벌 체인 호텔 멤버십 포인트로 전환 또는 전세계 호텔 예약에 사용
글로벌 호텔 체인 멤버십 골드 등급 업그레이드 , 전 세계 호텔/리조트에서 프리미엄 서비스 제공",SEMI_STRUCTURED
2489,2281,0,CARD_LEVEL,2,모든가맹점,POINT_UNSPECIFIED,,,,,한도 제한 없는 기본적립/특별적립,SEMI_STRUCTURED
2490,2281,0,CARD_LEVEL,20,항공마일리지,MILEAGE_UNSPECIFIED,,,,,멤버십 리워즈(MR)를 10여개 항공사 마일리지로 전환,SEMI_STRUCTURED
2491,2281,0,CARD_LEVEL,29,여행/숙박,POINT_UNSPECIFIED,,,,,"멤버십 리워즈(MR)를 글로벌 체인 호텔 멤버십 포인트로 전환
또는 전세계 호텔 예약에 사용",SEMI_STRUCTURED
2492,2282,0,CARD_LEVEL,2,모든가맹점,POINT_UNSPECIFIED,,,,,한도 제한 없는 기본적립/특별적립,SEMI_STRUCTURED
2493,2282,0,CARD_LEVEL,20,항공마일리지,MILEAGE_UNSPECIFIED,,,,,멤버십 리워즈(MR)를 10여개 항공사 마일리지로 전환,SEMI_STRUCTURED
2494,2282,0,CARD_LEVEL,29,여행/숙박,POINT_UNSPECIFIED,,,,,"멤버십 리워즈(MR)를 글로벌 체인 호텔 멤버십 포인트로 전환
또는 전세계 호텔 예약에 사용",SEMI_STRUCTURED
2495,2286,300000,CARD_LEVEL,3,주유,POINT_UNSPECIFIED,,,,,"[PLUS] S-OIL, 현대오일뱅크 주유 및 충전시 리터(ℓ)당 60점 적립",SEMI_STRUCTURED
2496,2287,500000,CARD_LEVEL,6,기타,DISCOUNT_SERVICE_GENERIC,,,,,MX Black Zone 할인서비스 제공 기준,SEMI_STRUCTURED
2497,2287,500000,CARD_LEVEL,28,프리미엄 서비스,PREMIUM_SERVICE,,,,,VISA/MasterCard 플래티넘서비스,SEMI_STRUCTURED
2498,2291,0,CARD_LEVEL,28,프리미엄 서비스,MEMBERSHIP_BENEFIT,,,,,메리어트 본보이™ 엘리트 멤버십 제공 (연회비 주기 내 2천만원 이상),SEMI_STRUCTURED
2499,2292,0,CARD_LEVEL,6,기타,INSTALLMENT_SERVICE,,,,,"사업구매전용 플레이트(2021. 11. 25 ~ 2022. 11. 24)
모든 가맹점에서 2~3개월 할부 결제 시 무이자 혜택 제공",SEMI_STRUCTURED
2500,2293,0,CARD_LEVEL,6,기타,INSTALLMENT_SERVICE,,,,,"사업구매전용 플레이트(2021. 11. 25 ~ 2022. 11. 24)
모든 가맹점에서 2~3개월 할부 결제 시 무이자 혜택 제공",SEMI_STRUCTURED
2501,2307,100000,CARD_LEVEL,9,주유소,POINT_UNSPECIFIED,,,,,SK주유소(LPG 제외)에서 리터당 50포인트 SK주유포인트 적립,SEMI_STRUCTURED
2502,2326,300000,CARD_LEVEL,13,선택형,POINT_UNSPECIFIED,,,,,해피포인트 해피리워드 카드 디자인 선택,SEMI_STRUCTURED
2503,2327,0,CARD_LEVEL,2,모든가맹점,MILEAGE_UNSPECIFIED,,,,,[대한항공 마일리지]국내 및 해외 가맹점 대한항공 1마일 기본 적립,SEMI_STRUCTURED
2504,2327,0,CARD_LEVEL,32,해외이용,MILEAGE_UNSPECIFIED,,,,,"[대한항공 마일리지]해외 이용(직구, 온라인 포함) 대한항공 1마일 추가 적립",SEMI_STRUCTURED
2505,2327,0,CARD_LEVEL,15,면세점,MILEAGE_UNSPECIFIED,,,,,[대한항공 마일리지]면세점 업종 1마일 대한항공 추가 적립,SEMI_STRUCTURED
2506,2357,400000,CARD_LEVEL,28,프리미엄 서비스,POINT_UNSPECIFIED,,,,,[리워드 서비스] 웰컴 레고랜드 포인트리 7만점 적립,SEMI_STRUCTURED
2507,2357,400000,CARD_LEVEL,28,프리미엄 서비스,POINT_UNSPECIFIED,,,,,[리워드 서비스] 레고랜드 포인트리 8만점 적립,SEMI_STRUCTURED
2508,2359,300000,CARD_LEVEL,9,주유소,POINT_UNSPECIFIED,,,,,현대오빌뱅크/SK에너지 우대 주유소 25~85 포인트 적립,SEMI_STRUCTURED
2509,2359,300000,CARD_LEVEL,25,정비,MEMBERSHIP_BENEFIT,,,,,[제휴서비스] Bluemembers 멤버십 서비스,SEMI_STRUCTURED
2510,2361,0,CARD_LEVEL,16,프리미엄,PREMIUM_SERVICE,,,,,Master / AMEX Platinum Service,SEMI_STRUCTURED
2511,2369,300000,CARD_LEVEL,28,프리미엄 서비스,PREMIUM_SERVICE,,,,,국제브랜드사의 Platinum 등급의 서비스 제공,SEMI_STRUCTURED
2512,2372,300000,CARD_LEVEL,6,기타,VOUCHER_GIFT,,,,,[Weekly 할인 쿠폰] 매월 2회 국내 이용 할인 쿠폰 제공,SEMI_STRUCTURED
2513,2388,0,CARD_LEVEL,23,바우처,VOUCHER_GIFT,,,,,연간 6만 넥슨 현대카드 포인트 바우처,SEMI_STRUCTURED
2514,2396,0,CARD_LEVEL,23,바우처,VOUCHER_GIFT,,,,,[프리미엄 기프트] 우리WON꿀머니 20만점,SEMI_STRUCTURED
2515,2397,0,CARD_LEVEL,26,해외,MILEAGE_UNSPECIFIED,,,,,"해외, 면세점 2마일 적립",SEMI_STRUCTURED
2516,2397,0,CARD_LEVEL,23,바우처,VOUCHER_GIFT,,,,,[프리미엄 기프트] 우리WON꿀머니 20만점,SEMI_STRUCTURED
2517,2398,500000,CARD_LEVEL,7,백화점,MEMBERSHIP_BENEFIT,,,,,신세계백화점 제휴 서비스,SEMI_STRUCTURED
2518,2398,500000,CARD_LEVEL,15,면세점,MEMBERSHIP_BENEFIT,,,,,신세계면세점 멤버십 우대 서비스,SEMI_STRUCTURED
2519,2404,300000,CARD_LEVEL,1,쇼핑,INSTALLMENT_SERVICE,,,,,코오롱 FnC 온/오프라인 매장 상품 구매시 장기할부 및 12/24/36개월 할부금 청구할인 제공,SEMI_STRUCTURED
2520,2430,0,CARD_LEVEL,6,기타,POINT_UNSPECIFIED,,,,,M포인트 사용,SEMI_STRUCTURED
2521,2433,0,CARD_LEVEL,4,금융,INSTALLMENT_SERVICE,,,,,장기할부 서비스,SEMI_STRUCTURED
2522,2436,500000,CARD_LEVEL,23,바우처,VOUCHER_GIFT,,,,,취향대로 선택하는 럭셔리 라이프 바우처,SEMI_STRUCTURED
2523,2443,200000,CARD_LEVEL,14,생활,POINT_UNSPECIFIED,,,,,일상생활업종 NH포인트 적립,SEMI_STRUCTURED
2524,2450,500000,CARD_LEVEL,23,바우처,VOUCHER_GIFT,,,,,"[HERITAGE 전용혜택] 쿠폰서비스(연 1회 제공, 3가지 중 택1)",SEMI_STRUCTURED
2525,2451,500000,CARD_LEVEL,23,바우처,VOUCHER_GIFT,,,,,"[HERITAGE 전용혜택] 쿠폰서비스 (연 1회 제공, 3가지 중 택1)",SEMI_STRUCTURED
2526,2459,500000,CARD_LEVEL,28,프리미엄 서비스,VOUCHER_GIFT,,,,,GIFT 기프트 서비스,SEMI_STRUCTURED
2527,2460,500000,CARD_LEVEL,23,바우처,VOUCHER_GIFT,,,,,[GIFT] 5가지 기프트 중에서 매년 1가지를 선택,SEMI_STRUCTURED
2528,2461,500000,CARD_LEVEL,23,바우처,VOUCHER_GIFT,,,,,[GIFT] 5가지 기프트 중에서 매년 2가지를 선택,SEMI_STRUCTURED
2529,2465,0,CARD_LEVEL,7,백화점,MEMBERSHIP_BENEFIT,,,,,신세계백화점 제휴 서비스,SEMI_STRUCTURED
2530,2465,0,CARD_LEVEL,15,면세점,MEMBERSHIP_BENEFIT,,,,,신세계면세점 멤버십 우대 서비스,SEMI_STRUCTURED
2531,2466,300000,CARD_LEVEL,18,카페,VOUCHER_GIFT,,,,,이디야 멤버스 음료쿠폰 제공,SEMI_STRUCTURED
2532,2468,300000,CARD_LEVEL,5,통신,DISCOUNT_SERVICE_GENERIC,,,,,"KMVNO 알뜰폰
통신요금 자동이체 할인 서비스",SEMI_STRUCTURED
2533,2469,0,CARD_LEVEL,28,프리미엄 서비스,PREMIUM_SERVICE,,,,,Platinum Service,SEMI_STRUCTURED
2534,2470,0,CARD_LEVEL,7,백화점,POINT_UNSPECIFIED,,,,,신세계포인트 적립 서비스,SEMI_STRUCTURED
2535,2491,0,CARD_LEVEL,6,기타,VOUCHER_GIFT,,,,,[Weekly 할인 쿠폰] 매주 1회 국내 이용 할인 쿠폰 제공,SEMI_STRUCTURED
2536,2492,0,CARD_LEVEL,6,기타,VOUCHER_GIFT,,,,,[Weekly 할인 쿠폰] 매월 2회 국내 이용 할인 쿠폰 제공,SEMI_STRUCTURED
2537,2495,500000,CARD_LEVEL,16,프리미엄,PREMIUM_SERVICE,,,,,Platinum 서비스,SEMI_STRUCTURED
2538,2497,500000,CARD_LEVEL,6,기타,INSTALLMENT_SERVICE,,,,,LG 전자 베스트샵 매장에서 할부 수수료 혜택,SEMI_STRUCTURED
2539,2521,400000,CARD_LEVEL,28,프리미엄 서비스,PREMIUM_SERVICE,,,,,VISA/AMEX 플래티넘 서비스,SEMI_STRUCTURED
2540,2527,0,CARD_LEVEL,21,온라인쇼핑,POINT_UNSPECIFIED,,,,,One Pick 온라인 쇼핑몰 가맹점 최대 3천 포인트 적립,SEMI_STRUCTURED
2541,2528,0,CARD_LEVEL,12,푸드,POINT_UNSPECIFIED,,,,,One Pick 맛집 가맹점 최대 3천 포인트 적립,SEMI_STRUCTURED
2542,2532,0,CARD_LEVEL,28,프리미엄 서비스,PREMIUM_SERVICE,,,,,Mastercard Platinum 서비스 제공,SEMI_STRUCTURED
2543,2533,400000,CARD_LEVEL,14,생활,DISCOUNT_SERVICE_GENERIC,,,,,일상생활 청구할인 서비스,SEMI_STRUCTURED
2544,2540,0,CARD_LEVEL,28,프리미엄 서비스,VOUCHER_GIFT,,,,,"Excusive 전용 쿠폰서비스1 [연 1회 제공, 4가지 중 1가지 선택]",SEMI_STRUCTURED
2545,2540,0,CARD_LEVEL,28,프리미엄 서비스,VOUCHER_GIFT,,,,,"Excusive 전용 쿠폰서비스2 [연 1회 제공, 2가지 중 1가지 선택]",SEMI_STRUCTURED
2546,2541,0,CARD_LEVEL,28,프리미엄 서비스,VOUCHER_GIFT,,,,,"Reserve 전용혜택 쿠폰서비스 [연 1회 제공, 3가지 중 1가지 선택]",SEMI_STRUCTURED
2547,2542,0,CARD_LEVEL,28,프리미엄 서비스,VOUCHER_GIFT,,,,,"Reserve 전용혜택 쿠폰서비스 [연 1회 제공, 3가지 중 1가지 선택]",SEMI_STRUCTURED
2548,2543,500000,CARD_LEVEL,11,테마파크,DISCOUNT_SERVICE_GENERIC,,,,,놀이공원•워터파크 할인 서비스,SEMI_STRUCTURED
2549,2543,500000,CARD_LEVEL,7,백화점,MEMBERSHIP_BENEFIT,,,,,신세계백화점 제휴 서비스,SEMI_STRUCTURED
2550,2546,0,CARD_LEVEL,12,푸드,POINT_UNSPECIFIED,,,,,One Pick 맛집 가맹점 최대 3천 포인트 적립,SEMI_STRUCTURED
2551,2547,0,CARD_LEVEL,21,온라인쇼핑,POINT_UNSPECIFIED,,,,,One Pick 온라인 쇼핑몰 가맹점 최대 3천 포인트 적립,SEMI_STRUCTURED
2552,2554,0,CARD_LEVEL,32,해외이용,POINT_UNSPECIFIED,,,,,해외 가맹점 하나머니 적립,SEMI_STRUCTURED
2553,2558,400000,CARD_LEVEL,27,교통,MILEAGE_UNSPECIFIED,,,,,K-패스 마일리지,SEMI_STRUCTURED
2554,2563,300000,CARD_LEVEL,17,대중교통,MILEAGE_UNSPECIFIED,,,,,K-패스 마일리지,SEMI_STRUCTURED
2555,2572,0,CARD_LEVEL,20,항공마일리지,POINT_UNSPECIFIED,,,,,UniMile 적립,SEMI_STRUCTURED
2556,2583,400000,CARD_LEVEL,6,기타,INSTALLMENT_SERVICE,,,,,PAYCO 36 우리카드 장기할부 서비스 제공,SEMI_STRUCTURED
2557,2592,500000,CARD_LEVEL,20,항공마일리지,VOUCHER_GIFT,,,,,[웰컴기프트] 싱가포르항공 크리스플라이어(이하 KF) 1만 5천 마일리지 적립 (발급 첫해 1회),SEMI_STRUCTURED
2558,2592,500000,CARD_LEVEL,20,항공마일리지,VOUCHER_GIFT,,,,,[연간기프트] 국내외 가맹점 싱가포르항공 크리스플라이어 마일리지 적립,SEMI_STRUCTURED
2559,2592,500000,CARD_LEVEL,20,항공마일리지,MILEAGE_UNSPECIFIED,,,,,국내외 가맹점 싱가포르항공 크리스플라이어 마일리지 적립,SEMI_STRUCTURED
2560,2592,500000,CARD_LEVEL,6,기타,MEMBERSHIP_BENEFIT,,,,,싱가포르항공 크리스플라이어 엘리트 멤버십 제공,SEMI_STRUCTURED
2561,2592,500000,CARD_LEVEL,20,항공마일리지,MILEAGE_UNSPECIFIED,,,,,싱가포르항공 크리스플라이어 보너스 마일리지 적립,SEMI_STRUCTURED
2562,2604,300000,CARD_LEVEL,17,대중교통,DISCOUNT_SERVICE_GENERIC,,,,,"후불교통(시내버스, 지하철) 청구할인, 고속/시외버스 환급할인 (최대 4천원)",SEMI_STRUCTURED
2563,2604,300000,CARD_LEVEL,19,편의점,DISCOUNT_SERVICE_GENERIC,,,,,CU편의점 최대 4천원 환급할인,SEMI_STRUCTURED
2564,2604,300000,CARD_LEVEL,18,카페,DISCOUNT_SERVICE_GENERIC,,,,,스타벅스(사이렌오더 포함) 최대 4천원 환급할인,SEMI_STRUCTURED
2565,2604,300000,CARD_LEVEL,10,영화,DISCOUNT_SERVICE_GENERIC,,,,,CGV 최대 4천원 환급할인,SEMI_STRUCTURED
2566,2604,300000,CARD_LEVEL,1,쇼핑,DISCOUNT_SERVICE_GENERIC,,,,,텐바이텐 최대 4천원 환급할인,SEMI_STRUCTURED
2567,2612,0,CARD_LEVEL,16,프리미엄,VOUCHER_GIFT,,,,,"[아코르 서비스] 4,000 ALL 리워드 포인트 기프트 제공",SEMI_STRUCTURED
2568,2612,0,CARD_LEVEL,16,프리미엄,POINT_UNSPECIFIED,,,,,[아코르 서비스] ALL 리워드 포인트 적립,SEMI_STRUCTURED
2569,2612,0,CARD_LEVEL,16,프리미엄,POINT_UNSPECIFIED,,,,,"[아코르 서비스] 2,000 ALL 리워드 포인트 보너스 제공",SEMI_STRUCTURED
2570,2613,500000,CARD_LEVEL,16,프리미엄,VOUCHER_GIFT,,,,,"[아코르 서비스] 14,000 ALL 리워드 포인트 기프트 제공",SEMI_STRUCTURED
2571,2613,500000,CARD_LEVEL,16,프리미엄,MEMBERSHIP_BENEFIT,,,,,[아코르 서비스] 아코르 플러스 유료 멤버십 자동 가입,SEMI_STRUCTURED
2572,2613,500000,CARD_LEVEL,16,프리미엄,POINT_UNSPECIFIED,,,,,[아코르 서비스] ALL 리워드 포인트 적립,SEMI_STRUCTURED
2573,2613,500000,CARD_LEVEL,16,프리미엄,POINT_UNSPECIFIED,,,,,"[아코르 서비스] 5,000 ALL 리워드 포인트 보너스 제공",SEMI_STRUCTURED
2574,2627,0,CARD_LEVEL,23,바우처,VOUCHER_GIFT,,,,,[기프트 바우처] Voucher : Premium Gift,SEMI_STRUCTURED
2575,2627,0,CARD_LEVEL,28,프리미엄 서비스,PREMIUM_SERVICE,,,,,[프리미엄 서비스] 공항라운지 서비스,SEMI_STRUCTURED
2576,2627,0,CARD_LEVEL,28,프리미엄 서비스,MILEAGE_UNSPECIFIED,,,,,[프리미엄 서비스] 항공사 마일리지 전환,SEMI_STRUCTURED
2577,2634,0,CARD_LEVEL,28,프리미엄 서비스,PREMIUM_SERVICE,,,,,Master Platinum Service,SEMI_STRUCTURED
2578,2637,300000,CARD_LEVEL,16,프리미엄,PREMIUM_SERVICE,,,,,VISA Platinum,SEMI_STRUCTURED
2579,2638,300000,CARD_LEVEL,16,프리미엄,PREMIUM_SERVICE,,,,,VISA Platinum,SEMI_STRUCTURED
2580,2640,500000,CARD_LEVEL,28,프리미엄 서비스,PREMIUM_SERVICE,,,,,Visa 브랜드 플래티넘서비스,SEMI_STRUCTURED
2581,2642,500000,CARD_LEVEL,28,프리미엄 서비스,PREMIUM_SERVICE,,,,,VISA 플래티넘 서비스,SEMI_STRUCTURED
2582,2657,500000,CARD_LEVEL,23,바우처,VOUCHER_GIFT,,,,,"바우처 5가지 중 1가지를 선택하여 이용 (연 1회, 서비스 실적 조건 확인)",SEMI_STRUCTURED
2583,2673,200000,CARD_LEVEL,19,편의점,POINT_UNSPECIFIED,,,,,[필수 생활비] 편의점 적립,SEMI_STRUCTURED
2584,2677,500000,CARD_LEVEL,23,바우처,VOUCHER_GIFT,,,,,"프리미엄 기프트 제공(①-④ 중 택 1, 연 1회)",SEMI_STRUCTURED
2585,2678,500000,CARD_LEVEL,23,바우처,VOUCHER_GIFT,,,,,"프리미엄 기프트 제공(①-④ 중 택 1, 연 1회)",SEMI_STRUCTURED
2586,2703,500000,CARD_LEVEL,23,바우처,VOUCHER_GIFT,,,,,"바우처 4가지 중 1가지를 선택하여 이용 (연 1회, 서비스 실적 조건 확인)",SEMI_STRUCTURED
2587,2703,500000,CARD_LEVEL,3,주유,POINT_UNSPECIFIED,,,,,[REWARD] 주유/EV충전 적립 (지난달 실적 조건 및 적립한도 확인),SEMI_STRUCTURED
2588,2705,500000,CARD_LEVEL,23,바우처,VOUCHER_GIFT,,,,,[PREMIUM VOUCHER] 바우처 2가지 중 1가지를 선택하여 이용 (연 1회),SEMI_STRUCTURED
2589,2709,500000,CARD_LEVEL,28,프리미엄 서비스,PREMIUM_SERVICE,,,,,Visa Platinum 서비스,SEMI_STRUCTURED
2590,2710,500000,CARD_LEVEL,16,프리미엄,MEMBERSHIP_BENEFIT,,,,,우대 서비스,SEMI_STRUCTURED
2591,2710,500000,CARD_LEVEL,28,프리미엄 서비스,PREMIUM_SERVICE,,,,,Visa Platinum 서비스,SEMI_STRUCTURED
2592,2711,500000,CARD_LEVEL,16,프리미엄,MEMBERSHIP_BENEFIT,,,,,우대 서비스,SEMI_STRUCTURED
2593,2712,500000,CARD_LEVEL,16,프리미엄,MEMBERSHIP_BENEFIT,,,,,우대 서비스,SEMI_STRUCTURED
2594,2725,300000,CARD_LEVEL,28,프리미엄 서비스,PREMIUM_SERVICE,,,,,Mastercard Platinum 서비스,SEMI_STRUCTURED
2595,2726,400000,CARD_LEVEL,28,프리미엄 서비스,PREMIUM_SERVICE,,,,,Mastercard Platinum 서비스,SEMI_STRUCTURED
2596,2730,500000,CARD_LEVEL,23,바우처,VOUCHER_GIFT,,,,,프리미엄 바우처,SEMI_STRUCTURED
2597,2737,500000,CARD_LEVEL,28,프리미엄 서비스,MEMBERSHIP_BENEFIT,,,,,[우대 서비스] 메탈 플레이트 제공,SEMI_STRUCTURED
2598,2738,500000,CARD_LEVEL,6,기타,INSTALLMENT_SERVICE,,,,,[우대서비스] M긴급적립·무이자 할부·롯데백화점 전용 쿠폰,SEMI_STRUCTURED
2599,2739,500000,CARD_LEVEL,6,기타,INSTALLMENT_SERVICE,,,,,[우대서비스] M긴급적립·무이자 할부·롯데백화점 전용 쿠폰,SEMI_STRUCTURED
2600,2751,500000,CARD_LEVEL,28,프리미엄 서비스,MEMBERSHIP_BENEFIT,,,,,[우대 서비스] 메탈 플레이트 제공,SEMI_STRUCTURED
2601,2752,500000,CARD_LEVEL,28,프리미엄 서비스,MEMBERSHIP_BENEFIT,,,,,[우대 서비스] 메탈 플레이트 제공,SEMI_STRUCTURED
2602,2753,500000,CARD_LEVEL,28,프리미엄 서비스,MEMBERSHIP_BENEFIT,,,,,[우대 서비스] 메탈 플레이트 제공,SEMI_STRUCTURED
2603,2755,500000,CARD_LEVEL,23,바우처,VOUCHER_GIFT,,,,,취향대로 선택하는 럭셔리 라이프 바우처,SEMI_STRUCTURED
2604,2755,500000,CARD_LEVEL,28,프리미엄 서비스,MEMBERSHIP_BENEFIT,,,,,[우대 서비스] 메탈 플레이트 제공,SEMI_STRUCTURED
2605,2756,500000,CARD_LEVEL,23,바우처,VOUCHER_GIFT,,,,,국내 Luxury/Gourmet 영역에서 카테고리 구분 없이 사용 가능한 바우처,SEMI_STRUCTURED
2606,2756,500000,CARD_LEVEL,28,프리미엄 서비스,MEMBERSHIP_BENEFIT,,,,,[우대 서비스] 메탈 플레이트,SEMI_STRUCTURED
2607,2757,500000,CARD_LEVEL,23,바우처,VOUCHER_GIFT,,,,,국내 Luxury/Gourmet 영역에서 카테고리 구분 없이 사용 가능한 바우처,SEMI_STRUCTURED
2608,2757,500000,CARD_LEVEL,28,프리미엄 서비스,MEMBERSHIP_BENEFIT,,,,,[우대 서비스] the Black Concierge,SEMI_STRUCTURED
2609,2762,0,CARD_LEVEL,23,바우처,VOUCHER_GIFT,,,,,기프트 옵션 서비스,SEMI_STRUCTURED
2610,2762,0,CARD_LEVEL,28,프리미엄 서비스,PREMIUM_SERVICE,,,,,공항 라운지 서비스・특수 소재 카드,SEMI_STRUCTURED
2611,2763,400000,CARD_LEVEL,19,편의점,MEMBERSHIP_BENEFIT,,,,,CU 멤버십 서비스,SEMI_STRUCTURED
2612,2764,400000,CARD_LEVEL,6,기타,MEMBERSHIP_BENEFIT,,,,,[우대 서비스] 메탈 플레이트 제공,SEMI_STRUCTURED
2613,2776,500000,CARD_LEVEL,28,프리미엄 서비스,MEMBERSHIP_BENEFIT,,,,,[우대 서비스] 메탈 플레이트 제공,SEMI_STRUCTURED
2614,2781,500000,CARD_LEVEL,23,바우처,VOUCHER_GIFT,,,,,"[Classic 전용혜택] 쿠폰 서비스 연 1회 제공, 4가지 중 택 1",SEMI_STRUCTURED
2615,2788,0,CARD_LEVEL,20,항공마일리지,MILEAGE_UNSPECIFIED,,,,,대한항공 마일리지/아시아나항공 마일리지 적립(택 1),SEMI_STRUCTURED
2616,2788,0,CARD_LEVEL,15,면세점,DISCOUNT_SERVICE_GENERIC,,,,,JDC 면세점 할인 서비스/골프장 부킹 대행 서비스,SEMI_STRUCTURED
2617,2790,500000,CARD_LEVEL,28,프리미엄 서비스,MEMBERSHIP_BENEFIT,,,,,우대 서비스,SEMI_STRUCTURED
2618,2791,500000,CARD_LEVEL,28,프리미엄 서비스,MEMBERSHIP_BENEFIT,,,,,우대 서비스,SEMI_STRUCTURED
2619,2792,500000,CARD_LEVEL,28,프리미엄 서비스,MEMBERSHIP_BENEFIT,,,,,우대 서비스,SEMI_STRUCTURED
2620,2793,500000,CARD_LEVEL,28,프리미엄 서비스,MEMBERSHIP_BENEFIT,,,,,우대 서비스,SEMI_STRUCTURED
2621,2795,0,CARD_LEVEL,2,모든가맹점,POINT_UNSPECIFIED,,,,,전 가맹점 적립 서비스,SEMI_STRUCTURED
2622,2795,0,CARD_LEVEL,13,선택형,DISCOUNT_SERVICE_GENERIC,,,,,선택 할인서비스 (2종 중 택1),SEMI_STRUCTURED
2623,2824,500000,CARD_LEVEL,28,프리미엄 서비스,PREMIUM_SERVICE,,,,,MasterCard Platinum Service,SEMI_STRUCTURED
2624,2830,0,CARD_LEVEL,19,편의점,POINT_UNSPECIFIED,,,,,[편의점 적립] 필수 생활비 - 편의점 적립,SEMI_STRUCTURED
2625,2845,400000,CARD_LEVEL,6,기타,VOUCHER_GIFT,,,,,쿠폰 서비스 (2종 중 택1),SEMI_STRUCTURED
2626,2867,500000,CARD_LEVEL,6,기타,POINT_UNSPECIFIED,,,,,[갤러리아 기본 서비스] 갤러리아 G포인트 서비스,SEMI_STRUCTURED
2627,2867,500000,CARD_LEVEL,6,기타,INSTALLMENT_SERVICE,,,,,[갤러리아 특별 서비스] 갤러리아 백화점 24/36개월 장기할부,SEMI_STRUCTURED
2628,2876,0,CARD_LEVEL,33,무이자할부,INSTALLMENT_SERVICE,,,,,무이자 할부 혜택,SEMI_STRUCTURED
2629,2877,500000,CARD_LEVEL,23,바우처,VOUCHER_GIFT,,,,,프리미엄 바우처 제공,SEMI_STRUCTURED
2630,2887,100000,CARD_LEVEL,12,푸드,POINT_UNSPECIFIED,,,,,오늘도 적립 서비스,SEMI_STRUCTURED
2631,2887,100000,CARD_LEVEL,1,쇼핑,POINT_UNSPECIFIED,,,,,일상 속 적립 서비스,SEMI_STRUCTURED
2632,2889,100000,CARD_LEVEL,12,푸드,POINT_UNSPECIFIED,,,,,오늘도 적립 서비스,SEMI_STRUCTURED
2633,2889,100000,CARD_LEVEL,1,쇼핑,POINT_UNSPECIFIED,,,,,일상 속 적립 서비스,SEMI_STRUCTURED
2634,2890,200000,CARD_LEVEL,14,생활,POINT_UNSPECIFIED,,,,,"[일상 생활비 적립] 가족행사월(5월, 12월) 적립 한도 5천 포인트 추가 제공",SEMI_STRUCTURED
2635,2890,200000,CARD_LEVEL,19,편의점,POINT_UNSPECIFIED,,,,,[필수 생활비 적립] 편의점 포인트 적립,SEMI_STRUCTURED
2636,2892,200000,CARD_LEVEL,12,푸드,POINT_UNSPECIFIED,,,,,[One Pick] 맛집 가맹점 최대 3천 포인트 적립,SEMI_STRUCTURED
2637,2893,200000,CARD_LEVEL,21,온라인쇼핑,POINT_UNSPECIFIED,,,,,[One Pick] 온라인 쇼핑몰 최대 3천 포인트 적립,SEMI_STRUCTURED
2638,2897,500000,CARD_LEVEL,18,카페,POINT_UNSPECIFIED,,,,,스타벅스 이용 시 스타벅스 별 리워드 적립,SEMI_STRUCTURED
2639,2897,500000,CARD_LEVEL,6,기타,POINT_UNSPECIFIED,,,,,스타벅스 선불카드 충전 이용 시 스타벅스 별 리워드 적립,SEMI_STRUCTURED
2640,2903,300000,CARD_LEVEL,3,주유,DISCOUNT_SERVICE_GENERIC,,,,,경차 유류세 환급 대상자 주유 및 충전(LPG) 시 유류세 환급,SEMI_STRUCTURED
2641,2903,300000,CARD_LEVEL,21,온라인쇼핑,POINT_UNSPECIFIED,,,,,현대카드 홈페이지를 통해 제휴 온라인쇼핑몰에 접속하여 결제 시 M포인트 추가 적립,SEMI_STRUCTURED
2642,2906,0,CARD_LEVEL,28,프리미엄 서비스,PREMIUM_SERVICE,,,,,Platinum# 공통 서비스,SEMI_STRUCTURED
2643,2914,0,CARD_LEVEL,7,백화점,MEMBERSHIP_BENEFIT,,,,,신세계백화점 제휴 서비스,SEMI_STRUCTURED
2644,2916,400000,CARD_LEVEL,28,프리미엄 서비스,PREMIUM_SERVICE,,,,,Mastercard Platinum 서비스,SEMI_STRUCTURED
2645,2947,300000,CARD_LEVEL,16,프리미엄,MEMBERSHIP_BENEFIT,,,,,우대 서비스,SEMI_STRUCTURED
2646,2948,300000,CARD_LEVEL,16,프리미엄,MEMBERSHIP_BENEFIT,,,,,우대 서비스,SEMI_STRUCTURED
2647,2950,0,CARD_LEVEL,33,무이자할부,INSTALLMENT_SERVICE,,,,,무이자 할부 서비스,SEMI_STRUCTURED
2648,2951,0,CARD_LEVEL,33,무이자할부,INSTALLMENT_SERVICE,,,,,무이자 할부 서비스,SEMI_STRUCTURED
2649,2980,0,CARD_LEVEL,28,프리미엄 서비스,PREMIUM_SERVICE,,,,,Mastercard Platinum 서비스,SEMI_STRUCTURED
2650,8,0,CARD_LEVEL,13,선택형,UNCLASSIFIED,,,,,Gift Option Service - 매년 1회 옵션 품목 중 한 가지를 선택하여 이용,NEEDS_AI_REVIEW
2651,8,0,CARD_LEVEL,16,프리미엄,UNCLASSIFIED,,,,,국제브랜드사 서비스 공통사항 안내,NEEDS_AI_REVIEW
2652,10,300000,CARD_LEVEL,10,영화,UNCLASSIFIED,,,,,"CGV, 메가박스",NEEDS_AI_REVIEW
2653,11,0,CARD_LEVEL,10,영화,UNCLASSIFIED,,,,,온라인 영화 예매 할인,NEEDS_AI_REVIEW
2654,14,300000,CARD_LEVEL,13,선택형,UNCLASSIFIED,,,,,할인율 선택 서비스,NEEDS_AI_REVIEW
2655,14,300000,CARD_LEVEL,18,카페,UNCLASSIFIED,,,,,"스타벅스, 커피빈",NEEDS_AI_REVIEW
2656,14,300000,CARD_LEVEL,19,편의점,UNCLASSIFIED,,,,,"GS25, 세븐일레븐, CU",NEEDS_AI_REVIEW
2657,14,300000,CARD_LEVEL,10,영화,UNCLASSIFIED,,,,,"CGV, 롯데시네마",NEEDS_AI_REVIEW
2658,15,300000,CARD_LEVEL,23,바우처,UNCLASSIFIED,,,,,Gift Option,NEEDS_AI_REVIEW
2659,35,200000,CARD_LEVEL,10,영화,UNCLASSIFIED,,,,,"맥스무비, 인터파크, YES24 예매 시 할인",NEEDS_AI_REVIEW
2660,37,300000,CARD_LEVEL,23,바우처,UNCLASSIFIED,,,,,Gift Option Service,NEEDS_AI_REVIEW
2661,37,300000,CARD_LEVEL,29,여행/숙박,UNCLASSIFIED,,,,,JEJU 할인,NEEDS_AI_REVIEW
2662,37,300000,CARD_LEVEL,18,카페,UNCLASSIFIED,,,,,커피 할인,NEEDS_AI_REVIEW
2663,37,300000,CARD_LEVEL,1,쇼핑,UNCLASSIFIED,,,,,쇼핑 할인,NEEDS_AI_REVIEW
2664,37,300000,CARD_LEVEL,14,생활,UNCLASSIFIED,,,,,생활 할인,NEEDS_AI_REVIEW
2665,38,300000,CARD_LEVEL,14,생활,UNCLASSIFIED,,,,,COIN-SAVE 잔돈 할인,NEEDS_AI_REVIEW
2666,49,0,CARD_LEVEL,28,프리미엄 서비스,UNCLASSIFIED,,,,,아멕스 PLATINUM 등급 서비스,NEEDS_AI_REVIEW
2667,49,0,CARD_LEVEL,13,선택형,UNCLASSIFIED,,,,,여행의 설레임을 담은 디자인으로 리뉴얼 된 삼성카드 & MILEAGE PLATINUM,NEEDS_AI_REVIEW
2668,50,300000,CARD_LEVEL,25,정비,UNCLASSIFIED,,,,,닥터카서비스,NEEDS_AI_REVIEW
2669,51,300000,CARD_LEVEL,13,선택형,UNCLASSIFIED,,,,,라이프스타일 패키지 선택,NEEDS_AI_REVIEW
2670,53,300000,CARD_LEVEL,10,영화,UNCLASSIFIED,,,,,"메가박스, CGV, 무비존 영화 할인",NEEDS_AI_REVIEW
2671,56,500000,CARD_LEVEL,25,정비,UNCLASSIFIED,,,,,닥터카 서비스,NEEDS_AI_REVIEW
2672,56,500000,CARD_LEVEL,16,프리미엄,UNCLASSIFIED,,,,,브랜드사 서비스,NEEDS_AI_REVIEW
2673,57,500000,CARD_LEVEL,16,프리미엄,UNCLASSIFIED,,,,,MASTER/UnionPay 서비스,NEEDS_AI_REVIEW
2674,58,500000,CARD_LEVEL,14,생활,UNCLASSIFIED,,,,,"할인점, 소셜커머스, 커피전문점, 편의점, 영화 할인",NEEDS_AI_REVIEW
2675,58,500000,CARD_LEVEL,16,프리미엄,UNCLASSIFIED,,,,,(해외겸용카드 전용) MASTER PLATINUM 등급 서비스,NEEDS_AI_REVIEW
2676,59,500000,CARD_LEVEL,13,선택형,UNCLASSIFIED,,,,,라이프스타일 패키지(옵션 패키지 중 택1),NEEDS_AI_REVIEW
2677,59,500000,CARD_LEVEL,16,프리미엄,UNCLASSIFIED,,,,,mastercard PLATINUM 등급 서비스,NEEDS_AI_REVIEW
2678,61,0,CARD_LEVEL,16,프리미엄,UNCLASSIFIED,,,,,American Express Selects 서비스,NEEDS_AI_REVIEW
2679,62,0,CARD_LEVEL,11,테마파크,UNCLASSIFIED,,,,,어린이 직업체험 테마파크 할인,NEEDS_AI_REVIEW
2680,72,400000,CARD_LEVEL,22,대형마트,UNCLASSIFIED,,,,,트레이더스 결제일할인,NEEDS_AI_REVIEW
2681,73,300000,CARD_LEVEL,28,프리미엄 서비스,UNCLASSIFIED,,,,,"통신, 영화, 놀이공원, 호텔 할인",NEEDS_AI_REVIEW
2682,77,300000,CARD_LEVEL,10,영화,UNCLASSIFIED,,,,,전국 영화관 청구할인,NEEDS_AI_REVIEW
2683,80,300000,CARD_LEVEL,10,영화,UNCLASSIFIED,,,,,전국 영화관 3천원 청구할인,NEEDS_AI_REVIEW
2684,80,300000,CARD_LEVEL,6,기타,UNCLASSIFIED,,,,,"카드 ""Touching"" 서비스 안내",NEEDS_AI_REVIEW
2685,82,300000,CARD_LEVEL,16,프리미엄,UNCLASSIFIED,,,,,프리미엄 골프/라이프 서비스 제공,NEEDS_AI_REVIEW
2686,85,300000,CARD_LEVEL,4,금융,UNCLASSIFIED,,,,,Two-in-One 결제서비스,NEEDS_AI_REVIEW
2687,86,300000,CARD_LEVEL,4,금융,UNCLASSIFIED,,,,,Two-in-One 결제서비스,NEEDS_AI_REVIEW
2688,116,300000,CARD_LEVEL,13,선택형,UNCLASSIFIED,,,,,홀릭's Choice (쇼핑홀릭 또는 푸드홀릭 중 택1),NEEDS_AI_REVIEW
2689,127,400000,CARD_LEVEL,11,테마파크,UNCLASSIFIED,,,,,영화/놀이공원 현장할인,NEEDS_AI_REVIEW
2690,130,500000,CARD_LEVEL,16,프리미엄,UNCLASSIFIED,,,,,BeV Ⅴ카드 공통 서비스,NEEDS_AI_REVIEW
2691,131,500000,CARD_LEVEL,16,프리미엄,UNCLASSIFIED,,,,,BeV Ⅴ카드 공통 서비스,NEEDS_AI_REVIEW
2692,133,500000,CARD_LEVEL,3,주유,UNCLASSIFIED,,,,,주유 할인,NEEDS_AI_REVIEW
2693,156,100000,CARD_LEVEL,6,기타,UNCLASSIFIED,,,,,기타서비스,NEEDS_AI_REVIEW
2694,162,300000,CARD_LEVEL,11,테마파크,UNCLASSIFIED,,,,,전국 주요 놀이공원 할인,NEEDS_AI_REVIEW
2695,163,300000,CARD_LEVEL,18,카페,UNCLASSIFIED,,,,,"스타벅스(사이렌오더 포함), 카페베네, 커피빈, 탐앤탐스 4천원 할인",NEEDS_AI_REVIEW
2696,163,300000,CARD_LEVEL,11,테마파크,UNCLASSIFIED,,,,,전국 주요 놀이공원 할인,NEEDS_AI_REVIEW
2697,164,300000,CARD_LEVEL,11,테마파크,UNCLASSIFIED,,,,,전국 주요 놀이공원 할인,NEEDS_AI_REVIEW
2698,167,0,CARD_LEVEL,28,프리미엄 서비스,UNCLASSIFIED,,,,,LIKIT FUN 카드,NEEDS_AI_REVIEW
2699,174,300000,CARD_LEVEL,6,기타,UNCLASSIFIED,,,,,공통서비스,NEEDS_AI_REVIEW
2700,176,200000,CARD_LEVEL,14,생활,UNCLASSIFIED,,,,,"패밀리레스토랑, 커피, 영화 등 할인",NEEDS_AI_REVIEW
2701,192,300000,CARD_LEVEL,11,테마파크,UNCLASSIFIED,,,,,전국 주요 놀이공원 할인,NEEDS_AI_REVIEW
2702,200,500000,CARD_LEVEL,1,쇼핑,UNCLASSIFIED,,,,,쇼핑+해외이용금액 할인,NEEDS_AI_REVIEW
2703,206,300000,CARD_LEVEL,25,정비,UNCLASSIFIED,,,,,스피드메이트 엔진오일 할인 제공,NEEDS_AI_REVIEW
2704,207,300000,CARD_LEVEL,11,테마파크,UNCLASSIFIED,,,,,놀이공원 할인,NEEDS_AI_REVIEW
2705,207,300000,CARD_LEVEL,8,패밀리레스토랑,UNCLASSIFIED,,,,,외식 할인,NEEDS_AI_REVIEW
2706,227,400000,CARD_LEVEL,28,프리미엄 서비스,UNCLASSIFIED,,,,,브랜드 서비스,NEEDS_AI_REVIEW
2707,231,300000,CARD_LEVEL,18,카페,UNCLASSIFIED,,,,,"스타벅스, 커피빈 할인",NEEDS_AI_REVIEW
2708,231,300000,CARD_LEVEL,6,기타,UNCLASSIFIED,,,,,하나멤버스 서비스,NEEDS_AI_REVIEW
2709,232,300000,CARD_LEVEL,18,카페,UNCLASSIFIED,,,,,"스타벅스, 커피빈 할인",NEEDS_AI_REVIEW
2710,232,300000,CARD_LEVEL,6,기타,UNCLASSIFIED,,,,,하나멤버스 서비스,NEEDS_AI_REVIEW
2711,234,300000,CARD_LEVEL,18,카페,UNCLASSIFIED,,,,,"스타벅스, 커피빈 할인",NEEDS_AI_REVIEW
2712,234,300000,CARD_LEVEL,6,기타,UNCLASSIFIED,,,,,하나멤버스 서비스,NEEDS_AI_REVIEW
2713,237,300000,CARD_LEVEL,28,프리미엄 서비스,UNCLASSIFIED,,,,,옵션서비스(프리미엄 부가서비스),NEEDS_AI_REVIEW
2714,238,300000,CARD_LEVEL,3,주유,UNCLASSIFIED,,,,,SK주유소 월 최대 6천원 청구할인,NEEDS_AI_REVIEW
2715,238,300000,CARD_LEVEL,18,카페,UNCLASSIFIED,,,,,스타벅스/커피빈 4천원 이상 결제시 4천원 청구할인,NEEDS_AI_REVIEW
2716,239,300000,CARD_LEVEL,3,주유,UNCLASSIFIED,,,,,SK주유소 월 최대 6천원 청구할인,NEEDS_AI_REVIEW
2717,239,300000,CARD_LEVEL,18,카페,UNCLASSIFIED,,,,,스타벅스/커피빈 4천원 이상 결제시 4천원 청구할인,NEEDS_AI_REVIEW
2718,240,300000,CARD_LEVEL,18,카페,UNCLASSIFIED,,,,,스타벅스/커피빈 4천원 이상 결제시 4천원 청구할인,NEEDS_AI_REVIEW
2719,247,300000,CARD_LEVEL,14,생활,UNCLASSIFIED,,,,,"기본서비스(커피, 편의점, 통신, 영화할인)",NEEDS_AI_REVIEW
2720,247,300000,CARD_LEVEL,13,선택형,UNCLASSIFIED,,,,,"선택서비스(쇼핑, 주유할인)",NEEDS_AI_REVIEW
2721,247,300000,CARD_LEVEL,17,대중교통,UNCLASSIFIED,,,,,"우대PLUS서비스(대중교통, 외식할인)",NEEDS_AI_REVIEW
2722,247,300000,CARD_LEVEL,11,테마파크,UNCLASSIFIED,,,,,주요 놀이공원 현장할인,NEEDS_AI_REVIEW
2723,248,400000,CARD_LEVEL,14,생활,UNCLASSIFIED,,,,,"기본서비스(교육, 아파트관리비, 통신, 영화할인)",NEEDS_AI_REVIEW
2724,248,400000,CARD_LEVEL,13,선택형,UNCLASSIFIED,,,,,"선택서비스(쇼핑, 주유할인)",NEEDS_AI_REVIEW
2725,248,400000,CARD_LEVEL,22,대형마트,UNCLASSIFIED,,,,,"우대PLUS서비스(대형마트, 외식할인)",NEEDS_AI_REVIEW
2726,248,400000,CARD_LEVEL,11,테마파크,UNCLASSIFIED,,,,,주요 놀이공원 현장할인,NEEDS_AI_REVIEW
2727,250,500000,CARD_LEVEL,17,대중교통,UNCLASSIFIED,,,,,대중교통 청구할인,NEEDS_AI_REVIEW
2728,250,500000,CARD_LEVEL,19,편의점,UNCLASSIFIED,,,,,편의점 청구할인,NEEDS_AI_REVIEW
2729,250,500000,CARD_LEVEL,18,카페,UNCLASSIFIED,,,,,커피 청구할인,NEEDS_AI_REVIEW
2730,270,500000,CARD_LEVEL,10,영화,UNCLASSIFIED,,,,,영화 할인,NEEDS_AI_REVIEW
2731,270,500000,CARD_LEVEL,18,카페,UNCLASSIFIED,,,,,커피전문점 할인,NEEDS_AI_REVIEW
2732,270,500000,CARD_LEVEL,17,대중교통,UNCLASSIFIED,,,,,대중교통 할인,NEEDS_AI_REVIEW
2733,270,500000,CARD_LEVEL,9,주유소,UNCLASSIFIED,,,,,주유소 할인,NEEDS_AI_REVIEW
2734,270,500000,CARD_LEVEL,19,편의점,UNCLASSIFIED,,,,,편의점 할인,NEEDS_AI_REVIEW
2735,270,500000,CARD_LEVEL,22,대형마트,UNCLASSIFIED,,,,,마트 할인,NEEDS_AI_REVIEW
2736,270,500000,CARD_LEVEL,11,테마파크,UNCLASSIFIED,,,,,놀이공원 할인,NEEDS_AI_REVIEW
2737,281,0,CARD_LEVEL,4,금융,UNCLASSIFIED,,,,,수수료 우대,NEEDS_AI_REVIEW
2738,282,300000,CARD_LEVEL,10,영화,UNCLASSIFIED,,,,,"신세계백화점 입점영화관 토,일요일 2천원 캐시백",NEEDS_AI_REVIEW
2739,282,300000,CARD_LEVEL,18,카페,UNCLASSIFIED,,,,,스타벅스 사이즈업 지원 캐시백,NEEDS_AI_REVIEW
2740,286,0,CARD_LEVEL,13,선택형,UNCLASSIFIED,,,,,플레이트 디자인 선택 가능,NEEDS_AI_REVIEW
2741,286,0,CARD_LEVEL,28,프리미엄 서비스,UNCLASSIFIED,,,,,Master 플래티늄 서비스,NEEDS_AI_REVIEW
2742,302,300000,CARD_LEVEL,10,영화,UNCLASSIFIED,,,,,맥스무비 최대 2천원 캐시백,NEEDS_AI_REVIEW
2743,312,200000,CARD_LEVEL,14,생활,UNCLASSIFIED,,,,,"쇼핑, 커피, 영화, 편의점, 교통 등 국내 캐시백 서비스",NEEDS_AI_REVIEW
2744,315,200000,CARD_LEVEL,6,기타,UNCLASSIFIED,,,,,월간 통합 캐쉬백 한도,NEEDS_AI_REVIEW
2745,323,300000,CARD_LEVEL,6,기타,UNCLASSIFIED,,,,,공통서비스,NEEDS_AI_REVIEW
2746,324,300000,CARD_LEVEL,6,기타,UNCLASSIFIED,,,,,YG 엔터테인먼트 운영 쇼핑몰 할인,NEEDS_AI_REVIEW
2747,325,300000,CARD_LEVEL,23,바우처,UNCLASSIFIED,,,,,"GIFT VOUCHER (연 1회, 택1회)",NEEDS_AI_REVIEW
2748,325,300000,CARD_LEVEL,29,여행/숙박,UNCLASSIFIED,,,,,[Travel Service] 국내외 여행 관련 서비스 제공,NEEDS_AI_REVIEW
2749,326,200000,CARD_LEVEL,6,기타,UNCLASSIFIED,,,,,공통서비스,NEEDS_AI_REVIEW
2750,330,100000,CARD_LEVEL,24,마트/편의점,UNCLASSIFIED,,,,,편의점/올리브영 캐시백,NEEDS_AI_REVIEW
2751,330,100000,CARD_LEVEL,27,교통,UNCLASSIFIED,,,,,티머니 충전 캐시백,NEEDS_AI_REVIEW
2752,330,100000,CARD_LEVEL,6,기타,UNCLASSIFIED,,,,,통합 월 캐시백 한도,NEEDS_AI_REVIEW
2753,335,300000,CARD_LEVEL,32,해외이용,UNCLASSIFIED,,,,,해외이용/해외직구 할인캐시백,NEEDS_AI_REVIEW
2754,350,200000,CARD_LEVEL,30,렌터카,UNCLASSIFIED,,,,,SK렌터카 할인 (연 2회),NEEDS_AI_REVIEW
2755,355,300000,CARD_LEVEL,18,카페,UNCLASSIFIED,,,,,커피/제과 할인,NEEDS_AI_REVIEW
2756,355,300000,CARD_LEVEL,10,영화,UNCLASSIFIED,,,,,CGV 할인,NEEDS_AI_REVIEW
2757,357,300000,CARD_LEVEL,7,백화점,UNCLASSIFIED,,,,,AK특화 서비스,NEEDS_AI_REVIEW
2758,357,300000,CARD_LEVEL,18,카페,UNCLASSIFIED,,,,,커피전문점 할인,NEEDS_AI_REVIEW
2759,357,300000,CARD_LEVEL,10,영화,UNCLASSIFIED,,,,,영화 할인,NEEDS_AI_REVIEW
2760,359,300000,CARD_LEVEL,6,기타,UNCLASSIFIED,,,,,GS리테일POP서비스,NEEDS_AI_REVIEW
2761,364,300000,CARD_LEVEL,13,선택형,UNCLASSIFIED,,,,,"임신출산, 보육료/유아학비 등 지원",NEEDS_AI_REVIEW
2762,364,300000,CARD_LEVEL,6,기타,UNCLASSIFIED,,,,,공통서비스,NEEDS_AI_REVIEW
2763,372,300000,CARD_LEVEL,6,기타,UNCLASSIFIED,,,,,기타 서비스,NEEDS_AI_REVIEW
2764,382,250000,CARD_LEVEL,13,선택형,UNCLASSIFIED,,,,,카드플레이트 디자인 선택 가능,NEEDS_AI_REVIEW
2765,389,200000,CARD_LEVEL,13,선택형,UNCLASSIFIED,,,,,카드 디자인 선택,NEEDS_AI_REVIEW
2766,392,0,CARD_LEVEL,10,영화,UNCLASSIFIED,,,,,"CGV, 무비존, 메가박스 영화할인",NEEDS_AI_REVIEW
2767,392,0,CARD_LEVEL,25,정비,UNCLASSIFIED,,,,,닥터카서비스,NEEDS_AI_REVIEW
2768,392,0,CARD_LEVEL,22,대형마트,UNCLASSIFIED,,,,,이마트 맘키즈 서비스,NEEDS_AI_REVIEW
2769,400,0,CARD_LEVEL,26,해외,UNCLASSIFIED,,,,,해외이용 안내,NEEDS_AI_REVIEW
2770,402,100000,CARD_LEVEL,26,해외,UNCLASSIFIED,,,,,해외이용 안내,NEEDS_AI_REVIEW
2771,403,0,CARD_LEVEL,26,해외,UNCLASSIFIED,,,,,해외이용 안내,NEEDS_AI_REVIEW
2772,404,300000,CARD_LEVEL,6,기타,UNCLASSIFIED,,,,,출산육아 특별서비스,NEEDS_AI_REVIEW
2773,415,0,CARD_LEVEL,2,모든가맹점,UNCLASSIFIED,,,,,당월 이용금액별 X캐시백 제공,NEEDS_AI_REVIEW
2774,422,500000,CARD_LEVEL,28,프리미엄 서비스,UNCLASSIFIED,,,,,Priority Pass카드 및 특수 소재 플레이트 제공,NEEDS_AI_REVIEW
2775,422,500000,CARD_LEVEL,6,기타,UNCLASSIFIED,,,,,"VISA Signature 서비스
MasterCard World 서비스",NEEDS_AI_REVIEW
2776,434,0,CARD_LEVEL,13,선택형,UNCLASSIFIED,,,,,"네이비, 오렌지, 화이트 중 원하는 카드 색상 선택",NEEDS_AI_REVIEW
2777,447,500000,CARD_LEVEL,15,면세점,UNCLASSIFIED,,,,,Daily Service,NEEDS_AI_REVIEW
2778,447,500000,CARD_LEVEL,18,카페,UNCLASSIFIED,,,,,Daily Service,NEEDS_AI_REVIEW
2779,448,500000,CARD_LEVEL,9,주유소,UNCLASSIFIED,,,,,모든 주유소 할인,NEEDS_AI_REVIEW
2780,448,500000,CARD_LEVEL,18,카페,UNCLASSIFIED,,,,,"스타벅스, 커피빈 할인",NEEDS_AI_REVIEW
2781,449,0,CARD_LEVEL,23,바우처,UNCLASSIFIED,,,,,Special Service 제공,NEEDS_AI_REVIEW
2782,449,0,CARD_LEVEL,28,프리미엄 서비스,UNCLASSIFIED,,,,,국제 브랜드 서비스,NEEDS_AI_REVIEW
2783,450,0,CARD_LEVEL,23,바우처,UNCLASSIFIED,,,,,Special Service 제공,NEEDS_AI_REVIEW
2784,450,0,CARD_LEVEL,28,프리미엄 서비스,UNCLASSIFIED,,,,,국제 브랜드 서비스,NEEDS_AI_REVIEW
2785,451,0,CARD_LEVEL,23,바우처,UNCLASSIFIED,,,,,"Free Package (연 1회, 택 1)",NEEDS_AI_REVIEW
2786,451,0,CARD_LEVEL,28,프리미엄 서비스,UNCLASSIFIED,,,,,프리머스카드 공통서비스,NEEDS_AI_REVIEW
2787,452,0,CARD_LEVEL,23,바우처,UNCLASSIFIED,,,,,"Free Package (연 1회, 택 1)",NEEDS_AI_REVIEW
2788,452,0,CARD_LEVEL,28,프리미엄 서비스,UNCLASSIFIED,,,,,프리머스카드 공통서비스,NEEDS_AI_REVIEW
2789,453,0,CARD_LEVEL,23,바우처,UNCLASSIFIED,,,,,"Free Package (연 1회, 택 1)",NEEDS_AI_REVIEW
2790,453,0,CARD_LEVEL,28,프리미엄 서비스,UNCLASSIFIED,,,,,프리머스카드 공통서비스,NEEDS_AI_REVIEW
2791,455,300000,CARD_LEVEL,5,통신,UNCLASSIFIED,,,,,통신 2천원 결제일 할인,NEEDS_AI_REVIEW
2792,458,300000,CARD_LEVEL,13,선택형,UNCLASSIFIED,,,,,라이프스타일 옵션 패키지,NEEDS_AI_REVIEW
2793,466,500000,CARD_LEVEL,28,프리미엄 서비스,UNCLASSIFIED,,,,,AMEX PLATINUM 서비스 제공,NEEDS_AI_REVIEW
2794,473,300000,CARD_LEVEL,18,카페,UNCLASSIFIED,,,,,"스타벅스, 투썸플레이스 1천원 청구할인",NEEDS_AI_REVIEW
2795,473,300000,CARD_LEVEL,26,해외,UNCLASSIFIED,,,,,해외 유명 박물관/미술관 입장권 할인,NEEDS_AI_REVIEW
2796,480,300000,CARD_LEVEL,10,영화,UNCLASSIFIED,,,,,영화관 3천원 할인,NEEDS_AI_REVIEW
2797,486,200000,CARD_LEVEL,1,쇼핑,UNCLASSIFIED,,,,,올리브영 3천원 캐시백,NEEDS_AI_REVIEW
2798,486,200000,CARD_LEVEL,10,영화,UNCLASSIFIED,,,,,CGV 3천원 캐시백,NEEDS_AI_REVIEW
2799,486,200000,CARD_LEVEL,17,대중교통,UNCLASSIFIED,,,,,"버스, 지하철 3천원 캐시백",NEEDS_AI_REVIEW
2800,487,300000,CARD_LEVEL,10,영화,UNCLASSIFIED,,,,,"CGV, 인터파크, YES24 영화 할인",NEEDS_AI_REVIEW
2801,488,500000,CARD_LEVEL,28,프리미엄 서비스,UNCLASSIFIED,,,,,Easy auto 티타늄 서비스,NEEDS_AI_REVIEW
2802,489,500000,CARD_LEVEL,29,여행/숙박,UNCLASSIFIED,,,,,여행 할인,NEEDS_AI_REVIEW
2803,489,500000,CARD_LEVEL,14,생활,UNCLASSIFIED,,,,,Easy fly+ 서비스,NEEDS_AI_REVIEW
2804,489,500000,CARD_LEVEL,16,프리미엄,UNCLASSIFIED,,,,,Easy fly 티타늄 서비스,NEEDS_AI_REVIEW
2805,502,0,CARD_LEVEL,6,기타,UNCLASSIFIED,,,,,"네이버에서 네이버투자통장(삼성증권 CMA계좌) 개설 후, 네이버에서만 카드신청 가능",NEEDS_AI_REVIEW
2806,522,500000,CARD_LEVEL,28,프리미엄 서비스,UNCLASSIFIED,,,,,Liiv M 마스터 티타늄 서비스,NEEDS_AI_REVIEW
2807,529,500000,CARD_LEVEL,6,기타,UNCLASSIFIED,,,,,"연회비 감면
MasterCard/VISA 서비스",NEEDS_AI_REVIEW
2808,533,500000,CARD_LEVEL,9,주유소,UNCLASSIFIED,,,,,"[DC ONE] 내가 직접 고르는 특별할인!
[DC ALL] 언제 어디서나 누리는 기본할인!",NEEDS_AI_REVIEW
2809,535,0,CARD_LEVEL,14,생활,UNCLASSIFIED,,,,,Be My Guest / Star Point / Life Support / Bonus Present,NEEDS_AI_REVIEW
2810,538,500000,CARD_LEVEL,14,생활,UNCLASSIFIED,,,,,"대형마트, 통신요금, 패스트푸드 할인",NEEDS_AI_REVIEW
2811,538,500000,CARD_LEVEL,28,프리미엄 서비스,UNCLASSIFIED,,,,,Easy study 티타늄 서비스,NEEDS_AI_REVIEW
2812,539,0,CARD_LEVEL,6,기타,UNCLASSIFIED,,,,,"라이프 매거진 매월 발송,
쇼핑/외식/여가문화 혜택",NEEDS_AI_REVIEW
2813,542,300000,CARD_LEVEL,7,백화점,UNCLASSIFIED,,,,,갤러리아 관련 혜택,NEEDS_AI_REVIEW
2814,542,300000,CARD_LEVEL,18,카페,UNCLASSIFIED,,,,,"커피(스타벅스, 폴바셋, 빈스앤베리스) 1천원 청구할인",NEEDS_AI_REVIEW
2815,546,0,CARD_LEVEL,8,패밀리레스토랑,UNCLASSIFIED,,,,,패밀리 레스토랑 할인,NEEDS_AI_REVIEW
2816,546,0,CARD_LEVEL,14,생활,UNCLASSIFIED,,,,,"자동차, 통신 등 생활서비스 제공",NEEDS_AI_REVIEW
2817,551,500000,CARD_LEVEL,5,통신,UNCLASSIFIED,,,,,통신요금 자동납부 5천원 청구할인,NEEDS_AI_REVIEW
2818,551,500000,CARD_LEVEL,10,영화,UNCLASSIFIED,,,,,영화 3천원 청구할인,NEEDS_AI_REVIEW
2819,551,500000,CARD_LEVEL,6,기타,UNCLASSIFIED,,,,,정기결제 1천원 청구할인,NEEDS_AI_REVIEW
2820,551,500000,CARD_LEVEL,13,선택형,UNCLASSIFIED,,,,,Easy link 선택서비스(택1),NEEDS_AI_REVIEW
2821,551,500000,CARD_LEVEL,28,프리미엄 서비스,UNCLASSIFIED,,,,,티타늄 서비스,NEEDS_AI_REVIEW
2822,569,500000,CARD_LEVEL,13,선택형,UNCLASSIFIED,,,,,서로 다른 매력이 있는 4종의 디자인 중에서 하나를 선택해 발급,NEEDS_AI_REVIEW
2823,578,0,CARD_LEVEL,6,기타,UNCLASSIFIED,,,,,다양한 KB금융 서비스 혜택,NEEDS_AI_REVIEW
2824,580,500000,CARD_LEVEL,16,프리미엄,UNCLASSIFIED,,,,,티타늄 서비스,NEEDS_AI_REVIEW
2825,583,300000,CARD_LEVEL,17,대중교통,UNCLASSIFIED,,,,,K-패스 사업 지역 안내,NEEDS_AI_REVIEW
2826,584,200000,CARD_LEVEL,17,대중교통,UNCLASSIFIED,,,,,K-패스 사업 지역 안내,NEEDS_AI_REVIEW
2827,584,200000,CARD_LEVEL,26,해외,UNCLASSIFIED,,,,,해외 서비스(Mastercard 브랜드 발급 시 제공),NEEDS_AI_REVIEW
2828,589,0,CARD_LEVEL,28,프리미엄 서비스,UNCLASSIFIED,,,,,국제 브랜드 서비스,NEEDS_AI_REVIEW
2829,591,500000,CARD_LEVEL,19,편의점,UNCLASSIFIED,,,,,편의점 3천원 할인,NEEDS_AI_REVIEW
2830,591,500000,CARD_LEVEL,12,푸드,UNCLASSIFIED,,,,,커피·제과·패스트푸드 3천원 할인,NEEDS_AI_REVIEW
2831,591,500000,CARD_LEVEL,29,여행/숙박,UNCLASSIFIED,,,,,숙박앱 5천원 할인,NEEDS_AI_REVIEW
2832,594,300000,CARD_LEVEL,18,카페,UNCLASSIFIED,,,,,커피전문점 1천원 청구할인,NEEDS_AI_REVIEW
2833,594,300000,CARD_LEVEL,28,프리미엄 서비스,UNCLASSIFIED,,,,,VISA브랜드 제공 서비스,NEEDS_AI_REVIEW
2834,595,300000,CARD_LEVEL,3,주유,UNCLASSIFIED,,,,,주유 / 충전 할인,NEEDS_AI_REVIEW
2835,597,300000,CARD_LEVEL,18,카페,UNCLASSIFIED,,,,,"스타벅스, 폴바셋 1천원 청구할인",NEEDS_AI_REVIEW
2836,598,300000,CARD_LEVEL,18,카페,UNCLASSIFIED,,,,,"스타벅스, 폴바셋 1천원 청구할인",NEEDS_AI_REVIEW
2837,598,300000,CARD_LEVEL,28,프리미엄 서비스,UNCLASSIFIED,,,,,브랜드서비스 제공,NEEDS_AI_REVIEW
2838,599,300000,CARD_LEVEL,18,카페,UNCLASSIFIED,,,,,"스타벅스, 폴바셋 1천원 청구할인",NEEDS_AI_REVIEW
2839,602,0,CARD_LEVEL,6,기타,UNCLASSIFIED,,,,,특수 소재 플레이트,NEEDS_AI_REVIEW
2840,602,0,CARD_LEVEL,28,프리미엄 서비스,UNCLASSIFIED,,,,,MasterCard World 서비스,NEEDS_AI_REVIEW
2841,603,0,CARD_LEVEL,6,기타,UNCLASSIFIED,,,,,특수 소재 플레이트,NEEDS_AI_REVIEW
2842,603,0,CARD_LEVEL,28,프리미엄 서비스,UNCLASSIFIED,,,,,MasterCard World 서비스,NEEDS_AI_REVIEW
2843,606,400000,CARD_LEVEL,6,기타,UNCLASSIFIED,,,,,"쿠팡 로켓와우, 간편결제, 게임결제 청구할인",NEEDS_AI_REVIEW
2844,607,400000,CARD_LEVEL,6,기타,UNCLASSIFIED,,,,,"쿠팡 로켓와우, 간편결제, 게임결제",NEEDS_AI_REVIEW
2845,614,300000,CARD_LEVEL,17,대중교통,UNCLASSIFIED,,,,,버스.지하철 최대 4천원 할인,NEEDS_AI_REVIEW
2846,614,300000,CARD_LEVEL,19,편의점,UNCLASSIFIED,,,,,CU편의점 최대 4천원 할인,NEEDS_AI_REVIEW
2847,614,300000,CARD_LEVEL,18,카페,UNCLASSIFIED,,,,,스타벅스(사이렌오더 포함) 최대 4천원 할인,NEEDS_AI_REVIEW
2848,614,300000,CARD_LEVEL,10,영화,UNCLASSIFIED,,,,,CGV 최대 4천원 할인,NEEDS_AI_REVIEW
2849,614,300000,CARD_LEVEL,6,기타,UNCLASSIFIED,,,,,텐바이텐 최대 4천원 할인,NEEDS_AI_REVIEW
2850,615,500000,CARD_LEVEL,28,프리미엄 서비스,UNCLASSIFIED,,,,,티타늄 서비스,NEEDS_AI_REVIEW
2851,617,300000,CARD_LEVEL,29,여행/숙박,UNCLASSIFIED,,,,,제주여행 특화 서비스,NEEDS_AI_REVIEW
2852,618,200000,CARD_LEVEL,13,선택형,UNCLASSIFIED,,,,,플레이트 디자인 선택 가능,NEEDS_AI_REVIEW
2853,618,200000,CARD_LEVEL,5,통신,UNCLASSIFIED,,,,,이동통신요금 자동납부 시 2천원 캐시백,NEEDS_AI_REVIEW
2854,618,200000,CARD_LEVEL,10,영화,UNCLASSIFIED,,,,,CGV 영화 예매 5천원 캐시백,NEEDS_AI_REVIEW
2855,618,200000,CARD_LEVEL,19,편의점,UNCLASSIFIED,,,,,편의점 1천원 캐시백,NEEDS_AI_REVIEW
2856,618,200000,CARD_LEVEL,18,카페,UNCLASSIFIED,,,,,카페 1천원 캐시백,NEEDS_AI_REVIEW
2857,618,200000,CARD_LEVEL,14,생활,UNCLASSIFIED,,,,,생활 가맹점 1천원 캐시백,NEEDS_AI_REVIEW
2858,618,200000,CARD_LEVEL,21,온라인쇼핑,UNCLASSIFIED,,,,,온라인 쇼핑 1천원 캐시백,NEEDS_AI_REVIEW
2859,620,1500000,CARD_LEVEL,6,기타,UNCLASSIFIED,,,,,두장의 혜택을 세트로 누리는 카드 LOCA,NEEDS_AI_REVIEW
2860,620,1500000,CARD_LEVEL,2,모든가맹점,UNCLASSIFIED,,,,,국내외 가맹점 결제일 할인,NEEDS_AI_REVIEW
2861,626,1500000,CARD_LEVEL,2,모든가맹점,UNCLASSIFIED,,,,,국내외 가맹점 결제일 할인,NEEDS_AI_REVIEW
2862,630,500000,CARD_LEVEL,13,선택형,UNCLASSIFIED,,,,,Easy all 선택 서비스(택1),NEEDS_AI_REVIEW
2863,630,500000,CARD_LEVEL,13,선택형,UNCLASSIFIED,,,,,"1. Auto 모드 (많이 쓴 영역에서 자동 캐시백)
2. DIY 모드 (원하는 영역에서 자유롭게 청구할인)",NEEDS_AI_REVIEW
2864,630,500000,CARD_LEVEL,16,프리미엄,UNCLASSIFIED,,,,,Visa Young Premium 서비스,NEEDS_AI_REVIEW
2865,634,500000,CARD_LEVEL,13,선택형,UNCLASSIFIED,,,,,Easy all 선택 서비스(택1),NEEDS_AI_REVIEW
2866,634,500000,CARD_LEVEL,13,선택형,UNCLASSIFIED,,,,,"1. Auto 모드 (많이 쓴 영역에서 자동 캐시백)
2. DIY 모드 (원하는 영역에서 자유롭게 청구할인)",NEEDS_AI_REVIEW
2867,634,500000,CARD_LEVEL,16,프리미엄,UNCLASSIFIED,,,,,티타늄 서비스,NEEDS_AI_REVIEW
2868,651,0,CARD_LEVEL,13,선택형,UNCLASSIFIED,,,,,플레이트 디자인 선택 가능,NEEDS_AI_REVIEW
2869,652,400000,CARD_LEVEL,13,선택형,UNCLASSIFIED,,,,,팩(PACK) 2종 중 1종 선택,NEEDS_AI_REVIEW
2870,652,400000,CARD_LEVEL,13,선택형,UNCLASSIFIED,,,,,Best OIL 팩,NEEDS_AI_REVIEW
2871,652,400000,CARD_LEVEL,13,선택형,UNCLASSIFIED,,,,,Smart PASS 팩,NEEDS_AI_REVIEW
2872,656,300000,CARD_LEVEL,27,교통,UNCLASSIFIED,,,,,"교통 캐시백(택시, 대중교통)",NEEDS_AI_REVIEW
2873,656,300000,CARD_LEVEL,1,쇼핑,UNCLASSIFIED,,,,,"쇼핑 캐시백(대형할인점, 편의점, 뷰티스토어)",NEEDS_AI_REVIEW
2874,661,500000,CARD_LEVEL,6,기타,UNCLASSIFIED,,,,,"UNTACT AIR 서비스,
UNTACT SPECIAL 서비스",NEEDS_AI_REVIEW
2875,663,400000,CARD_LEVEL,6,기타,UNCLASSIFIED,,,,,"[플레이롤라] 커피, 자동차, 교육, 금융 등 일상생활혜택
[롤라박스] 롤라카드 회원만을 위한 더 특별한 혜택",NEEDS_AI_REVIEW
2876,681,0,CARD_LEVEL,28,프리미엄 서비스,UNCLASSIFIED,,,,,Mastercard PLATINUM 등급서비스,NEEDS_AI_REVIEW
2877,684,100000,CARD_LEVEL,19,편의점,UNCLASSIFIED,,,,,"편의점(CU, GS25, 세븐일레븐) 1천원 캐시백",NEEDS_AI_REVIEW
2878,687,400000,CARD_LEVEL,13,선택형,UNCLASSIFIED,,,,,원하는 플레이트 디자인 선택 가능,NEEDS_AI_REVIEW
2879,689,300000,CARD_LEVEL,26,해외,UNCLASSIFIED,,,,,해외 물품구매 및 ATM 예금인출 수수료 캐시백,NEEDS_AI_REVIEW
2880,692,500000,CARD_LEVEL,21,온라인쇼핑,UNCLASSIFIED,,,,,온라인 쇼핑몰 건당 2천원 결제일 할인,NEEDS_AI_REVIEW
2881,693,400000,CARD_LEVEL,18,카페,UNCLASSIFIED,,,,,전국 모든 커피전문점 월 최대 2천원 결제일 할인,NEEDS_AI_REVIEW
2882,695,500000,CARD_LEVEL,28,프리미엄 서비스,UNCLASSIFIED,,,,,Mastercard World 서비스,NEEDS_AI_REVIEW
2883,697,400000,CARD_LEVEL,6,기타,UNCLASSIFIED,,,,,Biz Basic 서비스,NEEDS_AI_REVIEW
2884,712,300000,CARD_LEVEL,4,금융,UNCLASSIFIED,,,,,신한카드 국민행복 금융서비스,NEEDS_AI_REVIEW
2885,713,300000,CARD_LEVEL,4,금융,UNCLASSIFIED,,,,,신한카드 국민행복 금융서비스,NEEDS_AI_REVIEW
2886,717,0,CARD_LEVEL,6,기타,UNCLASSIFIED,,,,,개인사업자 Win-Tax 서비스,NEEDS_AI_REVIEW
2887,721,300000,CARD_LEVEL,26,해외,UNCLASSIFIED,,,,,해외가맹점(해외직구 포함) 이용금액 청구할인,NEEDS_AI_REVIEW
2888,722,300000,CARD_LEVEL,26,해외,UNCLASSIFIED,,,,,해외가맹점(해외직구 포함) 이용금액 캐시백,NEEDS_AI_REVIEW
2889,736,0,CARD_LEVEL,28,프리미엄 서비스,UNCLASSIFIED,,,,,특수 소재 플레이트(Special Plate) 제공,NEEDS_AI_REVIEW
2890,739,100000,CARD_LEVEL,1,쇼핑,UNCLASSIFIED,,,,,GS리테일 팝서비스,NEEDS_AI_REVIEW
2891,740,500000,CARD_LEVEL,6,기타,UNCLASSIFIED,,,,,플레이트,NEEDS_AI_REVIEW
2892,741,500000,CARD_LEVEL,6,기타,UNCLASSIFIED,,,,,플레이트,NEEDS_AI_REVIEW
2893,746,250000,CARD_LEVEL,21,온라인쇼핑,UNCLASSIFIED,,,,,국내 온라인 쇼핑 최대 5천원 캐시백,NEEDS_AI_REVIEW
2894,747,300000,CARD_LEVEL,5,통신,UNCLASSIFIED,,,,,Liiv M 통신료 자동이체 최대 1만 7천원 할인,NEEDS_AI_REVIEW
2895,750,250000,CARD_LEVEL,5,통신,UNCLASSIFIED,,,,,휴대폰 요금 자동이체 3천원 캐쉬백,NEEDS_AI_REVIEW
2896,755,300000,CARD_LEVEL,18,카페,UNCLASSIFIED,,,,,"스타벅스, 엔제리너스 1천원 캐시백",NEEDS_AI_REVIEW
2897,755,300000,CARD_LEVEL,10,영화,UNCLASSIFIED,,,,,"롯데시네마, CGV 2천원 캐시백",NEEDS_AI_REVIEW
2898,755,300000,CARD_LEVEL,19,편의점,UNCLASSIFIED,,,,,"세븐일레븐, GS25, CU 1천원 캐시백",NEEDS_AI_REVIEW
2899,755,300000,CARD_LEVEL,5,통신,UNCLASSIFIED,,,,,"SKT, KT, LG U+ 2천원 캐시백",NEEDS_AI_REVIEW
2900,760,50000,CARD_LEVEL,27,교통,UNCLASSIFIED,,,,,티머니 서비스 소개,NEEDS_AI_REVIEW
2901,763,500000,CARD_LEVEL,28,프리미엄 서비스,UNCLASSIFIED,,,,,"VISA Signature 서비스
MasterCard World 서비스",NEEDS_AI_REVIEW
2902,764,0,CARD_LEVEL,6,기타,UNCLASSIFIED,,,,,플레이트 디자인 선택가능,NEEDS_AI_REVIEW
2903,774,200000,CARD_LEVEL,1,쇼핑,UNCLASSIFIED,,,,,"롯데백화점, 면세점, 롯데ON, 롯데마트 할인",NEEDS_AI_REVIEW
2904,816,0,CARD_LEVEL,11,테마파크,UNCLASSIFIED,,,,,전국 주요놀이공원 할인,NEEDS_AI_REVIEW
2905,816,0,CARD_LEVEL,4,금융,UNCLASSIFIED,,,,,은행 금융서비스 제공,NEEDS_AI_REVIEW
2906,859,0,CARD_LEVEL,4,금융,UNCLASSIFIED,,,,,현금카드 기능 (KEB하나은행),NEEDS_AI_REVIEW
2907,889,400000,CARD_LEVEL,14,생활,UNCLASSIFIED,,,,,(주택임대료형) 주택임대료 자동이체 신청 시 최대 1만 5천원 할인,NEEDS_AI_REVIEW
2908,912,500000,CARD_LEVEL,28,프리미엄 서비스,UNCLASSIFIED,,,,,"Master 티타늄 서비스
K-WORLD/국내전용 티타늄 서비스",NEEDS_AI_REVIEW
2909,940,400000,CARD_LEVEL,13,선택형,UNCLASSIFIED,,,,,플레이트 선택,NEEDS_AI_REVIEW
2910,945,0,CARD_LEVEL,16,프리미엄,UNCLASSIFIED,,,,,국제 브랜드사 서비스 (플래티늄 등급 선택 시 제공),NEEDS_AI_REVIEW
2911,949,0,CARD_LEVEL,10,영화,UNCLASSIFIED,,,,,영화관 건당 8천원 이상 결제시 3천원 캐시백,NEEDS_AI_REVIEW
2912,953,300000,CARD_LEVEL,25,정비,UNCLASSIFIED,,,,,스피드메이트 엔진오일 및 차량정비 할인,NEEDS_AI_REVIEW
2913,953,300000,CARD_LEVEL,14,생활,UNCLASSIFIED,,,,,"영화관, 패밀리레스토랑, 커피 할인",NEEDS_AI_REVIEW
2914,993,0,CARD_LEVEL,23,바우처,UNCLASSIFIED,,,,,Gift Option 서비스,NEEDS_AI_REVIEW
2915,993,0,CARD_LEVEL,16,프리미엄,UNCLASSIFIED,,,,,국제 브랜드사 서비스 (플래티늄 등급 선택 시 제공),NEEDS_AI_REVIEW
2916,1002,400000,CARD_LEVEL,6,기타,UNCLASSIFIED,,,,,L.POINT,NEEDS_AI_REVIEW
2917,1003,0,CARD_LEVEL,10,영화,UNCLASSIFIED,,,,,"CGV, YES24 영화 7천원 할인",NEEDS_AI_REVIEW
2918,1003,0,CARD_LEVEL,11,테마파크,UNCLASSIFIED,,,,,유명 테마파크 자유이용권 할인,NEEDS_AI_REVIEW
2919,1006,500000,CARD_LEVEL,16,프리미엄,UNCLASSIFIED,,,,,국제 브랜드사 서비스 (플래티늄 등급 선택 시 제공),NEEDS_AI_REVIEW
2920,1010,500000,CARD_LEVEL,28,프리미엄 서비스,UNCLASSIFIED,,,,,"K-WORLD/국내전용 티타늄 서비스
Master 티타늄 서비스",NEEDS_AI_REVIEW
2921,1018,300000,CARD_LEVEL,10,영화,UNCLASSIFIED,,,,,"CGV, 롯데시네마, 메가박스 4천원 결제일 할인",NEEDS_AI_REVIEW
2922,1019,0,CARD_LEVEL,10,영화,UNCLASSIFIED,,,,,CGV 3천원 결제일 할인,NEEDS_AI_REVIEW
2923,1165,400000,CARD_LEVEL,1,쇼핑,UNCLASSIFIED,,,,,"롯데백화점, 롯데면세점, 롯데ON 현장할인",NEEDS_AI_REVIEW
2924,1169,0,CARD_LEVEL,29,여행/숙박,UNCLASSIFIED,,,,,여행서비스,NEEDS_AI_REVIEW
2925,1172,300000,CARD_LEVEL,18,카페,UNCLASSIFIED,,,,,"KEB 하나은행 결제계좌 이용고객 월 1회 커피 청구 할인
스타벅스, 커피빈 4천원 이상 결제 시 4천원 청구할인",NEEDS_AI_REVIEW
2926,1180,500000,CARD_LEVEL,12,푸드,UNCLASSIFIED,,,,,"풀무원샵, 풀무원녹즙, 풀무원 로하스, 올가, 베이비밀, 자담터, 아미오, 잇슬림 청구할인",NEEDS_AI_REVIEW
2927,1186,200000,CARD_LEVEL,6,기타,UNCLASSIFIED,,,,,플레이트 디자인 선택 가능,NEEDS_AI_REVIEW
2928,1198,500000,CARD_LEVEL,14,생활,UNCLASSIFIED,,,,,IKEA 점외 가맹점 통합 할인,NEEDS_AI_REVIEW
2929,1225,500000,CARD_LEVEL,28,프리미엄 서비스,UNCLASSIFIED,,,,,Master 티타늄 서비스,NEEDS_AI_REVIEW
2930,1229,300000,CARD_LEVEL,5,통신,UNCLASSIFIED,,,,,kt M mobile 통신료 청구할인,NEEDS_AI_REVIEW
2931,1256,300000,CARD_LEVEL,5,통신,UNCLASSIFIED,,,,,U+알뜰모바일 이동통신료 자동이체 캐시백,NEEDS_AI_REVIEW
2932,1258,250000,CARD_LEVEL,17,대중교통,UNCLASSIFIED,,,,,"전국 시내버스, 지하철 2천원 할인",NEEDS_AI_REVIEW
2933,1258,250000,CARD_LEVEL,5,통신,UNCLASSIFIED,,,,,휴대전화 요금 3천원 할인,NEEDS_AI_REVIEW
2934,1259,300000,CARD_LEVEL,10,영화,UNCLASSIFIED,,,,,전국 영화관 2천원 캐시백 할인,NEEDS_AI_REVIEW
2935,1260,300000,CARD_LEVEL,10,영화,UNCLASSIFIED,,,,,모든 영화관 3천원 할인,NEEDS_AI_REVIEW
2936,1278,0,CARD_LEVEL,5,통신,UNCLASSIFIED,,,,,이동통신요금 1천원 할인,NEEDS_AI_REVIEW
2937,1286,0,CARD_LEVEL,10,영화,UNCLASSIFIED,,,,,CGV 2~6천원 청구할인,NEEDS_AI_REVIEW
2938,1294,500000,CARD_LEVEL,6,기타,UNCLASSIFIED,,,,,"사업지원 서비스(전자세금계산서 발행, 세금신고 지원) 제공",NEEDS_AI_REVIEW
2939,1298,200000,CARD_LEVEL,1,쇼핑,UNCLASSIFIED,,,,,온/오프라인 쇼핑 할인,NEEDS_AI_REVIEW
2940,1298,200000,CARD_LEVEL,27,교통,UNCLASSIFIED,,,,,후불교통기능,NEEDS_AI_REVIEW
2941,1309,200000,CARD_LEVEL,6,기타,UNCLASSIFIED,,,,,해외 배송대행 업체 배송료 할인,NEEDS_AI_REVIEW
2942,1315,300000,CARD_LEVEL,13,선택형,UNCLASSIFIED,,,,,"병원,약국 / 주유 / 대형마트 中 택1",NEEDS_AI_REVIEW
2943,1315,300000,CARD_LEVEL,6,기타,UNCLASSIFIED,,,,,스마트 기능,NEEDS_AI_REVIEW
2944,1323,100000,CARD_LEVEL,1,쇼핑,UNCLASSIFIED,,,,,온/오프라인 쇼핑 할인,NEEDS_AI_REVIEW
2945,1339,300000,CARD_LEVEL,5,통신,UNCLASSIFIED,,,,,SKT/KT/LGU+ 이동통신요금 자동이체 시 3천원 청구할인,NEEDS_AI_REVIEW
2946,1339,300000,CARD_LEVEL,6,기타,UNCLASSIFIED,,,,,"카드를 골프존 시뮬레이터에 접촉 시 자동로그인 가능
카드를 스마트폰에 터치 시 NFC를 통해 맞춤정보 확인가능",NEEDS_AI_REVIEW
2947,1390,400000,CARD_LEVEL,5,통신,UNCLASSIFIED,,,,,LG U+ 요금 통합 최대 1만 5천원 결제일 할인,NEEDS_AI_REVIEW
2948,1390,400000,CARD_LEVEL,10,영화,UNCLASSIFIED,,,,,"인터파크, YES24 영화 예매 할인",NEEDS_AI_REVIEW
2949,1390,400000,CARD_LEVEL,11,테마파크,UNCLASSIFIED,,,,,"롯데월드, 서울랜드 자유이용권 할인",NEEDS_AI_REVIEW
2950,1451,0,CARD_LEVEL,10,영화,UNCLASSIFIED,,,,,CGV 최대 4천원 청구할인,NEEDS_AI_REVIEW
2951,1555,300000,CARD_LEVEL,10,영화,UNCLASSIFIED,,,,,전국 영화관 3천원 청구할인,NEEDS_AI_REVIEW
2952,1573,200000,CARD_LEVEL,27,교통,UNCLASSIFIED,,,,,티머니 서비스,NEEDS_AI_REVIEW
2953,1592,300000,CARD_LEVEL,10,영화,UNCLASSIFIED,,,,,"CGV, 메가박스",NEEDS_AI_REVIEW
2954,1595,0,CARD_LEVEL,10,영화,UNCLASSIFIED,,,,,"CGV, YES24 영화 7천원 할인",NEEDS_AI_REVIEW
2955,1595,0,CARD_LEVEL,11,테마파크,UNCLASSIFIED,,,,,유명 테마파크 자유이용권 할인,NEEDS_AI_REVIEW
2956,1597,500000,CARD_LEVEL,28,프리미엄 서비스,UNCLASSIFIED,,,,,AMEX PLATINUM 서비스 제공,NEEDS_AI_REVIEW
2957,1599,300000,CARD_LEVEL,23,바우처,UNCLASSIFIED,,,,,Gift Option,NEEDS_AI_REVIEW
2958,1608,300000,CARD_LEVEL,5,통신,UNCLASSIFIED,,,,,SK 7mobile 통신료 청구할인,NEEDS_AI_REVIEW
2959,1630,300000,CARD_LEVEL,3,주유,UNCLASSIFIED,,,,,SK주유소(LPG포함) 주유 할인,NEEDS_AI_REVIEW
2960,1630,300000,CARD_LEVEL,10,영화,UNCLASSIFIED,,,,,영화관 할인,NEEDS_AI_REVIEW
2961,1630,300000,CARD_LEVEL,6,기타,UNCLASSIFIED,,,,,한화그룹 계열사 서비스,NEEDS_AI_REVIEW
2962,1695,300000,CARD_LEVEL,3,주유,UNCLASSIFIED,,,,,SK주유소(LPG포함) 주유 할인,NEEDS_AI_REVIEW
2963,1695,300000,CARD_LEVEL,10,영화,UNCLASSIFIED,,,,,영화관 할인,NEEDS_AI_REVIEW
2964,1695,300000,CARD_LEVEL,29,여행/숙박,UNCLASSIFIED,,,,,"여행서비스 할인
뮤지컬, 연극 등 공윤 할인 및 이벤트 제공",NEEDS_AI_REVIEW
2965,1695,300000,CARD_LEVEL,6,기타,UNCLASSIFIED,,,,,한화그룹 계열사 서비스,NEEDS_AI_REVIEW
2966,1699,200000,CARD_LEVEL,6,기타,UNCLASSIFIED,,,,,한화그룹 계열사 서비스,NEEDS_AI_REVIEW
2967,1710,300000,CARD_LEVEL,6,기타,UNCLASSIFIED,,,,,광복회 후원,NEEDS_AI_REVIEW
2968,1731,0,CARD_LEVEL,28,프리미엄 서비스,UNCLASSIFIED,,,,,CONCIERGE Service,NEEDS_AI_REVIEW
2969,1731,0,CARD_LEVEL,20,항공마일리지,UNCLASSIFIED,,,,,Airport Service,NEEDS_AI_REVIEW
2970,1731,0,CARD_LEVEL,35,골프,UNCLASSIFIED,,,,,Golf Service,NEEDS_AI_REVIEW
2971,1731,0,CARD_LEVEL,29,여행/숙박,UNCLASSIFIED,,,,,Premium Service - Travel,NEEDS_AI_REVIEW
2972,1731,0,CARD_LEVEL,1,쇼핑,UNCLASSIFIED,,,,,Premium Service - Shopping,NEEDS_AI_REVIEW
2973,1731,0,CARD_LEVEL,3,주유,UNCLASSIFIED,,,,,Premium Service - Life style,NEEDS_AI_REVIEW
2974,1741,0,CARD_LEVEL,28,프리미엄 서비스,UNCLASSIFIED,,,,,프리미엄 서비스 (주유/해외/여행보험),NEEDS_AI_REVIEW
2975,1754,0,CARD_LEVEL,11,테마파크,UNCLASSIFIED,,,,,놀이공원,NEEDS_AI_REVIEW
2976,1754,0,CARD_LEVEL,38,외식,UNCLASSIFIED,,,,,신협-신한카드 Hi-Point,NEEDS_AI_REVIEW
2977,1759,0,CARD_LEVEL,25,정비,UNCLASSIFIED,,,,,차량 점검 서비스 제공,NEEDS_AI_REVIEW
2978,1763,0,CARD_LEVEL,28,프리미엄 서비스,UNCLASSIFIED,,,,,브랜드 서비스 제공,NEEDS_AI_REVIEW
2979,1768,300000,CARD_LEVEL,28,프리미엄 서비스,UNCLASSIFIED,,,,,프리미엄 서비스 (주유/해외/여행보험),NEEDS_AI_REVIEW
2980,1839,300000,CARD_LEVEL,1,쇼핑,UNCLASSIFIED,,,,,"롯데백화점, 롯데ON, 롯데마트, 롯데슈퍼, 토이저러스 혜택",NEEDS_AI_REVIEW
2981,1839,300000,CARD_LEVEL,10,영화,UNCLASSIFIED,,,,,롯데시네마 할인,NEEDS_AI_REVIEW
2982,1839,300000,CARD_LEVEL,12,푸드,UNCLASSIFIED,,,,,"보네스뻬, 보네스뻬브레드, T.G.I.F, 롯데리아, 엔제리너스커피, 나뚜루 할인",NEEDS_AI_REVIEW
2983,1854,0,CARD_LEVEL,14,생활,UNCLASSIFIED,,,,,"치킨/피자, 영화관, 커피, 놀이공원, 전기차 충전 할인",NEEDS_AI_REVIEW
2984,1856,300000,CARD_LEVEL,14,생활,UNCLASSIFIED,,,,,"영화관, 패밀리레스토랑, 커피전문점 할인",NEEDS_AI_REVIEW
2985,1859,300000,CARD_LEVEL,14,생활,UNCLASSIFIED,,,,,"치킨/피자, 영화관, 커피, 놀이공원, 전기차충전 할인",NEEDS_AI_REVIEW
2986,1860,0,CARD_LEVEL,6,기타,UNCLASSIFIED,,,,,RAUME O 카드 소개,NEEDS_AI_REVIEW
2987,1860,0,CARD_LEVEL,6,기타,UNCLASSIFIED,,,,,RAUME 회원만을 위한 퍼스널 라이프 케어,NEEDS_AI_REVIEW
2988,1860,0,CARD_LEVEL,16,프리미엄,UNCLASSIFIED,,,,,RAUME 회원을 위한 특별한 혜택,NEEDS_AI_REVIEW
2989,1860,0,CARD_LEVEL,29,여행/숙박,UNCLASSIFIED,,,,,MASTER 서비스,NEEDS_AI_REVIEW
2990,1861,0,CARD_LEVEL,11,테마파크,UNCLASSIFIED,,,,,놀이공원,NEEDS_AI_REVIEW
2991,1861,0,CARD_LEVEL,1,쇼핑,UNCLASSIFIED,,,,,공연/전시,NEEDS_AI_REVIEW
2992,1865,0,CARD_LEVEL,6,기타,UNCLASSIFIED,,,,,RAUME O 카드 소개,NEEDS_AI_REVIEW
2993,1865,0,CARD_LEVEL,16,프리미엄,UNCLASSIFIED,,,,,RAUME 회원을 위한 특별한 혜택,NEEDS_AI_REVIEW
2994,1865,0,CARD_LEVEL,29,여행/숙박,UNCLASSIFIED,,,,,MASTER 서비스,NEEDS_AI_REVIEW
2995,1866,0,CARD_LEVEL,6,기타,UNCLASSIFIED,,,,,RAUME O 카드 소개,NEEDS_AI_REVIEW
2996,1866,0,CARD_LEVEL,6,기타,UNCLASSIFIED,,,,,RAUME 회원만을 위한 퍼스널 라이프 케어,NEEDS_AI_REVIEW
2997,1866,0,CARD_LEVEL,16,프리미엄,UNCLASSIFIED,,,,,RAUME 회원을 위한 특별한 혜택,NEEDS_AI_REVIEW
2998,1866,0,CARD_LEVEL,29,여행/숙박,UNCLASSIFIED,,,,,MASTER 서비스,NEEDS_AI_REVIEW
2999,1899,500000,CARD_LEVEL,28,프리미엄 서비스,UNCLASSIFIED,,,,,마스터카드 플래티늄 서비스,NEEDS_AI_REVIEW
3000,1909,300000,CARD_LEVEL,28,프리미엄 서비스,UNCLASSIFIED,,,,,아멕스 PLATINUM ELITE 등급 서비스,NEEDS_AI_REVIEW
3001,1926,300000,CARD_LEVEL,25,정비,UNCLASSIFIED,,,,,E1 오렌지카드 서비스,NEEDS_AI_REVIEW
3002,1926,300000,CARD_LEVEL,1,쇼핑,UNCLASSIFIED,,,,,"롯데백화점, 롯데ON, 롯데면세점, 롯데마트, 롯데슈퍼, 토이저러스 혜택",NEEDS_AI_REVIEW
3003,1926,300000,CARD_LEVEL,8,패밀리레스토랑,UNCLASSIFIED,,,,,"보네스뻬, 보네스뻬브레드, T.G.I.F, 미스터피자 할인",NEEDS_AI_REVIEW
3004,1932,200000,CARD_LEVEL,25,정비,UNCLASSIFIED,,,,,E1 오렌지카드 서비스,NEEDS_AI_REVIEW
3005,1932,200000,CARD_LEVEL,1,쇼핑,UNCLASSIFIED,,,,,"롯데백화점, 롯데ON, 롯데마트, 롯데슈퍼, 토이저러스 혜택",NEEDS_AI_REVIEW
3006,1932,200000,CARD_LEVEL,10,영화,UNCLASSIFIED,,,,,롯데시네마 할인,NEEDS_AI_REVIEW
3007,1932,200000,CARD_LEVEL,12,푸드,UNCLASSIFIED,,,,,"보네스뻬, 보네스뻬브레드, T.G.I.F, 롯데리아, 엔제리너스커피, 나뚜루 할인",NEEDS_AI_REVIEW
3008,1944,500000,CARD_LEVEL,11,테마파크,UNCLASSIFIED,,,,,주요 놀이공원 할인,NEEDS_AI_REVIEW
3009,1977,0,CARD_LEVEL,6,기타,UNCLASSIFIED,,,,,추가 금융 혜택,NEEDS_AI_REVIEW
3010,1987,200000,CARD_LEVEL,11,테마파크,UNCLASSIFIED,,,,,놀이공원,NEEDS_AI_REVIEW
3011,1987,200000,CARD_LEVEL,1,쇼핑,UNCLASSIFIED,,,,,OTT/영화/문화,NEEDS_AI_REVIEW
3012,1987,200000,CARD_LEVEL,38,외식,UNCLASSIFIED,,,,,롯데마트&MAXX 카드,NEEDS_AI_REVIEW
3013,1990,300000,CARD_LEVEL,10,영화,UNCLASSIFIED,,,,,온라인 영화예매 2천원 청구할인,NEEDS_AI_REVIEW
3014,1991,0,CARD_LEVEL,23,바우처,UNCLASSIFIED,,,,,이코노미클래스 좌석을 비즈니스 클래스 좌석으로 또는 비즈니스 클래스 좌석을 퍼스트 클래스 좌석으로 승급,NEEDS_AI_REVIEW
3015,1991,0,CARD_LEVEL,28,프리미엄 서비스,UNCLASSIFIED,,,,,BeV Ⅸ 서비스 / BeV Ⅸ VISA Infinite 전용서비스 등,NEEDS_AI_REVIEW
3016,1993,500000,CARD_LEVEL,16,프리미엄,UNCLASSIFIED,,,,,MASTER 서비스,NEEDS_AI_REVIEW
3017,1993,500000,CARD_LEVEL,16,프리미엄,UNCLASSIFIED,,,,,마스터 월드 서비스,NEEDS_AI_REVIEW
3018,2005,400000,CARD_LEVEL,1,쇼핑,UNCLASSIFIED,,,,,GS계열사 이용 시 결제일 청구 할인,NEEDS_AI_REVIEW
3019,2007,300000,CARD_LEVEL,10,영화,UNCLASSIFIED,,,,,전국 영화관 3천원 청구할인,NEEDS_AI_REVIEW
3020,2016,300000,CARD_LEVEL,32,해외이용,UNCLASSIFIED,,,,,해외가맹점 할인(JCB브랜드 서비스),NEEDS_AI_REVIEW
3021,2016,300000,CARD_LEVEL,1,쇼핑,UNCLASSIFIED,,,,,"롯데백화점, 롯데ON, 롯데면세점, 신라아이파크면세점, 롯데마트, 롯데슈퍼, 토이저러스 혜택",NEEDS_AI_REVIEW
3022,2016,300000,CARD_LEVEL,12,푸드,UNCLASSIFIED,,,,,"T.G.I.F, 롯데리아, 나뚜루, 엔제리너스 할인",NEEDS_AI_REVIEW
3023,2060,0,CARD_LEVEL,32,해외이용,UNCLASSIFIED,,,,,해외이용 안내,NEEDS_AI_REVIEW
3024,2060,0,CARD_LEVEL,6,기타,UNCLASSIFIED,,,,,청소년후불교통 서비스,NEEDS_AI_REVIEW
3025,2070,500000,CARD_LEVEL,18,카페,UNCLASSIFIED,,,,,"스타벅스, 투썸플레이스, 폴바셋 5천원 결제일 할인",NEEDS_AI_REVIEW
3026,2070,500000,CARD_LEVEL,19,편의점,UNCLASSIFIED,,,,,"GS25, CU, 세븐일레븐 1천원 결제일 할인",NEEDS_AI_REVIEW
3027,2071,300000,CARD_LEVEL,1,쇼핑,UNCLASSIFIED,,,,,공연/전시,NEEDS_AI_REVIEW
3028,2076,300000,CARD_LEVEL,6,기타,UNCLASSIFIED,,,,,이동통신비 2천원 할인,NEEDS_AI_REVIEW
3029,2078,150000,CARD_LEVEL,6,기타,UNCLASSIFIED,,,,,간편결제 1천원 할인,NEEDS_AI_REVIEW
3030,2078,150000,CARD_LEVEL,10,영화,UNCLASSIFIED,,,,,CGV 3천원 할인,NEEDS_AI_REVIEW
3031,2078,150000,CARD_LEVEL,6,기타,UNCLASSIFIED,,,,,"TOEIC, TEPS 2천원 할인",NEEDS_AI_REVIEW
3032,2079,0,CARD_LEVEL,5,통신,UNCLASSIFIED,,,,,통신비 5천원 할인,NEEDS_AI_REVIEW
3033,2080,300000,CARD_LEVEL,18,카페,UNCLASSIFIED,,,,,커피 1천원 할인,NEEDS_AI_REVIEW
3034,2080,300000,CARD_LEVEL,10,영화,UNCLASSIFIED,,,,,영화 2천원 할인,NEEDS_AI_REVIEW
3035,2082,0,CARD_LEVEL,5,통신,UNCLASSIFIED,,,,,이동통신요금 2천원 할인,NEEDS_AI_REVIEW
3036,2082,0,CARD_LEVEL,10,영화,UNCLASSIFIED,,,,,영화 2천원 할인,NEEDS_AI_REVIEW
3037,2084,200000,CARD_LEVEL,6,기타,UNCLASSIFIED,,,,,그린카드 서비스,NEEDS_AI_REVIEW
3038,2090,0,CARD_LEVEL,14,생활,UNCLASSIFIED,,,,,"글로벌 라이프 서비스 제공
공항 의전 서비스 (FAST TRACK) / 해외 의료 지원 서비스 제공",NEEDS_AI_REVIEW
3039,2090,0,CARD_LEVEL,6,기타,UNCLASSIFIED,,,,,공항/골프장 리무진 서비스,NEEDS_AI_REVIEW
3040,2091,0,CARD_LEVEL,13,선택형,UNCLASSIFIED,,,,,"trendy OPTION
(개인 or 법인카드 연 3개/가족카드 연 1개 선택 가능)",NEEDS_AI_REVIEW
3041,2091,0,CARD_LEVEL,1,쇼핑,UNCLASSIFIED,,,,,HOTEL & Duty Free,NEEDS_AI_REVIEW
3042,2091,0,CARD_LEVEL,14,생활,UNCLASSIFIED,,,,,가족카드 서비스,NEEDS_AI_REVIEW
3043,2093,0,CARD_LEVEL,28,프리미엄 서비스,UNCLASSIFIED,,,,,호텔/쇼핑/골프 프리미엄 서비스,NEEDS_AI_REVIEW
3044,2094,150000,CARD_LEVEL,6,기타,UNCLASSIFIED,,,,,어학시험 2천원 할인,NEEDS_AI_REVIEW
3045,2094,150000,CARD_LEVEL,10,영화,UNCLASSIFIED,,,,,영화 2천원 할인,NEEDS_AI_REVIEW
3046,2097,0,CARD_LEVEL,14,생활,UNCLASSIFIED,,,,,"글로벌 라이프 서비스 제공
공항 의전 서비스 (FAST TRACK) / 해외 의료 지원 서비스 제공",NEEDS_AI_REVIEW
3047,2097,0,CARD_LEVEL,6,기타,UNCLASSIFIED,,,,,공항/골프장 리무진 서비스,NEEDS_AI_REVIEW
3048,2104,0,CARD_LEVEL,28,프리미엄 서비스,UNCLASSIFIED,,,,,호텔/쇼핑/골프 프리미엄 서비스,NEEDS_AI_REVIEW
3049,2106,0,CARD_LEVEL,28,프리미엄 서비스,UNCLASSIFIED,,,,,호텔/쇼핑/골프 프리미엄 서비스,NEEDS_AI_REVIEW
3050,2139,0,CARD_LEVEL,11,테마파크,UNCLASSIFIED,,,,,놀이공원 할인,NEEDS_AI_REVIEW
3051,2139,0,CARD_LEVEL,29,여행/숙박,UNCLASSIFIED,,,,,여행서비스,NEEDS_AI_REVIEW
3052,2140,0,CARD_LEVEL,11,테마파크,UNCLASSIFIED,,,,,놀이공원,NEEDS_AI_REVIEW
3053,2147,0,CARD_LEVEL,38,외식,UNCLASSIFIED,,,,,쇼퍼홀릭 롯데홈쇼핑 롯데체크카드,NEEDS_AI_REVIEW
3054,2179,0,CARD_LEVEL,10,영화,UNCLASSIFIED,,,,,전국 영화관 건당 8천원 이상 이용시 3천원 할인,NEEDS_AI_REVIEW
3055,2197,0,CARD_LEVEL,6,기타,UNCLASSIFIED,,,,,프로스포츠 입장권 할인,NEEDS_AI_REVIEW
3056,2232,0,CARD_LEVEL,3,주유,UNCLASSIFIED,,,,,SK주유소 월 최대 6천원 할인,NEEDS_AI_REVIEW
3057,2232,0,CARD_LEVEL,18,카페,UNCLASSIFIED,,,,,스타벅스/커피빈 4천원 이상 결제시 4천원 청구할인,NEEDS_AI_REVIEW
3058,2234,400000,CARD_LEVEL,13,선택형,UNCLASSIFIED,,,,,"내 마음대로 고르는 디자인-
다양한 스타일로 새롭게 선보이는 삼성 iD 카드를 소개합니다.",NEEDS_AI_REVIEW
3059,2235,300000,CARD_LEVEL,13,선택형,UNCLASSIFIED,,,,,"내 마음대로 고르는 디자인-
다양한 스타일로 새롭게 선보이는 삼성 iD 카드를 소개합니다.",NEEDS_AI_REVIEW
3060,2236,0,CARD_LEVEL,19,편의점,UNCLASSIFIED,,,,,모바일 기프티콘 발송 최대 6천원,NEEDS_AI_REVIEW
3061,2236,0,CARD_LEVEL,13,선택형,UNCLASSIFIED,,,,,3가지 카드 디자인 중 선택 가능,NEEDS_AI_REVIEW
3062,2240,300000,CARD_LEVEL,13,선택형,UNCLASSIFIED,,,,,카드 디자인 선택가능,NEEDS_AI_REVIEW
3063,2241,0,CARD_LEVEL,13,선택형,UNCLASSIFIED,,,,,카드 디자인 선택 가능,NEEDS_AI_REVIEW
3064,2242,300000,CARD_LEVEL,13,선택형,UNCLASSIFIED,,,,,카드 디자인 선택 가능,NEEDS_AI_REVIEW
3065,2244,200000,CARD_LEVEL,13,선택형,UNCLASSIFIED,,,,,카드 디자인 선택가능,NEEDS_AI_REVIEW
3066,2245,200000,CARD_LEVEL,13,선택형,UNCLASSIFIED,,,,,카드 디자인 선택가능,NEEDS_AI_REVIEW
3067,2246,200000,CARD_LEVEL,13,선택형,UNCLASSIFIED,,,,,카드 디자인 선택가능,NEEDS_AI_REVIEW
3068,2247,200000,CARD_LEVEL,13,선택형,UNCLASSIFIED,,,,,카드 디자인 선택가능,NEEDS_AI_REVIEW
3069,2248,300000,CARD_LEVEL,13,선택형,UNCLASSIFIED,,,,,카드 디자인 선택가능,NEEDS_AI_REVIEW
3070,2249,300000,CARD_LEVEL,13,선택형,UNCLASSIFIED,,,,,카드 디자인 선택가능,NEEDS_AI_REVIEW
3071,2250,300000,CARD_LEVEL,13,선택형,UNCLASSIFIED,,,,,카드 디자인 선택가능,NEEDS_AI_REVIEW
3072,2255,0,CARD_LEVEL,13,선택형,UNCLASSIFIED,,,,,디자인 선택가능,NEEDS_AI_REVIEW
3073,2256,0,CARD_LEVEL,13,선택형,UNCLASSIFIED,,,,,디자인 선택가능,NEEDS_AI_REVIEW
3074,2259,500000,CARD_LEVEL,13,선택형,UNCLASSIFIED,,,,,"the Red Edition5의 특별한 디자인을 소개합니다.
내 취향에 맞는 카드 디자인을 선택해서 발급 받으세요.",NEEDS_AI_REVIEW
3075,2260,500000,CARD_LEVEL,13,선택형,UNCLASSIFIED,,,,,"the Green Edition2의 특별한 디자인을 소개합니다.
내 취향에 맞는 카드 디자인을 선택해서 발급 받으세요.",NEEDS_AI_REVIEW
3076,2277,300000,CARD_LEVEL,13,선택형,UNCLASSIFIED,,,,,신용카드 디자인 선택,NEEDS_AI_REVIEW
3077,2280,0,CARD_LEVEL,27,교통,UNCLASSIFIED,,,,,공항 리무진 • 공항철도 서비스,NEEDS_AI_REVIEW
3078,2281,0,CARD_LEVEL,27,교통,UNCLASSIFIED,,,,,공항 리무진 • 공항철도 서비스,NEEDS_AI_REVIEW
3079,2282,0,CARD_LEVEL,27,교통,UNCLASSIFIED,,,,,공항 리무진 • 공항철도 서비스,NEEDS_AI_REVIEW
3080,2283,500000,CARD_LEVEL,30,렌터카,UNCLASSIFIED,,,,,롯데렌터카 장기렌터카 대여료 자동납부 청구할인 최대 2만5천원,NEEDS_AI_REVIEW
3081,2283,500000,CARD_LEVEL,3,주유,UNCLASSIFIED,,,,,주유(LPG 충전)/전기차 충전 청구할인 최대 8천원,NEEDS_AI_REVIEW
3082,2283,500000,CARD_LEVEL,6,기타,UNCLASSIFIED,,,,,주차장 5천원 이상 결제 건당 1천원 할인,NEEDS_AI_REVIEW
3083,2287,500000,CARD_LEVEL,13,선택형,UNCLASSIFIED,,,,,현대카드 MX Black의 특별한 디자인을 소개합니다.,NEEDS_AI_REVIEW
3084,2304,400000,CARD_LEVEL,13,선택형,UNCLASSIFIED,,,,,원하는 플레이트 디자인 선택 가능,NEEDS_AI_REVIEW
3085,2315,0,CARD_LEVEL,13,선택형,UNCLASSIFIED,,,,,두가지 플레이트 선택 가능,NEEDS_AI_REVIEW
3086,2318,100000,CARD_LEVEL,6,기타,UNCLASSIFIED,,,,,"내 소비생활의 중심 핀크계좌 + 핀크카드
AI핀고의정확한 소비 분석",NEEDS_AI_REVIEW
3087,2318,100000,CARD_LEVEL,13,선택형,UNCLASSIFIED,,,,,"디자인 선택의 즐거움 망설이다 품절주의!
핀크에만 있는 한정판 디자인",NEEDS_AI_REVIEW
3088,2322,0,CARD_LEVEL,17,대중교통,UNCLASSIFIED,,,,,"전국 버스, 지하철 사용 가능",NEEDS_AI_REVIEW
3089,2322,0,CARD_LEVEL,21,온라인쇼핑,UNCLASSIFIED,,,,,온라인 쇼핑몰 이용 가능,NEEDS_AI_REVIEW
3090,2323,0,CARD_LEVEL,17,대중교통,UNCLASSIFIED,,,,,교통카드 사용 가능,NEEDS_AI_REVIEW
3091,2324,300000,CARD_LEVEL,13,선택형,UNCLASSIFIED,,,,,원하는 플레이트 디자인 선택 가능,NEEDS_AI_REVIEW
3092,2327,0,CARD_LEVEL,16,프리미엄,UNCLASSIFIED,,,,,[티타늄 전용 서비스] Master 티타늄 공통서비스,NEEDS_AI_REVIEW
3093,2332,200000,CARD_LEVEL,13,선택형,UNCLASSIFIED,,,,,카드 디자인 선택 가능,NEEDS_AI_REVIEW
3094,2342,300000,CARD_LEVEL,18,카페,UNCLASSIFIED,,,,,투썸플레이스 추가 혜택,NEEDS_AI_REVIEW
3095,2342,300000,CARD_LEVEL,13,선택형,UNCLASSIFIED,,,,,카드 플레이트 선택 가능,NEEDS_AI_REVIEW
3096,2343,200000,CARD_LEVEL,13,선택형,UNCLASSIFIED,,,,,카드 플레이트 선택 가능,NEEDS_AI_REVIEW
3097,2349,300000,CARD_LEVEL,13,선택형,UNCLASSIFIED,,,,,내 마음대로 고르는 디자인,NEEDS_AI_REVIEW
3098,2352,0,CARD_LEVEL,6,기타,UNCLASSIFIED,,,,,GS POP서비스 제공,NEEDS_AI_REVIEW
3099,2353,0,CARD_LEVEL,35,골프,UNCLASSIFIED,,,,,[The Premium] 골프 서비스,NEEDS_AI_REVIEW
3100,2358,500000,CARD_LEVEL,13,선택형,UNCLASSIFIED,,,,,카드 디자인 소개,NEEDS_AI_REVIEW
3101,2359,300000,CARD_LEVEL,13,선택형,UNCLASSIFIED,,,,,카드 플레이트 선택 가능,NEEDS_AI_REVIEW
3102,2361,0,CARD_LEVEL,13,선택형,UNCLASSIFIED,,,,,카드 플레이트 선택 가능,NEEDS_AI_REVIEW
3103,2364,400000,CARD_LEVEL,13,선택형,UNCLASSIFIED,,,,,카드디자인 소개,NEEDS_AI_REVIEW
3104,2369,300000,CARD_LEVEL,13,선택형,UNCLASSIFIED,,,,,플레이트 디자인 선택 가능,NEEDS_AI_REVIEW
3105,2371,0,CARD_LEVEL,13,선택형,UNCLASSIFIED,,,,,카드 플레이트 선택 가능,NEEDS_AI_REVIEW
3106,2376,0,CARD_LEVEL,13,선택형,UNCLASSIFIED,,,,,내 마음대로 고르는 디자인!,NEEDS_AI_REVIEW
3107,2377,0,CARD_LEVEL,13,선택형,UNCLASSIFIED,,,,,플레이트 디자인 선택 가능,NEEDS_AI_REVIEW
3108,2378,300000,CARD_LEVEL,13,선택형,UNCLASSIFIED,,,,,플레이트 디자인 선택 가능,NEEDS_AI_REVIEW
3109,2379,200000,CARD_LEVEL,13,선택형,UNCLASSIFIED,,,,,카드 플레이트 선택 가능,NEEDS_AI_REVIEW
3110,2385,500000,CARD_LEVEL,28,프리미엄 서비스,UNCLASSIFIED,,,,,몽블랑 에디션 패키지,NEEDS_AI_REVIEW
3111,2385,500000,CARD_LEVEL,14,생활,UNCLASSIFIED,,,,,스트리밍·커피 결제일 할인,NEEDS_AI_REVIEW
3112,2385,500000,CARD_LEVEL,28,프리미엄 서비스,UNCLASSIFIED,,,,,Master WORLD 서비스,NEEDS_AI_REVIEW
3113,2386,300000,CARD_LEVEL,17,대중교통,UNCLASSIFIED,,,,,K-패스 안내,NEEDS_AI_REVIEW
3114,2386,300000,CARD_LEVEL,13,선택형,UNCLASSIFIED,,,,,카드 플레이트 선택 가능,NEEDS_AI_REVIEW
3115,2388,0,CARD_LEVEL,28,프리미엄 서비스,UNCLASSIFIED,,,,,차별화된 가치를 담은 메탈플레이트 제공,NEEDS_AI_REVIEW
3116,2388,0,CARD_LEVEL,28,프리미엄 서비스,UNCLASSIFIED,,,,,MasterCard World서비스,NEEDS_AI_REVIEW
3117,2389,0,CARD_LEVEL,13,선택형,UNCLASSIFIED,,,,,넥슨 현대카드의 특별한 디자인을 소개합니다,NEEDS_AI_REVIEW
3118,2390,0,CARD_LEVEL,13,선택형,UNCLASSIFIED,,,,,넥슨 현대카드 CHECK의특별한 디자인을 소개합니다,NEEDS_AI_REVIEW
3119,2393,300000,CARD_LEVEL,13,선택형,UNCLASSIFIED,,,,,SSG.COM카드 Edition2의 특별한 디자인을 소개합니다.,NEEDS_AI_REVIEW
3120,2394,0,CARD_LEVEL,13,선택형,UNCLASSIFIED,,,,,플레이트 3종 선택,NEEDS_AI_REVIEW
3121,2398,500000,CARD_LEVEL,28,프리미엄 서비스,UNCLASSIFIED,,,,,Mastercard PLATINUM 등급 서비스,NEEDS_AI_REVIEW
3122,2399,0,CARD_LEVEL,13,선택형,UNCLASSIFIED,,,,,다양한 플레이트 선택 가능,NEEDS_AI_REVIEW
3123,2404,300000,CARD_LEVEL,1,쇼핑,UNCLASSIFIED,,,,,코오롱 FnC 온/오프라인 매장 상품 구매시 청구할인 제공,NEEDS_AI_REVIEW
3124,2404,300000,CARD_LEVEL,13,선택형,UNCLASSIFIED,,,,,카드 플레이트 선택 가능,NEEDS_AI_REVIEW
3125,2405,500000,CARD_LEVEL,13,선택형,UNCLASSIFIED,,,,,플레이트 선택 가능,NEEDS_AI_REVIEW
3126,2406,500000,CARD_LEVEL,28,프리미엄 서비스,UNCLASSIFIED,,,,,Special Service 메탈 플레이트 기본 제공,NEEDS_AI_REVIEW
3127,2406,500000,CARD_LEVEL,28,프리미엄 서비스,UNCLASSIFIED,,,,,국제 브랜드 서비스,NEEDS_AI_REVIEW
3128,2414,400000,CARD_LEVEL,28,프리미엄 서비스,UNCLASSIFIED,,,,,[인플카 전용 혜택]인플카 현대카드 보유 시 인플카 앱 서비스 이용 가능,NEEDS_AI_REVIEW
3129,2414,400000,CARD_LEVEL,13,선택형,UNCLASSIFIED,,,,,인플카 현대카드의 특별한 디자인을 소개합니다,NEEDS_AI_REVIEW
3130,2419,0,CARD_LEVEL,13,선택형,UNCLASSIFIED,,,,,"보기만 해도 소장 욕구 뿜뿜!
청소년의 눈길과 마음을 사로잡은 삼성 iD POCKET 카드를 소개합니다.",NEEDS_AI_REVIEW
3131,2420,500000,CARD_LEVEL,4,금융,UNCLASSIFIED,,,,,세무지원 서비스,NEEDS_AI_REVIEW
3132,2430,0,CARD_LEVEL,4,금융,UNCLASSIFIED,,,,,SC제일은행 혜택,NEEDS_AI_REVIEW
3133,2431,0,CARD_LEVEL,4,금융,UNCLASSIFIED,,,,,SC제일은행 혜택,NEEDS_AI_REVIEW
3134,2431,0,CARD_LEVEL,6,기타,UNCLASSIFIED,,,,,X캐시백 사용,NEEDS_AI_REVIEW
3135,2432,250000,CARD_LEVEL,13,선택형,UNCLASSIFIED,,,,,플레이트 디자인 선택 가능,NEEDS_AI_REVIEW
3136,2433,0,CARD_LEVEL,13,선택형,UNCLASSIFIED,,,,,다양한 플레이트 디자인 선택 가능,NEEDS_AI_REVIEW
3137,2434,500000,CARD_LEVEL,13,선택형,UNCLASSIFIED,,,,,갤러리아 KB국민카드 디자인 선택,NEEDS_AI_REVIEW
3138,2435,400000,CARD_LEVEL,6,기타,UNCLASSIFIED,,,,,"주차앱 5천원 이상 결제 시, 5천원 캐시백",NEEDS_AI_REVIEW
3139,2436,500000,CARD_LEVEL,28,프리미엄 서비스,UNCLASSIFIED,,,,,"메탈 플레이트
the Red Stripe의 헤리티지를 담은 메탈 플레이트",NEEDS_AI_REVIEW
3140,2436,500000,CARD_LEVEL,28,프리미엄 서비스,UNCLASSIFIED,,,,,VISA Signature 서비스,NEEDS_AI_REVIEW
3141,2436,500000,CARD_LEVEL,28,프리미엄 서비스,UNCLASSIFIED,,,,,MasterCard World 서비스,NEEDS_AI_REVIEW
3142,2436,500000,CARD_LEVEL,13,선택형,UNCLASSIFIED,,,,,the Red Stripe의 특별한 디자인을 소개합니다,NEEDS_AI_REVIEW
3143,2441,400000,CARD_LEVEL,6,기타,UNCLASSIFIED,,,,,WE:SH 서비스,NEEDS_AI_REVIEW
3144,2441,400000,CARD_LEVEL,13,선택형,UNCLASSIFIED,,,,,카드 플레이트 선택 가능,NEEDS_AI_REVIEW
3145,2444,0,CARD_LEVEL,13,선택형,UNCLASSIFIED,,,,,플레이트 디자인 선택 가능,NEEDS_AI_REVIEW
3146,2446,0,CARD_LEVEL,33,무이자할부,UNCLASSIFIED,,,,,[비교] “내게 딱 맞춤!” 하나카드의 ‘원더카드’ 중 하나를 쓸 거라면,NEEDS_AI_REVIEW
3147,2447,400000,CARD_LEVEL,33,무이자할부,UNCLASSIFIED,,,,,신한카드 Mr.Life,NEEDS_AI_REVIEW
3148,2448,400000,CARD_LEVEL,33,무이자할부,UNCLASSIFIED,,,,,[비교] “내게 딱 맞춤!” 하나카드의 ‘원더카드’ 중 하나를 쓸 거라면,NEEDS_AI_REVIEW
3149,2449,400000,CARD_LEVEL,33,무이자할부,UNCLASSIFIED,,,,,신한카드 Mr.Life,NEEDS_AI_REVIEW
3150,2450,500000,CARD_LEVEL,4,금융,UNCLASSIFIED,,,,,[HERITAGE Smart 서비스] 금융서비스,NEEDS_AI_REVIEW
3151,2450,500000,CARD_LEVEL,16,프리미엄,UNCLASSIFIED,,,,,[HERITAGE Smart 서비스] Mastercard World 서비스,NEEDS_AI_REVIEW
3152,2450,500000,CARD_LEVEL,16,프리미엄,UNCLASSIFIED,,,,,[HERITAGE Smart 서비스] 전용고객센터,NEEDS_AI_REVIEW
3153,2451,500000,CARD_LEVEL,4,금융,UNCLASSIFIED,,,,,[HERITAGE 전용혜택] 금융서비스,NEEDS_AI_REVIEW
3154,2451,500000,CARD_LEVEL,16,프리미엄,UNCLASSIFIED,,,,,[HERITAGE 전용혜택] Mastercard World 서비스,NEEDS_AI_REVIEW
3155,2451,500000,CARD_LEVEL,16,프리미엄,UNCLASSIFIED,,,,,[HERITAGE Smart 서비스] 전용고객센터,NEEDS_AI_REVIEW
3156,2453,400000,CARD_LEVEL,14,생활,UNCLASSIFIED,,,,,서비스 대상 배달앱/생활편의 가맹점 이용 시 결제일 할인,NEEDS_AI_REVIEW
3157,2459,500000,CARD_LEVEL,28,프리미엄 서비스,UNCLASSIFIED,,,,,국제브랜드 서비스(해외겸용카드 전용),NEEDS_AI_REVIEW
3158,2460,500000,CARD_LEVEL,13,선택형,UNCLASSIFIED,,,,,[SPECIAL PLATE] 특수 소재 카드,NEEDS_AI_REVIEW
3159,2460,500000,CARD_LEVEL,28,프리미엄 서비스,UNCLASSIFIED,,,,,국제브랜드 서비스(해외겸용카드 전용),NEEDS_AI_REVIEW
3160,2461,500000,CARD_LEVEL,28,프리미엄 서비스,UNCLASSIFIED,,,,,국제브랜드 서비스(해외겸용카드 전용),NEEDS_AI_REVIEW
3161,2461,500000,CARD_LEVEL,13,선택형,UNCLASSIFIED,,,,,[SPECIAL PLATE] 특수 소재 카드,NEEDS_AI_REVIEW
3162,2466,300000,CARD_LEVEL,18,카페,UNCLASSIFIED,,,,,이디야커피 청구할인,NEEDS_AI_REVIEW
3163,2466,300000,CARD_LEVEL,13,선택형,UNCLASSIFIED,,,,,다양한 플레이트 선택 가능,NEEDS_AI_REVIEW
3164,2467,400000,CARD_LEVEL,5,통신,UNCLASSIFIED,,,,,알뜰폰 통신요금 월최대 1만 5천원 할인,NEEDS_AI_REVIEW
3165,2469,0,CARD_LEVEL,13,선택형,UNCLASSIFIED,,,,,원하는 디자인 선택 가능,NEEDS_AI_REVIEW
3166,2470,0,CARD_LEVEL,13,선택형,UNCLASSIFIED,,,,,카드플레이트 선택 가능,NEEDS_AI_REVIEW
3167,2471,200000,CARD_LEVEL,13,선택형,UNCLASSIFIED,,,,,카드플레이트 선택 가능,NEEDS_AI_REVIEW
3168,2475,0,CARD_LEVEL,26,해외,UNCLASSIFIED,,,,,해외에서 ATM 사용 및 물품구매 가능,NEEDS_AI_REVIEW
3169,2476,500000,CARD_LEVEL,3,주유,UNCLASSIFIED,,,,,주유(LPG 충전)/전기차 충전 청구할인,NEEDS_AI_REVIEW
3170,2476,500000,CARD_LEVEL,6,기타,UNCLASSIFIED,,,,,주차장 5천원 이상 결제 건당 1천원 할인,NEEDS_AI_REVIEW
3171,2484,500000,CARD_LEVEL,28,프리미엄 서비스,UNCLASSIFIED,,,,,"국제 브랜드 서비스
VISA Young Premium 서비스",NEEDS_AI_REVIEW
3172,2486,0,CARD_LEVEL,13,선택형,UNCLASSIFIED,,,,,원하는 플레이트 선택 가능,NEEDS_AI_REVIEW
3173,2487,300000,CARD_LEVEL,13,선택형,UNCLASSIFIED,,,,,원하는 플레이트 선택 가능,NEEDS_AI_REVIEW
3174,2491,0,CARD_LEVEL,13,선택형,UNCLASSIFIED,,,,,카드 플레이트 선택 가능,NEEDS_AI_REVIEW
3175,2492,0,CARD_LEVEL,13,선택형,UNCLASSIFIED,,,,,카드 플레이트 선택 가능,NEEDS_AI_REVIEW
3176,2495,500000,CARD_LEVEL,13,선택형,UNCLASSIFIED,,,,,플레이트 디자인 선택가능,NEEDS_AI_REVIEW
3177,2511,0,CARD_LEVEL,17,대중교통,UNCLASSIFIED,,,,,버스/지하철 후불교통 이용금액 캐시백,NEEDS_AI_REVIEW
3178,2512,0,CARD_LEVEL,17,대중교통,UNCLASSIFIED,,,,,버스/지하철 후불교통 이용금액 캐시백,NEEDS_AI_REVIEW
3179,2514,500000,CARD_LEVEL,6,기타,UNCLASSIFIED,,,,,미래에셋증권 서비스등급 혜택,NEEDS_AI_REVIEW
3180,2514,500000,CARD_LEVEL,13,선택형,UNCLASSIFIED,,,,,플레이트 2종 선택,NEEDS_AI_REVIEW
3181,2515,500000,CARD_LEVEL,6,기타,UNCLASSIFIED,,,,,미래에셋증권 서비스등급 혜택,NEEDS_AI_REVIEW
3182,2515,500000,CARD_LEVEL,28,프리미엄 서비스,UNCLASSIFIED,,,,,미래에셋 현대카드 Gold 회원만을 위한 프리미엄 서비스,NEEDS_AI_REVIEW
3183,2515,500000,CARD_LEVEL,28,프리미엄 서비스,UNCLASSIFIED,,,,,VISA 프리미엄 서비스,NEEDS_AI_REVIEW
3184,2515,500000,CARD_LEVEL,13,선택형,UNCLASSIFIED,,,,,플레이트 3종 선택,NEEDS_AI_REVIEW
3185,2516,500000,CARD_LEVEL,6,기타,UNCLASSIFIED,,,,,미래에셋증권 서비스등급 혜택,NEEDS_AI_REVIEW
3186,2516,500000,CARD_LEVEL,28,프리미엄 서비스,UNCLASSIFIED,,,,,미래에셋 현대카드 Diamond 회원만을 위한 프리미엄 서비스,NEEDS_AI_REVIEW
3187,2516,500000,CARD_LEVEL,28,프리미엄 서비스,UNCLASSIFIED,,,,,VISA 프리미엄 서비스,NEEDS_AI_REVIEW
3188,2516,500000,CARD_LEVEL,13,선택형,UNCLASSIFIED,,,,,플레이트 3종 선택,NEEDS_AI_REVIEW
3189,2521,400000,CARD_LEVEL,13,선택형,UNCLASSIFIED,,,,,플레이트 6종 선택,NEEDS_AI_REVIEW
3190,2523,300000,CARD_LEVEL,10,영화,UNCLASSIFIED,,,,,전국 영화관 3천원 청구할인,NEEDS_AI_REVIEW
3191,2529,0,CARD_LEVEL,13,선택형,UNCLASSIFIED,,,,,카드 플레이트 선택,NEEDS_AI_REVIEW
3192,2530,300000,CARD_LEVEL,13,선택형,UNCLASSIFIED,,,,,카드 플레이트 선택,NEEDS_AI_REVIEW
3193,2534,500000,CARD_LEVEL,13,선택형,UNCLASSIFIED,,,,,카드 플레이트 선택,NEEDS_AI_REVIEW
3194,2540,0,CARD_LEVEL,28,프리미엄 서비스,UNCLASSIFIED,,,,,Excusive 전용 특별 서비스,NEEDS_AI_REVIEW
3195,2540,0,CARD_LEVEL,28,프리미엄 서비스,UNCLASSIFIED,,,,,Visa Infinite 서비스,NEEDS_AI_REVIEW
3196,2541,0,CARD_LEVEL,28,프리미엄 서비스,UNCLASSIFIED,,,,,Reserve 전용혜택 특별서비스,NEEDS_AI_REVIEW
3197,2541,0,CARD_LEVEL,28,프리미엄 서비스,UNCLASSIFIED,,,,,Amex Elite & ICON 서비스,NEEDS_AI_REVIEW
3198,2542,0,CARD_LEVEL,28,프리미엄 서비스,UNCLASSIFIED,,,,,Reserve 전용혜택 특별서비스,NEEDS_AI_REVIEW
3199,2542,0,CARD_LEVEL,28,프리미엄 서비스,UNCLASSIFIED,,,,,Amex Elite & ICON 서비스,NEEDS_AI_REVIEW
3200,2543,500000,CARD_LEVEL,6,기타,UNCLASSIFIED,,,,,교육•할인점•이동통신•병원•약국 할인,NEEDS_AI_REVIEW
3201,2543,500000,CARD_LEVEL,25,정비,UNCLASSIFIED,,,,,닥터카 서비스,NEEDS_AI_REVIEW
3202,2543,500000,CARD_LEVEL,28,프리미엄 서비스,UNCLASSIFIED,,,,,Mastercard PLATINUM 등급 서비스,NEEDS_AI_REVIEW
3203,2549,0,CARD_LEVEL,13,선택형,UNCLASSIFIED,,,,,다양한 플레이트 선택 가능,NEEDS_AI_REVIEW
3204,2551,500000,CARD_LEVEL,13,선택형,UNCLASSIFIED,,,,,플레이트 2종 선택,NEEDS_AI_REVIEW
3205,2552,0,CARD_LEVEL,13,선택형,UNCLASSIFIED,,,,,플레이트 3종 선택,NEEDS_AI_REVIEW
3206,2558,400000,CARD_LEVEL,13,선택형,UNCLASSIFIED,,,,,특수 소재 카드,NEEDS_AI_REVIEW
3207,2567,0,CARD_LEVEL,13,선택형,UNCLASSIFIED,,,,,플레이트 선택,NEEDS_AI_REVIEW
3208,2571,300000,CARD_LEVEL,13,선택형,UNCLASSIFIED,,,,,플레이트 2종 선택,NEEDS_AI_REVIEW
3209,2572,0,CARD_LEVEL,28,프리미엄 서비스,UNCLASSIFIED,,,,,UPI 플래티늄 서비스,NEEDS_AI_REVIEW
3210,2586,0,CARD_LEVEL,27,교통,UNCLASSIFIED,,,,,버스와 지하철 충전 없이 탈 수 있어요,NEEDS_AI_REVIEW
3211,2587,0,CARD_LEVEL,13,선택형,UNCLASSIFIED,,,,,플레이트 2종 선택,NEEDS_AI_REVIEW
3212,2592,500000,CARD_LEVEL,6,기타,UNCLASSIFIED,,,,,싱가포르항공 인천/김해공항 특별 우대,NEEDS_AI_REVIEW
3213,2596,0,CARD_LEVEL,17,대중교통,UNCLASSIFIED,,,,,버스/지하철 후불교통 이용금액 캐시백,NEEDS_AI_REVIEW
3214,2597,0,CARD_LEVEL,17,대중교통,UNCLASSIFIED,,,,,버스/지하철 후불교통 이용금액 캐시백,NEEDS_AI_REVIEW
3215,2606,0,CARD_LEVEL,34,병원,UNCLASSIFIED,,,,,GC헬스케어 Basic 서비스,NEEDS_AI_REVIEW
3216,2606,0,CARD_LEVEL,14,생활,UNCLASSIFIED,,,,,생활편의 가맹점 할인,NEEDS_AI_REVIEW
3217,2608,300000,CARD_LEVEL,11,테마파크,UNCLASSIFIED,,,,,테마파크 자유이용권 본인 할인,NEEDS_AI_REVIEW
3218,2611,300000,CARD_LEVEL,6,기타,UNCLASSIFIED,,,,,iPhone for Life 프로그램 이용 시,NEEDS_AI_REVIEW
3219,2612,0,CARD_LEVEL,16,프리미엄,UNCLASSIFIED,,,,,[아코르 서비스] ALL회원 SILVER 등급 제공 및 업그레이드,NEEDS_AI_REVIEW
3220,2612,0,CARD_LEVEL,29,여행/숙박,UNCLASSIFIED,,,,,[Premium Service] 국내외 여행자 보험 서비스 제공,NEEDS_AI_REVIEW
3221,2613,500000,CARD_LEVEL,16,프리미엄,UNCLASSIFIED,,,,,[아코르 서비스] ALL 회원 GOLD 등급 제공 및 업그레이드,NEEDS_AI_REVIEW
3222,2613,500000,CARD_LEVEL,29,여행/숙박,UNCLASSIFIED,,,,,[Premium Service] 국내외 여행자 보험 서비스 제공,NEEDS_AI_REVIEW
3223,2613,500000,CARD_LEVEL,13,선택형,UNCLASSIFIED,,,,,플레이트 선택,NEEDS_AI_REVIEW
3224,2618,500000,CARD_LEVEL,25,정비,UNCLASSIFIED,,,,,차량 점검 서비스,NEEDS_AI_REVIEW
3225,2623,300000,CARD_LEVEL,28,프리미엄 서비스,UNCLASSIFIED,,,,,Amex Selects(셀렉츠) 서비스,NEEDS_AI_REVIEW
3226,2624,300000,CARD_LEVEL,11,테마파크,UNCLASSIFIED,,,,,놀이공원 현장 할인,NEEDS_AI_REVIEW
3227,2624,300000,CARD_LEVEL,28,프리미엄 서비스,UNCLASSIFIED,,,,,Amex Selects(셀렉츠) 서비스,NEEDS_AI_REVIEW
3228,2627,0,CARD_LEVEL,28,프리미엄 서비스,UNCLASSIFIED,,,,,[프리미엄 서비스] 메탈 플레이트 제공,NEEDS_AI_REVIEW
3229,2627,0,CARD_LEVEL,28,프리미엄 서비스,UNCLASSIFIED,,,,,VISA Infinite 선택 서비스,NEEDS_AI_REVIEW
3230,2631,300000,CARD_LEVEL,13,선택형,UNCLASSIFIED,,,,,매일 모니모를 찾는 당신을 위해 모니모A 카드의 더 새롭고 감각적인 디자인을 소개합니다.,NEEDS_AI_REVIEW
3231,2632,0,CARD_LEVEL,33,무이자할부,UNCLASSIFIED,,,,,LOCA 나누기 혜택,NEEDS_AI_REVIEW
3232,2634,0,CARD_LEVEL,16,프리미엄,UNCLASSIFIED,,,,,SPECIAL GIFT 혜택,NEEDS_AI_REVIEW
3233,2636,0,CARD_LEVEL,6,기타,UNCLASSIFIED,,,,,LOCA 나누기 혜택,NEEDS_AI_REVIEW
3234,2636,0,CARD_LEVEL,28,프리미엄 서비스,UNCLASSIFIED,,,,,Master World 서비스,NEEDS_AI_REVIEW
3235,2652,300000,CARD_LEVEL,11,테마파크,UNCLASSIFIED,,,,,에버랜드 꿈빛 솜사탕 등급 적용,NEEDS_AI_REVIEW
3236,2662,500000,CARD_LEVEL,28,프리미엄 서비스,UNCLASSIFIED,,,,,"Be My Guest 호텔 델리/레스토랑, 패밀리 레스토랑 할인",NEEDS_AI_REVIEW
3237,2663,500000,CARD_LEVEL,28,프리미엄 서비스,UNCLASSIFIED,,,,,"Be My Guest 호텔 델리/레스토랑, 패밀리 레스토랑 할인",NEEDS_AI_REVIEW
3238,2663,500000,CARD_LEVEL,28,프리미엄 서비스,UNCLASSIFIED,,,,,The Hotel Collection 객실 업그레이드 및 호텔 크레딧 100달러(USD) 제공,NEEDS_AI_REVIEW
3239,2663,500000,CARD_LEVEL,28,프리미엄 서비스,UNCLASSIFIED,,,,,메탈 플레이트 제공,NEEDS_AI_REVIEW
3240,2664,500000,CARD_LEVEL,28,프리미엄 서비스,UNCLASSIFIED,,,,,본인 회원 메탈 플레이트 제공,NEEDS_AI_REVIEW
3241,2664,500000,CARD_LEVEL,28,프리미엄 서비스,UNCLASSIFIED,,,,,"호텔 델리/레스토랑, 패밀리 레스토랑 할인",NEEDS_AI_REVIEW
3242,2664,500000,CARD_LEVEL,28,프리미엄 서비스,UNCLASSIFIED,,,,,럭셔리 & 프리미엄 호텔 혜택,NEEDS_AI_REVIEW
3243,2664,500000,CARD_LEVEL,28,프리미엄 서비스,UNCLASSIFIED,,,,,American Express PLATINUM ELITE 서비스,NEEDS_AI_REVIEW
3244,2667,0,CARD_LEVEL,32,해외이용,UNCLASSIFIED,,,,,해외 이용금액 현지 통화 결제 서비스,NEEDS_AI_REVIEW
3245,2667,0,CARD_LEVEL,32,해외이용,UNCLASSIFIED,,,,,해외이용 프로모션,NEEDS_AI_REVIEW
3246,2701,500000,CARD_LEVEL,28,프리미엄 서비스,UNCLASSIFIED,,,,,국제브랜드 서비스(해외겸용카드 전용),NEEDS_AI_REVIEW
3247,2702,300000,CARD_LEVEL,10,영화,UNCLASSIFIED,,,,,[영화 할인] 영화 5천원 결제일할인,NEEDS_AI_REVIEW
3248,2708,400000,CARD_LEVEL,13,선택형,UNCLASSIFIED,,,,,[선택 할인] 쇼핑/편의/커피/생활/먹빵/취향 택 1,NEEDS_AI_REVIEW
3249,2708,400000,CARD_LEVEL,6,기타,UNCLASSIFIED,,,,,전월실적 채워드림,NEEDS_AI_REVIEW
3250,2711,500000,CARD_LEVEL,28,프리미엄 서비스,UNCLASSIFIED,,,,,Visa Signature 서비스,NEEDS_AI_REVIEW
3251,2712,500000,CARD_LEVEL,28,프리미엄 서비스,UNCLASSIFIED,,,,,Visa Infinite 서비스,NEEDS_AI_REVIEW
3252,2716,500000,CARD_LEVEL,35,골프,UNCLASSIFIED,,,,,"골프장, 골프연습장 캐시백 혜택",NEEDS_AI_REVIEW
3253,2717,500000,CARD_LEVEL,3,주유,UNCLASSIFIED,,,,,주유 캐시백 혜택,NEEDS_AI_REVIEW
3254,2722,400000,CARD_LEVEL,26,해외,UNCLASSIFIED,,,,,해외 이용 수수료 빼기 서비스,NEEDS_AI_REVIEW
3255,2722,400000,CARD_LEVEL,26,해외,UNCLASSIFIED,,,,,해외 이용 더하기 서비스,NEEDS_AI_REVIEW
3256,2729,0,CARD_LEVEL,26,해외,UNCLASSIFIED,,,,,외화 하나머니 결제 혜택,NEEDS_AI_REVIEW
3257,2730,500000,CARD_LEVEL,26,해외,UNCLASSIFIED,,,,,외화 하나머니 결제 혜택,NEEDS_AI_REVIEW
3258,2741,0,CARD_LEVEL,5,통신,UNCLASSIFIED,,,,,통신요금 할인,NEEDS_AI_REVIEW
3259,2748,400000,CARD_LEVEL,23,바우처,UNCLASSIFIED,,,,,신한카드 The Premium PET 고객님께 매년 1회 아래 Option 중 선택하신 한 가지의 Gift를 제공해 드립니다.,NEEDS_AI_REVIEW
3260,2761,300000,CARD_LEVEL,10,영화,UNCLASSIFIED,,,,,영화 청구할인,NEEDS_AI_REVIEW
3261,2765,300000,CARD_LEVEL,27,교통,UNCLASSIFIED,,,,,기후동행요금 결제일 할인,NEEDS_AI_REVIEW
3262,2766,400000,CARD_LEVEL,27,교통,UNCLASSIFIED,,,,,후불 기후동행카드 서비스 안내,NEEDS_AI_REVIEW
3263,2767,200000,CARD_LEVEL,27,교통,UNCLASSIFIED,,,,,후불 기후동행카드 서비스 안내,NEEDS_AI_REVIEW
3264,2768,100000,CARD_LEVEL,27,교통,UNCLASSIFIED,,,,,후불교통 기능 이용안내,NEEDS_AI_REVIEW
3265,2769,400000,CARD_LEVEL,27,교통,UNCLASSIFIED,,,,,후불 기후동행카드 안내,NEEDS_AI_REVIEW
3266,2770,0,CARD_LEVEL,27,교통,UNCLASSIFIED,,,,,후불 기후동행카드 안내,NEEDS_AI_REVIEW
3267,2771,400000,CARD_LEVEL,13,선택형,UNCLASSIFIED,,,,,특수 소재 카드 신청 가능,NEEDS_AI_REVIEW
3268,2771,400000,CARD_LEVEL,27,교통,UNCLASSIFIED,,,,,후불 기후동행카드 안내,NEEDS_AI_REVIEW
3269,2780,500000,CARD_LEVEL,28,프리미엄 서비스,UNCLASSIFIED,,,,,[Classic 전용혜택] 브랜드 서비스·금융 서비스·전용고객센터,NEEDS_AI_REVIEW
3270,2781,500000,CARD_LEVEL,28,프리미엄 서비스,UNCLASSIFIED,,,,,[Classic 전용혜택] 브랜드 서비스·금융 서비스·전용고객센터,NEEDS_AI_REVIEW
3271,2787,500000,CARD_LEVEL,14,생활,UNCLASSIFIED,,,,,"LGE.COM 플러스 서비스 이용 시, LG전자 온라인몰 LGE.COM에서 제품 구매 시 플러스 서비스 혜택 제공",NEEDS_AI_REVIEW
3272,2787,500000,CARD_LEVEL,14,생활,UNCLASSIFIED,,,,,"LGE.COM 플러스 서비스 미이용 시, LGE.COM 플러스 미이용 시에만 제공되는 서비스",NEEDS_AI_REVIEW
3273,2788,0,CARD_LEVEL,23,바우처,UNCLASSIFIED,,,,,Gift Option 서비스,NEEDS_AI_REVIEW
3274,2788,0,CARD_LEVEL,16,프리미엄,UNCLASSIFIED,,,,,연(1~12월) 중 3회 선택이 가능한 Premium Box 서비스 제공,NEEDS_AI_REVIEW
3275,2788,0,CARD_LEVEL,14,생활,UNCLASSIFIED,,,,,생활서비스,NEEDS_AI_REVIEW
3276,2788,0,CARD_LEVEL,28,프리미엄 서비스,UNCLASSIFIED,,,,,라이프스타일 Desk 서비스,NEEDS_AI_REVIEW
3277,2788,0,CARD_LEVEL,28,프리미엄 서비스,UNCLASSIFIED,,,,,국제브랜드사 서비스(플래티늄 등급 선태 시 제공),NEEDS_AI_REVIEW
3278,2799,400000,CARD_LEVEL,17,대중교통,UNCLASSIFIED,,,,,K-패스 안내,NEEDS_AI_REVIEW
3279,2805,0,CARD_LEVEL,13,선택형,UNCLASSIFIED,,,,,8가지 혜택 중 선택,NEEDS_AI_REVIEW
3280,2806,0,CARD_LEVEL,13,선택형,UNCLASSIFIED,,,,,8가지 혜택 중 선택,NEEDS_AI_REVIEW
3281,2807,500000,CARD_LEVEL,23,바우처,UNCLASSIFIED,,,,,Gift Option 서비스 (연 1회/ 택 1/ 연회비 주기 내 1백만원 이상),NEEDS_AI_REVIEW
3282,2807,500000,CARD_LEVEL,23,바우처,UNCLASSIFIED,,,,,Bonus Gift 서비스 (연간 누적실적 3천만원 이상),NEEDS_AI_REVIEW
3283,2825,200000,CARD_LEVEL,17,대중교통,UNCLASSIFIED,,,,,후불 기후동행카드 서비스 이용 안내,NEEDS_AI_REVIEW
3284,2826,250000,CARD_LEVEL,17,대중교통,UNCLASSIFIED,,,,,후불 기후동행카드 서비스 이용 안내,NEEDS_AI_REVIEW
3285,2828,400000,CARD_LEVEL,25,정비,UNCLASSIFIED,,,,,차량 점검 서비스,NEEDS_AI_REVIEW
3286,2832,0,CARD_LEVEL,26,해외,UNCLASSIFIED,,,,,해외 혜택,NEEDS_AI_REVIEW
3287,2832,0,CARD_LEVEL,6,기타,UNCLASSIFIED,,,,,소득공제·부가기능,NEEDS_AI_REVIEW
3288,2836,400000,CARD_LEVEL,10,영화,UNCLASSIFIED,,,,,[Monthly Plan 서비스] 영화 예매 5천원 결제일 할인,NEEDS_AI_REVIEW
3289,2840,300000,CARD_LEVEL,25,정비,UNCLASSIFIED,,,,,자동차 정비 가맹점 캐시백,NEEDS_AI_REVIEW
3290,2842,500000,CARD_LEVEL,28,프리미엄 서비스,UNCLASSIFIED,,,,,메탈 플레이트 제공,NEEDS_AI_REVIEW
3291,2843,500000,CARD_LEVEL,28,프리미엄 서비스,UNCLASSIFIED,,,,,메탈 플레이트 제공,NEEDS_AI_REVIEW
3292,2844,0,CARD_LEVEL,28,프리미엄 서비스,UNCLASSIFIED,,,,,메탈 플레이트 제공,NEEDS_AI_REVIEW
3293,2845,400000,CARD_LEVEL,16,프리미엄,UNCLASSIFIED,,,,,Mastercard 서비스,NEEDS_AI_REVIEW
3294,2847,300000,CARD_LEVEL,32,해외이용,UNCLASSIFIED,,,,,해외 이용금액 현지통화 결제 서비스,NEEDS_AI_REVIEW
3295,2853,400000,CARD_LEVEL,6,기타,UNCLASSIFIED,,,,,특수 소재 카드,NEEDS_AI_REVIEW
3296,2857,0,CARD_LEVEL,6,기타,UNCLASSIFIED,,,,,계좌가 없어도 간편 발급,NEEDS_AI_REVIEW
3297,2857,0,CARD_LEVEL,17,대중교통,UNCLASSIFIED,,,,,충전식(티머니) 교통카드 기능,NEEDS_AI_REVIEW
3298,2858,0,CARD_LEVEL,13,선택형,UNCLASSIFIED,,,,,카드 디자인,NEEDS_AI_REVIEW
3299,2861,0,CARD_LEVEL,6,기타,UNCLASSIFIED,,,,,L.POINT,NEEDS_AI_REVIEW
3300,2870,300000,CARD_LEVEL,30,렌터카,UNCLASSIFIED,,,,,넥센타이어 렌탈 할인,NEEDS_AI_REVIEW
3301,2875,300000,CARD_LEVEL,25,정비,UNCLASSIFIED,,,,,차량 점검 서비스,NEEDS_AI_REVIEW
3302,2878,400000,CARD_LEVEL,28,프리미엄 서비스,UNCLASSIFIED,,,,,메탈 플레이트 제공,NEEDS_AI_REVIEW
3303,2879,400000,CARD_LEVEL,28,프리미엄 서비스,UNCLASSIFIED,,,,,메탈 플레이트 제공,NEEDS_AI_REVIEW
3304,2880,400000,CARD_LEVEL,28,프리미엄 서비스,UNCLASSIFIED,,,,,메탈 플레이트 제공,NEEDS_AI_REVIEW
3305,2881,400000,CARD_LEVEL,28,프리미엄 서비스,UNCLASSIFIED,,,,,메탈 플레이트 제공,NEEDS_AI_REVIEW
3306,2882,0,CARD_LEVEL,28,프리미엄 서비스,UNCLASSIFIED,,,,,메탈 플레이트 제공,NEEDS_AI_REVIEW
3307,2883,500000,CARD_LEVEL,28,프리미엄 서비스,UNCLASSIFIED,,,,,메탈 플레이트 제공,NEEDS_AI_REVIEW
3308,2885,400000,CARD_LEVEL,13,선택형,UNCLASSIFIED,,,,,[SELECT 1] 선택 옵션에 따른 할인 혜택 제공 (택 1),NEEDS_AI_REVIEW
3309,2885,400000,CARD_LEVEL,13,선택형,UNCLASSIFIED,,,,,[SELECT 2] 선택 옵션에 따른 할인 혜택 제공 (택 1),NEEDS_AI_REVIEW
3310,2886,300000,CARD_LEVEL,13,선택형,UNCLASSIFIED,,,,,"[SELECT] 선택 옵션에 따른 할인 혜택 제공 (택 1)
음식점, 온라인몰(패션/쇼핑), 온라인 간편결제",NEEDS_AI_REVIEW
3311,2886,300000,CARD_LEVEL,1,쇼핑,UNCLASSIFIED,,,,,[SELECT] 금/토/일엔 쇼핑 2배 할인,NEEDS_AI_REVIEW
3312,2891,200000,CARD_LEVEL,5,통신,UNCLASSIFIED,,,,,[일상 서비스] 이동통신요금 자동납부 시 2천원 캐시백,NEEDS_AI_REVIEW
3313,2891,200000,CARD_LEVEL,10,영화,UNCLASSIFIED,,,,,[일상 서비스] CGV 영화 예매 5천원 캐시백,NEEDS_AI_REVIEW
3314,2891,200000,CARD_LEVEL,19,편의점,UNCLASSIFIED,,,,,[일상 서비스] 편의점 1천원 캐시백,NEEDS_AI_REVIEW
3315,2891,200000,CARD_LEVEL,18,카페,UNCLASSIFIED,,,,,[일상 서비스] 카페 1천원 캐시백,NEEDS_AI_REVIEW
3316,2891,200000,CARD_LEVEL,14,생활,UNCLASSIFIED,,,,,[일상 서비스] 생활 가맹점 1천원 캐시백,NEEDS_AI_REVIEW
3317,2891,200000,CARD_LEVEL,21,온라인쇼핑,UNCLASSIFIED,,,,,[일상 서비스] 온라인 쇼핑 1천원 캐시백,NEEDS_AI_REVIEW
3318,2906,0,CARD_LEVEL,10,영화,UNCLASSIFIED,,,,,온라인 영화 예매 최대 3천원 할인,NEEDS_AI_REVIEW
3319,2915,500000,CARD_LEVEL,28,프리미엄 서비스,UNCLASSIFIED,,,,,국제브랜드 서비스 (해외겸용카드 전용),NEEDS_AI_REVIEW
3320,2916,400000,CARD_LEVEL,16,프리미엄,UNCLASSIFIED,,,,,나를 위한 / 가족을 위한 Gift (연회비 납부 년도 내 1백만원 이상),NEEDS_AI_REVIEW
3321,2919,0,CARD_LEVEL,17,대중교통,UNCLASSIFIED,,,,,후불교통기능,NEEDS_AI_REVIEW
3322,2930,400000,CARD_LEVEL,6,기타,UNCLASSIFIED,,,,,전월실적 채워드림,NEEDS_AI_REVIEW
3323,2930,400000,CARD_LEVEL,16,프리미엄,UNCLASSIFIED,,,,,국제브랜드 서비스,NEEDS_AI_REVIEW
3324,2931,400000,CARD_LEVEL,14,생활,UNCLASSIFIED,,,,,생활 영역 5천원 청구할인,NEEDS_AI_REVIEW
3325,2934,100000,CARD_LEVEL,4,금융,UNCLASSIFIED,,,,,금융 서비스,NEEDS_AI_REVIEW
3326,2935,0,CARD_LEVEL,32,해외이용,UNCLASSIFIED,,,,,현지통화 결제 서비스,NEEDS_AI_REVIEW
3327,2944,500000,CARD_LEVEL,28,프리미엄 서비스,UNCLASSIFIED,,,,,메탈 플레이트 제공,NEEDS_AI_REVIEW
3328,2955,300000,CARD_LEVEL,28,프리미엄 서비스,UNCLASSIFIED,,,,,특수 소재 카드,NEEDS_AI_REVIEW
3329,2957,300000,CARD_LEVEL,10,영화,UNCLASSIFIED,,,,,영화 할인,NEEDS_AI_REVIEW
3330,2963,400000,CARD_LEVEL,23,바우처,UNCLASSIFIED,,,,,Gift Option (연 1회/택 1),NEEDS_AI_REVIEW
3331,2964,400000,CARD_LEVEL,6,기타,UNCLASSIFIED,,,,,[특별 서비스] 전월실적 채워드림,NEEDS_AI_REVIEW
3332,2967,400000,CARD_LEVEL,28,프리미엄 서비스,UNCLASSIFIED,,,,,메탈 플레이트 제공,NEEDS_AI_REVIEW
3333,2968,400000,CARD_LEVEL,28,프리미엄 서비스,UNCLASSIFIED,,,,,메탈 플레이트 제공,NEEDS_AI_REVIEW
3334,2969,400000,CARD_LEVEL,28,프리미엄 서비스,UNCLASSIFIED,,,,,메탈 플레이트 제공,NEEDS_AI_REVIEW
3335,2970,400000,CARD_LEVEL,6,기타,UNCLASSIFIED,,,,,[위시리스트] Happy Birth Month,NEEDS_AI_REVIEW
3336,2970,400000,CARD_LEVEL,6,기타,UNCLASSIFIED,,,,,[위시리스트] 전월실적 채워드림,NEEDS_AI_REVIEW
3337,2977,0,CARD_LEVEL,32,해외이용,UNCLASSIFIED,,,,,해외 이용금액 현지통화 결제 서비스,NEEDS_AI_REVIEW
3338,2985,0,CARD_LEVEL,28,프리미엄 서비스,UNCLASSIFIED,,,,,메탈 플레이트 제공,NEEDS_AI_REVIEW
3339,2986,0,CARD_LEVEL,13,선택형,UNCLASSIFIED,,,,,[SELECT 서비스] 선택 옵션에 따른 할인 혜택 제공(택 1),NEEDS_AI_REVIEW
3340,2989,400000,CARD_LEVEL,28,프리미엄 서비스,UNCLASSIFIED,,,,,메탈 플레이트 제공,NEEDS_AI_REVIEW
3341,2990,400000,CARD_LEVEL,28,프리미엄 서비스,UNCLASSIFIED,,,,,메탈 플레이트 제공,NEEDS_AI_REVIEW
3342,2991,0,CARD_LEVEL,28,프리미엄 서비스,UNCLASSIFIED,,,,,메탈 플레이트 제공,NEEDS_AI_REVIEW
3343,2993,500000,CARD_LEVEL,26,해외,UNCLASSIFIED,,,,,해외 청구할인,NEEDS_AI_REVIEW
3344,2997,500000,CARD_LEVEL,32,해외이용,UNCLASSIFIED,,,,,트래블로그 스위치 서비스,NEEDS_AI_REVIEW
3345,2998,500000,CARD_LEVEL,32,해외이용,UNCLASSIFIED,,,,,트래블로그 스위치 서비스,NEEDS_AI_REVIEW
3346,2210,300000,CARD_LEVEL,28,프리미엄 서비스,UNCLASSIFIED,,,,,[BRAND SERVICE] VISA Young Premium 서비스,NEEDS_AI_REVIEW
3347,2346,150000,CARD_LEVEL,33,무이자할부,UNCLASSIFIED,,,,,[2~3개월 상시] 전국 모든 가맹점 무이자할부,NEEDS_AI_REVIEW
3348,2346,150000,CARD_LEVEL,28,프리미엄 서비스,UNCLASSIFIED,,,,,MasterCard Platinum/VISA Platinum 기본 서비스,NEEDS_AI_REVIEW
3349,2348,400000,CARD_LEVEL,28,프리미엄 서비스,UNCLASSIFIED,,,,,VISA Platinum 등급 기본 서비스 제공,NEEDS_AI_REVIEW
3350,2351,200000,CARD_LEVEL,6,기타,UNCLASSIFIED,,,,,회원 전용 서비스 할인 혜택,NEEDS_AI_REVIEW
3351,2380,300000,CARD_LEVEL,28,프리미엄 서비스,UNCLASSIFIED,,,,,VISA Platinum 서비스 제공,NEEDS_AI_REVIEW
3352,2381,500000,CARD_LEVEL,28,프리미엄 서비스,UNCLASSIFIED,,,,,VISA Platinum 서비스 제공,NEEDS_AI_REVIEW
3353,2382,300000,CARD_LEVEL,28,프리미엄 서비스,UNCLASSIFIED,,,,,VISA Platinum 서비스 제공,NEEDS_AI_REVIEW
3354,2383,300000,CARD_LEVEL,28,프리미엄 서비스,UNCLASSIFIED,,,,,VISA Platinum 서비스 제공,NEEDS_AI_REVIEW
3355,2384,200000,CARD_LEVEL,28,프리미엄 서비스,UNCLASSIFIED,,,,,VISA Platinum 서비스 제공,NEEDS_AI_REVIEW
3356,2458,0,CARD_LEVEL,33,무이자할부,UNCLASSIFIED,,,,,"무이자할부 서비스
전국 모든 가맹점 2~3개월",NEEDS_AI_REVIEW
3357,2458,0,CARD_LEVEL,28,프리미엄 서비스,UNCLASSIFIED,,,,,MasterCard Platinum/ VISA Platinum 기본 서비스,NEEDS_AI_REVIEW
3358,2462,0,CARD_LEVEL,28,프리미엄 서비스,UNCLASSIFIED,,,,,"국제 브랜드 서비스
VISA / MasterCard Platinum 기본 서비스",NEEDS_AI_REVIEW
3359,2485,300000,CARD_LEVEL,28,프리미엄 서비스,UNCLASSIFIED,,,,,"국제 브랜드 서비스
VISA Young Premium 서비스",NEEDS_AI_REVIEW
3360,2502,300000,CARD_LEVEL,6,기타,UNCLASSIFIED,,,,,Olleh club 멤버십 별 최대 10만개 적립,NEEDS_AI_REVIEW
3361,2503,300000,CARD_LEVEL,10,영화,UNCLASSIFIED,,,,,전국 주요 영화관 3천원 할인,NEEDS_AI_REVIEW
3362,2518,0,CARD_LEVEL,13,선택형,UNCLASSIFIED,,,,,플레이트 5종 선택,NEEDS_AI_REVIEW
3363,2591,300000,CARD_LEVEL,33,무이자할부,UNCLASSIFIED,,,,,무이자할부 서비스,NEEDS_AI_REVIEW
3364,2591,300000,CARD_LEVEL,28,프리미엄 서비스,UNCLASSIFIED,,,,,국제 브랜드 서비스,NEEDS_AI_REVIEW
3365,2607,300000,CARD_LEVEL,16,프리미엄,UNCLASSIFIED,,,,,Mastercard Platinum 등급 기본 서비스 또는 VISA Young Premium 서비스 제공,NEEDS_AI_REVIEW
3366,2616,300000,CARD_LEVEL,28,프리미엄 서비스,UNCLASSIFIED,,,,,국제 브랜드 서비스 Mastercard/VISA Platinum 기본 서비스 제공,NEEDS_AI_REVIEW
3367,2644,0,CARD_LEVEL,28,프리미엄 서비스,UNCLASSIFIED,,,,,[국제 브랜드 서비스] Mastercard/VISA Platinum 기본 서비스 제공,NEEDS_AI_REVIEW
3368,2724,150000,CARD_LEVEL,28,프리미엄 서비스,UNCLASSIFIED,,,,,MasterCard Platinum 기본 서비스,NEEDS_AI_REVIEW
3369,2774,300000,CARD_LEVEL,27,교통,UNCLASSIFIED,,,,,기후동행카드 안내,NEEDS_AI_REVIEW
