card_id,raw_text
1,전국가맹점 0.2~2.0% 적립 · 특정가맹점 1~5% 적립 · 에이치디현대오일뱅크 60원/L 적립
1,백화점/할인점/홈쇼핑·온라인몰 1.0~5.0% 적립
1,"전국 가맹점 0.2~2.0% 적립
해외 가맹점 1~5% 적립"
1,"S-OIL, 에이치디현대오일뱅크 주유 시 리터 당 60원 적립"
1,"신한투자증권 CMA 결제계좌 0.2% 추가 적립
마이신한포인트 가맹점 추가 적립"
1,SK텔레콤/KT/LG U+ 이동통신요금 1.0~5.0% 적립
1,적립
1,포인트 적립상세 및 포인트 사용 안내
1,"직원이 뽑은 2024 메인 생활비 카드 TOP5ㅣ 고물가 시대, 고정비 할인이 답!"
1,[추천] 상테크 카드로 마일리지 적립까지 가능하다고? 상테크 카드에 주목해야 할 이유 (ft.상테크 카드 추천)
2,백화점/할인점 5% 할인 · 스타벅스 20% 할인 · GS칼텍스 60원/L 할인
2,"국내 유명 백화점, 할인점, 온라인 쇼핑몰 최대 5% 할인"
2,"국내 유명 패밀리레스토랑, 커피 20~30% 할인"
2,GS칼텍스 리터당 60원 할인
2,"CGV, YES24 영화 예매시 최대 7,000원 할인"
2,적립
2,신한카드 Love포인트 적립 및 사용
2,주요 놀이공원 30~50% 할인 및 스포츠 할인 서비스
2,"프로야구, 프로농구 할인 서비스"
2,통합할인한도
2,CGV할인카드 TOP5
3,3대백화점 5% 할인 · 패밀리레스토랑 20% 할인 · 놀이공원 30~50% 할인
3,"3대 백화점(롯데,신세계,현대) 및 롯데마트 5% 결제일 할인"
3,국내 유명 패밀리 레스토랑 및 커피 최대 20% 할인
3,"맥스무비, 인터파크 YES24 예매시 1,500원 할인"
3,S-OIL 주유 시 리터 당 60원 적립
3,"베이비 프리미엄 제품 전문쇼핑몰 「쁘띠엘린스토어」
오프라인 매장 15%, 온라인몰 20% 할인"
3,주요 놀이공원 최대 50% 할인
3,"이동통신요금 자동이체 시 2% 결제일 할인(SKT, KT, LGT)"
3,스포츠 관람 할인 서비스
8,Gift Option 매년1회 선택이용 · 마이신한포인트 0.7~5% 적립 · GS칼텍스 60원/L 할인
8,"일시불/할부 이용금액의 0.7% 마이신한포인트 적립
해외, 명품 아울렛(신세계/롯데), 면세점, 골프 업종 이용 시 5% 마이신한포인트 적립"
8,GS칼텍스 주유 시 리터당 60원 결제일 할인
8,커피/제과/택시/화장품/영화 5% 할인
8,제주 JDC 면세점 이용 시 8% 할인
8,진에어 국제선 항공권 결제일 할인
10,대중교통 200~600원 할인 · 택시 10% 할인 · KTX 10% 할인
10,"버스, 지하철 후불 교통 이용 금액 일 200원 ~ 일 600원 할인"
10,택시/KTX 이용 금액 10% 할인
10,4대 백화점 5% 할인
10,커피전문점 10% 할인
10,편의점 5% 할인
10,이동통신요금 5% 할인
10,캐시백
10,"전기요금, 통신요금, 해외이용금액 5% 캐시백 제공 (전년도 1천만원 이상)"
10,10년만에 단통법 폐지! 과연 ‘내 통신요금’도 줄어들까? (ft.통신비 할인카드 추천)
10,휴가비 10만원 지원받고 떠나자! 핵가성비 국내여행 할인카드 활용법 tip 3
11,전가맹점 0.7% 캐시백 · 이동통신요금 0.7% 추가캐시백 · 생활친화가맹점 월 10회 잔돈할인
11,"전가맹점 0.7% 캐시백, 이동통신요금 자동이체 건 추가 0.7% 캐시백"
11,"생활친화가맹점 잔돈할인 서비스, Coin-Save"
11,온라인 영화 예매 할인
11,워터파크 피서 떠나볼까? ‘오션월드 할인카드’ 4종 추천
11,현대카드ZERO Edition2(할인형)
12,"1,500원당 1마일 적립 · 1,000원당 1마일 적립"
12,마이신한포인트 추가 적립
12,"가성비부터 프리미엄까지, 2026  대한항공 마일리지 적립 신용카드 추천 로드맵"
12,항공 마일리지 적립 신용카드 TOP10
12,2019 마일리지 적립카드 TOP13 전격분석
13,"공과금 10% 할인 · 마트,편의점 10% 할인 · 식음료 10% 할인"
13,월납요금(공과금) 10% 할인서비스 (전월실적 30만원 이상)
13,편의점 10% 할인 (전월실적 30만원 이상)
13,병원/약국업종 10% 할인 (전월실적 30만원 이상)
13,세탁소 업종 10% 할인 (전월실적 30만원 이상)
13,온라인 쇼핑 10% 할인 (전월실적 30만원 이상)
13,택시 10% 할인 (전월실적 30만원 이상)
13,식음료 10% 할인 (전월실적 30만원 이상)
13,3대 마트 10% 할인 (전월실적 30만원 이상)
13,4대 정유사 리터당 60원 할인 (전월실적 30만원 이상)
13,인테이크몰 20% 할인 (전월실적 30만원 이상)
13,"[2026 인기 신용카드 리뷰] 1인가구 특화 생활비 할인카드, 신한카드 Mr.Life"
13,"혜택 좋은 인기 생활비 할인카드만 모았다, 30대 직장인 신용카드 추천 로드맵 (26년 Ver.)"
13,현대카드ZERO Edition2(할인형)
14,6개가맹점 할인율 선택 · 스타벅스 쿠폰 제공
14,할인율 선택 서비스
14,"여름이니까🎵 아이스커피🧊 그런데 편의점에서 통신사 할인만 받으시나요? 더 알뜰하게, 편의점 알짜카드 BEST5"
14,"군고구마, 호빵, 어묵 아직도 제 값 주고 먹어요? 편의점 할인카드 BEST 5"
15,"1,500원당 1마일 적립 · 1,000원당 1마일 적립 · PP카드 무료 제공"
15,항공 마일리지 적립 서비스
15,제주 JDC 면세점 8% 결제일 할인
15,GS칼텍스 주유 시 리터당 40원 결제일 할인
15,"스타벅스 3,000원 할인"
15,항공 마일리지 적립 신용카드 TOP10
16,국내 주유소 40~150L 적립 · 국내 충전소 10~50P/L 적립 · 국내외 가맹점 0.2~2% 적립
16,국내 주유소 리터당 40~150포인트/충전소 리터당 10~50포인트 적립
16,1~5% 특별적립
16,1~5% 특별적립
16,1~5% 특별적립
16,1~5% 특별적립
16,국내/외 가맹점 0.2~2.0% 적립
16,혜택 좋은 주유할인카드 21종 전격 비교 추천! (주유비 할인카드 혜택 정리) _ 2026년 기준 업데이트
16,"혜택 좋은 인기 생활비 할인카드만 모았다, 30대 직장인 신용카드 추천 로드맵 (26년 Ver.)"
18,온.오프라인 10% 할인 · 생활업종 10% 할인 · 해외이용 5% 캐시백
18,"[쇼핑 할인] 오프라인 쇼핑(백화점, 프리미엄 아울렛, 마트, 창고형 할인매장) 10% 할인
· 온라인 쇼핑(홈쇼핑, 소셜커머스) 10% 할인 (전월실적 50만원 이상)"
18,"[생활 할인] 커피전문점·잡화·온라인서점 10% 할인
· 주유 60원/L 할인 (전월실적 50만원 이상)"
18,[해외이용 캐시백] 해외이용금액 5% 캐시백 (연간실적 1천만원 이상)
18,"[제휴 할인] 마켓컬리, 프레딧, 집반찬연구소 10% 할인서비스 (전월실적 30만원 이상)"
18,"[추천] 백화점부터 마트·쿠팡… 온라인 쇼핑까지, 이름값 하는 쇼핑할인카드 4종 혜택 비교"
18,2026 이케아 할인 신용카드 추천 & 이케아 패밀리 회원가입 혜택 정리
18,2026 트레이더스 할인카드 추천부터 회원권 꿀팁까지! 트레이더스 갈 때 삼성카드만 챙길 필요 없다?
21,국내외 가맹점 1% 캐시백 · 생활밀착가맹점 0.7% 추가캐시백 · 생활친화가맹점 월 10회 잔돈 할인
21,"국내외 가맹점 1%, 생활밀착 가맹점 추가 0.7% 캐시백"
21,잔돈 할인 서비스(Coin-Save)
21,온라인 영화 예매 할인 (전월실적 30만원 이상)
21,서울랜드 50% 할인 (전월실적 30만원 이상)
21,[추천] 월 300-500만원 이상 쓰는 직장인 & 개인사업자를 위한 포인트 적립 신용카드 BEST 4 _ 2026년 기준 업데이트
26,"교육업종 5~10% 캐시백 · 아파트관리비 5,000원 캐시백 · 생활업종 1% 캐시백"
26,"일반전문학원, 학습지, 유치원 업종 캐시백 (전월실적 50만원 이상)"
26,"아파트 관리비 자동이체 매월 5,000원 캐시백 (전월실적 50만원 이상)"
26,주요 생활업종 이용시 1% 캐시백 (전월실적 50만원 이상)
26,"[추천] 단종카드를 대체할 포인트 적립 NEW 신한카드 4종 (ft.딥드림, 하이포인트 대체카드) _ 2026년 기준 업데이트"
26,"아파트관리비 실적 인정 카드만 모았다, 2026 아파트관리비 할인카드 추천 BEST 4"
28,신세계백화점 5% 할인 · Life Care가맹점 5% 할인 · 해외 5% 캐시백
28,신세계백화점 5% 결제일 할인
28,Life Care가맹점 5% 결제일 할인
28,"롯데월드, 서울랜드 자유이용권 50% 할인"
28,해외 매출 5% 캐시백
35,"GS칼텍스 60~100원/L 할인 · 버스/지하철/택시 3~7% 할인 · 맥스무비 등 1,500원 할인"
35,GS칼텍스 주유 시 리터당 60~100원 할인
35,"버스, 지하철, 택시 3~7% 할인"
35,"맥스무비, 인터파크, YES24 예매 시 할인"
35,주요 놀이공원 할인 서비스
36,선택서비스 5% 할인 · 1천원미만의 잔돈 할인 · 모든주유소 60원/L 할인
36,"Cube 선택서비스 - 선택서비스 5개, 5% 할인"
36,할인
36,Coin-Save(잔돈할인) 서비스 - 잔돈은 할인
36,[2020 소비 트렌드] 국내 할인 한도 1위 '10만 원'에 주목하라
37,"캐시백형 1% 캐시백 · 대한항공형 1,500원/1마일 적립 · 기프트옵션 1회/연 제공"
37,"캐시백(캐시백형 선택 시)
마일리지 적립(마일리지 적립형 선택 시)"
37,JEJU 할인
37,커피 할인
37,베이커리 할인
37,쇼핑 할인
37,생활 할인
38,학원/학습지/독서실 5% 할인 · 체험/활동학습 5% 할인 · 서적 5% 할인
38,자녀교육에 필요한 가맹점에서 5% 할인
38,자녀 감성발달에 필요한 가맹점에서 5% 할인
38,자녀 도서 구매에도 5% 할인
38,COIN-SAVE 잔돈 할인
38,"독서의 계절! 책벌레를 위한 ‘서점 할인카드’ PICK 5 (오프라인, 인터넷 서점 할인/적립)"
38,학원비할인카드 TOP5
39,4개정유사 10% 할인 · 차량서비스 10% 할인 · 편의점/커피/택시 5% 할인
39,4개의 정유사 중 직접 고른 1개 정유사 주유 이용금액 10% 결제일 할인 (전월실적 30만원 이상)
39,"정비소(스피드메이트), 주차장 이용금액 10% 결제일 할인 (전월실적 30만원 이상)"
39,"GS25, CU 5% 결제일 할인 (전월실적 30만원 이상)"
39,"스타벅스, 이디야 5% 결제일 할인 (전월실적 30만원 이상)"
39,택시 5% 결제일 할인 (전월실적 30만원 이상)
39,롯데시네마 일반관 5천원 현장 할인 (전월실적 30만원 이상)
39,혜택 좋은 주유할인카드 21종 전격 비교 추천! (주유비 할인카드 혜택 정리) _ 2026년 기준 업데이트
41,국내 온라인 10% 할인 · 4대 편의점 20% 할인 · 항공권 10% 할인
41,"국내 온라인 이용 건, 온라인 배달/온라인 슈퍼 10% 할인 (전월실적 30만원 이상)"
41,"4대 편의점, 생활/잡화, 커피, 월납 20% 할인 (전월실적 30만원 이상)"
41,"제주항공, 에어부산 10% 할인 (전월실적 30만원 이상)"
41,"신한카드 Deep On Platinum+, 온라인 간편결제로 할인 받는 숨겨진 상테크 신용카드"
41,2026 제주항공 J멤버스 회원등급 개편 총정리 & 항공권 할인카드 추천
42,SOCAR 30% 할인 · KTX/SRT 10% 할인 · 커피전문점 20% 할인
42,SOCAR 결제 시 30% 결제일 할인
42,"KTX, SRT 포함 철도 이용 시 10% 결제일 할인"
42,커피전문점 20% 결제일 할인
42,"GS25, CU, 세븐일레븐 편의점 5% 결제일 할인"
42,"홈플러스, 이마트, 롯데마트 3대 할인점 3% 결제일 할인"
42,국내여행용 특화카드 갑 오브 갑! 쏘카 65% 할인 실화인가
43,생활쇼핑가맹점 ~15% 할인 · 커피전문점/제과점 10% 할인 · 복합쇼핑몰/마트 10% 주말할인
43,생활쇼핑 최대 15% 결제일 할인
43,커피전문점/제과점 업종 10% 결제일 할인
43,주말 복합쇼핑몰 10% 결제일 할인
43,주말 3대 할인점 10% 결제일 할인
43,"주말 롯데시네마 현장 예매 시 5,000원 결제일 할인"
43,"신한카드 Deep Store, 장바구니 물가 상승을 막아줄 쇼핑할인카드"
43,"추석 장바구니 물가 비상! 명절 장보기 두려울 땐, 이 카드가 정답!(ft.대형마트, 백화점 할인카드)"
43,2026 트레이더스 할인카드 추천부터 회원권 꿀팁까지! 트레이더스 갈 때 삼성카드만 챙길 필요 없다?
43,현대카드ZERO Edition2(할인형)
45,해외 5% 적립 · 교통·통신 5% 적립 · 편의점·배달앱 7% 적립
45,편의점·배달앱 7% 멤버십리워즈 적립
45,스트리밍서비스 20% 결제일 할인
45,스타벅스·이디야 20% 결제일 할인
45,교통·통신 5% 멤버십리워즈 적립
45,쇼핑 1.5% 멤버십리워즈 적립
45,해외 5% 멤버십리워즈 적립
45,해외직구로 탈모·화장품·영양제까지 스스로 관리한다? (ft.해외직구 할인카드)
45,현대카드ZERO Edition2(할인형)
46,국내외 가맹점 최대 0.4% 포인트 적립 · 모든 주유소 30원·60원 리터당 할인 · CGV 동반 1인 50% 할인
46,국내외 모든 가맹점에서 0.2%·0.4% 주유포인트 적립
46,전국 주유소 리터당 60원 결제일할인(청구할인) (LPG 30원)
46,CGV 동반 1인 50% 할인
46,"스타벅스 1,000원 할인"
49,삼성카드 & MILEAGE PLATINUM (스카이패스) · 삼성카드 · 최대 119만원 캐시백
49,"1,000원당 1마일 기본적립 · 국내/해외 택1 옵션형 1마일 특별적립 · 인천공항 라운지 무료이용"
49,"국내외 가맹점 이용금액 1,000원당 1마일리지 기본적립"
49,"(특별적립) 국내형: 백화점 이용금액 1,000원당 (스카이패스) 1 마일리지 추가 적립"
49,"(특별적립) 국내형: 주유 이용금액 1,000원당 (스카이패스) 1 마일리지 추가 적립"
49,"(특별적립) 국내형: 커피 이용금액 1,000원당 (스카이패스) 1 마일리지 추가 적립"
49,"(특별적립) 국내형: 편의점 이용금액 1,000원당 (스카이패스) 1 마일리지 추가 적립"
49,"(특별적립) 국내형: 택시 이용금액 1,000원당 (스카이패스) 1 마일리지 추가 적립"
49,"(특별적립) 해외형: 해외 가맹점 및 해외 직접구매 이용건 1,000원당 (스카이패스) 1 마일리지 추가 적립"
49,2026 인기 대한항공 마일리지 적립 신용카드 비교 추천 BEST 4 (ft.마일리지 적립 꿀팁)
49,"[2026 인기 신용카드 리뷰] 전월실적 없이 대한항공 마일리지 무제한 적립, 삼성카드 앤 마일리지 플래티넘"
50,"1,000원당 1~5마일 적립 · S-OIL주유소 40/L 적립 · CGV 3,000원 할인"
50,"1,000원당 아시아나 1마일리지 적립"
50,S-OIL 리터당 40 보너스포인트 적립
50,아웃백스테이크하우스 10% 할인
50,"스타벅스 1,000원 결제일할인"
50,"메가박스, CGV, 인터파크 영화 3,000원 할인"
50,놀이공원 할인 서비스
50,백화점·할인점 2~3개월 무이자할부
51,"스타벅스 50% 할인 · 대중교통 10% 할인 · CGV, 롯데시네마 5,000원 할인"
51,대중교통·택시 10% 결제일할인
51,이동통신요금 10% 결제일할인
51,"CGV 및 롯데시네마 5,000원 결제일할인"
51,해외 1.3% 적립
51,"[2026 인기 신용카드 리뷰] 스타벅스 50% 할인을 내 맘대로, 삼성카드 taptap O"
51,현대카드ZERO Edition2(할인형)
52,"모든가맹점 1% 적립 · 모든주유소 2,000원 할인 · 모든영화관 5,000원 할인"
52,모든 가맹점 1% 빅포인트 적립
52,"모든 주유소 및 LPG 충전소 2,000원 결제일 할인"
52,"모든 영화관 5,000원 결제일 할인"
52,현대카드ZERO Edition2(할인형)
53,"1,000원당 1~5마일 적립 · 놀이공원 50% 할인 · 엔진오일교환 15,000원 할인"
53,"이용금액 1,000원당 아시아나 1~5마일리지 적립"
53,"S-OIL 주유소에서 휘발유, 경유, 등유 주유시 리터당 40보너스포인트 적립"
53,"스타벅스 1,000원 결제일 할인"
53,"메가박스, CGV, 무비존 영화 할인"
53,"놀이공원 자유이용권 50%, 워터파크 입장권 30% 현장할인"
53,"엔진오일 교환 시 15,000원 현장할인"
54,"1,000원당 스카이패스 1마일리지 기본적립 · 아웃백스테이크하우스 30,000원 결제일할인 · 1,000원당 스카이패스 1마일리지 추가적립"
54,[기본 적립] 모든 가맹점 스카이패스 1 마일리지 적립
54,[특별 적립] 옵션 적립처에 따라 스카이패스 2 마일리지 적립
54,"아웃백스테이크하우스 30,000원 결제일 할인 [전월 실적 50만원 이상]"
54,대한항공 마일리지 적립 신용카드 추천
55,"CU 1,500원당 200원 할인 · 배달의민족 2,000원 할인 · 대중교통 1,000원당 100원 할인"
55,"CU 1,500원당 200원 결제일할인"
55,"배달의민족 2,000원 결제일할인"
55,"대중교통 1,000원당 100원 결제일할인"
55,"음식점·주점 1,000원 결제일할인"
55,2026  배달앱 쿠팡이츠 & 배달의민족 할인 신용카드 추천 BEST 6
55,"여름이니까🎵 아이스커피🧊 그런데 편의점에서 통신사 할인만 받으시나요? 더 알뜰하게, 편의점 알짜카드 BEST5"
55,"군고구마, 호빵, 어묵 아직도 제 값 주고 먹어요? 편의점 할인카드 BEST 5"
56,"교육/할인점 1.5% 할인 · 모든영화관 10,000원 할인 · VIPS/계절밥상 20,000원 할인"
56,커피전문점 10% 결제일할인
56,"모든 영화관 5,000원 결제일할인"
56,"VIPS·계절밥상 20,000원 결제일할인"
56,모든 가맹점 기본 0.5% 청구할인
56,교육·할인점·이동통신·병원·약국 1.5% 결제일할인
56,놀이공원 할인 서비스
57,"영화 5,000원 할인 · 카페 10% 할인 · VIPS, 계절밥상 20,000원 할인"
57,"모든 영화관 5,000원 결제일할인"
57,커피전문점 10% 결제일할인
57,"VIPS·계절밥상 20,000원 결제일할인"
57,모든 가맹점 기본 0.5% 청구할인
57,음식점·주점·편의점·주유·택시 1.5% 결제일할인
57,놀이공원 자유이용권 50%·워터파크 입장권 30% 현장할인
57,"엔진오일 교환 시 20,000원 현장할인"
58,모든주유소 90원/L 할인 · 카카오드라이버 10% 할인 · 모든가맹점 0.5% 할인
58,모든 주유소에서 주유 시 리터당 90원 결제일할인
58,"삼성화재 자동차보험료, 엔진오일 교환, 카카오드라이버 할인"
58,모든 가맹점 기본 0.5% 결제일할인
58,"할인점, 소셜커머스, 커피전문점, 편의점, 영화 할인"
58,현대카드ZERO Edition2(할인형)
59,"[일상팩]커피전문점 30% 할인 · [일상팩]마켓컬리 20% 할인 · [여가팩]KTX/SRT 5,000원 할인"
59,여가패키지: 해외·여행 3% 결제일할인
59,일상패키지: 슈퍼마켓·프리미엄 아울렛 등 3% 결제일할인
59,일상패키지: 10대 커피전문점·제과점 30% 결제일할인
59,일상패키지: 음식점·신선식품 배송 20% 결제일할인
59,"일상패키지: 모든 영화관에서 6,000원 이상 결제 시 6,000원 결제일할인"
59,"일상패키지: 서점·인터파크 티켓·동물병원에서 건별 50,000원 이상 결제 시 10,000원 결제일할인"
59,"여가패키지: KTX, SRT 포함 철도 건별 30,000원 이상 결제 시 5,000원 결제일할인 (청구할인)"
59,캐시백
59,"국내외 연간 누적 이용금액 1,500만원당 30,000원 캐시백"
59,휴가비 10만원 지원받고 떠나자! 핵가성비 국내여행 할인카드 활용법 tip 3
59,현대카드ZERO Edition2(할인형)
61,"국내 1,500원당 1마일 적립 · 해외 1,500원당 2마일 적립 · S-OIL 40포인트/L 적립"
61,"국내외 이용금액 1,500원당 스카이패스 1~2마일리지 적립"
61,S-OIL 주유소 주유 시 리터당 40 보너스포인트 적립
61,놀이공원 자유이용권 50%·워터파크 입장권 30% 현장할인
61,"엔진오일 교환 시 20,000원 현장할인"
62,해외 쇼핑 1~2% 적립 · 국제브랜드수수료 1% 면제 · 아이포터 배송비 할인
62,해외 쇼핑 빅포인트 적립
62,해외 직구 배송비 할인
62,적립
62,백화점·할인점·온라인 쇼핑몰 등 1% 빅포인트 적립
62,서점·학습지 등 5% 할인
62,커피전문점·파리바게뜨·배스킨라빈스·던킨도너츠 10% 할인
62,"CGV 3,000원 할인"
62,놀이공원 50%·워터파크 30% 할인
62,어린이 직업체험 테마파크 할인
62,"블랙프라이데이, 7가지만 알면 초보자도 득템 성공한다! - 해외직구 할인카드&꿀팁 총정리"
63,삼성페이 10% 할인 · 국내외가맹점 0.3% 할인 · 통신요금 10% 할인
63,삼성 페이 10% 결제일할인
63,국내외 가맹점 0.3% 결제일 할인
63,이동통신요금 10% 결제일할인
63,"CGV·롯데시네마 5,000원 결제일할인"
63,삼성페이(삼성월렛) 온라인&오프라인 결제 할인 신용카드 추천 BEST 5
63,롯데백화점할인카드 TOP5 [카드결제일 정하기 TIP]
63,현대카드ZERO Edition2(할인형)
64,"신세계백화점 5% 할인 · 이마트 6,000원 할인 · 국내가맹점 0.5~3% 적립"
64,적립
64,"국내 가맹점, 주유, 삼성전자 등 빅포인트 적립"
64,할인
64,"영화, 세콤홈즈, 삼성미술관리움 등 할인"
72,트레이더스 1~5% 할인 · 학원/서점/병원 5% 할인 · SKT/스타벅스 5% 할인
72,트레이더스 결제일할인
72,학원·서점·학습지·인터넷강의 5% 결제일할인
72,이동통신 5% 결제일할인
72,커피전문점 5% 결제일할인
72,병원·약국 5% 결제일할인(청구할인)
72,2026 트레이더스 할인카드 추천부터 회원권 꿀팁까지! 트레이더스 갈 때 삼성카드만 챙길 필요 없다?
72,지금 챙겨야 할 병원비 할인카드 BEST 5
72,"이마트부터 SSG, 트레이더스까지… ‘쓱’할 만한 대형마트 장보기 할인 카드 BEST 5"
73,"대형마트 5% 할인 · 아웃백 25% 할인 · CGV 6,000원 할인"
73,"대형마트, 백화점, 주유 등 5% 청구할인"
73,"아웃백, 애슐리, TGIF 등 25% 청구할인"
73,"탐앤탐스, 스타벅스 20% 청구할인"
73,"통신, 영화, 놀이공원, 호텔 할인"
73,가을에 쓰기 좋은 놀이공원 할인 카드 5
74,"주요 7대 업종 10~5% 할인 · 영화 3,000원 할인 · 커피 20% 할인"
74,주요 7대 업종 10~5% 청구할인
74,"전국 영화관 3,000원 청구할인"
74,커피 20% 청구할인
74,주요 놀이공원 자유이용권 50% 현장할인
74,"치킨, 피자 10% 청구할인"
74,바리스타 고릴라가 알려주는 커피 할인 카드 5종
77,"국내가맹점 0.7% 적립 · 쇼핑업종 1.5~2% 적립 · 치킨,피자 10% 할인"
77,국내 가맹점 0.7% 위비꿀머니 적립
77,"대형할인점, 면세점 1.5% 및 위비마켓 2% 위비꿀머니 적립"
77,학원 1.5% 위비꿀머니 적립
77,이동통신 1.5% 위비꿀머니 적립
77,병의원 1.5% 위비꿀머니 적립
77,해외 이용금액 1.5% 위비꿀머니 적립
77,치킨/피자 10% 청구할인
77,전국 영화관 청구할인
77,"스타벅스, 이디야, 폴바셋 10% 청구할인"
80,"PAY 결제 7% 할인 · PAY 외 결제 5% 할인 · 영화 3,000원 할인"
80,PAY(간편결제 서비스) 결제 시 7% 할인
80,PAY 외 결제 시 5% 할인
80,전국 영화관 3천원 청구할인
80,치킨/피자 10% 청구할인
80,간편결제 할인카드 BEST 10
81,위메프 5% 적립 · 스타벅스 50% 할인 · 편의점 10% 할인
81,위메프 포인트 5% 적립
81,스타벅스(사이렌오더 포함) 50% 청구 할인
81,편의점 업종 10% 청구 할인
82,"골프업종 3% 적립 · 해외,면세점,여행사,항공사 1.8% 적립 · 병원,동물병원 1.5% 적립"
82,"Well Living: 백화점, 온라인 쇼핑, 대형할인점 모아포인트 1% 적립"
82,Well Living: 이동통신 모아포인트 1.5% 적립
82,Well Living: 병원(동물병원 포함) 모아포인트 1.5% 적립
82,"Enjoy Living: 해외, 면세점, 여행사 ,항공사 모아포인트 1.8% 적립"
82,Enjoy Living: 골프 업종 3% 적립
82,골프장·골프연습장 할인 신용카드 & 골프 라운딩 준비물인 40대 프리미엄 카드 추천 BEST 6
83,"자동납부 10% 할인 · 대형할인점 2,000원 할인 · 스타벅스 10% 할인"
83,[차트 in 차트] 고릴라차트 속 ‘월납요금’ 할인카드 TOP5
83,월납요금 줄여주는 관리비 할인카드 추천 5
84,"모든가맹점 0.8% 적립 · 교통,통신,전기차충전 5% 적립 · 간편결제 3% 추가적립"
84,모아포인트 0.8%~5% 적립
84,이동통신 업종 모아포인트 5% 적립
84,대중교통 업종 모아포인트 5% 적립
84,전기차 충전 모아포인트 5% 적립
84,"스타벅스, 엔제리너스, 이디야 모아포인트 3% 적립"
84,"CGV, 롯데시네마 모아포인트 3% 적립"
84,"백화점, 할인점, 온라인쇼핑 모아포인트 1% 적립"
84,주유 모아포인트 1% 적립
84,해외 가맹점 1% 적립
84,주요 간편결제 모아포인트 3% 추가적립
84,"단종된 알짜카드를 대체하라, 2026  포인트 적립 신용카드 추천 BEST 5"
84,"전월실적 없는 신용카드부터 프리미엄 카드까지, 2026  포인트 적립 신용카드 추천 로드맵"
84,현대카드ZERO Edition2(할인형)
85,온·오프라인쇼핑 10% 할인 · 간편결제 5% 추가할인 · 주말주유 60원/L 할인
85,온·오프라인 쇼핑 10% 청구할인
85,온라인 업종 4대 PAY 결제 시 5% 추가할인
85,4대 주유소 주말 주유시 리터당 60원 청구할인
85,"스타벅스, 폴바셋 10% 청구할인"
85,주말에 몰캉스 떠나볼까? 스타필드·백화점·아울렛 할인카드 BEST 7
85,계란값이 난리났네 난리났어! 대형마트 할인카드 TOP5 (feat. 설날 장바구니 물가)
85,편의점 최대 20% 할인! CU할인카드 BEST5
86,"국내가맹점 0.7~1% 할인 · S-OIL,현대오일뱅크 60~100원/L 할인 · 대중교통 10% 할인"
86,모든 국내 가맹점 0.7~1% 청구할인
86,"S-OIL, 현대오일뱅크 리터당 60~100원 청구할인"
86,대중교통 10% 청구할인
86,"스타벅스, 폴바셋 10% 청구할인"
86,‘5% 적립이냐 1% 무조건 할인이냐’ 카드의정석 POINT vs 카드의정석 DISCOUNT
86,현대카드ZERO Edition2(할인형)
87,모든가맹점 0.8% 할인 · 생활업종 1.3% 할인 · 국내공항라운지 연 2회 무료(전월실적 30만원)
87,국내외 가맹점 1.3%~0.8% 청구할인
87,제과점 1.3% 청구할인
87,편의점 1.3% 청구할인
87,수퍼마켓 1.3% 청구할인
87,"병원, 약국 1.3% 청구할인"
87,"면세점, 해외이용금액 1.3% 청구할인"
87,뷰티 1.3% 청구할인
87,대중교통 1.3% 청구할인
87,항공사 1.3% 청구할인
87,음식점 1.3% 청구할인
87,렌탈관련 이용금액 0.8% 청구할인
87,"교육관련 이용금액 0.8% 청구할인
육아관련 이용금액 0.8% 청구할인"
87,"영화관련 이용금액 0.8% 청구할인
문화관련 이용금액 0.8% 청구할인"
87,주유관련 이용금액 0.8% 청구할인
87,통신관련 이용금액 0.8% 청구할인
87,현대카드ZERO Edition2(할인형)
88,"대중교통 33% 할인 · 커피 55% 할인 · 영화관 5,500원 할인"
88,대중교통 33% 청구할인
88,"커피 4대 브랜드 통합 (스타벅스, 투썸플레이스, 커피빈, 폴바셋) 55% 청구할인"
88,편의점 11% 청구할인
88,"영화관 5,500원 할인"
88,"[반값카드] 의외로 잘 모르는 스타벅스 반값 공략법, 카페 50% 카드"
88,"여름이니까🎵 아이스커피🧊 그런데 편의점에서 통신사 할인만 받으시나요? 더 알뜰하게, 편의점 알짜카드 BEST5"
88,2019 카드타입차트 - 할인형 9위
89,"Most주유소 최대 200원/L 할인 · 주차장 2,000원 할인 · 영화 5,000원 할인"
89,SK네트웍스 Most 주유소 리터당 최대 200원 청구할인
89,"CLUB Most 멤버십 서비스 제공 및 주차장 2,000원 청구할인"
89,"영화관 업종 5,000원 청구할인"
89,놀이공원 본인 자유이용권 50% 현장할인
89,비싸도 너무 비싼 주유비 할인카드 5종 추천!
90,국내가맹점 5% 할인 · 해외가맹점 3% 할인 · 워라밸업종 7% 할인
90,[2020 소비 트렌드] 국내 할인 한도 1위 '10만 원'에 주목하라
90,2020 1Q 카드타입차트 - 할인형 10위
91,전월실적조건없이 0.8~2% 적립 · 국내외공항라운지 The Lounge Members 무료이용 · 연1회 프리미엄기프트 제공
91,적립
91,전월이용 실적조건 없이 모아포인트 0.8~2% 적립
91,"현대오일뱅크, S-OIL 주유 및 충전 시 리터당 60원 청구할인"
91,할인 대신 ‘경험’을 제공하는 신용카드
92,"1,000원당 1~2마일 적립 · 국내외 공항라운지 무료 이용서비스 · 연1회 프리미엄기프트 제공"
92,"이용금액 1,000원당 대한항공 1~2 마일리지 적립"
92,"현대오일뱅크, S-OIL 주유 및 충전 시 리터당 60원 청구할인"
92,공연/뮤지컬 티켓 할인 신용·체크카드 추천 BEST 5ㅣ2026 문화가 있는 날 영화 예매 및 혜택 정리
93,"1,000원당 1.5~3마일 적립 · 국내외공항라운지 The Lounge Members 무료이용 · 연1회 프리미엄기프트 제공"
93,"이용금액 1,000원당 아시아나항공 1.5~3 마일리지 적립"
93,"현대오일뱅크, S-OIL 주유 및 충전 시 리터당 60원 청구할인"
94,모든가맹점 0.7~1.0% 할인 · S-OIL/현대오일뱅크 60~100원/L 할인 · 대중교통/카페 10% 할인
94,모든 국내 가맹점 0.7%~1.0% 청구할인
94,"S-OIL, 현대오일뱅크 리터당 60~100원 청구할인"
94,대중교통 10% 청구할인
94,"스타벅스, 폴바셋 10% 청구할인"
96,"국내외가맹점 0.5~1.5% 적립 · 아웃백,파파존스등 20% 적립 · CGV,롯데시네마 20% 적립"
96,"국내외 모든 가맹점 0.5%~1.5% 기본 적립
특별 포인트 4%~20% 적립"
96,주요 놀이공원 30%~50% 할인
96,무제한 기본적립 + 최대 20% 특별적립! 씨티리워드카드로 하루종일 혜택받는 법!
96,이제는 통합조회/현금화 시대! 도움되는 포인트 적립카드 BEST5
96,이 시국에도 교육은 계속 된다! 학원비 할인카드!
96,현대카드ZERO Edition2(할인형)
96,씨티 NEW 캐시백
100,씨티 NEW 캐시백
100,씨티 NEW 캐시백
100,씨티 NEW 캐시백 · 씨티카드
100,"전월실적조건없이 0.7% 캐시백 · 온라인쇼핑,해외 7% 캐시백 · 휴대폰요금 7% 캐시백"
100,할인
100,"전월 실적, 적립한도 없이 국내외가맹점 사용금액 0.7% 캐시백 적립
온라인 쇼핑, 해외, 휴대폰요금 7% 캐시백 및 월 최대 2만 5천 캐시백 적립"
100,씨티 캐시백 사용
100,전월실적 필요없는 무조건 캐시백부터 언택트 업종 추가 캐시백까지! 씨티 NEW 캐시백 혜택 총정리
100,씨티 NEW 캐시백 카드가 혜택을 강화한 이유는?
100,현대카드ZERO Edition2(할인형)
100,씨티 NEW 캐시백
101,"버스,지하철 10% 청구할인 · 점심 5% 청구할인 · 배달 7% 청구할인"
101,매일 버스/지하철 이용 시 10% 청구할인
101,매일 전국 모든식당 및 레스토랑 5% 청구할인 (오전 11시~오후2시)
101,통신 7% 청구할인
101,쇼핑 7% 청구할인
101,"다이닝 10% 청구할인
배달앱 7% 청구할인"
101,영화 30% 청구할인
101,"국내항공사, 국내면세점 5% 청구할인"
101,서점 7% 청구할인
101,주요 놀이공원 30%~50% 할인
101,씨티 NEW 캐시백
102,"1,000원당 1마일 적립(씨티NEW프리미어마일) · 연간보너스 최대 10,000마일 적립(씨티NEW프리미어마일) · 전세계공항라운지 PP카드 무료이용"
102,"1,000원당 1 씨티NEW프리미어마일 적립"
102,항공 마일리지 적립 신용카드 TOP10
102,씨티 NEW 캐시백
103,"1,000원당 1마일 적립(씨티NEW프리미어마일) · 연간보너스 최대 10,000마일 적립(씨티NEW프리미어마일) · 전세계공항라운지 PP카드 무료이용"
103,"1,000원당 1 씨티NEW프리미어마일 적립"
103,2019 마일리지 적립카드 TOP13 전격분석
103,씨티 NEW 캐시백
106,주유 60원/L 할인 · 통신요금 10% 할인 · 커피 10% 할인
106,"주유소, 충전소 업종 리터당 60원 청구할인 (전월실적 30만원 이상)"
106,"전화요금, 인터넷이용료, 케이블TV 업종 10% 청구할인 (전월실적 30만원 이상)"
106,"버스, 지하철, 택시 업종 10% 청구할인 (전월실적 30만원 이상)"
106,"음식점, 커피전문점, 편의점, 약국 업종 10% 추가 청구할인 (전월실적 60만원 이상)"
106,"학원, 휘트니스센터 업종 10% 추가 청구할인 (전월실적 120만원 이상)"
106,직장인이 ‘4천원의 점심밥’ 챙겨 먹을 수 있는 외식 할인 카드 BEST 5
107,"SK에너지(LPG) 충전시 1,500원 정액할인 · 엔진오일 연 1회 무료교환 · 패밀리레스토랑 10% 청구할인"
107,"SK 충전소에서 건당 3만원이상 충전 시 1,500원 정액 청구할인"
107,스피드메이트 차량정비 현장할인 서비스
107,"3대 패밀리레스토랑(아웃백,VIPS,TGIF) 이용 시 10% 청구할인"
108,특별포인트리 0.5~4.5% 적립 · 기본포인트리 0.5% 적립 · 학원/병원/백화점 2~3개월 무이자할부
108,적립
108,현대카드ZERO Edition2(할인형)
109,"SK에너지 충전시 100원/L 청구할인 · 엔진오일 연 1회 무료교환 · 버스,지하철 10% 청구할인"
109,SK에너지 주유시 리터당 100원 청구할인
109,"스피드메이트 엔진오일 무료교환, 차량정비 현장할인 서비스"
109,"버스, 지하철 10% 청구할인"
112,GS칼텍스 100원/L 할인 · 오토오아시스 엔진오일 무료 교환 · 대중교통 10% 할인
112,GS칼텍스 리터당 100원 현장할인
112,GS오토오아시스 엔진오일 무료교환 및 정비 할인 서비스
112,버스/지하철 10% 청구할인
113,"국내 1,500원당 1마일 적립 · 해외 1,500원당 2마일 적립 · 면세 1,500원당 2마일 적립"
113,대한항공 마일리지 1~2마일 적립
114,"국내 1,000원당 1마일 적립 · 해외 1,000원당 2마일 적립 · 면세 1,000원당 2마일 적립"
114,아시아나 마일리지 1~2마일 적립
114,세금 결제하면 포인트 적립이 안된다고? 이 카드는 다르다
115,주유 60원/L 할인 · 통신요금 10% 할인 · 대형마트 10% 할인
115,"주유소, 충전소 업종 리터당 60원 청구할인 (전월실적 30만원 이상)"
115,대형마트 10% 청구할인 (전월실적 30만원 이상)
115,"전화요금, 인터넷이용료, 케이블TV 업종 10% 청구할인 (전월실적 30만원 이상)"
115,"버스, 지하철, 택시 업종 10% 청구할인 (전월실적 30만원 이상)"
115,해외이용(해외직구) 5% 할인 캐시백 (전월실적 30만원 이상)
115,"음식점, 커피전문점, 편의점, 약국 업종 10% 추가 청구할인 (전월실적 60만원 이상)"
115,학원/피트니스 업종 10% 추가 청구할인 (전월실적 120만원 이상)
115,"KB국민 굿데이올림카드, 생활비 & 학원비 최대 10% 할인!┃30대·40대 직장인 신용카드 추천"
115,"혜택 좋은 인기 생활비 할인카드만 모았다, 30대 직장인 신용카드 추천 로드맵 (26년 Ver.)"
116,온라인쇼핑몰 10% 할인 · 대중교통/택시 10% 할인 · 연간리워드 1만점 적립
116,커피/제과/아이스크림 5~10% 할인
116,뷰티업종 최대 10% 할인
116,"대중교통, 택시 10% 할인"
116,앱카드 결제 시 5% 할인
116,"맥스무비 3,500원 할인 및 주요놀이공원 50%할인"
116,연간 리워드 1만점 적립
116,쇼핑할인카드 8종과 함께하는 명동 쇼핑 로드
120,"국내가맹점 0.7% 적립 · 해외이용금액 2.0% 캐시백 · 맥스무비 3,500원 할인"
120,적립
120,기본적립/생활속 추가적립 서비스
120,해외이용 2.0% 할인 캐시백
120,"맥스무비 영화 3,500원 현장할인"
120,놀이공원 30~50% 현장할인
121,교통/통신 10% 할인 · 주유소/충전소 60원/L 할인 · 생활/교육/쇼핑 등 적립팩 선택
121,"버스, 지하철 10% 청구할인"
121,"SKT, KT Olleh, LG U+ 10% 청구할인"
121,SK주유소(충전소) 리터당 60원 청구할인
121,"CGV/메가박스 온라인 영화예매시 승인건당 3,500원 청구 할인"
121,"롯데월드, 에버랜드, 캐리비안베이 30~50% 할인"
121,해외가맹점 5% 할인캐시백
121,KB투어할인 서비스
121,선택 적립 서비스팩 - 생활/교육/쇼핑/직장인/레저팩 중 택 1
121,"직원이 뽑은 2024 메인 생활비 카드 TOP5ㅣ 고물가 시대, 고정비 할인이 답!"
121,"[주유비 아끼는 법] 주유 할인카드, 올해 8월이 지나기 전에 발급받으면 이득인 이유"
122,삼성페이/Kmotion 5% 할인 · 소셜커머스 5% 할인 · 버스/지하철 5% 할인
122,"삼성페이, Kmotion 오프라인 모바일결제 5% 청구할인"
122,"위메프, 쿠팡, 티몬 3대 소셜커머스 5% 청구할인"
122,"SKT, KT, LGU+ 이동통신요금 최대 3,000원 청구할인"
122,티머니 후불교통(버스/지하철) 5% 환급할인
122,간편결제 할인카드 BEST 10
125,E1 LPG충전소 100원/L 할인 · 인터넷 쇼핑몰 10% 할인 · CGV 10% 할인
125,E1 LPG충전소 리터당 100원 청구할인
125,"골프장, 골프연습장 이용금액 10% 청구할인"
125,인터넷 쇼핑몰/소셜커머스 10% 청구할인
125,패밀리레스토랑 이용금액 10% 청구할인
125,CGV 영화관 이용금액 10% 청구할인
125,대중교통 이용금액 10% 청구할인
126,"국내 1,500원당 2마일 적립 · 해외 1,500원당 3마일 적립"
126,"국내 가맹점 이용 시 1,500원당 2마일 적립
해외 가맹점 이용 시 1,500원당 3마일 적립"
126,세금 결제하면 포인트 적립이 안된다고? 이 카드는 다르다
127,대중교통 5% 적립 · 커피/디저트 10% 적립 · 해외이용금액 3% 캐시백
127,"대중교통, 택시 5% 적립"
127,이동통신요금 5% 적립
127,"SK, GS칼텍스 주유소 리터당 100점 적립"
127,"커피, 디저트 10% 적립"
127,SPA 패션 20% 적립
127,미술관 20% 적립
127,영화/놀이공원 현장할인
127,해외이용금액 3% 할인 캐시백
127,플러스 O2O 적립 서비스
127,서비스 제공 조건 및 적립한도
127,공연/뮤지컬 티켓 할인 신용·체크카드 추천 BEST 5ㅣ2026 문화가 있는 날 영화 예매 및 혜택 정리
127,나만 모르는 신용카드 혜택 - 음악 스트리밍·전자책·웹툰 할인
129,스타벅스 50% 할인 · 버거/패스트푸드 20% 할인 · 간편결제Pay 10% 할인
129,[Great 서비스] 스타벅스 50% 청구할인
129,[Enjoy 서비스] 버거/패스트푸드 업종 20% 청구할인
129,[Check 서비스] 간편결제(Pay) 10% 청구할인
129,"[Basic 서비스] 대중교통, 택시/이동통신요금 10% 청구할인"
129,맥도날드 최대 45% 할인 받는 법! 2026 패스트푸드 & 맥도날드 할인카드 추천 BEST 5
129,"2026 스타벅스 50% 이상 할인 신용카드 추천부터 기프티콘, 대학생, 통신사 할인 꿀팁까지 총정리!"
129,삼성페이(삼성월렛) 온라인&오프라인 결제 할인 신용카드 추천 BEST 5
130,쿠폰 서비스 연 1회 제공 · 주중 월~목 1.2~1.5% 적립 · 주말 금~일 1.5~3% 적립
130,적립
130,포인트리 적립
131,쿠폰 서비스 연 1회 제공 · 주중 월~목 1.2~1.5M 마일리지 적립 · 주말 금~일 1.5~3M 마일리지 적립
131,대한항공 마일리지 적립
132,편의점 20% 적립 · 통신/생활요금 5% 적립 · 음식점/배달앱 5% 적립
132,편의점 20% 포인트리 적립
132,음식점 5% 포인트리 적립
132,택시 이용금액 5% 포인트리 적립
132,이동통신요금 5% 포인트리 적립
132,"도시가스, 수도, 전기요금 등 생활요금 5% 포인트리 적립"
132,인터넷쇼핑몰 5% 포인트리 적립
132,"숙박앱, 렌트앱 이용 시 5% 포인트리 적립"
132,배달앱 이용 시 5% 포인트리 적립
132,"맥스무비 영화 예매 시 1매당 3,500원 현장할인"
132,카카오프렌즈 캐릭터샵 이용 시 5% 포인트리 적립
132,직장인이 ‘4천원의 점심밥’ 챙겨 먹을 수 있는 외식 할인 카드 BEST 5
132,"점심값 1만원 시대, 직장인을 위한 점심ㆍ외식할인 신용카드"
132,"여름이니까🎵 아이스커피🧊 그런데 편의점에서 통신사 할인만 받으시나요? 더 알뜰하게, 편의점 알짜카드 BEST5"
133,포인트리 1.1~1.5% 적립 · 전 주유소/충전소 100원/L 할인 · 상품권 15만원 상당 제공
133,주유 할인
133,적립
133,포인트리 적립
134,모든주유소 110~150점/L 적립 · 자동차보험 1만원 할인 · 차량정비 5% 적립
134,전 주유소 및 충전소 110~150점/L 적립
134,다이렉트 자동차보험 1만원 할인
134,"차량정비, 주차장, 세차장 업종 5% 적립"
134,이동통신 3사 자동납부 5% 적립
134,플러스 O2O 이용금액 5% 적립
134,"맥스무비 영화 예매 시 3,500원 현장할인"
134,놀이공원 30~50% 현장할인
134,신용카드로 자동차보험료 내는 꿀팁 & 자동차보험 할인 신용카드 추천┃2026년 기준
136,국내가맹점 0.7% 적립 · 건강관련 2.3% 추가적립 · 해외이용금액 3% 캐시백
136,국내 전 가맹점 0.7% 기본적립
136,해외이용금액 3% 할인 캐시백
138,"일시불/할부 1,500원당 1마일 기본적립 · GS칼텍스 1,500원당 1.5마일 적립 · 해외 1,500원당 0.5마일 적립"
138,"[대한항공 마일리지]
가맹점 신판입금액 1,500원당 1마일 적립"
138,대한항공 마일리지 적립기준
139,"1,000원당 1마일 적립 · 포인트리 5.0% 추가적립"
139,"[아시아나 마일리지]
가맹점 신판입금액 1,000원당 1마일 적립"
139,적립
139,포인트리 적립
140,"S-OIL(LPG) 충전시 1,800원 정액할인 · 엔진오일 연 1회 무료교환 · 맥스무비 1매당 3,500원 현장할인"
140,"3만원 이상 충전 시 건당 1,800원 정액 청구할인"
140,스피드메이트 차량정비 현장할인 서비스
140,"3대 패밀리레스토랑(아웃백,VIPS,TGIF) 이용 시 10% 청구할인"
140,"맥스무비 1매당 3,500원 할인(본인회원 한정)"
141,반려동물업종 30% 할인 · 대형마트 5% 할인 · 반려견단체보험 무료 가입
141,반려동물 업종 10~30% 청구할인
141,"이마트, 홈플러스, 롯데마트 5% 청구할인"
141,반려인 70% “우리집 댕댕이도 냥이도 ‘이 카드’로 키웠어요…” 동물병원부터 펫보험까지 할인되는 카드는
141,‘동물병원 할인카드’를 비교하라! 우리 카드의정석 댕댕냥이 VS KB국민 펫코노미 카드
142,간편결제 20~40% 할인 · 대중교통 10% 할인 · 편의점 10% 할인
142,간편결제(Pay) 20~40% 청구할인
142,"대중교통(버스, 지하철) 10% 청구할인"
142,"편의점(GS25, CU) 10% 청구할인"
142,2026 이마트 할인 신용카드 추천부터 이마트페이 사용법 및 SSG페이 신용카드 총정리
142,삼성페이(삼성월렛) 온라인&오프라인 결제 할인 신용카드 추천 BEST 5
142,현대카드ZERO Edition2(할인형)
143,"음식/배달App 건당 2,000원 할인 · 커피/제과 건당 1,000원 할인 · 알파원오토체인지 5% 할인"
143,"[꿀맛α Food 할인서비스]
음식업종 건당 2천원 청구할인"
143,"[꿀맛α Food 할인서비스]
배달 App 건당 2천원 청구할인"
143,"[꿀맛α Food 할인서비스]
커피/제과 업종 건당 1천원 청구할인"
143,할인
143,알파원 오토체인지 해시태그 가맹점 5% 청구할인
143,최대 20% 할인! 마켓컬리 할인카드 BEST5
143,1년 365일~ing 다이어터를 위한 피트니스/마트/마켓컬리 할인카드
144,숙박/숙박App 20% 할인 · 여객/운송/인테리어 20% 할인 · 해외이용 3% 캐시백
144,"[꿀잠α Relax 할인서비스]
숙박/숙박App 20% 청구할인"
144,"[꿀잠α Relax 할인서비스]
여객/운송 20% 청구할인"
144,"[꿀잠α Relax 할인서비스]
인테리어 20% 청구할인"
144,캐시백
144,꿀잠α 해외 가맹점 3% 캐시백
144,할인
144,알파원 오토체인지 해시태그 가맹점 5% 청구할인
144,통근러 모여라! 대중교통부터 하이패스까지 유형별 교통할인카드 추천
145,"놀이업종 50% 청구할인 · 스포츠,레저,공연,음악 20% 청구할인 · 영화 4,000원 할인"
145,"[꿀잼α Fun 할인서비스]
놀이업종 50%, 스포츠/레저 20% 청구할인"
145,"[꿀잼α Fun 할인서비스]
공연/음악 20% 청구할인"
145,"[꿀잼α Fun 할인서비스]
영화 건당 4천원 청구할인"
145,할인
145,알파원 오토체인지 해시태그 가맹점 5% 청구할인
145,"할인율 50%, 당신의 소비금액 절반을 날려버릴 카드 건틀렛"
146,전 가맹점 0.7% 적립or할인 택1 · 적립형선택시 3% 추가적립 · 할인형선택시 5% 추가할인
146,"[적립형] 국내/외 전 가맹점 0.7% 기본적립, 7대 영역 중 월간 이용횟수가 가장 높은 2개 영역 3% 추가적립"
146,"[할인형] 국내/외 전 가맹점 0.7% 기본할인, 7대 영역 중 월간 이용횟수가 가장 높은 2개 영역 5% 추가할인"
146,추가 적립/할인 7대 영역 안내
146,"적립 vs 할인, 결정장애들을 위한 알짜카드 'KB국민 The Easy'"
146,현대카드ZERO Edition2(할인형)
148,삼성페이 간편결제 10% 청구할인 · 주요생활영역 5% 청구할인
148,삼성페이 10% 할인서비스
148,주요 생활영역 5% 할인서비스
152,교육관련 업종 5~7% 청구할인 · 약국 10% 할인
152,"교육 업종(학원, 학습지 등) 5~7% 청구할인"
152,약국 이용 시 10% 청구할인
152,SKY캐슬에는 없는 것 - 교육비 할인카드 코디네이터
156,쇼핑가맹점 5~10% 적립 · 통신요금 5% 적립 · 대중교통 5% 적립
156,쇼핑서비스 대상 가맹점 5~10% 적립
156,이동통신요금 자동이체 시 5% 적립
156,"버스, 지하철 이용시 5% 적립"
156,zgm 할인카드
158,"국내가맹점 1,500원당 1마일 기본적립 · 영화,커피,서적 1,500원당 2마일 더블적립 · 면세점,항공권 1,500원당 3마일 트리플적립"
158,"이용금액 1,500원당 1~3 항공마일리지 적립"
158,지금이 갈아탈 시기! 대한항공 마일리지 적립카드 TOP5
158,zgm 할인카드
161,"NC다이노스 2,000원 입장료할인 · 온라인쇼핑 10% 할인 · CGV,롯데시네마 30% 할인"
161,NC다이노스 홈구장 입장료 현장 할인
161,온라인쇼핑 월 5천원~1만원 청구할인
161,"CGV, 롯데시네마, 메가박스 월 5천원~2만원 청구할인"
161,"스타벅스(사이렌오더 포함), 카페베네, 커피빈, 탐앤탐스 월 5천원~2만원 청구할인"
161,전국 주요 놀이공원 할인
161,2026 KBO 프로야구 예매 필수! 구단별 야구 티켓 할인 신용카드 & 체크카드 추천
161,zgm 할인카드
162,주요쇼핑업종 5% 할인 · 온라인쇼핑 5% 할인 · 모든해외업종 5% 할인
162,"전국 주요 쇼핑업종, 모든 해외가맹점 청구할인 5% 할인(월5천원~2만5천원)"
162,전국 주요 놀이공원 할인
162,현대카드ZERO(할인형)
162,zgm 할인카드
163,주요쇼핑업종 7% 할인 · 온라인쇼핑 7% 할인 · 모든해외업종 7% 할인
163,"전국 주요 쇼핑업종, 모든 해외가맹점 청구할인 7% 할인(월5천원~5만원)"
163,"스타벅스(사이렌오더 포함), 카페베네, 커피빈, 탐앤탐스 4천원 할인"
163,전국 주요 놀이공원 할인
163,zgm 할인카드
164,전국음식점 7% 할인 · 전국대중교통 7% 할인 · 커피전문점 30% 할인
164,전국 음식점 7% 청구할인(해외포함)
164,전국 대중교통 7% 청구할인(해외포함)
164,국내외 온라인쇼핑 7% 청구할인
164,국내외 커피전문점 30% 청구할인
164,전국 주요 놀이공원 할인
164,zgm 할인카드
166,국내가맹점 0.7~1.0% 할인 · 해외가맹점 0.7% 할인
166,국내·외 전 가맹점 0.7~1% 청구할인
166,현대카드ZERO Edition2(할인형)
166,zgm 할인카드
167,국내외전가맹점 0.7~1.4% 할인 · 대중교통/통신요금 5% 할인 · 국내공항라운지 무료 이용
167,국내·외 전 가맹점 0.7~1.4% 청구할인
167,대중교통 및 통신요금 5% 청구할인
167,zgm 할인카드
172,전월실적 상관없이 0.9~0.7% 적립 · 해외이용액 0.9% 적립 · 제휴서비스 OK캐쉬백 적립
172,적립
172,전월실적에 상관없이 0.7~0.9% 적립
172,zgm 할인카드
173,모든가맹점 0.7~0.9% 적립 · 해외이용액 1.2% 적립
173,전월실적에 상관없이 0.7~0.9% NH포인트 적립
173,해외이용액 1.2% NH포인트 적립
173,zgm 할인카드
174,어린이집/유치원 5% 할인 · 병·의원 5% 할인 · 각종 정부보조금 지원
174,zgm 할인카드
175,농협판매장 10% 적립 · 모든가맹점 0.2% 적립 · 제휴서비스 OK캐쉬백 적립
175,농협판매장 이용 시 10% NH포인트 적립
175,zgm 할인카드
176,"6대 홈쇼핑 6% 할인 · 커피 10% 할인 · 영화 3,000원 할인"
176,6대 홈쇼핑 이용액 6% 할인
176,"패밀리레스토랑, 커피, 영화 등 할인"
176,zgm 할인카드
177,백화점 10% 적립 · 대형마트 10% 적립 · 병원/약국/동물병원 10% 적립
177,생활 업종 10% 적립
177,OK Cashbag 포인트 적립
177,zgm 할인카드
179,11번가 11~22% 할인 · 기타 온라인쇼핑 7% 할인 · 마트/병원/주유 등 5~10% 할인
179,[공통서비스] 온라인쇼핑 5~22% 청구할인
179,[R2-type 알찬서비스2] 대형마트/하나로클럽·마트 5% 청구할인
179,[R2-type 알찬서비스2] 백화점 5% 청구할인
179,[R2-type 알찬서비스2] 병·의원/약국 5% 청구할인
179,[R2-type 알찬서비스2] 커피 10% 청구할인
179,[R2-type 알찬서비스2] 베이커리 10% 청구할인
179,[R2-type 알찬서비스2] 주유 60원/L 청구할인
179,[특별서비스] 전국 주요 놀이공원 30~50% 할인
179,해외직구로 탈모·화장품·영양제까지 스스로 관리한다? (ft.해외직구 할인카드)
179,2026 캐리비안베이 할인카드로 50% 할인 & 에버랜드 무료입장까지 챙기는 방문 꿀팁 총정리
179,"병원비 할인카드 추천 BEST 7, 약국부터 고액 병원비까지 할인 받는 신용카드로 모았다"
179,zgm 할인카드
180,전가맹점 0.7~1.5% 적립 · 매년 1회 5~20만원 캐시백 · 매년 1회 바우처 제공
180,적립
180,"전가맹점 적립! 온라인 1.2배, 해외 1.5배 적립!"
180,캐시백
180,보너스 캐시백(매년 1회)
180,zgm 할인카드
181,온라인쇼핑 7~20% 할인 · 주유/통신/해외 등 선택업종 할인 · 생활영역 5~20% 할인
181,[파이서비스] 온라인쇼핑+선택업종 7~20% 청구할인
181,[라이프서비스] 커피전문점 20% 청구할인
181,[라이프서비스] 대중교통(버스/지하철) 5% 청구할인
181,[라이프서비스] 편의점 및 잡화 5% 청구할인
181,[라이프서비스] 배달앱 5% 청구할인
181,[2024 키워드 VALUE] ‘대중교통x주유 할인’ 인기 신용카드 TOP5
181,zgm 할인카드
182,주요 12대 생활업종 최대 12% 할인 · 커피 10% 할인 · 국내선 동반자 무료 항공권
182,주요 12대 생활업종 3~12% 청구할인
182,zgm 할인카드
183,주요 12대 생활업종 최대 12% 할인 · 커피 10% 할인 · 대중교통 5% 할인
183,주요 12대 생활업종 3~12% 청구할인
183,1년 365일~ing 다이어터를 위한 피트니스/마트/마켓컬리 할인카드
183,zgm 할인카드
184,NH20해봄카드 · NH농협카드 · 연회비 캐시백
184,인천공항라운지 연 2회 무료 · 국내 놀이공원 50% 할인 · 온라인 쇼핑몰 10% 할인
184,국내 놀이공원 할인
184,온라인 쇼핑몰 10% 할인
184,온라인 서점 10% 할인
184,"CGV 2,000원 할인"
184,배달앱 10% 할인
184,"어플리케이션 2,000원 할인"
184,"통신비 4,000원 할인"
184,커피 30% 할인
184,GS25 5% 할인
184,대중교통 10% 할인
184,주유 5% 할인
184,해외 가맹점 2% 할인
184,zgm 할인카드
185,아파트관리비 최대 1만원 할인 · 쇼핑 최대 1만원 할인 · 학원 최대 1만원 할인
185,아파트관리비 최대 1만원 할인
185,쇼핑 최대 1만원 할인
185,학원 업종 5% 할인
185,"커피, 베이커리 5% 할인"
185,zgm 할인카드
186,농협 판매장 10% 할인 · 생활 업종 10% 할인 · 통신요금 10% 할인
186,농협 판매장 10% 할인
186,생활 업종 10% 할인
186,농협몰 10% 할인
186,통신요금 10% 할인
186,에코머니 포인트 적립
186,zgm 할인카드
188,주유소/충전소 100~150원/L 할인 · 오토오아시스 차량 경정비 현장할인 · 커피 10% 적립
188,"GS칼텍스, 농협주유소 리터당 100원~150원 청구할인 (LPG충전소 포함)"
188,오토오아시스 차량 경정비 현장할인
188,"커피, 편의점, 교통 등 생활 적립서비스"
188,zgm 할인카드
189,"유니버셜스튜디오재팬 10,000원 할인 · 해외 이용금액 7% 할인 · 커피 10% 할인"
189,"유니버셜스튜디오재팬, 도쿄타워 입장권 할인"
189,해외이용금액 7%할인
189,"국내 쇼핑, 커피, 영화 등 생활할인"
189,"일본여행 카드 추천, 유니버셜 스튜디오 재팬 & 도쿄타워 1만원 할인! NH농협 ‘올바른TRAVEL카드(일본특화)’"
189,zgm 할인카드
190,중국 비자 수수료 50% 할인 · 해외이용금액 7% 할인 · 커피 10% 할인
190,중국 비자 수수료 50% 할인
190,해외이용금액 7%할인
190,"국내 쇼핑, 커피, 영화 등 생활할인"
190,zgm 할인카드
191,"통신료 최대 17,000원 할인 · 커피 1천원 할인 · 놀이공원 50% 할인"
191,SKT라이트할부 및 통신료 할인 서비스
191,생활 할인 서비스
191,전국 주요 놀이공원 무료입장 또는 할인
191,zgm 할인카드
192,"KT 라이트할부 제공 · KT통신요금 9천~1만7천원 할인 · 커피,베이커리 10% 할인"
192,"KT라이트할부 서비스
KT통신요금(자동이체) 할인 서비스"
192,"커피, 베이커리, 아이스크림 10% 청구할인
영화 CGV 1천원 청구할인"
192,전국 주요 놀이공원 할인
192,zgm 할인카드
193,"LGU+ ~17,000원 할인 · 커피/베이커리 10% 할인 · 놀이공원 30~50% 할인"
193,"LGU+ 라이트할부 및 통신료 자동이체 최대 17,000원 할인"
193,"커피, 베이커리 10% 청구할인 및 CGV 1,000원 청구할인"
193,전국 주요 놀이공원 30~50% 할인
193,zgm 할인카드
194,L.POINT 더블포인트 적립 · 6개월 슬림할부 서비스 · 롯데백화점 5% 할인쿠폰
194,적립
194,더블포인트 적립 서비스
194,현대카드ZERO Edition2(할인형)
197,쇼핑업종 5% 할인 · 대중교통 10% 할인
197,할인
197,쇼핑업종 5% + 대중교통 10% 할인
198,쇼핑업종 5% 할인 · 이동통신 10% 할인
198,할인
198,쇼핑업종 5% + 이동통신 10% 할인
198,가을 야구 직관을 위해 준비해야하는 예매 할인 카드 3종
199,쇼핑업종 5% 할인 · 음식점(점심) 10% 할인
199,할인
199,쇼핑업종 5% + 점심시간(12~14시) 음식점 10% 할인
200,쇼핑 5% 할인 · 편의점 5% 할인 · 해외 10% 할인
200,쇼핑+해외이용금액 할인
201,롯데백화점 15% 할인 · 롯데백화점 5% e-쿠폰 · 롯데백화점 12개월 할부서비스
201,롯데백화점 15% 결제일할인
201,롯데백화점 5% 현장할인 e-쿠폰 제공
201,[숨어있는알짜카드] 12개월 할부를 무이자로?! 15%+5% 할인되는 롯데백화점 오픈런 필참카드 '롯데백화점 롯데카드'
201,"추석 장바구니 물가 비상! 명절 장보기 두려울 땐, 이 카드가 정답!(ft.대형마트, 백화점 할인카드)"
201,주말에 몰캉스 떠나볼까? 스타필드·백화점·아울렛 할인카드 BEST 7
203,모든가맹점 1% 할인 · 교통/통신/마트 1.5% 할인 · 주유/해외 1.5% 할인
203,[다 할인 서비스] 모든 가맹점 1% 청구할인
203,[더 할인 서비스] 교통 1.5% 청구할인
203,[더 할인 서비스] 통신 1.5% 청구할인
203,[더 할인 서비스] 마트 1.5% 청구할인
203,[더 할인 서비스] 주유 1.5% 청구할인
203,[더 할인 서비스] 해외 1.5% 청구할인
203,현대카드ZERO Edition2(할인형)
203,현대카드ZERO(할인형)
204,모든가맹점 1% 적립 · 교통/통신/마트 1.5% 적립 · 주유/해외 1.5% 적립
204,[다 적립 서비스] 모든 가맹점 1% 적립
204,[더 적립 서비스] 교통 1.5% 적립
204,[더 적립 서비스] 통신 1.5% 적립
204,[더 적립 서비스] 마트 1.5% 적립
204,[더 적립 서비스] 주유 1.5% 적립
204,[더 적립 서비스] 해외 1.5% 적립
205,교통/의료/교육 5% 할인 · 마트/슈퍼/편의점 5% 할인 · 통신/관리비 5% 할인
205,"통신비, 주거비, 교육비 5% 할인"
205,주말 식료품비 5% 할인
205,"의료비, 교통비, 편의점 5% 할인"
205,월납요금 줄여주는 관리비 할인카드 추천 5
205,트렌드 재테크는 생활비 절약부터 : 공과금 할인카드의 등장
206,"주유 80원/L 할인 · 롯데마트/교통 10% 할인 · 엔진오일 25,000원 할인"
206,주유소(가스충전소) 리터당 80원 할인
206,스피드메이트 엔진오일 할인 제공
206,"시내버스, 지하철, 택시 10% 할인"
206,롯데마트 10% 할인
207,경차 유류세 환급 · 주유소 리터당 80원 할인 · 스피드메이트 엔진오일 할인
207,주유 할인 서비스
207,교통 할인 서비스
207,쇼핑 할인 서비스
207,정비(엔진오일) 할인 서비스
207,미용실 최대 20% 할인
207,놀이공원 할인
207,롯데 자이언츠 20% 할인
207,"뮤지컬, 연극 등 공연 10~30% 할인"
207,외식 할인
207,주유 할인카드 끝판왕? 정부 지원 유류세 환급 카드 추천
214,통신/공과금/교육/보험 5~10% 할인 · 마트/슈퍼 5~10% 할인 · 의료/교통/편의점 5~10% 할인
214,"월납생활비 - 이동통신, 공과금, 교육, 보험 5~10% 결제일 할인"
214,주말생활비 - 마트/슈퍼 5~10% 결제일 할인
214,"일상생활비 - 의료, 교통, 편의점 5~10% 결제일 할인"
215,음식점 5% 할인 · 시내버스/지하철 10% 할인 · 점심음식점 10% 할인
215,언제나 할인 - 음식점 5% 결제일 할인
215,"출퇴근 할인 - 시내버스, 지하철 10% 결제일 할인"
215,"점심 할인 - 음식점 10%, 커피 30% 결제일 할인"
215,퇴근 후 할인 - 온라인쇼핑 10만원 이상 결제 시 5천원 결제일 할인
215,"주말 할인 - 롯데시네마, CGV 1만원 이상 결제 시 3천원 결제일 할인"
215,"점심값 1만원 시대, 직장인을 위한 점심ㆍ외식할인 신용카드"
217,주말주유/야간요식 5~10% 할인 · 쇼핑 5~10% 할인 · 헬스케어/대중교통 5~10% 할인
217,주말 주유 리터당 60원 할인
217,야간요식 5~10% 결제일 할인
217,"쇼핑(소셜커머스, SPA브랜드, 편의점) 5~10% 결제일 할인"
217,"헬스케어(병원, 약국, 동물병원) 5~10% 결제일 할인"
217,"대중교통(시내버스, 지하철, 택시) 5~10% 결제일 할인"
217,쇼핑할인카드 8종과 함께하는 명동 쇼핑 로드
227,"SK텔레콤 요금 최대 15,000원 청구할인 · SK주유소 최대 150원/L 청구할인 · 영역별 월 최대 할인한도 22,000원"
227,"SK텔레콤 이동통신 요금 최대 15,000원 청구할인"
227,"SK주유소 리터당 최대 150원 청구할인
SK충전소 리터당 최대 70원 청구할인"
227,"교통, 영화, 외식, 커피 등 최대 10% 청구할인"
227,"이마트, 홈플러스, 롯데마트 최대 10% 청구할인"
227,학원 업종 최대 10% 청구할인
227,혜택 좋은 주유할인카드 21종 전격 비교 추천! (주유비 할인카드 혜택 정리) _ 2026년 기준 업데이트
228,국내가맹점 0.8% 할인 · 온라인가맹점 1.3% 할인
228,모든 가맹점 0.8% 청구할인
228,온라인 가맹점 1.3% 청구할인
228,1Q Pay 이용시 온라인 가맹점 1.4% 청구할인
228,‘무조건 카드’를 비교하라! 하나 Smart Any VS 현대카드ZERO MOBILE(할인형)
228,현대카드ZERO Edition2(할인형)
231,"주유소/충전소 10만원당 5,000머니 적립 · 학원 10만원당 5,000머니 적립 · 교통/통신/공과금 10만원당 5,000머니 적립"
231,국내 특화가맹점/해외 모든가맹점 하나머니 적립
231,"스타벅스, 커피빈 할인"
231,아파트관리비 자동이체 시 하나머니 적립
232,"백화점/마트 10만원당 5,000머니 적립 · 온라인쇼핑 10만원당 5,000머니 적립 · 아파트관리비 5,000머니 적립"
232,국내 특화가맹점/해외 모든가맹점 하나머니 적립
232,"스타벅스, 커피빈 할인"
232,아파트관리비 자동이체 시 하나머니 적립
234,"국내가맹점 0.5% 적립 · 온라인쇼핑 10만원당 5,000머니 적립 · 통신/교통/공과금 10만원당 5,000머니 적립"
234,Daily/Monthly 하나머니 적립
234,"스타벅스, 커피빈 할인"
234,아파트관리비 자동이체 시 하나머니 적립
237,점심/배달앱/베이커리 7% 적립 · 온/오프라인쇼핑 7% 적립 · 커피 30~7% 적립
237,6개 영역 중 선택한 3개 영역 하나머니 적립
237,온라인쇼핑 적립(공통서비스)
237,통신요금 적립(공통서비스)
237,대중교통 적립(공통서비스)
237,영화 적립(공통서비스)
238,"국내가맹점 0.3~1% 적립 · 플러스적립 5,000머니 적립 · SK주유소 3,000원 할인"
238,적립
238,"[데일리 적립]
전월실적에 따라 0.3%~1.0% 하나머니 적립(적립한도 없음)"
238,적립
238,"[플러스 적립]
온라인쇼핑, 통신/교통/자동이체, 해외영역별 이번달 합산 이용금액 10만원 이상시 5천 하나머니 적립"
238,SK주유소 월 최대 6천원 청구할인
238,스타벅스/커피빈 4천원 이상 결제시 4천원 청구할인
238,"이번달 아파트관리비 / 4대보험 자동이체 금액
합산 10만원 이상일 때 5천 하나머니 적립"
238,"아파트관리비 실적 인정 카드만 모았다, 2026 아파트관리비 할인카드 추천 BEST 4"
239,"마트,백화점 최대 40,000머니 적립 · 플러스적립 5,000머니 적립 · 스타벅스,커피빈 4,000원 할인"
239,적립
239,"[쇼핑 적립]
마트, 백화점 이용금액 하나머니 적립(월 최대 4만 머니)"
239,적립
239,"[플러스 적립]
온라인쇼핑, 통신/교통/자동이체, 해외영역별 이번달 합산 이용금액 10만원 이상시 5천 하나머니 적립"
239,SK주유소 월 최대 6천원 청구할인
239,스타벅스/커피빈 4천원 이상 결제시 4천원 청구할인
239,"이번달 아파트관리비 / 4대보험 자동이체 금액
합산 10만원 이상일 때 5천 하나머니 적립"
239,대형마트 할인 카드 여기 다 있다
240,"주유,학원 최대 40,000머니 적립 · 플러스적립 5,000머니 적립 · 국내SSM 1,000원 할인"
240,"[리빙 적립]
주유, 학원 이용금액 하나머니 적립(월 최대 4만 머니)"
240,적립
240,"[플러스 적립]
온라인쇼핑, 통신/교통/자동이체, 해외영역별 이번달 합산 이용금액 10만원 이상시 5천 하나머니 적립"
240,국내 SSM 1만원 이상 결제할 때마다 1천원 청구할인
240,스타벅스/커피빈 4천원 이상 결제시 4천원 청구할인
240,"이번달 아파트관리비 / 4대보험 자동이체 금액
합산 10만원 이상일 때 5천 하나머니 적립"
240,이 시국에도 교육은 계속 된다! 학원비 할인카드!
241,"지역쇼핑/주유 5,000 하나머니 적립 · 온라인쇼핑 5,000 하나머니 적립 · 음식점 1,000원 청구할인"
241,쇼핑 또는 주유 이용금액 스페셜 적립
241,"온라인쇼핑, 통신/교통/자동이체, 해외 이용금액 플러스적립"
241,국내 음식업종 할인
241,"스타벅스, 커피빈 4,000원 할인"
241,"아파트관리비, 4대보험 적립"
242,"해외 1,500원당 1.8 HANA Mile 적립 · 국내 1,500원당 1.6 HANA Mile 적립 · CGV/롯데시네마 4,000원 할인"
242,HANA Mile 적립
242,"스타벅스 4,000원 청구할인"
242,"CGV, 롯데시네마 4,000원 청구할인"
243,"해외 1,500원당 1.8 HANA Mile 적립 · 국내 1,500원당 1.6 HANA Mile 적립 · CGV/롯데시네마 4,000원 할인"
243,HANA Mile 적립
243,"스타벅스 4,000원 청구할인"
243,"CGV, 롯데시네마 4,000원 청구할인"
244,"국내/외 1,500원당 2.0~1.8 HANA Mile 적립 · HANA Mile 최대 5,000점 보너스적립 · Priority Pass 연 12회 무료이용"
244,HANA Mile 적립
244,"스타벅스 4,000원 청구할인"
244,"CGV, 롯데시네마 4,000원 청구할인"
244,항공 마일리지 적립 신용카드 TOP10
244,2019 마일리지 적립카드 TOP13 전격분석
245,"국내/외 1,500원당 2.0~1.8 HANA Mile 적립 · HANA Mile 최대 5,000점 보너스적립 · Priority Pass 연 12회 무료이용"
245,HANA Mile 적립
245,"스타벅스 4,000원 청구할인"
245,"CGV, 롯데시네마 4,000원 청구할인"
245,2019 마일리지 적립카드 TOP13 전격분석
246,스타벅스 30~50% 할인 · 이동통신요금 10% 할인 · 온라인쇼핑 5% 할인
246,스타벅스 30~50% 청구할인
246,이동통신요금 자동이체 시 10% 청구할인
246,"온라인쇼핑, 소셜커머스 5% 청구할인"
246,[추천] 묻히기 아까운 카드 - 통신·커피 할인 편
246,최대 60% 할인!! 스타벅스 할인카드 BEST5
247,커피 25~50% 할인 · 편의점 5~10% 할인 · 통신요금 5~10% 할인
247,"기본서비스(커피, 편의점, 통신, 영화할인)"
247,"선택서비스(쇼핑, 주유할인)"
247,"우대PLUS서비스(대중교통, 외식할인)"
247,주요 놀이공원 현장할인
247,[비교] 3개월간 10만원씩 쓰면? 할인율&할인한도 2배 UP! 하나카드 #tag1카드 Navy VS Orange
247,휴가비 10만원 지원받고 떠나자! 핵가성비 국내여행 할인카드 활용법 tip 3
248,아파트관리비 5~10% 할인 · 통신요금 5~10% 할인 · 주유소 최대 60원/L 할인
248,"기본서비스(교육, 아파트관리비, 통신, 영화할인)"
248,"선택서비스(쇼핑, 주유할인)"
248,"우대PLUS서비스(대형마트, 외식할인)"
248,주요 놀이공원 현장할인
248,[비교] 3개월간 10만원씩 쓰면? 할인율&할인한도 2배 UP! 하나카드 #tag1카드 Navy VS Orange
250,버스/지하철 20% 할인 · 편의점 10% 할인 · 커피 10% 할인
250,대중교통 청구할인
250,편의점 청구할인
250,커피 청구할인
250,교통할인카드 1위는? 매일 400원 할인 신한카드 삑 VS 매달 20% 하나 마패카드 / 배틀로즈 2화
250,현대카드ZERO Edition2(할인형)
251,"국제브랜드수수료 1% 면제 · 해외가맹점 5~9% 적립 · 저가항공,면세점 5~9% 적립"
251,"해외가맹점 결제 시 국제브랜드 수수료 1% 면제
해외이용 및 해외직구 이용금액 하나머니 적립"
251,"저가항공(LCC), 면세점 이용금액 하나머니 적립"
251,적립
251,"온라인쇼핑, 통신/교통/자동이체 이용금액 하나머니 적립"
251,국내 영화관 영화표 1만원 이상 결제하면 5천원 청구할인
251,"블랙프라이데이, 7가지만 알면 초보자도 득템 성공한다! - 해외직구 할인카드&꿀팁 총정리"
251,"면세점부터 해외결제, 항공권, 쇼핑까지! 해외여행 떠나기 전 챙겨볼 면세점 할인카드 BEST 7"
252,국내가맹점 0.7% 할인 · 국내온라인가맹점 1.7% 할인 · 해외가맹점 1.7% 할인
252,국내 가맹점 0.7% 청구할인
252,국내 온라인 가맹점 1.7% 청구할인
252,해외 가맹점 1.7% 청구할인
252,[비교]온라인쇼핑 588만원까지 무조건 할인! 하나 Any PLUS vs NH농협 zgm.the pay 카드
252,현대카드ZERO Edition2(할인형)
254,점심식사 10% 적립 · SK에너지 70머니/L 적립 · 통신/교통 7% 적립
254,점심시간 국내 일반음식점에서 10% 적립
254,적립
254,국내 적립대상 가맹점 일시불/할부 이용 금액에 따라 하나머니 적립
254,6가지 옵션 중 선택한 적립대상 가맹점에서 5% 적립
254,"점심값 1만원 시대, 직장인을 위한 점심ㆍ외식할인 신용카드"
258,"GS칼텍스(LPG포함) 120원/L 할인 · CGV, 롯데시네마 2,000원 현장할인 · 주요 놀이공원 50% 할인"
258,[기본서비스] 휴대폰 이용금액의 3% 할인
258,[특화서비스] GS칼텍스 리터당 120원 청구할인(LPG 포함)
258,"[기본서비스] CGV, 롯데시네마 2천원 현장할인"
258,[기본서비스] 주요 놀이공원 할인
258,[기본서비스] GS&POINT 포인트 적립 및 다양한 혜택 제공
258,혜택 좋은 주유할인카드 21종 전격 비교 추천! (주유비 할인카드 혜택 정리) _ 2026년 기준 업데이트
258,"[주유비 아끼는 법] 주유 할인카드, 올해 8월이 지나기 전에 발급받으면 이득인 이유"
259,전국 음식점 10% 할인 · 커피전문점 10% 할인 · GS칼텍스(LPG포함) 60원/L 할인
259,[기본서비스] 휴대폰 이용금액의 3% 할인
259,"[특화서비스] 푸드, 커피, 제과업종 10% 할인"
259,[특화서비스] GS칼텍스 리터당 60원 청구할인(LPG 포함)
259,[기본서비스] GS&POINT 포인트 적립 및 다양한 혜택 제공
259,"[기본서비스] CGV, 롯데시네마 2천원 현장할인"
259,[기본서비스] 주요 놀이공원 할인
259,"점심값 1만원 시대, 직장인을 위한 점심ㆍ외식할인 신용카드"
260,"어린이집/유치원/학원 5% 할인 · 커피전문점 20% 할인 · 병/의원, 산후조리원 5% 할인"
260,SKY캐슬에는 없는 것 - 교육비 할인카드 코디네이터
263,국내가맹점 0.2~0.4% 적립 · kt wiz 입장권/야구용품 할인 · 마트/외식/쇼핑 등 5~20% 할인
263,TOP포인트 적립 서비스
263,[부가 서비스] 전 주유소 리터당 60원 할인
263,[부가 서비스] 마트(대형 할인점) 5% 할인
263,"[친구 서비스] 전국 영화관 8,000원 할인"
263,[친구 서비스] 소셜커머스 20% 할인
263,[친구 서비스] 주요 커피전문점 20% 할인
263,[친구 서비스] 외식 업종 20% 할인
263,[부가 서비스] 주요 놀이공원 무료입장 또는 입장료/자유이용권 할인
263,[kt wiz 서비스] 입장권 및 야구용품 할인
263,2026 KBO 프로야구 예매 필수! 구단별 야구 티켓 할인 신용카드 & 체크카드 추천
264,"KT 통신요금 15,000~7,000원 할인 · 모든 주유소/충전소 60원/L 할인 · 패밀리레스토랑 10% 할인"
264,"KT통신요금 최대 15,000원 할인"
264,전 주유소/충전소 리터당 60원 청구할인(부가서비스)
264,주요 패밀리레스토랑 10% 청구할인(부가서비스)
264,"영화 1,500원 청구할인(부가서비스)"
264,주요 놀이공원 할인(부가서비스)
266,일상의 기쁨카드(신용) · IBK기업은행 · 최대 1.2만원 캐시백
266,"대중교통 200원 할인 · 영화 10,000원 할인 · 커피전문점 20% 할인"
266,대중교통 할인
266,영화 할인
266,커피전문점 할인
266,주유소 할인
266,편의점 할인
266,올리브영 할인
266,마트 할인
266,온라인쇼핑 할인
266,놀이공원 할인
266,공연/뮤지컬 티켓 할인 신용·체크카드 추천 BEST 5ㅣ2026 문화가 있는 날 영화 예매 및 혜택 정리
266,현대카드ZERO Edition2(할인형)
267,"1,500원당 3~1마일 적립 · KTX, SRT 10% 할인 · 공항라운지 연 2회 무료"
267,"이용금액 1,500원 당 1~3마일 적립"
267,"KTX, SRT 일반석 승차권 10% 할인"
268,"1,000원당 3~1마일 적립 · KTX, SRT 10% 할인 · 공항라운지 연 2회 무료"
268,"이용금액 1,000원 당 1~3마일 적립"
268,"KTX, SRT 일반석 승차권 10% 할인"
269,전월실적 관계없이 신용 0.6% 캐시백 · 국내외 가맹점 체크 0.3% 캐시백 · 하이브리드 서비스 체크+신용 결제서비스
270,아모레퍼시픽 10% 할인 · 영화 1만원 할인 · 커피전문점 20% 할인
270,아모레퍼시픽 할인
270,영화 할인
270,커피전문점 할인
270,대중교통 할인
270,주유소 할인
270,편의점 할인
270,올리브영 할인
270,마트 할인
270,놀이공원 할인
271,일년의 설렘카드 · IBK기업은행 · 최대 1.2만원 캐시백
271,정액캐시백 최대 70만원 지급 · 전자금융 이체수수료 면제 · 놀이공원 할인
271,캐시백
271,정액캐시백 지급
271,놀이공원 할인
271,"병원비 할인카드 추천 BEST 7, 약국부터 고액 병원비까지 할인 받는 신용카드로 모았다"
273,다이소 30% 할인 · 드럭스토어/헤어 10~20% 할인 · 편의점/커피 10~20% 할인
273,"다이소 결제금액의 30% 청구할인
다이소 멤버십 포인트 자동적립"
273,쿠팡 20% 할인
273,"미용실, 이용원 20% 할인"
273,주요 커피전문점 20% 할인
273,"편의점, 드럭스토어 10% 할인"
273,"CGV, 롯데시네마 4,000원 할인"
273,주유소 리터당 40원 할인
273,"이마트, 홈플러스, 롯데마트, 농협하나로클럽 5% 할인"
273,주요 놀이공원 할인
274,"버스, 지하철, 택시 5% 할인 · 온라인쇼핑 5,000원 할인 · 스타벅스 2,000원 할인"
274,대중교통 할인
274,이동통신요금 할인
274,쇼핑 할인
274,스타벅스 할인
274,‘모두가 우리 민족이었어’ 배달앱 할인카드 추천 6
275,"1,000원당 10~30P 적립 · 국내공항 라운지 무료이용"
275,JEJU Air Refresh Point 적립 서비스
275,"JEJU AirCafe 할인 서비스 (전월실적 30만원 이상, 월 1회 제공)"
275,"유니마일vs멤버십 포인트, 저가항공(LCC) 항공권 결제할 때 무엇이 이득일까? (ft.저가항공권 할인카드)"
276,"기본적립 1,000원당 1.0~1.3마일 적립 · 특별적립 1,000원당 2.0~2.5마일 적립 · 슈퍼적립 1,000원당 3.0~3.5마일 적립"
276,대한항공/아시아나항공 마일리지 적립
276,항공 마일리지 적립 신용카드 TOP10
276,", 신용카드로 받고 싶은 여행 혜택 1위는 ‘해외 수수료 및 현지 할인’"
277,"온라인, 병원, 해외이용액 1.5% 적립 · 일반가맹점 1.0% 적립 · 매년 20만원 Thank you 선물"
277,적립
277,360˚ 리워드 포인트 적립
277,포인트 적립형 신용카드 TOP10
279,"CJ ONE포인트 5% 추가적립 · CGV 7,000원 캐시백 · 투썸플레이스 10% 캐시백"
279,"CGV 영화 예매 시 최대 7,000원 캐시백"
279,올리브영 10% 캐시백
279,CJ ONE 5% 포인트 추가 적립
279,CJ mall 5% 캐시백
279,VIPS / 계절밥상 10% 캐시백
279,투썸플레이스 / 뚜레쥬르 10% 캐시백
281,모두드림 0.2% 적립 · 더해드림 0.6% 적립 · 챙겨드림 1.0% 적립
281,적립
281,기본 포인트 적립
281,추가 포인트 적립
281,추가 포인트 적립
281,주유소 적립
281,택시 할인
281,적립
281,추가 포인트 적립
282,"스타벅스 500원 할인 · 쿠팡,티몬 1% 포인트적립 · 롯데월드,서울랜드 50% 할인"
282,"신세계백화점 입점영화관 토,일요일 2천원 캐시백"
282,스타벅스 사이즈업 지원 캐시백
282,주요 업종 0.5% ~ 1% 마이신한포인트 적립
282,"롯데월드, 서울랜드 50% 할인"
284,"전가맹점 0.3% 적립 · 쇼핑, 해외가맹점 0.7% 추가적립 · 생활가맹점 1.7% 추가적립"
284,모든 가맹점 0.3% 포인트 적립
284,신한은행 결제 계좌 연결 제공 서비스(추가 포인트 적립)
286,카카오페이 2% 적립 · 대중교통 3% 적립 · CGV 최대 3천원 적립
286,카카오페이 결제 시 2% 적립
286,대중교통 3% 적립
286,이동통신요금 3% 적립
286,CGV 영화 최대 3천원 적립
286,"해외 전가맹점(온라인 포함) 이용금액 1% 적립,
해외 인출 1건당 US  적립 제공"
294,"전 가맹점 0.2%~0.5% 적립 · 요식업종 5% 할인 · 버스,지하철 5% 할인"
294,적립
294,전 가맹점 이용금액의 0.2% ~ 0.5% 마이신한포인트 적립
294,요식업종 이용금액의 5% 할인
294,"버스, 지하철 이용금액의 5% 할인(후불교통 카드 선택 시)
SK주유소 주유 시 리터당 40원 할인(후불교통카드 미 선택 시)"
294,"홈쇼핑 이용금액의 5% 할인
해외 이용금액의 5% 할인"
294,할인
294,신한카드 S-Line 체크 할인한도
296,버스/지하철/택시 10% 할인(캐시백) · 커피전문점 20% 할인(캐시백) · 백화점 10% 할인(캐시백)
296,"버스,지하철,택시 이용금액의 10% 할인 (캐시백)"
296,모든 커피 전문점 이용 금액의 20% 할인 (캐시백)
296,4대 백화점 및 3대 할인점 이용 금액의 10% 할인 (캐시백)
300,SOCAR 결제 10% 할인 · 영화예매 10% 할인 · 철도 이용시 5% 할인
300,SOCAR 결제 시 10% 할인(캐시백)
300,영화 이용 시 10% 할인(캐시백)
300,"KTX, SRT 포함 철도 이용 시 5% 할인(캐시백)"
300,캐시백
300,통합할인한도
301,"KT통신요금 5,000원 캐시백 · GS25 5% 캐시백 · CGV 10% 캐시백"
301,KT 통신요금 월 최대 5천원 캐시백
301,GS25 5% 캐시백
301,CGV 10% 캐시백
302,"LG U+ 통신요금 3,000원 캐시백 · GS25 5% 캐시백 · 맥스무비 2,000원 캐시백"
302,LG U+ 통신요금 자동이체 시 최대 3천원 캐시백
302,GS25 편의점 5% 캐시백
302,맥스무비 최대 2천원 캐시백
302,롯데월드/서울랜드 50% 현장할인
303,경차 유류세 환급 · GS칼텍스 15원~30원/L 할인 · 자동차보험 2만~3만원 할인
303,GS칼텍스 주유할인 서비스(LPG포함)
303,DB손해보험 다이렉트 자동차보험 할인
306,리디북스 10% 할인 · 영화예매 10% 할인 · KFC 10% 할인
306,리디북스 이용 시 10% 할인(캐시백)
306,영화 예매시 10% 할인(캐시백)
306,KFC 이용 시 10% 할인(캐시백)
307,빽다방 20% 할인 · 더본 모든매장 5% 할인 · CGV 10% 할인
307,"빽다방 이용시 20% 결제일 할인(캐시백)
더본(theborn) 모든 매장 이용 시 5% 결제일 할인(캐시백)"
307,CGV 예매시 10% 할인
309,EDIYA 30% 할인
309,EDIYA 특화 할인 서비스
311,"몰테일 3천원 캐시백 · 해외전가맹점 1.2% 캐시백 · 쿠팡,티몬 9% 캐시백"
311,"몰테일(malltail) 배송비 결제 시 3천원 캐시백
테일리스트(taillist), 비타트라(Vitatra) 5% 즉시 할인 (최대 US  할인)"
311,해외 전 가맹점 이용액 (온라인 포함) 1.2% 캐시백
311,해외 인출 1건당 US  캐시백
311,"쿠팡, 티몬 9% 캐시백"
311,CU 9% 캐시백
311,스타벅스 9% 캐시백
311,"블랙프라이데이, 7가지만 알면 초보자도 득템 성공한다! - 해외직구 할인카드&꿀팁 총정리"
312,"전세계 공항라운지 무료입장 서비스 · 해외가맹점 2~1% 캐시백 · 영화 5,000원 캐시백"
312,해외가맹점(해외직구 포함) 이용금액의 1~2% 캐시백
312,"쇼핑, 커피, 영화, 편의점, 교통 등 국내 캐시백 서비스"
312,"네이버페이, 카카오페이, PAYCO 1천원 추가 캐시백"
312,"멀티 멤버십 서비스(OK캐시백, CJ ONE)"
313,해외가맹점 1~2% 캐시백 · 국내업종별 10~20% 할인 · 인천공항라운지 무료 이용
313,[해외서비스] 해외가맹점(해외직구 포함) 이용금액의 1~2% 캐시백
313,"[국내서비스] 쇼핑, 커피, 영화 등 다양한 국내 가맹점 할인 서비스"
315,카카오페이 가맹점 5% 캐쉬백 · 온라인쇼핑몰 5% 캐쉬백 · 편의점/드럭스토어 5% 캐쉬백
315,카카오페이 가맹점 이용금액 5% 캐쉬백
315,온라인 쇼핑몰 이용금액 5% 캐쉬백
315,오프라인 쇼핑 이용금액 5% 캐쉬백
316,L.POINT 1~0.3% 적립 · 롯데가맹점 1~0.5% 추가적립 · 주요 테마파크 50% 현장할인
316,L.POINT 0.3 ~ 1% 적립
316,롯데월드 아쿠아리움 입장권 및 놀이공원 자유이용권 50% 현장할인
317,모아포인트 1.5~0.3% 적립 · 간편결제 1.5% 추가적립 · 롯데월드 아쿠아리움/놀이공원 50% 현장할인
317,모아포인트 0.3 ~ 1.5% 적립
317,롯데아쿠아리움 및 주요 놀이공원 50% 현장할인
317,2026 롯데월드 할인카드 추천 BEST 4 l 자유이용권 티켓 입장료 할인 받는 법 3가지
318,위메프 5% 적립 · 스타벅스 30% 캐시백할인 · 편의점 5% 캐시백할인
318,위메프 이용금액의 5%적립
318,"스타벅스 30%, 편의점 5% 캐시백할인"
320,"롯데마트 10% 할인 · 영화관 3,000원 할인 · 커피전문점 20% 할인"
320,롯데마트 매장 및 롯데마트몰 10% 캐시백 할인
320,"스타벅스, 투썸플레이스 20% 캐시백 할인"
320,"아웃백, TGIF 10% 캐시백 할인"
320,"모든 영화관 3,000원 캐시백 할인"
320,"시내버스, 지하철 1,500원 청구할인"
320,GS칼텍스 리터당 40원 캐시백 할인
320,주요 놀이공원 자유이용권 50% 현장할인
322,병원/약국 5% 할인 · 커피전문점 20% 할인 · 대중교통 5% 할인
322,"모든 병원(동물병원 포함), 약국업종 5% 청구할인"
322,"전국 시내버스, 지하철 5% 청구할인"
322,"아웃백, TGIF 10% 청구할인"
322,"스타벅스, 투썸플레이스 20% 청구할인"
322,주요 놀이공원 자유이용권 50% 현장할인
323,A-TYPE 의료/쇼핑 할인 · B-TYPE 육아/교육 할인 · C-TYPE 에코머니 적립
324,YG공연/온라인몰 10% 할인 · 스타벅스/투썸 20% 할인 · 아웃백/TGIF 10% 할인
324,"YG 엔터테인먼트 공연티켓, 온라인몰 할인"
324,YG 엔터테인먼트 운영 쇼핑몰 할인
324,"커피, 영화, 외식 등 다양한 국내 가맹점 할인 서비스"
325,모아포인트 0.3~1.0% 적립 · 기프트바우처 연1회 제공 · 공항라운지 무료 이용
325,사용업종 또는 결제건당 금액에 따라 0.3~1% 모아포인트 적립
325,"치킨, 피자 10% 청구할인"
325,"전국 영화관 3,000원 청구할인"
325,SK주유 및 충전 시 리터당 60원 청구할인
326,해피포인트 가맹점 5% 적립 · 해피포인트 가맹점 20% 캐시백 할인 · 대형마트/아울렛 5% 할인
326,해피포인트 가맹점 20% 캐시백할인 및 5%적립
326,주요할인점 5%할인
328,"커피전문점 1,000원 할인 · 최대할인한도 15,000원 까지"
328,"커피전문점 1회당 1,000원 할인 캐시백"
329,갤러리아 5% 할인 · 업종별 0.3~1.5% 적립 · 해외가맹점 1% 캐시백
329,"갤러리아 백화점, Mall 5% 현장할인"
329,업종별 0.3~1.5% 모아포인트 적립
329,해외 가맹점(해외직구 포함) 1% 캐시백 할인
329,주요 놀이공원 50% 현장할인
330,"편의점 건당 1,000원 캐시백 · 서점 건당 1,000원 캐시백 · 베이커리/패스트푸드 건당 1,000원 캐시백"
330,편의점/올리브영 캐시백
330,서점 캐시백
330,베이커리/패스트푸드 캐시백
330,티머니 충전 캐시백
330,"멀티 멤버십 서비스(OK캐시백, CJ ONE)"
330,통합 월 캐시백 한도
331,현대백화점 5% 할인 · 현대아울렛 5% 할인 · 진에어 5% 할인
331,현대백화점 및 현대아울렛 5% 할인
331,진에어 5% 캐시백 할인
331,"스타벅스, 커피빈 20% 캐시백 할인"
331,"아웃백스테이크하우스, TGIF, VIPS, 우노 10% 캐시백 할인"
331,"CGV, 메가박스, 롯데시네마 최대 6,000원 캐시백 할인"
331,"인터넷교보문고, 인터넷영풍문고, Yes24 3,000원 캐시백 할인"
331,S-OIL 주유소 리터당 40원 캐시백 할인
331,놀이공원 무료입장 및 자유이용권 최대 50% 현장할인
331,"TOEIC 응시료 3,000원 캐시백 할인"
332,카카오페이 결제 2% 적립 · 커피전문점 1% 카카오페이머니 적립 · 대중교통 1% 카카오페이머니 적립
332,카카오페이결제 2%적립
332,커피전문점 업종 이용 시 카카오페이머니 1% 적립
332,제과/아이스크림 업종 이용시 카카오페이머니 1% 적립
332,CU편의점 이용 시 카카오페이머니 1% 적립
332,"대중교통(버스,지하철) 이용 시 카카오페이머니 1% 적립"
333,국내외 가맹점 0.2% 기본적립 · 커피/제과아이스크림 0.8% 추가적립 · 영화 0.8% 추가적립
333,국내외 가맹점 기본적립
333,커피/제과아이스크림 업종 추가적립
333,영화관 업종 추가적립
333,"이동통신요금(SKT, KT, LG U+) 자동이체 시 추가적립"
333,"대중교통(버스, 지하철) 추가적립"
333,"소셜커머스(티몬, 쿠팡, 위메프) 추가적립"
333,GS25 편의점 추가적립
334,"전가맹점 2,500원당 1마일 적립 · 소셜커머스 5% 할인 · 스타벅스 5% 할인"
334,"전가맹점 2,500원당 1마일 적립"
334,"소셜커머스, 스타벅스, 파리바게뜨 5% 환급할인"
335,편의점 10~5% 할인 · 다이소/소셜커머스 10~5% 할인 · 동물병원 10% 할인
335,편의점 업종 5~10% 환급할인
335,다이소/소셜커머스 5~10% 환급할인
335,"대중교통, 택시 5% 환급할인"
335,올리브영·박승철헤어스투디오/동물병원 10% 환급할인
335,해외이용/해외직구 할인캐시백
335,라이프샵 여행 해외패키지 3% 현장할인
335,"블랙프라이데이, 7가지만 알면 초보자도 득템 성공한다! - 해외직구 할인카드&꿀팁 총정리"
336,모든가맹점 0.2% 적립 · 주말/공휴일 0.2% 추가적립 · 대중교통/택시 0.2% 추가적립
336,모든 가맹점 포인트리 기본적립
336,"음식점, 커피전문점 업종 포인트리 추가적립"
336,"대중교통, 택시 포인트리 추가적립"
336,이동통신요금 포인트리 추가적립
338,모든가맹점 0.2% 환급할인 · 주말/공휴일 0.2% 추가환급할인 · 대중교통/택시 0.2% 추가환급할인
338,모든 가맹점 기본 환급할인 및 주말·공휴일 추가 환급할인
338,"음식점, 커피전문점 업종 추가 환급할인"
338,"대중교통(버스·지하철), 택시 추가 환급할인"
338,이동통신요금 추가 환급할인
338,해외이용 1% 할인캐시백
339,한식업종 5% 할인 · 커피전문점 5% 할인 · 대중교통 5% 할인
339,한식 업종 5% 평일 환급할인
339,"커피전문점, 베이커리, 아이스크림전문점 5% 평일 환급할인"
339,버스·지하철 5% 청구할인
340,"대중교통 10% 청구할인 · 이동통신요금 2,500원 환급할인 · CGV 35% 환급할인"
340,버스·지하철 10% 청구할인
340,"이동통신요금 2,500원 환급할인"
340,CGV 35% 환급할인
340,"아웃백, VIPS / 스타벅스 20% 환급할인"
340,에버랜드·롯데월드 50% 환급할인
340,GS25/교보문고 5% 환급할인
340,통합할인한도
341,학원 7% 할인 · 서점 5% 할인 · 대중교통 5% 할인
341,문리계·외국어학원 7% 환급할인
341,서점업종 5% 환급할인
341,동물병원·약국업종 5% 환급할인
341,버스·지하철 5% 청구할인
341,연 최대 120만원 캐시백! 2026  학원비 할인 신용카드 & 체크카드 추천 BEST 7
342,대중교통 10% 할인 · 스타벅스 20% 할인 · CGV 35% 할인
342,버스·지하철 10% 청구할인
342,"이동통신요금 2,500원 환급할인"
342,CGV 35% 환급할인
342,"아웃백, VIPS 20% 환급할인"
342,스타벅스 20% 환급할인
342,에버랜드·롯데월드 50% 환급할인
342,GS25 5% 환급할인
342,교보문고 5% 환급할인
342,해피포인트 5% 현장적립
342,통합할인한도
342,쇼핑 카트에 함께 담아볼까? 마트 할인카드 5종 추천
342,할인을. 새롭게. 퀄리티 있게. ‘마켓컬리’ 할인 레시피
343,"GS칼텍스 60~50점/L 포인트리 적립 · CGV 3,000원 포인트리 적립 · 이동통신요금 2,500점 포인트리 적립"
343,"GS칼텍스 리터당 주중 50점, 주말 60점 포인트리 적립"
343,아웃백·VIPS 10% 포인트리 적립
343,"CGV 3,000원 포인트리 적립"
343,버스·지하철 5% 포인트리 적립
343,"이동통신요금 2,500점 포인트리 적립"
343,G마켓·옥션 3% 포인트리 적립
343,교보문고 3% 포인트리 적립
343,올리브영 5% 포인트리 적립
343,에버랜드 50% 포인트리 적립
343,통합적립한도
344,인터넷쇼핑몰 5% 할인 · 약국 5% 할인
344,인터넷쇼핑몰 5% 환급할인 서비스
344,약국 업종 5% 환급할인 서비스
345,백화점 7% 할인 · 홈쇼핑/온라인쇼핑 5% 할인 · 미용실/화장품 5% 할인
345,롯데·현대·신세계백화점 7% 환급할인
345,GS홈쇼핑·CJ홈쇼핑 / G마켓·옥션 5% 환급할인
345,미용실·화장품·피부미용 5% 환급할인
345,버스·지하철 5% 청구할인
345,해외이용 5% 할인 캐시백
346,대형마트 5% 할인 · SK에너지 60원/L 할인 · 대중교통 5% 할인
346,이마트·롯데마트·홈플러스 5% 환급할인
346,SK에너지 리터당 60원 환급할인
346,스피드메이트 엔진오일교환 2만원 현장할인 및 정비 할인
346,패스트푸드 10% 환급할인
346,"이동통신요금 2,500원 환급할인"
346,버스·지하철 5% 청구할인
346,CU편의점 3% CU포인트 적립
346,통합할인한도
346,맥도날드 최대 45% 할인 받는 법! 2026 패스트푸드 & 맥도날드 할인카드 추천 BEST 5
347,패밀리레스토랑 15~10% 할인 · 영화 20% 할인 · GS25 5% 할인
347,"커피빈 주중 5%, 주말 10% 환급할인"
347,CGV·메가박스 20% 환급할인
347,에버랜드·서울랜드·롯데월드 30% 환급할인
347,GS25 5% 환급할인
347,버스·지하철 5% 청구할인
347,교보문고 3% 환급할인
347,박승철헤어스투디오·올리브영 10% 환급할인
347,제주항공 10% 환급할인
347,통합할인한도
348,"대중교통 10% 청구할인 · 이동통신요금 2,500원 환급할인 · CGV 35% 환급할인"
348,버스·지하철 10% 청구할인
348,"이동통신요금 2,500원 환급할인"
348,CGV 35% 환급할인
348,"아웃백, VIPS / 스타벅스 20% 환급할인"
348,에버랜드·롯데월드 50% 환급할인
348,GS25 5% 환급할인
348,교보문고 5% 환급할인
348,2026 롯데월드 할인카드 추천 BEST 4 l 자유이용권 티켓 입장료 할인 받는 법 3가지
348,2026 에버랜드 할인카드 추천 BEST 5ㅣ자유이용권 입장료부터 팀 에버랜드 멤버십 혜택까지 총정리
349,"스타벅스 20% 할인 · CGV 35% 할인 · 이동통신요금 2,500원 할인"
349,버스·지하철 10% 청구할인
349,"이동통신요금 2,500원 환급할인"
349,CGV 35% 환급할인
349,"아웃백, VIPS 20% 환급할인"
349,스타벅스 20% 환급할인
349,에버랜드·롯데월드 50% 환급할인
349,GS25 5% 환급할인
349,교보문고 5% 환급할인
349,해피포인트 5% 현장적립
349,통합할인한도
350,"국세/지방세 7,000원 할인 · GS칼텍스 60~50원/L 할인 · 백화점 5% 할인"
350,국세·지방세 7천원 환급할인
350,"GS칼텍스 리터당 주중 50원, 주말 60원 환급할인"
350,스피드메이트 엔진오일교환 2만원 현장할인 및 정비 할인
350,SK렌터카 할인 (연 2회)
350,롯데·현대·신세계백화점 5% 환급할인
350,아웃백 10% 환급할인
350,버스·지하철 5% 청구할인
350,"이동통신요금 1,000원 환급할인 (월 1회)"
350,에버랜드 50% 환급할인
350,해피포인트 5% 현장적립
350,통합할인한도
351,"GS칼텍스 60~50원/L 할인 · CGV 3,000원 할인 · 이동통신요금 2,500원 할인"
351,"GS칼텍스 리터당 주중 50원, 주말 60원 환급할인"
351,버스·지하철 5% 청구할인
351,"이동통신요금 2,500원 환급할인"
351,"CGV 3,000원 환급할인"
351,에버랜드 50% 환급할인
351,G마켓·옥션 3% 환급할인
351,올리브영 5% 환급할인
351,교보문고 3% 환급할인
351,아웃백·VIPS 10% 환급할인
351,통합할인한도
353,CU편의점 2% 제휴포인트 적립 · 해피포인트 가맹점 2% 제휴포인트 적립 · 대중교통/택시 1% KB포인트리 적립
353,"CU편의점, 해피포인트 가맹점 2%적립"
353,"대중교통(버스,지하철)/택시업종 1% 포인트리 적립"
354,"LGU+ 이동통신요금 6,000원~4,000원 할인 · 스타벅스 10% 할인 · CGV 10% 할인"
354,LG U+ 이동통신요금 자동납부 시 4~6천원 환급할인
354,스타벅스 10% 환급할인
354,CGV 10% 환급할인
355,H.Point 0.2% 기본적립 · 현대백화점그룹 0.5% 추가적립 · 스타벅스 5% 할인
355,H.Point 적립
355,커피/제과 할인
355,CGV 할인
355,올리브영 할인
357,AK플라자 5% 할인 · 제주항공 5% 할인 · 커피전문점 5% 할인
357,제주항공 할인
357,커피전문점 할인
357,영화 할인
357,해피포인트 할인
359,아모레퍼시픽 가맹점 10% 할인 · 해피포인트 가맹점 5% 할인 · 스타벅스 10% 할인
359,아모레퍼시픽 가맹점 10% 환급할인
359,스타벅스 10% 환급할인
359,해피포인트 가맹점 5% 환급할인
360,전 가맹점 0.4~0.2% 적립 · 해외 0.3% 추가적립 · 국제공항라운지 무료 이용
360,적립한도 없이 0.2% ~ 0.7% NH포인트 적립
361,국내외 전 가맹점 최대 0.5% 적립 · 에코머니 최대 5% 적립
361,국내·외 가맹점 이용금액 최대 0.5% 적립
361,6차 산업 우수 상품에 대해 10% 청구할인
361,에코머니 제휴가맹점 에코머니 포인트 적립
362,온라인쇼핑몰 5% 할인 · 배달앱 5% 할인 · 커피 20% 할인
362,주요서비스 통합 월 할인한도
364,병/의원 3% 할인 · 온라인쇼핑 3% 할인 · 커피 10% 할인
365,온라인쇼핑 10% 할인 · 커피 10% 할인 · 대중교통 10% 할인
365,"대중교통(버스, 지하철) 10% 청구할인"
365,주요 커피 전문점 10% 청구할인
365,주요 온라인쇼핑몰·소셜커머스 10% 청구할인
365,주요 패밀리레스토랑 10% 청구할인
365,주요 서점 10% 청구할인
365,전국 병원·약국 10% 청구할인
365,"전국 주요 영화관 1,500원 청구할인"
365,통합할인한도
366,국내외 전 가맹점 0.4~0.2% 적립
366,국내·외 전 가맹점 0.2%~0.4% TOP포인트 적립
367,주유소 40원/L 할인 · 서적 10% 할인 · 커피 10% 할인
367,"농협운영주유소, NH-Oil 및 GS칼텍스 주유소 할인 또는 적립"
367,농협판매장 5% NH포인트 적립
367,"문화 서비스(영화, 커피, 서적) 10% 청구 할인"
367,국내·외 여행스케치 현장 할인(3~5%)
368,실적관계없이 0.4~0.2% 적립 · 해외이용액 0.4% 적립 · OK캐시백 포인트 적립
368,적립
368,전월실적에 상관없이 0.2 ~ 0.4% 적립
369,온라인쇼핑 5~3% 할인 · 병원 3% 할인 · 커피 5% 할인
369,온라인쇼핑몰/소셜커머스 3~5% 청구할인
369,전국 병원 업종 3% 청구할인
369,커피전문점/제과점 5% 청구할인
369,전국 주요 놀이공원 무료입장 및 할인
370,국내외 전 가맹점 0.3~0.2% 할인
370,국내·외 전 가맹점 0.2~0.3% 청구할인
372,"NC다이노스 입장권 2,000원 할인 · 온라인쇼핑 5% 할인 · 커피 10% 할인"
372,NC다이노스 홈구장 입장료 현장 할인
372,온라인쇼핑 5% 할인
372,영화 · 커피 10%할인
372,2026 KBO 프로야구 예매 필수! 구단별 야구 티켓 할인 신용카드 & 체크카드 추천
375,해외구매시 2% 캐시백 · 국제공항라운지 무료 이용 · 10대업종 1.0~0.5% 캐시백
375,해외 물품 구매시 2% 캐시백
375,10대 업종 0.5~1.0% 캐시백
378,해외이용수수료 0.5% 면제 · 해외인출수수료 3% 면제 · 점심시간 7% 캐시백
378,Lunch Time 7% 캐쉬백 서비스
380,편의점 5% 적립 · 베이커리 5% 적립 · 커피 5% 적립
380,"편의점/베이커리/커피 1만원이상 이용시 건당 5% 하나머니 적립
대중교통(버스,지하철) 월 사용금액 5만원 이상 시 5% 하나머니 적립"
382,카카오페이 7% 캐시백 · 대중교통 5% 캐시백 · 스타벅스 5% 캐시백
382,캐시백
382,"카카오페이, 통신요금자동이체, 커피, 대중교통 캐시백"
383,해피포인트 더블 체크카드 해당가맹점 20% 캐쉬백 · 해피포인트 하나 체크카드 2만원당 100~200원 캐쉬백 · 해피포인트 5% 적립
383,캐시백
383,캐시백
383,[공통서비스] 해피포인트 5% 적립(1천원 이상 구매 시)
388,생활업종 2만원당 200하나머니 적립 · 통신요금 3천~5천머니 적립 · 전가맹점 2만원당 100하나머니 적립
388,"요식/마트/백화점/온라인쇼핑/주유/병원/ 2만원당 200 하나머니 적립
SKT/KT/LGU+ 자동이체 적립(월1회) 3천~5천 하나머니 적립"
389,시코르 5% 적립 · 신세계포인트 0.2% 적립 · 대중교통 7% 캐시백
389,적립
389,시코르 및 신세계 캐쉬백/적립 서비스
389,버스/지하철 7% 캐시백
390,"신세계백화점 5% 캐시백 · 신세계포인트 0.2% 적립 · 버스,지하철 7% 캐시백"
390,캐시백
390,신세계 백화점 캐시백/적립 서비스
390,후불교통 이용금액 7% 캐시백 서비스
391,하이패스요금 0.1% 적립 · 통행료 20% 자동할인
391,하이패스 이용요금의 0.1% 포인트 적립
391,톨게이트 통행료 할인받고 후불로 내자! 하이패스카드 추천 4
391,"할인율 50%, 당신의 소비금액 절반을 날려버릴 카드 건틀렛"
392,"빅포인트 0.8~0.2% 적립 · 스타벅스 1,000원 할인 · CGV 1,500원 할인"
392,업종 및 연간 이용금액에 따라 0.2%~0.8% 빅포인트 적립
392,아웃백스테이크하우스 10% 현장할인
392,"스타벅스 1,000원 결제일할인"
392,"CGV, 무비존, 메가박스 영화할인"
392,신세계백화점 5% 할인 및 신세계포인트 적립
393,"빅포인트 0.8~0.2% 적립 · CGV 3,000원 할인 · 놀이공원 50% 할인"
393,업종 및 연간 이용금액에 따라 0.2%~0.8% 빅포인트 적립
393,"CGV 3,000원 할인"
393,놀이공원 자유이용권 50%·워터파크 입장권 30% 현장할인
394,"0.6~0.2% 캐시백 제공 · 놀이공원 50% 할인 · CGV 3,000원 할인"
394,업종 및 연간 이용금액에 따라 0.2%~0.6% 캐시백
394,"CGV 3,000원 할인"
394,놀이공원 자유이용권 50%·워터파크 입장권 30% 현장할인
394,"점심값 1만원 시대, 점심 & 음식점 할인 받는 직장인 체크카드 추천 BEST 3"
400,L.POINT제휴사 더블 적립
400,L.POINT 더블포인트 적립 서비스
402,이용금액 0.2% L.POINT 적립 · VISA 플래티넘 서비스
402,이용금액의 0.2% L.POINT 적립
403,전국 가맹점 0.2% L.POINT 적립 · SK주유소 50P/L 주유포인트 적립
403,적립
403,전국 가맹점 및 SK주유소 이용 시 적립혜택
404,온라인쇼핑 5% 캐시백 · 병원/약국 5% 캐시백 · 교육비 10% 캐시백
405,"스타벅스 20% 할인 · 도서 1,500원 할인 · 패밀리레스토랑 10% 할인"
405,"영화 인터넷 예매시 1,500원 청구할인"
405,유명 놀이공원 무료입장 또는 자유이용권 현장할인
405,패밀리레스토랑 10% 청구할인
405,스타벅스 20% 청구할인
405,"교보문고(온라인 포함), Yes24 1,500원 청구할인"
405,GS칼텍스 리터당 25원 청구할인
405,동화면세점 최고 10% 현장할인
405,오! 포인트 추가 할인 및 적립
406,"5대 온라인몰 1,000원당 1마일 적립 · 국내 가맹점 3,000원당 1마일 적립 · 5대 온라인몰 5% 할인"
406,쓸 때마다 대한항공 마일리지 적립
406,온라인 몰 5% 청구 할인
407,이용금액별 1~0.5% 적립
407,적립
407,업종·이용금액별 기본 M포인트 적립에 추가 M포인트 적립
408,사용금액별 0.6~0.3% 적립
408,사용금액별 X캐시백 적립
410,현대카드ZERO(할인형)
410,현대카드ZERO(할인형)
410,현대카드ZERO(할인형) · 현대카드
410,모든가맹점 0.7% 할인 · 생활필수영역 +0.5% 추가할인 · 선결제 시 +0.3% 추가할인
410,할인
410,[기본 할인] 모든 가맹점에서 이용대금의 0.7% 할인
410,할인
410,[추가 할인] 생활필수영역 0.5% 추가 할인 / 선결제 0.3% 추가 할인
410,현대카드ZERO Edition2(할인형)
414,이용금액별 1~0.5% 적립
414,당월 이용금액별 M포인트 적립
414,"[현대카드 편] 절대고수 ‘제로(齊路)’의 두 문파 이야기, 할인파 VS 적립파"
415,이용금액별 0.6~0.3% 적립
415,당월 이용금액별 X캐시백 제공
418,국내외 가맹점 1% 기본적립 · 6대 온라인쇼핑 +1.5% 추가적립 · 선결제 시 +0.5% 추가적립
418,적립
418,국내외 가맹점에서 1% 기본 M포인트 적립
418,적립
418,"6대 온라인쇼핑 업종 1.5% 추가 M포인트 적립
선결제 시 0.5% 추가 M포인트 적립"
418,"[현대카드 편] 절대고수 ‘제로(齊路)’의 두 문파 이야기, 할인파 VS 적립파"
418,현대카드ZERO(할인형)
419,현대카드ZERO MOBILE(할인형)
419,현대카드ZERO MOBILE(할인형)
419,현대카드ZERO MOBILE(할인형) · 현대카드
419,국내외가맹점 0.7% 할인 · 6대온라인쇼핑 +0.8% 추가할인 · 선결제 시 +0.3% 추가할인
419,할인
419,[기본 할인] 국내외 가맹점 이용금액의 0.7% 청구 할인
419,할인
419,"[추가 할인] 6대 온라인쇼핑 업종 이용금액의 0.8% 추가 할인
[추가 할인] 이용 후 5일 이내 선결제 시 0.3% 추가 할인"
419,‘무조건 카드’를 비교하라! 하나 Smart Any VS 현대카드ZERO MOBILE(할인형)
419,현대카드ZERO(할인형)
419,현대카드ZERO Edition2(할인형)
420,국내외 가맹점 1% 기본적립 · 6대 생활필수영역 +1% 추가적립 · 선결제 시 +0.5% 추가적립
420,적립
420,국내외 가맹점에서 1% 기본 M포인트 적립
420,적립
420,"6대 생활 필수 영역 이용금액의 1% M포인트 추가 적립
선결제 시 0.5% 추가 M포인트 적립"
420,"[현대카드 편] 절대고수 ‘제로(齊路)’의 두 문파 이야기, 할인파 VS 적립파"
420,현대카드ZERO(할인형)
421,경차 유류세환급 혜택 · 현대오일뱅크/SK에너지 200원·400원/L 할인 · 국내 가맹점 0.5% 적립
421,"현대오일뱅크/SK에너지 주유시 리터당 200원·400원 할인
모든 충전소(LPG) 이용 시 리터당 100원·200원 할인"
421,현대해상 자동차 보험료 결제 시 청구 할인
421,적립
421,"국내 가맹점 0.5% M포인트 적립
GS칼텍스 주유 시 리터당 60 M포인트 적립 외"
421,신용카드로 자동차보험료 내는 꿀팁 & 자동차보험 할인 신용카드 추천┃2026년 기준
421,주유 할인카드 끝판왕? 정부 지원 유류세 환급 카드 추천
422,"여행,고메,해외쇼핑 5% 특별적립 · 바우처 10만원권 제공 · 연간보너스 5만포인트 적립"
422,적립
422,"당월 이용금액별 국내외가맹점 최대 2% 기본적립
여행, 고메, 해외쇼핑 5% 특별적립"
422,적립
422,"[리워드] 연간 5만 M포인트 적립
[리워드] 발급 2차년도 이후 연회비 5만원/갱신 이후 10만원 본인카드 연회비 면제"
423,업종별 0.5~2% 적립 · 이용금액에 따라 0.75~4% 적립 · 50만원상당 바우처 제공
423,적립
423,"국내외 가맹점에서 0.5~2% 기본 M포인트 적립
100만원 이상 이용 시 1.5배 적립 / 200만원 이상 이용 시 2배 적립"
424,"[선택 제공 혜택]
항공마일리지(대한항공/아시아나항공) 또는 M포인트 적립"
425,"코스트코 매장,온라인몰 1~3% 적립 · 영화,편의점,교통 1~2% 적립 · 그 외 가맹점 1% 적립"
425,"코스트코 매장 · 온라인몰 결제 시 1~3% 적립
생활편의영역 1~2%, 그 외 가맹점 1% 적립"
425,계란값이 난리났네 난리났어! 대형마트 할인카드 TOP5 (feat. 설날 장바구니 물가)
425,현대카드ZERO Edition2(할인형)
426,현대카드ZERO Edition2(할인형)
430,"1,000원당 1마일 적립 · 국내선 동반자 무료항공권 서비스 · 공항라운지 무료 입장"
430,"이용금액 1,000원 당 1마일리지 적립"
432,"1,000원당 국내 1마일 적립 · 1,000원당 해외 2마일 적립 · SKYPASS 회원 할인 서비스"
432,"SKYPASS 1,000원당 1마일, 해외결제는 더블마일 적립"
432,[추천] 상테크 카드로 마일리지 적립까지 가능하다고? 상테크 카드에 주목해야 할 이유 (ft.상테크 카드 추천)
434,SSGPAY 결제 1.5% 적립/할인 · 그외 결제 1.0% 적립/할인
434,적립
434,"실적 관계없이, 한도 제한없이 전 가맹점 1~1.5% 적립/청구할인"
434,알고보면 제일 쏠쏠한 포인트 적립 카드!
435,평일 0.2% 캐시백 · 주말/공휴일 0.4% 캐시백 · 인기 가맹점 캐시백 프로모션
435,"조건 없이 캐시백, 평일 0.2% 주말/공휴일 0.4%"
435,프렌즈 체크카드 캐시백 프로모션 2026
436,KT통신요금 20~5% 캐시백 · KT멤버십 더블 할인 · 해외이용 수수료 면제
436,KT통신요금 5~20%캐시백
436,"KT멤버십 제휴가맹점 할인, POP CARD 할인 및 GS&POINT 적립"
436,케이뱅크 체크카드 포인트적립형
437,이용금액 1.2% 적립 · ATM수수료 무료 혜택 · GS POP 서비스
437,국내·외 가맹점(온라인 포함)에서 1.2% 네이버페이 포인트 적립
437,POP CARD 할인 및 GS&POINT 적립
437,케이뱅크 체크카드 포인트적립형
438,케이뱅크 체크카드 포인트적립형
438,케이뱅크 체크카드 포인트적립형
438,케이뱅크 체크카드 포인트적립형 · 케이뱅크
438,이용금액 1.0% 적립 · GS POP 서비스 · ATM수수료 무료 혜택
438,1.0% 케이뱅크 포인트 적립
438,POP CARD 할인 및 GS&POINT 적립
438,케이뱅크 체크카드 포인트적립형
439,해피포인트가맹점 20~10% 캐시백 · 해피포인트 5~1% 적립 · GS POP 서비스
439,해피포인트 가맹점 10~20% 캐시백 및 포인트적립
439,POP CARD 할인 및 GS&POINT 적립
439,케이뱅크 체크카드 포인트적립형
439,케이뱅크 체크카드 포인트적립형
441,"버스/지하철 건당 100원 할인 · 편의점 5% 할인 · 영화 4,000원 할인"
441,"버스, 지하철 이용건당 100원 할인"
441,"GS25, CU, 세븐일레븐 5% 할인"
441,올리브영 5% 할인
441,"쿠팡, 티켓몬스터, 위메프 10% 할인"
441,"CGV, 롯데시네마, 메가박스 4천원 할인"
441,주요 커피전문점 10% 할인
441,주요 놀이공원 무료입장 또는 입장료/자유이용권 할인
441,통합할인한도
442,어린이집/유치원 3% 할인 · 병/의원 3% 할인 · 커피 10% 할인
444,해외가맹점 1.5% 캐시백 · 국내가맹점 0.1% 캐시백
444,국내/해외 가맹점 이용금액 캐시백 제공
446,대중교통 10% 할인 · 철도/고속버스 5% 할인 · CU 5% 현장할인
446,"전국 시내버스/지하철, KTX(철도)/SRT/고속버스 할인"
446,군 공중전화요금 자동이체 시 10% 할인
446,CU 및 군마트(PX)할인
446,이니스프리 온/오프라인 매장 상시 10% 할인
446,CGV 3천원 현장할인(동반1인 포함 시)
446,아웃백스테이크 20% 현장할인
446,주요 놀이공원 본인 자유이용권 50% 현장할인
446,여기어때 결제금액 매월 최대 1만원 청구할인
446,인터넷 토익시험 접수(결제) 및 온라인서적(교보문고) 구매시 2천원 청구할인
446,20대 남성이면 월 최대 5만원 할인! KB국민 vs IBK기업 나라사랑카드 비교
447,국내 LCC 50% 할인 · 전세계 제휴 라운지 무료 입장 · 국내 면세점 20% 할인
447,국내 저가항공 할인
447,하나머니 적립
447,‘LCC가 대세’ 저비용항공사 할인·적립카드
448,국내특급호텔 50% 할인 · 전세계 제휴 라운지 무료 입장 · 리터당 100원 할인
448,국내 특급호텔 할인
448,하나머니 적립
448,모든 주유소 할인
448,"스타벅스, 커피빈 할인"
448,택시 할인
448,"[반값카드] 프리미엄 호텔에서 호캉스 반값 공략법, 호텔 50% 카드"
449,"연 1회 Special Service 제공 · 월 2회/연 6회 LoungeKey 제공 · 1,500원당 2~1마일 적립"
449,대한항공 마일리지 적립
450,"연 1회 Special Service 제공 · 월 2회/연 6회 LoungeKey 제공 · 1,000원당 2~1마일 적립"
450,아시아나항공 마일리지 적립
451,모든가맹점 1% 기본적립 · 면세점/레저 등 2~5% 특별적립 · Free Package 연1회 제공
451,일반 업종 이용금액 1% 포인트 기본적립
451,면세점 및 백화점 이용금액 2% 포인트 특별적립
451,해외 이용금액 2% 포인트 특별적립
451,"골프, 레저 업종 이용금액 3~5% 포인트 특별적립"
451,SK 주유소 이용금액 리터당 60포인트 적립
452,"1,500원당 1마일 기본적립 · 면세점/레저 등 2~5마일 특별적립 · Free Package 연1회 제공"
452,"일반 업종 이용금액 1,500원당 1마일리지 기본적립"
452,"면세점 및 백화점 이용금액 1,500원당 2마일리지 특별적립"
452,"해외 이용금액 1,500원당 2마일리지 특별적립"
452,"골프, 레저 업종 이용금액 1,500원당 3~5마일리지 특별적립"
452,SK 주유소 이용금액 리터당 3마일리지 적립
453,"1,000원당 1마일 기본적립 · 면세점/레저 등 2~5마일 특별적립 · Free Package 연1회 제공"
453,"일반 업종 이용금액 1,000원당 1마일리지 기본적립"
453,"면세점 및 백화점 이용금액 1,000원당 2마일리지 특별적립"
453,"해외 이용금액 1,000원당 2마일리지 특별적립"
453,"골프, 레저 업종 이용금액 1,000원당 3~5마일리지 특별적립"
453,SK 주유소 이용금액 리터당 3마일리지 적립
454,국내외 가맹점 0.2% 기본적립 · 대형마트 0.8% 추가적립 · GS칼텍스 0.8% 추가적립
454,국내외 가맹점 0.2% 포인트리 기본 적립
454,커피/제과아이스크림 업종 0.2% 포인트리 추가 적립
454,이동통신요금 자동이체 시 0.2% 포인트리 추가 적립
454,GS25 편의점 0.2% 포인트리 추가 적립
454,"대중교통(버스, 지하철), 택시 0.2% 포인트리 추가 적립"
454,대형마트 0.8% 포인트리 추가 적립
454,GS칼텍스 주유소 0.8% 포인트리 추가 적립
455,어린이집보육료 10% 할인 · 병원 5% 할인 · 학원 10% 할인
455,쇼핑 5% 결제일 할인
455,키즈 30% 결제일 할인
455,"헬스(병원, 약국, 산후조리원 업종) 5% 결제일 할인"
455,"육아/교육(어린이집, 유치원, 학원, 학습지 등) 10% 결제일 할인"
455,교통 10% 결제일 할인
455,통신 2천원 결제일 할인
455,"연회비 안내고 쇼핑, 교통, 통신, 병원, 미용실 할인받는 방법"
457,해외가맹점 1~2% 캐시백 · 쇼핑/커피/영화 등 10~20% 할인 · 인천공항라운지 무료 이용
457,[해외서비스] 해외가맹점(해외직구 포함) 이용금액의 1~2% 캐시백
457,"[국내서비스] 쇼핑, 커피, 영화 등 다양한 국내 가맹점 할인 서비스"
458,네이버페이 10% 적립 · 커피전문점 5% 적립 · 전가맹점 0.5% 적립
458,[일상팩] 네이버페이 온라인 간편결제 시 10% 네이버페이 포인트 적립
458,[일상팩] 커피전문점·편의점·배달앱 5% 네이버페이 포인트 적립
458,[온라인팩] 네이버페이 온라인 간편결제 시 10% 네이버페이 포인트 적립
458,"[온라인팩] 네이버페이 온라인 간편결제 시 3,000 네이버페이 포인트 추가적립"
458,적립
458,국내외 온오프라인 가맹점 기본 0.5% 네이버페이 포인트 적립
459,모아포인트 5%~0.8% 적립 · 주요간편결제 3% 추가적립
459,적립
459,모아포인트 5%~0.8% 적립
459,주요 간편결제 모아포인트 3% 추가적립
459,토스도 내놓은 알뜰폰 요금제! 알뜰폰 통신비 할인카드 모아볼까?
459,"단종된 알짜카드를 대체하라, 2026  포인트 적립 신용카드 추천 BEST 5"
463,통신비 7% 할인 · 점심식사/배달앱 5% 할인 · 신세계백화점/이마트 등 7% 할인
463,"청구 할인 혜택 (매일 할인, 라이프 스타일 할인) 최대 7% 할인"
463,계란값이 난리났네 난리났어! 대형마트 할인카드 TOP5 (feat. 설날 장바구니 물가)
463,새해 다짐을 실현시켜줄 온라인 쇼핑 & 백화점 할인카드 TOP 5
463,"[2020 소비 트렌드] 요기요 할인율 1위, 편리미엄 외식 할인에 주목하라"
463,씨티 NEW 캐시백
465,"통신/대중교통 7~10% 적립 · 온라인/편의점 7~10% 적립 · 영화 1만원 이상 5,000원 할인"
465,적립
465,"통합적립한도 안에서 하나머니 적립
(월 최대 3만 하나머니)"
465,"CGV, 메가박스, 롯데시네마 영화표 1만원 이상 결제하면 5천원 청구할인 (월 1회)"
466,"국내/해외 1,000원당 1마일 적립 · 항공/면세 2배 적립 · 해외 2배 적립"
466,대한항공 마일리지 적립 (전월실적 50만원 이상)
466,2026 인기 대한항공 마일리지 적립 신용카드 비교 추천 BEST 4 (ft.마일리지 적립 꿀팁)
469,"인터넷쇼핑 5% 적립 · 선호영역(택1) 5% 적립 · 교통, 통신 5% 적립"
469,[Easy 서비스] 인터넷쇼핑몰 5% 적립
469,[Easy 서비스] 배달앱 5% 적립
469,[Easy 서비스] 대형마트 5% 적립
469,[Easy 서비스] 주유소/충전소 5% 적립
469,[Basic 서비스] 대중교통 5% 적립
469,[Basic 서비스] 이동통신 5% 적립
469,[Basic 서비스] 인터넷 쇼핑몰 앱카드 결제 5% 적립
469,[Pick 서비스] 선호영역(택1) 5% 적립
470,"푸드, 배달앱, 커피 5% 할인 · 온라인음원, 숙박앱 5% 할인"
470,[Easy on 특화서비스] 인터넷 쇼핑몰 5% 할인
470,[Easy on 특화서비스] 음식 업종 5% 할인
470,[Easy on 특화서비스] 소셜커머스 5% 할인
470,[Easy on 특화서비스] 배달앱 5% 할인
470,[Easy on 특화서비스] 백화점 5% 할인
470,[Easy on 특화서비스] 커피 5% 할인
470,[Easy on 특화서비스] 편의점 5% 할인
470,[Easy on Plus 서비스] 대중교통 5% 할인
470,[Easy on Plus 서비스] 이동통신요금 5% 할인
470,"[Easy on Plus 서비스] 온라인 음원, 숙박앱 5% 할인"
470,[Easy on Plus 서비스] 인터넷 쇼핑몰 앱카드 결제 5% 할인
470,최대 20% 할인! 마켓컬리 할인카드 BEST5
470,"먹을 것, 입을 것, 즐길 것 모두 비대면으로… 온라인 할인 신용카드 추천"
471,일반 가맹점 0.5% 적립 · LOTTE ON 온라인쇼핑몰 3% 특별적립
471,기본적립 0.5% L.POINT 적립
471,특별적립 3% L.POINT 적립
471,[2020 소비 트렌드] 포인트 적립 한도 1위 '30만 점'에 주목하라
473,저가항공 3% 적립 · 온라인여행사 2% 적립 · 국내외 공항라운지 무료 이용서비스
473,[특별적립] 저비용 항공사 6개사 3% UniMile 적립
473,[특별적립] 해외이용 2% UniMile 적립
473,[특별적립] 온라인여행사 2% UniMile 적립
473,[특별적립] 면세점 2% UniMile 적립
473,[특별적립] 렌터카 1% UniMile 적립
473,[특별적립] 주유소 1% UniMile 적립
473,[기본적립] 국내가맹점 0.7% UniMile 적립
473,"스타벅스, 투썸플레이스 1천원 청구할인"
473,해외 유명 박물관/미술관 입장권 할인
473,"[리뷰] 유럽 미술관 50% 할인 + 무료 공항라운지, 회심의 마일리지 카드"
473,"가성비부터 프리미엄까지, 2026  대한항공 마일리지 적립 신용카드 추천 로드맵"
475,"1,500원당 10~30마일 적립 · 공항라운지 연 2회 무료 · 스타벅스 2천원 할인"
475,유니마일(Unimile) 적립
475,스타벅스 2천원 할인
476,DIY서비스 17% 적립 · 쇼핑 1~5% 적립 · 푸드 1~5% 적립
476,[Making 17 서비스] 포인트 적립받을 영역과 적립율을 직접 선택하는 DIY 서비스!
476,"백화점, 마트, 홈쇼핑, 온라인쇼핑, 소셜몰, 패션&뷰티 1~5% 적립"
476,"커피전문점, 편의점, 베이커리, 배달앱 1~5% 적립"
476,"해외, 항공&면세점 1~5% 적립"
476,"주유, 교육, 병원, 이동통신, 대중교통 1~5% 적립"
476,적립
476,"[My Pick 서비스] 마이신한포인트 2,000포인트 적립"
476,이 시국에도 교육은 계속 된다! 학원비 할인카드!
477,최다이용영역 2% 적립 · 푸드 2% 적립 · 생활 2% 적립
477,[Taking 10 서비스] 가장 많이 이용한 5개 영역 각 2%씩 적립
477,"백화점, 마트, 홈쇼핑, 온라인쇼핑, 소셜몰, 패션&뷰티 2% 적립"
477,"커피전문점, 편의점, 베이커리, 배달앱 2% 적립"
477,"해외, 항공&면세점 2% 적립"
477,"주유, 교육, 병원, 이동통신, 대중교통 2% 적립"
477,적립
477,"[My Pick 서비스] 마이신한포인트 1,000포인트 적립"
478,"홈플러스포인트 1.2% 적립 · 생활친화가맹점 잔돈할인 서비스 · YES24, 인터파크 영화예매할인 서비스"
478,홈플러스 포인트 1.2% 적립
478,"YES24, 인터파크 영화 예매 1,500원 할인"
478,생활친화가맹점 잔돈할인 서비스
479,홈플러스포인트 0.6% 적립
479,홈플러스포인트 0.6% 적립
479,현대카드ZERO Edition2(할인형)
480,"카카오T(택시,대리 등) 2천원 할인 · 주유소 60원/L 할인 · KTX, SRT 5% 할인"
480,카카오 T 2천원 할인
480,주유소 리터당 60원 할인
480,철도(KTX/SRT포함) 5% 할인
480,영화관 3천원 할인
481,온라인쇼핑 10% 할인 · 공항라운지 무료 이용 · 동물병원 10% 할인
481,온라인 쇼핑 10% 청구할인
481,4대 PAY 결제 시 5% 추가 청구할인
481,동물병원 10% 청구할인
481,"백화점, 아울렛, 잡화 10% 청구할인"
481,"대형할인점, 편의점 등 10% 청구할인"
481,해외 이용금액 1% 청구할인
481,주말 4대 주유소 리터당 60원 청구할인
481,"스타벅스, 폴바셋 10% 청구할인"
481,반려인 70% “우리집 댕댕이도 냥이도 ‘이 카드’로 키웠어요…” 동물병원부터 펫보험까지 할인되는 카드는
482,온라인쇼핑 10% 할인 · 공항라운지 무료 이용 · 동물병원 10% 할인
482,온라인 쇼핑 10% 청구할인
482,4대 PAY 결제 시 5% 추가 청구할인
482,동물병원 10% 청구할인
482,"백화점, 아울렛, 잡화 10% 청구할인"
482,"대형할인점, 편의점 등 10% 청구할인"
482,해외 이용금액 1% 청구할인
482,주말 4대 주유소 리터당 60원 청구할인
482,"스타벅스, 폴바셋 10% 청구할인"
482,반려인 70% “우리집 댕댕이도 냥이도 ‘이 카드’로 키웠어요…” 동물병원부터 펫보험까지 할인되는 카드는
483,음식점 5% 할인 · 커피전문점 5% 할인 · 배달앱 5% 할인
483,주요 편의점 및 제과점 5% 할인
483,음식점 5% 할인
483,커피전문점 5% 할인
483,드러그스토어 5% 할인
483,배달앱 5% 할인
483,주요인터넷 쇼핑 5% 할인
483,지하철 · 버스 5% 할인
483,이동통신요금(휴대폰) 5% 할인
483,해외 이용요금 5% 할인 (온라인 및 오프라인)
483,3대 마트 5% 할인
483,S–Oil 리터당 60원 할인(LPG충전소 포함)
483,삼시세끼 + 두끼 할인! 직장인 루틴에 맞게 혜택 주는 신용카드
486,올리브영 3천원 캐시백 · CGV 3천원 캐시백 · 인천공항라운지 무료 이용서비스
486,올리브영 3천원 캐시백
486,CGV 3천원 캐시백
486,뚜레쥬르 3천원 캐시백
486,"버스, 지하철 3천원 캐시백"
487,대중교통 200~600원 할인 · 택시 10% 할인 · KTX 10% 할인
487,"버스, 지하철 후불 교통 이용 금액 일 200원 ~ 일 600원 할인"
487,택시/KTX 이용 금액 10% 할인
487,4대 백화점 5% 할인
487,커피전문점 10% 할인
487,편의점 5% 할인
487,이동통신요금 5% 할인
487,"CGV, 인터파크, YES24 영화 할인"
487,캐시백
487,"전기요금, 통신요금, 해외이용금액 5% 캐시백 제공"
487,휴가비 10만원 지원받고 떠나자! 핵가성비 국내여행 할인카드 활용법 tip 3
488,"영화관 3천점 적립 · 자동차보험 1만점 적립 · SK, GS칼텍스 150점/L 적립"
488,주유 리터당 150점 포인트리 적립
488,오토케어 5% 포인트리 적립
488,자동차보험 1만점 포인트리 적립
488,영화 3천점 포인트리 적립
488,제과/아이스크림 2천점 포인트리 적립
488,"편의점, 올리브영 1천점 포인트리 적립"
488,적립
488,국내·외 가맹점 0.2% 포인트리 적립
489,저비용항공사 5% 할인 · 해외이용 3% 캐시백 · 면세점 5% 할인
489,여행 할인
489,할인
489,전 가맹점 할인
490,국내외가맹점 0.5% 적립 · 11번가 1% 적립
490,적립
490,국내외 가맹점 이용금액 0.5% SK pay 포인트 적립
490,11번가에서 SK pay 결제 시 이용금액 1% 적립
490,최대 4% 적립되니까 11번가 결제할 땐 무조건 이 카드!
490,현대카드ZERO Edition2(할인형)
491,국내외가맹점 0.1% 적립 · 11번가 0.5% 적립
491,적립
491,국내외 가맹점 이용금액 0.1% SK pay 포인트 적립
491,11번가에서 SK pay 결제 시 이용금액 0.5% 적립
497,NH포인트 최대0.5% 적립 · GS칼텍스 40원/L 할인 · 놀이공원 연6회 할인
497,적립
497,[Point Pack] NH포인트 최대 0.5% 적립
497,[Auto Pack] GS칼텍스 L당 40원 주유할인(LPG제외)
497,"[Joy Pack] 농협판매장, 놀이공원, 영화, 통신요금 할인"
498,일상생활영역 1% 적립 · 농협계통업종 1% 적립 · 농업관련업종 1% 적립
498,적립
498,"일상생활, 농협계통업종, 농업관련업종 NH포인트 적립"
499,농협판매장 5% 적립 · 주유소 40원/L 할인 · 영화 10% 할인
499,적립
499,농협판매장 NH포인트 적립
499,"농협운영주유소, GS칼텍스 적립 및 할인"
499,문화서비스 할인
500,모든가맹점 0.8% 적립 · 해외결제 1.2% 적립 · 신세계면세점선불카드 5만원 증정
500,전 가맹점 0.8~1.2% 적립/청구할인
500,적립
500,신세계포인트 가맹점 이용 시 신세계포인트 적립
500,현대카드ZERO Edition2(할인형)
501,모든가맹점 1% 적립 · SSGPAY 결제 시 1.5% 적립 · 신세계포인트 추가 적립
501,"실적 관계없이, 한도 제한없이 전 가맹점 1~1.5% 적립/청구할인"
501,적립
501,신세계포인트 가맹점 이용 시 신세계포인트 추가 적립
501,현대카드ZERO Edition2(할인형)
502,일반가맹점 0.5% 적립 · 네이버페이가맹점 3% 적립
502,적립
502,0.5% 또는 3% 네이버페이 포인트 적립
502,"에디터가 뽑은 2023 롯데카드 TOP5│실적 없어도 괜찮아요, 무조건 1.2% 할인"
502,모든 곳에서 2.5% 적립! 네이버페이 단골에게 필요한 단 하나의 신용카드
503,"1,500원당 0.7마일리지 기본적립 · 영화 15마일리지 특별적립 · 여행 7마일리지 특별적립"
503,"[기본적립] 1,500원당 0.7 마일리지 적립"
503,[특별적립] 엔터테인먼트 15 마일리지 적립
503,[특별적립] 여행 7 마일리지 적립
503,[특별적립] 생활(라이프) 5 마일리지 적립
503,[특별적립] 쇼핑 5 마일리지 적립
503,최대 20마일 적립! 돌아온 레전드 카드 ‘씨티 메가마일 카드’
503,씨티 NEW 캐시백
504,"1,500원당 1마일리지 기본적립 · 영화 20마일리지 특별적립 · 여행 10마일리지 특별적립"
504,"[기본적립] 1,500원당 1 마일리지 적립"
504,[특별적립] 엔터테인먼트 20 마일리지 적립
504,[특별적립] 여행 10 마일리지 적립
504,[특별적립] 생활(라이프) 7 마일리지 적립
504,[특별적립] 쇼핑 5 마일리지 적립
504,최대 20마일 적립! 돌아온 레전드 카드 ‘씨티 메가마일 카드’
504,씨티 NEW 캐시백
505,적립조아카드
505,적립조아카드
505,적립조아카드 · NH농협카드
505,국내이용시 0.5~1.2% 적립 · 해외이용시 1~1.5% 적립 · 해외이용시 감사포인트 적립
505,적립
505,국내이용 시 0.5~1.2% TOP포인트 적립
505,해외이용 시 1~1.5% TOP포인트 적립
505,해외이용 시 감사포인트 적립(연 1회)
505,NH농협 올바른LIFE카드(적립형)
505,zgm 할인카드
506,할인조아카드
506,할인조아카드
506,할인조아카드 · NH농협카드
506,주유소 60원/L 할인 · 영화 2천원 할인 · 놀이공원 연6회 할인
506,[7대 업종 생활할인] 전 주유소(LPG 포함) 리터당 60원 청구할인
506,[7대 업종 생활할인] CGV/롯데시네마/메가박스 2천원 청구할인
506,[7대 업종 생활할인] 스타벅스/이디야 2천원 청구할인
506,[7대 업종 생활할인] 쿠팡/티몬/위메프 2천원 청구할인
506,[7대 업종 생활할인] GS25/CU/세븐일레븐 1천원 청구할인
506,[7대 업종 생활할인] 하나로마트/이마트/홈플러스/롯데마트 5% 청구할인
506,[7대 업종 생활할인] 버스/지하철 이용 시 건당 100원 청구할인
506,"전국 주요 놀이공원 할인 (월 1회, 연 6회)"
506,zgm 할인카드
507,페이결제시 5% 할인 · 쇼핑 5% 할인 · 전가맹점 0.5% 기본할인
507,페이 결제 시 5% 할인
507,온라인/오프라인 쇼핑 5% 할인
507,전 가맹점 0.5% 기본할인
507,현대카드ZERO Edition2(할인형)
507,zgm 할인카드
508,학원비 5% 할인 · 10대업종 0.5~1% 할인 · 교육비 2천원 할인
508,학원비 5% 청구할인
508,초/중/고교 교육비 자동납부 시 2천원 청구할인
508,10대 업종 0.5~1% 청구할인
508,zgm 할인카드
512,기본 0.7% 적립 · 최대 1.0% 추가적립 · 국제공항 라운지 무료이용
512,적립한도 없이 기본 0.7% 적립+우대 최대0.3% 적립
512,생활영역 0.5%~1.0% 추가적립
512,zgm 할인카드
513,기본 0.7% 적립 · 최대 1.2% 추가적립 · 이체수수료 월10회 면제
513,적립한도 없이 기본 0.7% 적립+우대 최대0.3% 적립
513,생활영역 0.7%~1.2% 추가적립
513,zgm 할인카드
514,올바른 BAZIC 카드 · NH농협카드 · 연회비 캐시백
514,일요일 최대1.2% 할인 · 해외이용 1.0% 할인 · 국내공항 라운지 무료이용
514,할인한도 없이 0.7%~1.2% 할인
514,해외이용가맹점 1.0% 청구할인
514,zgm 할인카드
516,주말 최대1.4% 할인 · 해외이용 1% 할인 · 선택영역 최대2.1% 할인
516,할인한도 없이 0.7%~1.4% 할인
516,해외이용가맹점 1.0% 청구할인
516,선택영역 1개 영역 1.4%~2.1% 청구할인
516,현대카드ZERO Edition2(할인형)
516,zgm 할인카드
517,국내외가맹점 0.2% 할인 · 주말 국내가맹점 0.3% 할인
517,국내·외 전 가맹점 0.2~0.3% 청구할인
521,온/오프라인 쇼핑 10% 할인 · 베트남현지 5% 할인 · 공항라운지 무료 이용
521,온라인 쇼핑 10% 청구할인
521,오프라인 쇼핑 10% 청구할인
521,베트남 현지 오프라인 全가맹점 5% 청구할인
521,주말 4대 주유소 리터당 60원 청구할인
521,"스타벅스, 폴바셋 10% 청구할인"
522,통신요금 자동이체 최대 1만 5천원 청구할인 · Liiv M 마스터 티타늄 서비스
522,통신요금 자동이체 1만원~1만5천원 청구할인
523,통신요금 5% 할인 · 야놀자 3% 할인 · CU편의점 3% 할인
523,이동통신요금 5% 환급할인
523,11번가 3% 환급할인
523,야놀자 3% 환급할인
523,CU편의점 3% 환급할인
526,NH농협 올바른LIFE카드(할인형)
526,NH농협 올바른LIFE카드(할인형)
526,NH농협 올바른LIFE카드(할인형) · NH농협카드
526,온라인쇼핑 3% 할인 · 커피전문점 5% 할인 · 이동통신요금 2천원 할인
526,온라인쇼핑 3% 청구할인
526,대형마트 3% 청구할인
526,"병원, 약국 3% 청구할인"
526,서점 3% 청구할인
526,"커피, 제과점 5% 청구할인"
526,영화 5% 청구할인
526,편의점 5% 청구할인
526,이동통신요금 자동납부건 2천원 청구할인
526,전국 주요 놀이공원 할인
526,현대카드ZERO Edition2(할인형)
526,zgm 할인카드
527,NH농협 올바른LIFE카드(적립형)
527,NH농협 올바른LIFE카드(적립형)
527,NH농협 올바른LIFE카드(적립형) · NH농협카드
527,국내외 가맹점 0.5% 기본적립 · 생활업종 0.3~0.5% 추가적립 · 해외이용 0.3~0.5% 추가적립
527,국내·외 이용가맹점 0.5% 기본적립
527,"생활, 여가, 해외업종 0.3%~0.5% 추가적립"
527,zgm 할인카드
528,커피 최대 1% 적립 · 대중교통 1.5% 적립 · 유튜브결제 5% 적립
528,"커피. 월~금 0.5% / 토,일 1% NH포인트 적립"
528,"편의점. 월~금 0.5% / 토,일 1% NH포인트 적립"
528,"영화. 월~금 0.5% / 토,일 1% NH포인트 적립"
528,"온라인쇼핑. 월~금 0.5% / 토,일 1% NH포인트 적립"
528,"배달앱. 월~금 0.5% / 토,일 1% NH포인트 적립"
528,교통. 요일관계없이 1.5% NH포인트 적립
528,해외. 요일관계없이 1.5% NH포인트 적립
528,서점. 요일관계없이 1.5% NH포인트 적립
528,"자기계발, 공연·전시, H&B. 요일관계없이 1.5% NH포인트 적립"
528,"유튜브, 넷플릭스, 유료 어플리케이션 결제 5% NH포인트 적립"
529,50만원이상이용 기본1% 적립 · 200만원이상이용 기본X2배 적립 · 바우처 20만원상당 제공
529,"국내외 가맹점에서 1% 기본 M포인트 적립
100만원 이상 이용 시 1.5배 적립 / 200만원 이상 이용 시 2배 적립"
530,저비용항공사 3% UniMile적립 · 국내외가맹점 0.7~1.4% UniMile적립 · 공항라운지 무료 이용
530,저비용항공사(LCC) 3% UniMile 적립
530,국내·외 가맹점 이용 시 0.7~1.4% UniMile 적립
530,생활 할인 서비스
530,"유니마일vs멤버십 포인트, 저가항공(LCC) 항공권 결제할 때 무엇이 이득일까? (ft.저가항공권 할인카드)"
530,"가성비부터 프리미엄까지, 2026  대한항공 마일리지 적립 신용카드 추천 로드맵"
530,zgm 할인카드
531,"농협판매장 5% 적립 · 생활편의업종 3% 적립 · 병원, 약국 5% 할인"
531,농협판매장 이용금액의 5% NH포인트 적립
531,주요 생활편의업종 이용액의 3% NH포인트 적립
531,전국 주요 놀이공원 할인
531,"병원, 약국 5% 청구할인"
531,zgm 할인카드
532,전 가맹점 0.2% 기본적립 · 농협판매장 0.5~1% 추가적립 · 공항라운지 무료 이용
532,적립
532,NH포인트 0.2% 기본 적립
532,농협판매장 NH포인트 추가 적립
533,주유소 5천원 할인 · 대리운전 5% 할인 · 엔진오일교환 2만5천원 할인
533,"[DC ONE] 내가 직접 고르는 특별할인!
[DC ALL] 언제 어디서나 누리는 기본할인!"
533,"[드라이버 할인] 음식점(저녁), 편의점, 주차장, 세차장, 대리운전 5% 할인"
533,"[오토 할인]엔진오일 교환 25,000원 할인
자동차보험 10,000원 할인"
533,신용카드로 자동차보험료 내는 꿀팁 & 자동차보험 할인 신용카드 추천┃2026년 기준
534,국내외 가맹점 0.5% 청구할인 · 인터파크 5% 청구할인
534,국내외 온·오프라인 가맹점 0.5% 결제일 청구할인
534,인터파크 5.0% 결제일 청구할인
534,공연/뮤지컬 티켓 할인 신용·체크카드 추천 BEST 5ㅣ2026 문화가 있는 날 영화 예매 및 혜택 정리
534,"에디터가 뽑은 2023 롯데카드 TOP5│실적 없어도 괜찮아요, 무조건 1.2% 할인"
534,현대카드ZERO Edition2(할인형)
535,"스페셜기프트 5만원 제공 · 스타포인트 최대30만점 적립 · 롯데시네마, 엔제리너스 1+1 서비스"
535,"롯데면세점 5~15% 할인우대, 롯데백화점 5% 할인 e-쿠폰 등"
535,"T.G.I. FRiDAY'S 10% 할인, 미스터피자 15% 현장할인 등"
535,박준 뷰티랩 20%할인/박승철 헤어스투디오 15% 할인 (프리미엄 매장 제외)
535,"롯데월드 본인 종합이용권 50% 할인, 롯데시네마 관람권 1,500원 할인 등"
535,현대카드ZERO Edition2(할인형)
536,렌탈 자동이체 최대 7천포인트 적립 · 정기월납 자동이체 최대 6천포인트 적립 · 디지털구독 정기결제 최대 6천포인트 적립
536,10개 렌탈사 자동이체 이용 시 마이신한포인트 적립
536,7개 생활월납 자동이체 이용 시 마이신한포인트 적립
536,디지털 구독 서비스 정기결제 이용 시 마이신한포인트 적립
536,"아파트관리비 실적 인정 카드만 모았다, 2026 아파트관리비 할인카드 추천 BEST 4"
537,렌탈 자동이체 최대 7천포인트 적립 · 디지털구독 정기결제 최대 6천포인트 적립 · 커피/편의점/해외이용 최대 8천포인트 적립
537,10개 렌탈사 자동이체 이용 시 마이신한포인트 적립
537,7개 생활월납 자동이체 이용 시 마이신한포인트 적립
537,7개 디지털 구독 서비스 정기결제 이용 시 마이신한 포인트 적립
537,"커피, 편의점, 해외 이용시 마이신한포인트 적립"
537,"넷플릭스, 왓챠, 멜론 쓰면 월 최대 1만 8천포인트 적립! 신한카드 Deep Once & Deep Once Plus"
537,[콘텐츠 구독 시대] 넷플릭스 할인카드 BEST 5
538,온라인강의 5% 할인 · 종합스포츠센터 3% 할인 · 서점 5% 할인
538,"학원 3% 할인
온라인강의 5% 할인"
538,"수영장, 요가, 레포츠클럽, 문화센터, 종합스포츠센터 3% 할인"
538,"서점, 문방구점, 학습지, 기타 학습자재 5% 할인"
538,"대형마트, 통신요금, 패스트푸드 할인"
538,연 최대 120만원 캐시백! 2026  학원비 할인 신용카드 & 체크카드 추천 BEST 7
539,기프트카드 3만원 제공 · 생활업종 10% 할인 · 공항라운지 연2회 무료
539,"외식업종, 마트, 학원업종 10% 할인"
540,"병원, 약국 5% 캐시백 · 보험료 5% 캐시백 · 월 이용 TOP3 5% 캐시백"
540,"병원, 약국, 동물병원 5% 캐시백"
540,"운동, 레저스포츠, 건강보조식품 등 5% 캐시백"
540,월 이용금액 TOP3 그룹 자동으로 5% 캐시백
540,"누적 이용금액 600만원 달성 시, 1만원 보너스 캐시백"
540,지금 챙겨야 할 병원비 할인카드 BEST 5
541,국내외 가맹점 최대0.7% 할인 · 10만원 이상 최대1.4% 할인
541,국내외 가맹점 최대 1.4% 할인
541,현대카드ZERO Edition2(할인형)
542,"갤러리아 5% 할인 · 해외가맹점 1% 할인 · 영화관 5,000원 할인"
542,해외 가맹점(해외직구 포함) 1% 청구할인
542,4대 주유소 주말 주유시 리터당 60원 청구할인
542,"커피(스타벅스, 폴바셋, 빈스앤베리스) 1천원 청구할인"
542,"CGV, 롯데시네마 12,000원 이상 결제시 5,000원 청구할인
대림미술관 20% 청구할인"
543,아파트관리비 최대 1만5천원 할인 · 도시가스 3천원 할인 · 넷플릭스 30% 할인
543,"아파트관리비(공공 임대료) 5천~15천원 청구할인,
도시가스 자동납부 3,000원 청구할인"
543,"유튜브 프리미엄 정기권 30% 청구할인,
넷플릭스 정기권 30% 청구할인"
543,이번 크리스마스에도 나홀로집에 볼 건 아니죠? 넷플릭스 할인카드 TOP 5
543,[콘텐츠 구독 시대] 넷플릭스 할인카드 BEST 5
544,아파트관리비 최대 1만5천원 할인 · 학원 10% 할인 · 공항라운지 무료 입장
544,"아파트관리비(공공 임대료) 5천~15천원 청구할인,
도시가스 자동납부 3,000원 청구할인"
544,학원 10% 청구할인
544,"유튜브 프리미엄 정기권 30% 청구할인,
넷플릭스 정기권 30% 청구할인"
545,아파트관리비 최대1만원 캐시백 · 유튜브정기권 30% 캐시백
545,아파트관리비(공공 임대료) 3천~10천원 캐시백
545,유튜브 프리미엄 정기권 30% 캐시백
546,"버스, 지하철 10% 할인 · 모아포인트 최대0.9% 적립 · 유아출산의류 10% 할인"
546,대중교통요금 10% 할인
546,적립
546,모아포인트 최고 0.9% 적립
546,GS칼텍스 리터당 최대 70원 청구할인
546,패밀리 레스토랑 할인
546,"영화, 놀이공원, 콘도 할인"
546,"유명의류, 한국프뢰벨, 현대홈쇼핑, 특별할인서비스"
546,현대카드ZERO Edition2(할인형)
548,"국내외가맹점 1,000원당 1마일 적립 · 해외일시불 1,000원당 1마일 추가적립 · 전세계 공항라운지 무료 이용서비스"
548,"이용금액 1,000원당 대한항공 마일리지 적립"
550,"스타벅스 20% 할인 · 도서 1,500원 할인 · 패밀리레스토랑 10% 할인"
550,"영화 인터넷 예매시 1,500원 청구할인"
550,유명 놀이공원 무료입장 또는 자유이용권 현장할인
550,패밀리레스토랑 10% 청구할인
550,스타벅스 20% 청구할인
550,"교보문고(온라인 포함), Yes24 1,500원 청구할인"
550,GS칼텍스 리터당 25원 청구할인
550,동화면세점 최고 10% 현장할인
550,오! 포인트 추가 할인 및 적립
551,자동납부이용 최대1만원 캐시백 · 영화 3천원 할인 · 선택형패키지 5% 할인
551,자동납부 5천원/1만원 캐시백
551,통신요금 자동납부 5천원 청구할인
551,영화 3천원 청구할인
551,정기결제 1천원 청구할인
551,[꿀팁]이렇게 하면 전기요금 70% 절약한다? 전기요금 폭탄 피하는 꿀팁! 이대로만 따라하자(ft.공과금 할인카드)
551,[꿀팁] 폭염비상! 에어컨 전기요금 금액별 최강 할인카드는? (공과금 대표 카드 비교)
551,“홍콩 무료항공권 이렇게 구하세요!” 항공권 할인카드 vs 마일리지 카드 고민이라면
558,"국내외 가맹점 1,000원당 1.3마일 적립 · 해외일시불 1,000원당 1.2마일 추가적립 · 전세계 공항라운지 무료 이용서비스"
558,"이용금액 1,000원당 아시아나항공 마일리지 적립"
559,"대중교통 10% 청구할인 · 이동통신요금 2,500원 환급할인 · CGV 35% 환급할인"
559,버스·지하철 10% 청구할인
559,"이동통신요금 2,500원 환급할인"
559,CGV 35% 환급할인
559,"아웃백, VIPS / 스타벅스 20% 환급할인"
559,에버랜드·롯데월드 50% 환급할인
559,GS25 5% 환급할인
559,교보문고 5% 환급할인
559,통합할인한도
560,"1,000원당 최대2마일 적립 · 특별가맹점 2마일 적립 · 연 1회 20만원상당 바우처제공"
560,"국내 1마일리지, 해외 2마일리지 적립
국내 특별 가맹점 2마일리지 적립"
560,적립
560,보너스 포인트 적립 (매년 1회)
560,zgm 할인카드
561,"대중교통 10% 청구할인 · 이동통신요금 2,500원 환급할인 · CGV 35% 환급할인"
561,버스·지하철 10% 청구할인
561,"이동통신요금 2,500원 환급할인"
561,CGV 35% 환급할인
561,"아웃백, VIPS / 스타벅스 20% 환급할인"
561,에버랜드·롯데월드 50% 환급할인
561,GS25 5% 환급할인
561,교보문고 5% 환급할인
561,통합할인한도
562,기부전용포인트 0.8% 적립 · 온라인쇼핑 5% 할인 · 종합건강검진비 2만원 할인
562,전가맹점 러브포인트 0.8% 적립
562,5대 업종 5% 청구할인
562,이동통신요금 자동납부건 2천원 청구할인(월 1회)
562,종합건강검진비 2만원 청구할인(연 1회)
562,"전국 주요 놀이공원 할인(통합 월 1회, 연 6회)"
562,zgm 할인카드
563,"1,500원당 최대2마일 적립 · 특별가맹점 2마일 적립 · 연 1회 20만원상당 바우처제공"
563,"국내 1마일리지, 해외 2마일리지 적립
국내 특별 가맹점 2마일리지 적립"
563,적립
563,보너스 포인트 적립 (매년 1회)
563,zgm 할인카드
564,국내외가맹점 최대2% 적립 · 특별가맹점 2% 적립 · 연 1회 20만원상당 바우처제공
564,적립
564,"국내 1%, 해외 2% 적립
국내 특별 가맹점 2% 적립"
564,적립
564,보너스 포인트 적립 (매년 1회)
564,zgm 할인카드
565,"1,500원당 최대2마일 적립 · 주말사용 최대3마일 적립 · 연 1회 30만원상당 바우처제공"
565,"국내 1마일리지, 해외 2마일리지 적립
주말 국내 2마일리지, 해외 3마일리지 적립"
565,전세계 스타벅스 이용시 4천원 청구할인(월 1회)
565,zgm 할인카드
566,"1,000원당 최대2마일 적립 · 주말사용 최대3마일 적립 · 연 1회 30만원상당 바우처제공"
566,"국내 1마일리지, 해외 2마일리지 적립
주말 국내 2마일리지, 해외 3마일리지 적립"
566,전세계 스타벅스 이용시 4천원 청구할인(월 1회)
566,zgm 할인카드
567,국내외가맹점 최대2% 적립 · 주말 최대3% 적립 · 연 1회 30만원상당 바우처제공
567,적립
567,"국내 1%, 해외 2% 적립
주말 국내 2%, 해외 3% 적립"
567,전세계 스타벅스 이용시 4천원 청구할인(월 1회)
567,zgm 할인카드
568,"커피,이동통신 등 최대3% 적립 · 영화관 3,000원 할인 · 부가세신고 등 세무지원 서비스"
568,적립
568,"커피, 이동통신, 주유 등 1~3% 빅포인트 적립"
568,파리바게뜨·배스킨라빈스·던킨도너츠 10% 결제일할인
568,"CGV 및 롯데시네마 3,000원 결제일할인"
569,디지털스트리밍 1만원 할인 · 간편결제 5% 할인
569,4대 디지털 스트리밍 서비스 1만원 청구 할인
569,6대 온라인 간편결제서비스 5% 청구 할인
569,현대카드ZERO(할인형)
569,현대카드ZERO Edition2(할인형)
571,마트 5% 캐시백 · 소셜커머스 5% 캐시백 · 음식점 5% 적립
571,"전통시장 10% 캐시백,
대형마트, 6대 홈쇼핑, 다이소 5% 캐시백"
571,"음식점 5%포인트 적립,
파리바게트, 뚜레쥬르, 엔제리너스, 카페베네, 스타벅스, 이디야, 폴바셋 5% 포인트 적립"
571,"SK주유 L당 40원 포인트 적립,
알뜰주유 L당 100원 포인트 적립"
571,"메가박스 현장구매, 홈페이지 예매시 5% 캐시백,
Yes24, 교보문고(인터넷) 5% 캐시백"
571,"우편, 택배, EMS, 우표구매, 우체국쇼핑 10% 포인트 적립"
571,[100% 당첨 이벤트] 아이패드 갖고 싶지만 100만 원도 받고 싶어
572,편의점 10% 캐시백 · 간편결제 10% 캐시백 · 통신료 3천원 캐시백
572,"GS25, CU 10% 캐시백,
이마트, 롯데마트, 홈플러스 10% 캐시백"
572,"삼성페이, 카카오페이, 네이버페이 10% 캐시백"
572,"G마켓, 11번가, 쿠팡 10% 캐시백"
572,"통신료(SKT, KT, LG U+) 3천원 캐시백"
572,배달의 민족 10% 캐시백
573,국내가맹점 0.3% 적립 · 우체국서비스 5% 적립 · 통신서비스 10% 적립
573,적립
573,"국내 전 가맹점 이용금액의 0.3% 우체국 포인트 적립,
우편·우체국쇼핑 이용금액의 5% 우체국 포인트 적립"
573,우체국 알뜰폰 통신료 10% 우체국 포인트 적립
573,전국 Oh! point 가맹점에서 적립 또는 사용 가능
574,"1,500원당 1마일 적립 · 해외이용시 1% 캐시백 · 가맹점 5% 캐시백"
574,"할인가맹점 이용액 1,500원 당 1마일리지 적립,
그 외 전 가맹점 이용액 2,500원 당 1마일리지 적립"
574,해외 이용 시 1% 캐시백
574,"쿠팡, 티몬, 위메프 5% 캐시백"
574,"GS25, CU, 세븐일레븐 5% 캐시백
홈플러스, 이마트, 이마트 트레이더스, 롯데마트, 롯데VIC마켓 5% 캐시백"
574,"스타벅스, 투썸플레이스, 이디야 5% 캐시백"
574,SK주유 L당 40원 할인
574,면세점 5% 캐시백
574,"CGV, 롯데시네마, 메가박스 5% 캐시백"
574,"우체국 서비스(우편, 쇼핑) 5% 캐시백"
575,온라인 쇼핑 10% 혜택 · 반려동물관련 10% 혜택 · 해외가맹점 1% 혜택
575,"[국내 서비스] 온라인 쇼핑, 홈쇼핑 10%"
575,"[국내 서비스] 대형마트, 편의점 10%"
575,[국내 서비스] 반려동물 10%
575,[국내 서비스] 레저/스포츠 10%
575,[국내 서비스] 우체국 5%
575,[해외 서비스] 해외 전 가맹점 1%
576,패스트푸드 10% 캐시백 · 커피 10% 캐시백 · 편의점 5% 캐시백
576,죠스떡볶이 · 롯데리아 · 맥도날드 · 버거킹 10% 캐시백
576,더페이스샵 · 미샤 · 이니스프리 5% 캐시백
576,"YBM시사 · 파고다 10% 캐시백,
토익 TEPS 응시료 10% 캐시백"
576,교보문고 · YES24 5% 캐시백
576,"통신요금 월 최대 3,000원 캐시백"
576,코레일5% 캐시백
576,GS25 5% 캐시백
576,스타벅스 · 카페베네 · 엔제리너스 10% 캐시백
576,CGV · 메가박스 · 롯데시네마 10% 캐시백
576,"우편서비스, 전통시장 · 중소슈퍼(통합할인)"
576,연 43만 2천원 할인받는 체크카드가 있다고? 요즘 HOT한 우체국 체크카드
578,금융포인트 0.5~5% 적립 · 대출금리 연0.1~0.3% 할인 · 금융수수료 면제 서비스
578,"금융포인트 0.5~5% 적립
KB증권 매매수수료의 5% 금융포인트 적립"
578,“나만 빼고 다하는 짠테크?” 포인트&캐시백으로 투자하는 신용/체크카드 활용법
578,세금 결제하면 포인트 적립이 안된다고? 이 카드는 다르다
579,"1,000원당 1마일 적립 · 특별가맹점 1마일 추가적립 · 공항라운지 무료 이용"
579,"국내외(온․오프라인) 가맹점 1,000원당 1마일리지 적립
해외, 커피, 택시, 편의점, 대중교통 가맹점 1,000원당 1마일리지 추가 적립"
580,피트니스 5% 적립 · 학원 5% 적립 · 골프 5% 적립
580,[Easy 서비스] 인터넷쇼핑몰 5% 적립
580,[Easy 서비스] 배달앱 5% 적립
580,[Easy 서비스] 대형마트 5% 적립
580,[Easy 서비스] 주유소/충전소 5% 적립
580,[Easy 서비스] 피트니스 5% 적립
580,[Basic 서비스] 대중교통 5% 적립
580,[Basic 서비스] 이동통신 5% 적립
580,[Basic 서비스] 인터넷 쇼핑몰 앱카드 결제 5% 적립
580,[Basic 서비스] 정수기 렌탈 5% 적립
580,[Pick 서비스] 선호영역(택1) 5% 적립
580,"[추천] 코웨이 정수기, 렌탈비 할인은 제휴카드가 이득일까? (ft.렌탈비 할인카드)"
581,국내외가맹점 0.5% 할인 · 커피 최대2% 할인 · 이동통신 최대5% 할인
581,국내외 가맹점 0.5% 결제일 할인
581,할인
581,"슈퍼, 병원, 커피, 편의점 최대 2% 결제일 할인"
581,할인
581,"이동통신, 대중교통 최대 5% 결제일 할인"
582,국내외가맹점 최대0.7% 할인 · 10만원 이상 최대1.4% 할인 · 공항라운지 무료 이용
582,[기본할인] 국내외 가맹점 0.7 % 결제일 할인
582,할인
582,[특별할인] 건별 10만원 이상 결제 시 1.4% 결제일 할인
582,현대카드ZERO Edition2(할인형)
583,대중교통 10% 할인 · 자동결제업종 10% 할인 · 페이코포인트 1% 적립
583,할인
583,할인
583,에디터가 비교해서 추천하는 K-패스 신용카드 BEST 4 혜택 정리 │ 2026 교통할인카드 추천
583,"[추천] 코웨이 정수기, 렌탈비 할인은 제휴카드가 이득일까? (ft.렌탈비 할인카드)"
584,"대중교통 3천원 캐시백 · 해외이용금액 1~2% 캐시백 · 11번가, G마켓, 쿠팡 2천원 캐시백"
584,캐시백
585,마트 10% 캐시백 · 병·의원/약국 10% 캐시백 · 학원 10% 캐시백
585,"병원·의원, 모든 약국 10% 캐시백"
585,학원 10% 캐시백
585,마트 10% 캐시백
585,문화 10% 캐시백
585,"순수 우편서비스 12% · 우체국쇼핑 10% 캐시백
지자체 시설 무료입장 및 할인, 에코머니 적립 등"
585,연 43만 2천원 할인받는 체크카드가 있다고? 요즘 HOT한 우체국 체크카드
586,온라인 간편결제 3% 할인 · 카페 4% 할인 · 넷플릭스 5% 할인
586,"올원페이, 카카오페이, 삼성페이 온라인결제 3% 할인"
586,"스타벅스, 투썸플레이스, 커피빈 4% 할인"
586,"올리브영, 랄라블라 4% 할인"
586,"유튜브프리미엄, 넷플릭스, 유료 어플리케이션 5% 할인"
587,온라인쇼핑 10% 적립 · 생활쇼핑 5% 적립 · 아울렛 5% 적립
587,온라인 쇼핑 10% 적립
587,생활 쇼핑 5% 적립
587,아울렛 쇼핑 5% 적립
587,[ 단독 발급] 온라인쇼핑 '최대 60%' 적립하는 카드
587,쇼핑업종에서 60% 적립되는 혜자카드!! 부스터 혜택이 대체 뭔데?
587,이제는 통합조회/현금화 시대! 도움되는 포인트 적립카드 BEST5
588,네이버페이 1% 적립 · 공항라운지 무료 이용 · 해외수수료 면제 서비스
588,네이버페이 포인트 1% 적립
589,해외가맹점 2% 적립 · 해외ATM이용 건당 면제 · VISA 브랜드 서비스
589,해외 모든 가맹점 2% 토스머니 적립 (월 1만 토스머니 한도)
589,현대카드ZERO Edition2(할인형)
591,편의점 3천원 할인 · PC방 5천원 할인 · 숙박앱 5천원 할인
591,간편결제 3천원 할인
591,편의점 3천원 할인
591,영화·배달앱 3천원 할인
591,커피·제과·패스트푸드 3천원 할인
591,숙박앱 5천원 할인
591,"공연/음악 5천원 할인
스포츠/놀이 5천원 할인"
591,휴가비 10만원 지원받고 떠나자! 핵가성비 국내여행 할인카드 활용법 tip 3
592,마트/편의점 1% 할인 · 스트리밍 20% 할인 · 영화관 5천원 할인
592,할인
592,조건 없이 국내외 가맹점 0.5% 할인
592,조건 없이 마트/편의점 1% 할인
592,"넷플릭스, 웨이브, 멜론 20% 할인
CGV, 롯데시네마 5천원 할인"
592,"커피/교통 5% 할인
쇼핑/배달앱 3% 할인"
592,현대카드ZERO Edition2(할인형)
593,스타벅스 50% 할인 · 공유자전거 50% 할인 · 넷플릭스 25% 할인
593,전 세계 스타벅스 50% 할인 (국내/해외 월 2회 제공)
593,"넷플릭스, 멜론, 유튜브 프리미엄 25% 할인"
593,"버스, 지하철 5% 할인"
593,"SKT, KT, LG U+ 5% 할인"
593,"공유자전거 50% 할인
배달앱, 편의점 5% 할인"
593,전월실적 없어도 최대 5천원 보너스할인
593,현대카드ZERO Edition2(할인형)
593,씨티 NEW 캐시백
594,삼성디지털프라자 할인 서비스 · 영화관 3천원 할인 · 커피전문점 1천원 할인
594,삼성디지털프라자 장기할부 및 청구할인
594,"전국 영화관 3,000원 청구할인"
594,커피전문점 1천원 청구할인
595,주차비 최대1만원 할인 · 주유/충전소 100원/L 할인
595,i PARKING 주차비 할인
595,주유 / 충전 할인
596,셀리턴 렌탈 할인 서비스
596,셀리턴 렌탈 요금 자동이체 시 청구할인
597,AK플라자 할인 서비스 · 국내가맹점 0.2% 적립 · 공항라운지 무료 이용
597,국내가맹점 이용액 0.2% 위비꿀머니(모아포인트) 적립
597,"스타벅스, 폴바셋 1천원 청구할인"
597,주요 놀이공원 자유이용권 50% 현장할인
597,AK플라자 현장할인과 AK멤버스 마일리지 적립
598,AK플라자 할인 서비스 · 국내가맹점 0.2% 적립 · 공항라운지 무료 이용
598,국내가맹점 이용액 0.2% 위비꿀머니(모아포인트) 적립
598,"스타벅스, 폴바셋 1천원 청구할인"
598,주요 놀이공원 자유이용권 50% 현장할인
598,"AK플라자 추가 현장할인,
AK 멤버스 서비스"
599,AK플라자 할인 서비스 · 국내가맹점 0.1% 적립 · 놀이공원 50% 할인
599,국내가맹점 이용액 0.1% 우리WON꿀머니(모아포인트) 적립
599,"스타벅스, 폴바셋 1천원 청구할인"
599,주요 놀이공원 자유이용권 50% 현장할인
599,AK플라자 현장할인과 AK멤버스 마일리지 적립
600,국내외가맹점 1마일리지 적립 · 특정업종 2마일리지 적립 · 웰컴보너스 3천마일리지 적립
600,"국내외 가맹점 이용금액 1천원당 1마일리지 기본 적립
특정 업종별 이용금액 1천원당 2마일리지 적립(기본 1마일 + 추가 1마일)"
600,"가성비부터 프리미엄까지, 2026  대한항공 마일리지 적립 신용카드 추천 로드맵"
601,국내외가맹점 1마일리지 적립 · 특정업종 2마일리지 적립 · 웰컴보너스 5천마일리지 적립
601,"국내외 가맹점 이용금액 1천원당 1마일리지 기본 적립
특정 업종별 이용금액 1천원당 2마일리지 적립(기본 1마일 + 추가 1마일)"
601,"스타벅스, 폴바셋, 이디야 결제 건당 500원 할인"
601,웰컴보너스 5천 마일리지 적립
602,국내외가맹점 1마일리지 적립 · 특정업종 2~3마일리지 적립 · 항공권바우처 5만원상당 제공
602,"국내외 가맹점 이용금액 1천원당 1마일리지 기본 적립
특정 업종별 이용금액 1천원당 2~3마일리지 적립(기본 1마일 + 추가 1~2마일)"
602,"스타벅스, 폴바셋, 이디야 결제 건당 500원 할인"
602,웰컴보너스 5천 마일리지 적립
602,"가성비부터 프리미엄까지, 2026  대한항공 마일리지 적립 신용카드 추천 로드맵"
603,국내외가맹점 1마일리지 적립 · 특정업종 3~5마일리지 적립 · 힝공권바우처 5만원상당 제공(연2회)
603,"국내외 가맹점 이용금액 1천원당 1마일리지 기본 적립
특정 업종별 이용금액 1천원당 3~5마일리지 적립(기본 1마일 + 추가 2~4마일)"
603,"스타벅스, 폴바셋, 이디야 결제 건당 500원 할인"
603,웰컴보너스 1만5천 마일리지 적립
604,"1,000원당 1마일 적립(씨티프리미어마일) · 연간보너스 최대 3만마일 적립(씨티프리미어마일) · 바우처 최대 12만원 제공"
604,"1,000원당 1 씨티 프리미어마일 적립"
604,씨티 NEW 캐시백
605,"1,000원당 1마일 적립(씨티프리미어마일) · 연간보너스 최대 3만마일 적립(씨티프리미어마일) · 바우처 최대 12만원 제공"
605,"1,000원당 1 씨티 프리미어마일 적립"
605,씨티 NEW 캐시백
606,"정기결제 최대 20% 할인 · 쿠팡로켓와우 2,900원 할인 · 게임정기결제 10% 할인"
606,정기결제 최대 20% 청구할인
606,"쿠팡 로켓와우, 간편결제, 게임결제 청구할인"
606,해외 가맹점 (온라인/오프라인) 1% 청구할인
607,"정기결제 최대 20% 할인 · 쿠팡로켓와우 2,900원 할인 · 공항라운지 무료 이용"
607,정기결제 최대 20% 청구할인
607,해외 가맹점 (온라인/오프라인) 2% 청구할인
608,현대카드ZERO Edition2(할인형)
608,현대카드ZERO Edition2(할인형)
608,현대카드ZERO Edition2(할인형) · 현대카드
608,모든가맹점 0.7% 할인 · 생활필수영역 1.5% 할인
608,할인
608,[기본 할인] 국내외 가맹점 이용금액의 0.7% 청구 할인
608,할인
608,[생활 필수 영역 할인] 이용금액의 1.5% 청구 할인
608,‘1.5%할인 vs 2.5%적립’ 현대카드ZERO Edition2 할인형vs포인트형 전격비교!
609,현대카드ZERO MOBILE Edition2(할인형)
609,현대카드ZERO MOBILE Edition2(할인형)
609,현대카드ZERO MOBILE Edition2(할인형) · 현대카드
609,국내외가맹점 0.7% 할인 · 모바일 필수 영역 1.5% 할인
609,할인
609,[기본 할인] 국내외 가맹점 이용금액의 0.7% 청구 할인
609,할인
609,[모바일 필수 영역 할인] 이용금액의 1.5% 할인
609,현대카드ZERO Edition2(할인형)
610,국내외 가맹점 1% 기본적립 · 생활필수영역 2.5% 적립
610,적립
610,[기본 적립] 국내외 가맹점 이용금액의 1% 기본 M포인트 적립
610,적립
610,[생활 필수 영역 적립] 이용금액의 2.5% M포인트 적립
610,"전월실적 없는 신용카드부터 프리미엄 카드까지, 2026  포인트 적립 신용카드 추천 로드맵"
610,‘1.5%할인 vs 2.5%적립’ 현대카드ZERO Edition2 할인형vs포인트형 전격비교!
610,현대카드ZERO Edition2(할인형)
611,국내외 가맹점 1% 기본적립 · 모바일 필수 영역 2.5% 적립
611,적립
611,[기본 적립] 국내외 가맹점 이용금액의 1% 기본 M포인트 적립
611,적립
611,[모바일 필수 영역 적립] 이용금액의 2.5% M포인트 적립
611,현대카드ZERO Edition2(할인형)
612,반려동물관련 7% 적립 · 온라인오픈마켓 5% 적립 · 커피전문점 5% 할인
612,"반려동물병원 및 반려동물 관련 업종 7% 적립
대형 온라인 오픈마켓 5% 적립"
612,커피전문점 업종 5% 청구할인
612,반려인 70% “우리집 댕댕이도 냥이도 ‘이 카드’로 키웠어요…” 동물병원부터 펫보험까지 할인되는 카드는
612,zgm 할인카드
613,"배달앱 최대 30% 적립 · 온라인쇼핑 최대 12,500포인트 적립 · 홈게임방 10% 적립"
613,마리아쥬 서비스 적립
613,온라인쇼핑 지원 적립
613,홈DIY 적립
614,"네이버페이,카카오페이 2~4천원 할인 · 스타벅스 2~4천원 할인 · 텐바이텐 2~4천원 할인"
614,네이버페이.카카오페이.SSG페이 최대 4천원 할인
614,버스.지하철 최대 4천원 할인
614,CU편의점 최대 4천원 할인
614,스타벅스(사이렌오더 포함) 최대 4천원 할인
614,CGV 최대 4천원 할인
614,텐바이텐 최대 4천원 할인
614,"올리브영,안경(렌즈)점 최대 4천원 할인"
614,"YES24, 교보문고 최대 4천원 할인"
614,인터파크티켓 최대 4천원 할인
615,통신요금 최대 2만5천원 할인 · 배달앱 2천원 할인 · 온라인쇼핑 5% 할인
615,"통신요금 자동납부 1만원당 1,500원 청구 할인"
615,"영화, 음원/영상, 배달앱 청구할인"
615,온라인쇼핑 5% 청구할인
615,적립
615,리워드 특별 적립 서비스
615,SKT·KT·LG U+ 통신사 제휴카드 할인 이득일까?｜2026  통신비 할인카드 추천
616,다이소 최대 4천원 할인 · 배달앱 2천원 할인 · 다이소몰 1% 할인
616,다이소 0.5% 멤버십 포인트 적립
616,"다이소 2,000원 ~ 4,000원 결제일할인"
616,"커피전문점 2,000원 결제일할인"
616,"배달앱 2,000원 결제일할인"
616,할인
616,다이소몰 1% 결제일할인
616,할인점.온라인쇼핑몰.편의점.의료 1% 결제일할인
617,여행 제주특화 서비스 · UniMile 최대 3% 적립 · 공항라운지 무료 이용
617,UniMile 적립
617,주유할인 서비스
617,"유니마일vs멤버십 포인트, 저가항공(LCC) 항공권 결제할 때 무엇이 이득일까? (ft.저가항공권 할인카드)"
618,대중교통 5% 캐시백 · 영화 5천원 캐시백 · 간편결제 1% 캐시백
618,대중교통 이용금액 5% 캐시백
618,이동통신요금 자동납부 시 2천원 캐시백
618,CGV 영화 예매 5천원 캐시백
618,편의점 1천원 캐시백
618,카페 1천원 캐시백
618,패스트푸드 1천원 캐시백
618,배달앱 1천원 캐시백
618,생활 가맹점 1천원 캐시백
618,OTT 1천원 캐시백
618,온라인 쇼핑 1천원 캐시백
618,간편결제(Pay)로 국내 이용 시 1% 캐시백
618,"해외 전 가맹점(온라인포함) 1.2% 캐시백
해외인출 1건 당 US  캐시백 제공"
618,"2026 CGV·롯데시네마·메가박스 할인, 통신사 등급을 꼭 확인 하는 이유(feat.할인 카드 추천)"
620,국내외가맹점 최대1% 할인 · 하나의 전월 실적으로 두 장의 카드 혜택
620,국내외 가맹점 결제일 할인
620,2020 카드타입차트 - 할인형 5위
621,주유 100원/L 할인 · 자동차보험 1만원 할인 · 편의점 5% 할인
621,SK 에너지ㆍS-OILㆍGS칼텍스ㆍ현대오일뱅크 100원/L 할인
621,"자동차 손해보험 10,000원 할인"
621,GS25ㆍCUㆍ세븐일레븐 5% 할인
621,배달의민족ㆍ요기요 5% 할인
622,커피 50% 할인 · 스트리밍 20% 할인 · 교통 10% 할인
622,스타벅스ㆍ폴바셋ㆍ빽다방ㆍ투썸플레이스 50% 할인
622,넷플릭스ㆍ유투브ㆍ왓챠ㆍ멜론ㆍ지니뮤직 20% 할인
622,버스ㆍ지하철ㆍ택시 10% 할인
622,배달의민족ㆍ요기요 10% 할인
622,쿠팡ㆍSSG닷컴ㆍ마켓컬리 5% 할인
622,"[반값카드] 의외로 잘 모르는 스타벅스 반값 공략법, 카페 50% 카드"
623,학원/학습지/유치원 5% 할인 · 서점/문구점 10% 할인
623,학원ㆍ학습지ㆍ유치원(건당 10만원 이상 시) 5% 할인
623,서점ㆍ문구점 10% 할인
624,병원 10% 할인 · 쇼핑 5% 할인 · 대중교통 10% 할인
624,병원ㆍ약국ㆍ동물병원 10% 할인
624,"백화점, 슈퍼 5% 할인"
624,버스ㆍ지하철 10% 할인
624,현대카드ZERO Edition2(할인형)
625,마트 10% 할인 · 온라인쇼핑 10% 할인 · 편의점 10% 할인
625,이마트ㆍ홈플러스ㆍ롯데마트 10% 할인
625,쿠팡ㆍ위메프ㆍ티몬ㆍG마켓 ㆍ옥션ㆍ11번가 10% 할인
625,롯데ㆍ GSㆍNSㆍ현대ㆍCJㆍ홈앤쇼핑 10% 할인
625,세븐일레븐ㆍGS25ㆍCU 10% 할인
625,현대카드ZERO Edition2(할인형)
626,LOCA PLATINUM 할인형
626,LOCA PLATINUM 할인형
626,LOCA PLATINUM 할인형 · 롯데카드
626,국내외가맹점 최대1% 할인 · 프리미엄 서비스 제공 · 바우처 5만원 제공
626,국내외 가맹점 결제일 할인
626,현대카드ZERO Edition2(할인형)
626,현대카드ZERO Edition3(할인형)
627,"1,500원당 1마일 기본적립 · 프리미엄 서비스 제공 · 바우처 5만원 제공"
627,"1,500원당 1마일 기본적립
1,000원당 1마일 특별적립"
628,모아포인트 1.5~0.3% 적립 · 간편결제 1.5% 추가적립 · 롯데월드 아쿠아리움/놀이공원 50% 현장할인
628,모아포인트 0.3 ~ 1.5% 적립
628,롯데아쿠아리움 및 주요 놀이공원 50% 현장할인
629,"국내가맹점 최대 1% 적립 · 버스,지하철 최대 20% 적립 · 온라인업종 5% 적립"
629,적립
629,국내 가맹점 0.2%~1.0% 에코머니 포인트적립
629,온라인 업종 5% 에코머니 포인트적립
629,생활요금 자동이체 5% 에코머니 포인트 적립
629,"버스, 지하철 10% ~20% 에코머니 포인트 적립"
629,"KTX, 고속버스 5% 에코머니 포인트 적립"
629,"온라인 영화예매(CGV, 롯데시네마 온라인 홈페이지 및 App 예매 시 제공) 2,000원 청구 할인"
629,"커피(스타벅스, 투썸플레이스, 카페베네, 할리스커피) 10% 청구 할인"
629,현대카드ZERO Edition2(할인형)
630,16개 영역 중 선택형 할인 · 배달앱 10% 할인 · 대중교통 7% 할인
630,"1. Auto 모드 (많이 쓴 영역에서 자동 캐시백)
2. DIY 모드 (원하는 영역에서 자유롭게 청구할인)"
631,국내가맹점 최대 1% 적립 · 온라인 쇼핑 5% 적립 · 버스/지하철 최대 20% 적립
631,국내 전 가맹점 0.2%~1.0% 에코머니 포인트적립
631,온라인 업종 5% 에코머니 포인트적립
631,생활요금 자동이체 5% 에코머니 포인트 적립
631,"버스, 지하철 10% ~20% 에코머니 포인트 적립"
631,"KTX, 고속버스 적립"
631,온라인 영화예매 할인
631,커피 10% 청구할인
631,zgm 할인카드
632,버스/지하철 최대 20% 적립 · 온라인 쇼핑 5% 적립 · 생활요금 5% 적립
632,국내 전 가맹점 0.1%~1.0% 에코머니 포인트적립
632,온라인 업종 5% 에코머니 포인트적립
632,생활요금 자동이체 5% 에코머니 포인트 적립
632,"버스, 지하철 10% ~20% 에코머니 포인트 적립"
632,"철도, 고속버스 5% 에코머니 포인트 적립"
632,"온라인 영화예매(CGV, 롯데시네마) 2,000원 청구할인"
633,버스/지하철 최대 20% 적립 · 온라인 쇼핑 5% 적립 · 생활요금 5% 적립
633,Green&Point : 국내 전 가맹점 0.1%~1.0% 에코머니 포인트적립
633,"Green&Transport : 버스, 지하철 10% ~20% 에코머니 포인트 적립"
633,"Green&Transport : KTX, 고속버스 5% 에코머니 포인트 적립"
633,Green&Shopping : 온라인 쇼핑 5% 에코머니 포인트 적립
633,Green&Energy : 생활요금 자동이체 5% 에코머니 포인트 적립
633,"Green&Cinema : 온라인 영화예매(CGV, 롯데시네마) 2,000원 청구할인"
634,20개 영역 중 선택형 할인 · 택시 10% 할인 · 온라인쇼핑 5% 할인
634,"1. Auto 모드 (많이 쓴 영역에서 자동 캐시백)
2. DIY 모드 (원하는 영역에서 자유롭게 청구할인)"
635,올바른 NEW HAVE카드 · NH농협카드 · 연회비 캐시백
635,국내외가맹점 0.7% 적립 · 이용금액 1위 3배 적립 · 공항라운지 무료 이용
635,적립
635,국내/외 이용가맹점 0.7% NH포인트 적립
635,적립
635,6개 영역 중 당월(1일~말일) 이용금액 1위/2위 영역은 기본적립의 3배/2배 자동적용
635,"단종된 알짜카드를 대체하라, 2026  포인트 적립 신용카드 추천 BEST 5"
635,zgm 할인카드
636,국내외가맹점 0.7% 적립 · 이용금액 1위 5배 적립 · 이용금액 2위 3배 적립
636,적립
636,국내/외 이용가맹점 0.7% NH포인트 적립
636,적립
636,6개 영역 중 당월(1일~말일) 이용금액 1위/2위 영역은 기본적립의 5배/3배 자동적용
636,zgm 할인카드
638,모든가맹점 0.3% 적립 · 생활가맹점 총 2% 적립 · 쇼핑/해외 총 1% 적립
638,모든 가맹점 0.3% 포인트 적립
638,생활가맹점 총 2% 포인트 적립 (기본 0.3%+추가 1.7%)
638,쇼핑가맹점 총 1% 포인트 적립(기본 0.3%+추가 0.7%)
638,해외 가맹점 이용금액 총 1% 포인트 적립(기본 0.3%+추가 0.7%)
644,국내콘서트/공연 5% 캐시백 · 음원/스트리밍 5% 캐시백 · 대중교통 3% 캐시백
644,국내콘서트/공연 예매 및 팬클럽 가입 이용금액의 5% 캐시백
644,"음원, 스트리밍(멜론, FLO) 이용금액 5% 캐시백"
644,"대중교통(버스-마을, 시내, 시외, 광역, 공항버스/지하철) 이용금액 3% 캐시백"
644,스타벅스(사이렌오더 포함)/JYP-Soulcup 5% 캐시백
644,"편의점(GS25), 올리브영 5% 캐시백"
644,"해외 전가맹점(온라인 포함) 이용금액의 1% 캐시백,
해외인출 1건당 3$ 캐시백"
645,국내/해외일시불 0.1% 적립 · 롯데더드림영역 0.5% 적립 · L.pay결제시 최대 2.5% 추가적립
645,적립
645,국내/해외 이용금액 0.1% 포인트 적립
645,"후불교통(버스/지하철) 및 택시, 롯데 더드림영역 이용금액 0.5% 포인트 적립"
645,특별적립 대상 롯데 더드림영역에서 L.pay 결제시 최대 2.5% 추가 포인트 적립
646,모두드림 0.2% 적립 · 더해드림 0.6% 적립 · 챙겨드림 1.0% 적립
646,적립
646,[모두드림] 국내/외 일시불+할부 이용 가맹점 0.2% 기본 포인트 적립
646,[더해드림] 자주 가는 DREAM영역은 기본의 3배 (총 0.6%) 포인트 적립
646,[챙겨드림] DREAM영역 중 가장 많이 이용한 영역은 기본의 5배 (총 1.0%) 포인트 자동적립
646,"주말(토,일) 전 주유소 리터당 40원 적립"
646,"택시 3,6,9번째 1천원 할인"
646,적립
646,[반겨드림] 반겨드림 3천 포인트 적립
647,모든가맹점 0.2~0.5% 적립 · 요식업종 5% 할인 · 대중교통 5% 할인
647,전 가맹점 이용금액의 0.2% ~ 0.5% 마이신한포인트 적립
647,요식업종 이용금액의 5% 할인
647,"버스, 지하철 이용금액의 5% 할인(후불교통 카드 선택 시)
SK주유소 주유 시 리터당 40원 할인(후불교통카드 미 선택 시)"
647,"홈쇼핑 이용금액의 5% 할인
해외 이용금액의 5% 할인"
649,마이핏카드(적립형)
649,마이핏카드(적립형)
649,마이핏카드(적립형) · KB국민카드
649,간편결제 1.5% 적립 · 편의점/택시 1천점 적립 · 쇼핑/배달 5% 적립
649,간편결제 1.5% 포인트리 적립
649,편의점/택시 1천점 포인트리 적립
649,쇼핑/배달 5% 포인트리 적립
649,마이핏카드(할인형)
650,마이핏카드(할인형)
650,마이핏카드(할인형)
650,마이핏카드(할인형) · KB국민카드
650,외식/커피 5% 할인 · 마트/주유/통신 5% 할인 · 쇼핑/배달 5% 할인
650,푸드(#외식 #커피) 5% 청구할인
650,편의(#편의점 #뷰티) 5% 청구할인
650,생활(#마트 #주유 #통신) 5% 청구할인
650,쇼핑/배달 5% 청구할인
650,현대카드ZERO Edition2(할인형)
651,네이버 결제 시 2% 적립 · 네이버 외 0.5% 적립
651,네이버에서 결제 시 2% 적립
651,적립
651,네이버 외 결제 시 0.5% 적립
652,주유소 5% 할인 · 교통 7% 할인 · 커피전문점 2천원 할인
652,"커피전문점 2,000원 청구할인(월 2회)"
652,"편의점 1,000원 청구할인(월 2회)"
652,zgm 할인카드
654,올바른 MYPICK 카드 · NH농협카드 · 연회비 캐시백
654,전세계음식점(푸드팩) 5% 할인 · 쇼핑(쇼핑팩) 5% 할인 · 주유소/충전소(트레블팩) 5% 할인
654,할인
654,혜택 좋은 주유할인카드 21종 전격 비교 추천! (주유비 할인카드 혜택 정리) _ 2026년 기준 업데이트
654,"블랙프라이데이, 7가지만 알면 초보자도 득템 성공한다! - 해외직구 할인카드&꿀팁 총정리"
654,zgm 할인카드
655,Daily With(데일리위드)카드 · IBK기업은행 · 최대 1.2만원 캐시백
655,6대생활영역 1% 기본캐시백 · 최다이용영역 1% 추가캐시백
655,할인
655,6대 생활영역 캐시백
655,"병원비 할인카드 추천 BEST 7, 약국부터 고액 병원비까지 할인 받는 신용카드로 모았다"
656,저녁 음식점/배달앱 5% 캐시백 · 대형마트/편의점 5% 캐시백 · 택시/버스/지하철 5% 캐시백
656,"저녁시간 음식점(주점 포함), 노래방, 커피, 배달앱 캐시백"
656,"교통 캐시백(택시, 대중교통)"
656,"쇼핑 캐시백(대형할인점, 편의점, 뷰티스토어)"
656,해외가맹점(해외직구 포함) 이용금액의 2.0%~0.5% 캐시백
657,온라인간편결제 5% 할인 · 스트리밍 50% 할인 · 편의점 10% 할인
657,온라인 간편결제 5% 결제일할인
657,스트리밍 50% 결제일할인
657,편의점·헬스&뷰티·생활잡화 10% 결제일할인
657,해외 1.5% 결제일할인
657,"2026 KBO 야구 중계, 티빙 & OTT 구독료 할인카드로 단돈 500원에 보는 꿀팁"
657,2022 3Q 카드타입차트 - 할인형 6위
657,현대카드ZERO Edition2(할인형)
658,taptap DRIVE · 삼성카드 · 온라인 신규회원 연회비 100% 캐시백
658,주유 리터당 60~150원 할인 · 편의점 10% 할인 · 커피전문점 10% 할인
658,주유 리터당 60원~150원 할인
658,할인
658,편의점·커피전문점 10% 할인
658,온라인 간편결제·온라인쇼핑몰 1% 할인
658,해외 1.5% 결제일 할인
658,혜택 좋은 주유할인카드 21종 전격 비교 추천! (주유비 할인카드 혜택 정리) _ 2026년 기준 업데이트
659,온라인쇼핑 5% 할인 · 오프라인쇼핑 5% 할인 · 스트리밍 3천원 할인
659,온라인 쇼핑 5% 할인
659,오프라인 쇼핑 5% 할인
659,"스트리밍 3,000원 할인"
659,해외 1.5% 할인
659,"[추천] 백화점부터 마트·쿠팡… 온라인 쇼핑까지, 이름값 하는 쇼핑할인카드 4종 혜택 비교"
659,2026 트레이더스 할인카드 추천부터 회원권 꿀팁까지! 트레이더스 갈 때 삼성카드만 챙길 필요 없다?
661,정기결제 최대 20% 할인 · 배달앱 30% 적립 · 쿠팡 20% 적립
661,정기결제 10~20% 청구할인
661,해외 가맹점 (온라인/오프라인) 1% 적립
661,이제는 통합조회/현금화 시대! 도움되는 포인트 적립카드 BEST5
661,"천만명을 위한 할인! 쿠팡부터 네이버플러스, 스마일클럽까지 쇼핑 멤버십 할인카드 추천"
662,삼성페이 결제 시 국내 3%·2%·1% 할인 · 삼성페이 결제 시 해외 오프라인 5% 할인 · 국내/외 가맹점 각 0.5%/1.5% 할인
662,할인
662,삼성페이로 결제 시 국내 가맹점 3%·2%·1% 결제일 할인
662,삼성페이로 결제 시 해외 오프라인 가맹점 5% 결제일 할인
662,해외 가맹점 1.5% 결제일 할인
662,할인
662,국내 가맹점 0.5% 결제일 할인
662,결합하면 더 할인된다! 이젠 간편결제와 신용카드 COMBO로 즐기자!
662,현대카드ZERO Edition2(할인형)
663,롯데계열사 7% 적립 · 주유소 1% 적립 · 롯데주요매장 5% 할인
663,적립
663,롤라머니 7% 적립
663,SK 주유소 롤라머니 1% 적립
663,[플레이롯데] 롯데 주요 매장 5% 할인
663,롯데 신상 롤라카드 100% 활용하는 법
664,PAYCO 결제시 3% 적립 · 국내외가맹점 최대 0.7% 적립
664,적립
664,New PAYCO 롯데카드 이용 시 PAYCO 포인트 적립
664,현대카드ZERO Edition2(할인형)
666,올바른 FLEX 카드 · NH농협카드 · 최대 21.5만원 캐시백
666,커피 50% 할인 · 스트리밍 20% 할인 · 영화 30% 할인
666,스타벅스(사이렌오더 포함) 50% 청구할인
666,"유튜브프리미엄, 넷플릭스, 멜론 정기결제 20% 청구할인
배달의민족, 요기요 10% 청구할인"
666,"CGV, 롯데시네마 30% 청구할인"
666,"지하철, 버스 7% 청구할인
SKT, KT, LGU+ 7% 청구할인"
666,"쿠팡, G마켓, 11번가, 티몬, 농협몰 5% 청구할인
CU, GS25 5% 청구할인"
666,NH pay로 결제 시 건당 1천원 청구할인
666,"[2026 인기 신용카드 리뷰] 온라인 결제 특화 할인카드, 올바른 FLEX 카드"
666,"2026 스타벅스 50% 이상 할인 신용카드 추천부터 기프티콘, 대학생, 통신사 할인 꿀팁까지 총정리!"
666,현대카드ZERO Edition2(할인형)
666,zgm 할인카드
667,저녁식사 5% 적립 · 온라인결제 5% 적립 · 병원/동물병원 5% 적립
667,저녁식사(오후 6시~9시) 5% 적립
667,대형마트 5% 적립
667,커피 5% 적립
667,온라인가맹점 5% 적립
667,골프/레저 5% 적립
667,병원/동물병원 5% 적립
667,직장인이 ‘4천원의 점심밥’ 챙겨 먹을 수 있는 외식 할인 카드 BEST 5
668,go 캐시백 글로벌 체크카드
668,go 캐시백 글로벌 체크카드
668,go 캐시백 글로벌 체크카드 · 우체국
668,해외전가맹점 7% 캐시백 · 간편결제 5% 캐시백 · 배달앱 5% 캐시백
668,해외 전 가맹점 7% 캐시백
668,3대 간편결제 5% 캐시백
668,온라인 식품배달 5% 캐시백
668,대형마트 5% 캐시백
668,우체국 5% 캐시백
668,면세점 5% 캐시백
668,공항라운지 서비스(연1회 캐시백)
668,커피전문점 5% 캐시백
668,"[에디터리얼후기] 연회비도 없는데 해외결제 7%, 우체국 5% 캐시백이 된다고? 서브카드로 등극!"
669,모든가맹점 0.3% 캐시백 · ATM수수료 무료 서비스 · 언택트 업종 3% 특별캐시백
669,모든 가맹점에서 0.3% 캐시백
669,최대 2만원 3% 특별 캐시백
669,언택트라이프 즐기고 3.3% 캐시백까지! 케이뱅크 플러스 체크카드 활용법
669,케이뱅크 체크카드 포인트적립형
671,"1,500원당 1마일 적립 · 1,500원당 최대 2마일 특별적립 · 바우처 20만원상당 제공"
671,BLISS.7카드 이용금액에 대해서 항공마일리지 적립
671,"가성비부터 프리미엄까지, 2026  대한항공 마일리지 적립 신용카드 추천 로드맵"
672,"1,500원당 15P 적립 · 1,500원당 최대 20P 특별적립 · 바우처 20만원상당 제공"
672,적립
672,BLISS.7카드 이용금액에 대해서 TOP포인트 적립
673,3만원 누적 시 마다 1개 스타벅스 별 적립 · VISA/Master 플래티넘 서비스
673,스타벅스 별 적립
673,"혜택의 범위를 좁혔더니, 할인은 더 커진 신용카드 추천 (ft.스타벅스, 메리어트 본보이, 트래블월렛)"
673,"2026 스타벅스 50% 이상 할인 신용카드 추천부터 기프티콘, 대학생, 통신사 할인 꿀팁까지 총정리!"
673,현대카드ZERO Edition2(할인형)
674,대중교통 건당100원 할인 · 온라인쇼핑 10% 할인 · 커피전문점 10% 할인
674,"버스, 지하철 이용건당 100원 할인"
674,"쿠팡, 티몬, 위메프 10% 할인"
674,"GS25, CU, 세븐일레븐, 올리브영 5% 할인"
674,"CGV, 롯데시네마, 메가박스 4천원 할인"
674,주요 커피전문점 10% 할인
674,"주요 놀이공원 무료입장 또는 입장료/자유이용권 할인 (월 1회, 연 2회)"
675,국내/해외가맹점 0.2% 에어머니적립 · 3개월연속 30만원이상 이용시 0.2% 추가적립
675,적립
675,Air Money 적립
676,국내외가맹점 0.2% 기본적립 · 1~2위 이용영역 2~3배 적립 · 공항라운지 무료 이용
676,적립
676,국내/외 이용가맹점 0.2% NH포인트 적립
676,적립
676,아래 6개 영역 중 당월(1일~말일) 이용금액 1위/2위 영역은 기본적립의 3배/2배 자동적용
677,"배달의민족 1,100원 캐시백 · 온라인쇼핑 10% 캐시백 · 대중교통 2,000원 캐시백"
677,"배달의민족 1,100원 캐시백"
677,"G마켓, 옥션, 우리WON마켓 10% 캐시백"
677,스타벅스(사이렌오더 포함) 20% 캐시백
677,"파리바게뜨, 배스킨라빈스, 던킨도너츠 10% 캐시백"
677,"전국 시내버스 지하철 2,000원 캐시백"
679,스트리밍 5% 할인 · 패스트푸드 5% 할인 · 편의점 5% 할인
679,"멜론, YouTube Premium 5% 환급할인"
679,"문구점 5% 환급할인
독서실 5% 환급할인"
679,"GS25, CU편의점 5% 환급할인"
679,패스트푸드점 5% 환급할인
679,"대중교통(버스, 지하철) 5% 청구할인"
680,스트리밍 5% 할인 · 패스트푸드 5% 할인 · 편의점 5% 할인
680,"멜론, YouTube Premium 5% 환급할인"
680,"문구점 5% 환급할인
독서실 5% 환급할인"
680,"GS25, CU편의점 5% 환급할인"
680,패스트푸드점 5% 환급할인
680,"대중교통(버스, 지하철) 5% 청구할인"
681,SSG.COM 1% 기본적립 · SSG.COM 9% 추가적립 · 생활편의영역 5% 적립
681,적립
681,SSG.COM 결제 시 1% SSG MONEY 적립
681,적립
681,SSG.COM 결제 시 9% SSG MONEY 추가 적립
681,생활편의영역 5% SSG MONEY 추가 적립
681,SSGPAY를 통한 오프라인 간편결제 시 1% SSG MONEY 적립
681,해외 1.5% SSG MONEY 적립
681,스마일클럽 월 이용료 결제일할인
681,"이마트부터 SSG, 트레이더스까지… ‘쓱’할 만한 대형마트 장보기 할인 카드 BEST 5"
681,‘쓱 최대 10% 적립’… SSG.COM 삼성카드 혜택 업그레이드로 새롭게 리뉴얼
681,2026 KBO 프로야구 예매 필수! 구단별 야구 티켓 할인 신용카드 & 체크카드 추천
684,편의점 1천원 캐시백 · 서점 1천원 캐시백 · 푸드 1천원 캐시백
684,"편의점(CU, GS25, 세븐일레븐) 1천원 캐시백"
684,"서점(영풍문고, 반디앤루니스, 교보문고) 1천원 캐시백"
684,"베이커리(뚜레쥬르, 파리바게뜨, 던킨도너츠) 1천원 캐시백"
685,편의점 500원 할인 · 패스트푸드 500원 할인 · 독서실 1천원 할인
685,라이프 할인서비스(편의점/푸드/음료)
685,스터디 할인서비스
687,"온라인종합몰 10% 캐시백 · 편의점 10% 캐시백 · 배송비 건당 2,500원 할인"
687,"온·오프라인, 대·소형몰 먹거리까지 구분 없이
10% 캐시백 서비스"
687,언박싱 스페셜 할인 서비스
687,2026 이케아 할인 신용카드 추천 & 이케아 패밀리 회원가입 혜택 정리
687,2026 이마트 할인 신용카드 추천부터 이마트페이 사용법 및 SSG페이 신용카드 총정리
687,"신한카드, 카페 노티드에서 10% 캐시백 받는 ‘신한카드 Unboxing‘ 한정판 출시"
688,모아포인트 1.5~0.3% 적립 · 간편결제 1.5% 추가적립 · 롯데월드 아쿠아리움/놀이공원 50% 현장할인
688,모아포인트 0.3 ~ 1.5% 적립
688,롯데아쿠아리움 및 주요 놀이공원 50% 현장할인
689,여행업종 5% 할인 · 배달앱 5% 할인 · 해외 물품 구매 수수료 1.25% 캐시백
689,"면세점, 항공사, 관광여행사 업종 5% 환급할인"
689,"마켓컬리, 배달의민족, 데일리호텔 5% 환급할인"
689,스타벅스 5% 환급할인
689,GS25 편의점 5% 환급할인
689,"쿠팡, 위메프, 티몬 5% 환급할인"
689,해외 물품구매 및 ATM 예금인출 수수료 캐시백
690,모든가맹점 0.3% 적립 · 페이결제 0.4% 적립 · 해외가맹점 0.4% 적립
690,[국내] 전월실적 및 횟수 제한 없이 하나머니 0.3%~0.4% 적립
690,[해외] 전월실적 및 횟수 제한 없이 하나머니 0.4% 적립
691,요기요 최대 10% 할인 · 편의점 5% 할인 · 스트리밍 10% 할인
691,요기요 10% 결제일할인
691,요기요 1% 결제일할인
691,커피전문점·편의점·생활잡화 5% 결제일할인
691,스트리밍 10% 결제일할인
691,할인혜택도 요기요! 신한•삼성카드 요기요 특화 신용카드 출시
692,요기요 20% 할인 · 요기요 10% 추가캐시백 · 정기결제건 15% 할인
692,"요기요 20% 결제일 할인,
요기요 추가 10% 캐시백"
692,OTT 15% 결제일 할인
692,온라인 쇼핑몰 건당 2천원 결제일 할인
692,"스타벅스 사이렌오더, 와인앤모어 10% 결제일 할인"
692,할인혜택도 요기요! 신한•삼성카드 요기요 특화 신용카드 출시
693,자동차 구매금액 0.2% 캐시백 · 주유소 80원/L 할인 · 전기차 충전요금 30% 할인
693,"자동차 신용결제 구매 캐시백
자동차 오토금융(장기할부) 구매 캐시백"
693,"전국 모든 주유소 이용금액 리터당 80원 결제일 할인
전국 모든 충전소 이용금액 리터당 40원 결제일 할인"
693,"스피드메이트/오토오아시스/현대 블루핸즈/기아 오토큐
연 최대 4만원 결제일 할인"
693,전기차 충전/전국 주차장/대리운전/하이패스 요금 할인
693,전국 모든 커피전문점 월 최대 2천원 결제일 할인
694,배달의민족 3% 적립 · 온라인쇼핑 2% 적립 · 디지털콘텐츠 2% 적립
694,배민 앱에서 배민페이 결제 시 배민포인트 3% 적립
694,온라인 쇼핑 배민포인트 2% 적립
694,디지털 콘텐츠 서비스 배민포인트 2% 적립
694,적립
694,그 외 가맹점 배민포인트 0.5% 적립
694,현대카드ZERO Edition2(할인형)
695,국내외가맹점 0.5% 적립 · 스트리밍 30% 할인 · 커피 50% 할인
695,국내외 가맹점 L.POINT 0.5% 적립
695,"커피 50% 할인
스트리밍 30% 할인"
695,롯데면세점 5~15% 현장할인 (정상가 기준)
695,"[반값카드] 의외로 잘 모르는 스타벅스 반값 공략법, 카페 50% 카드"
696,간편결제 0.7% 적립 · 전기차/수소차 50% 적립 · 대중교통 10% 적립
696,"전기차, 수소차 충전 50% 적립 / 공유 모빌리티 10% 적립"
696,대중교통(버스/지하철) 10% 적립
696,알라딘(중고서점 포함) 10% 적립
696,통신요금 자동납부 10% 적립
696,스트리밍 정기결제 10% 적립 / 전자책 정기결제 10% 적립
696,주요 간편결제 온/오프라인 이용금액 0.7% 모아포인트 적립
696,"[반값카드] 매월 3만원까지 전기차충전 반값 공략법, 전기차충전 50% 카드"
697,주유소/충전소 최대 130점/L 적립 · 쇼핑몰 최대 20% 적립 · 대형할인점 최대 20% 적립
697,"[선택형1] 주유소, 대형할인점, 인터넷쇼핑몰 포인트리 적립"
697,"[선택형2] SK, GS칼텍스 주유소 리터당 130점 포인트리 적립"
697,"[선택형3] 3대 대형할인점(이마트, 홈플러스, 롯데마트), 하나로식자재매장 20% 포인트리 적립"
697,"[선택형4] 6대 인터넷쇼핑몰(G마켓, 옥션, 11번가, 인터파크, 롯데ON, 신세계몰) 20% 포인트리 적립"
699,스타벅스 50% 할인 · 온라인 간편결제 10% 할인 · 구독서비스 20% 할인
699,스타벅스 50% 할인
699,"구독(YouTube Premium, 넷플릭스, 웨이브, 티빙) 20% 할인"
699,온라인 간편결제 10% 할인
699,"배달(배달의민족, 요기요) 5% 할인"
699,"대중교통(버스, 지하철) 5% 할인"
699,"[반값카드] 의외로 잘 모르는 스타벅스 반값 공략법, 카페 50% 카드"
699,현대카드ZERO Edition2(할인형)
700,업종별 0.5~3% 기본적립 · 온라인 간편결제 5% 적립 · 해외가맹점 5% 적립
700,적립
700,"[기본 적립] 업종별 0.5~3% 적립
월 100만원 이상 이용 시 1.5배 적립"
700,적립
700,"온라인 간편결제서비스 이용 시 5% M포인트 적립
해외 가맹점 이용 시 5% M포인트 적립"
700,적립
700,보너스 리워드 1만 M포인트 적립
700,현대카드ZERO Edition2(할인형)
701,모든가맹점 1~1.5% 기본할인 · 온라인 간편결제 5% 할인 · 해외가맹점 5% 할인
701,"[기본 할인] 모든 가맹점에서 1%/1.5% 할인
당월 이용금액별 최대 1.5% 할인"
701,할인
701,"온라인 간편결제서비스 이용 시 5% 할인
해외 가맹점 이용 시 5% 할인"
701,2022 3Q 카드타입차트 - 할인형 10위
701,현대카드ZERO Edition2(할인형)
702,업종별 0.5~3% 기본적립 · 온라인 간편결제 5% 적립 · 해외가맹점 5% 적립
702,적립
702,"[기본 적립] 업종별 0.5~3% 적립
월 100만원 이상 이용 시 1.5배 적립"
702,적립
702,"온라인 간편결제서비스 이용 시 5% M포인트 적립
해외 가맹점 이용 시 5% M포인트 적립"
702,적립
702,보너스 리워드 1만 M포인트 적립
702,현대카드ZERO Edition2(할인형)
703,업종별 최대 6% 적립 · 온라인 간편결제 5% 적립 · 해외가맹점 5% 적립
703,적립
703,"[기본 적립] 업종별 0.5~3% 적립
월 100만원 이상 이용 시 1.5배 / 200만원 이용 시 2배 적립"
703,적립
703,"온라인 간편결제서비스 이용 시 5% M포인트 적립
해외 가맹점 이용 시 5% M포인트 적립"
703,적립
703,보너스 리워드 1만 M포인트 적립
703,현대카드ZERO Edition2(할인형)
704,모든가맹점 1~1.5% 기본할인 · 온라인 간편결제 5% 할인 · 해외가맹점 5% 할인
704,"[기본 할인] 모든 가맹점에서 1%/1.5% 할인
당월 이용금액별 최대 1.5% 할인"
704,할인
704,"온라인 간편결제서비스 이용 시 5% 할인
해외 가맹점 이용 시 5% 할인"
704,현대카드ZERO Edition2(할인형)
705,모든가맹점 1~1.5% 기본할인 · 온라인 간편결제 5% 할인 · 보너스 1만원 캐시백
705,"[기본 할인] 모든 가맹점에서 1%/1.5% 할인
당월 이용금액별 최대 1.5% 할인"
705,할인
705,"온라인 간편결제서비스 이용 시 5% 할인
해외 가맹점 이용 시 5% 할인"
705,할인
705,[보너스 캐시백] 당월 이용금액 200만원 이상 시 1만원 캐시백
705,현대카드ZERO Edition2(할인형)
706,국내외가맹점 1% 적립 · 카드대출 이용시 2% 적립
706,"실적 조건 없는 1% 로카코인 적립
금융 이용 시 2% 로카코인 적립"
706,현대카드ZERO Edition2(할인형)
707,국내외가맹점 최대 1% 할인 · 온라인 영역 1.5% 할인 · Flex Voucher 6만원 제공
707,"선넘은 카드의 일당백 할인혜택
어디서나 최대 1% 기본할인"
707,할인
707,온라인 1.5% 특별할인
708,쏘카 앱 최대 3% 적립 · 대중교통 최대 3% 적립 · 일반가맹점 최대 3% 적립
708,쏘카 앱 이용 시 최대 3% 크레딧 적립
708,적립
708,"특별가맹점 최대 3% 크레딧 적립
(외식, 커피, 영화, 호텔, 프리미엄아웃렛, 대중교통)"
708,적립
708,"쏘카 앱, 특별가맹점 외 가맹점 1% 적립"
708,현대카드ZERO Edition2(할인형)
712,넷플릭스/유튜브 50% 할인 · 배달앱 10% 할인 · 어린이집/유치원 10% 할인
712,병원/약국/산후조리원 5% 결제일 할인 (전월실적 30만원 이상)
712,"쿠팡, SSG닷컴, 롯데ON, 11번가, G마켓 5% 결제일 할인 (전월실적 30만원 이상)"
712,"어린이집/유치원 中 부모부담금,
학원, 인터넷서점 (YES24, 알라딘, 교보문고) 10% 결제일 할인 (전월실적 30만원 이상)"
712,"배달의민족, 요기요 10% 결제일 할인 (전월실적 30만원 이상)"
712,"넷플릭스, 유튜브프리미엄 50% 할인
네이버-플러스멤버쉽, 쿠팡-로켓와우, 롯데ON-롯데오너스 3천원 할인 (전월실적 30만원 이상)"
712,"병원비 할인카드 추천 BEST 7, 약국부터 고액 병원비까지 할인 받는 신용카드로 모았다"
712,"2026 넷플릭스 품은 네이버플러스 멤버십 총정리: 가격부터, 활용팁, 구독료 반값 할인 신용카드 추천까지"
713,넷플릭스/유튜브 50% 할인 · 배달앱 5% 할인 · 어린이집/유치원 5% 할인
713,병원/약국/산후조리원 5% 결제일 할인
713,"쿠팡, SSG닷컴, 롯데ON, 11번가, G마켓 5% 결제일 할인"
713,"어린이집/유치원 中 부모부담금,
학원, 인터넷서점 (YES24, 알라딘, 교보문고) 5% 결제일 할인"
713,"배달의민족, 요기요 5% 결제일 할인"
713,"넷플릭스, 유튜브프리미엄 50% 할인
네이버-플러스멤버쉽, 쿠팡-로켓와우, 롯데ON-롯데오너스 3천원 할인"
716,메리어트 참여호텔 무료숙박권 제공 · 메리어트 참여호텔 이용시 5P/1천원 적립 · 메리어트 본보이™ 멤버십 골드엘리트 제공
716,적립
716,"메리어트 본보이 포인트 특별 적립 (1천원당, 최대 5 포인트)
메리어트 본보이 포인트 기본 적립 (1천원당, 1 포인트)"
716,적립
716,"혜택의 범위를 좁혔더니, 할인은 더 커진 신용카드 추천 (ft.스타벅스, 메리어트 본보이, 트래블월렛)"
717,"국내가맹점 0.5% 적립 · 해외, 면세점 2% 특별적립 · 프리미엄기프트 5만원 증정"
717,적립
717,[고액 적립] 최대 1.5% 적립
717,적립
717,"[특별 적립] 해외, 면세점, 백화점, 이동통신, 병의원, 4대 보험료 최대 2% 적립"
717,적립
717,"[기본적립] 특별 적립 외 국내 적립 대상 가맹점 0.5% 적립
[보너스적립] 12개월마다 20,000점 적립"
717,SK 주유 및 충전 시 리터(ℓ)당 60원 청구 할인
717,"국내 호텔/리조트/카라반/글램핑 2박 연박 시 1박 무료
해외 패키지 여행 할인 등 제공"
718,쇼핑 7% 할인 · 보육 7% 할인 · 생활요금 7% 할인
718,백화점·프리미엄 아울렛·할인점·온라인쇼핑몰·생활잡화·신선식품 배송 7% 결제일할인
718,의료·산후조리원·학원·학습지·온라인서점·어린이집·유치원·주유 7% 결제일할인
718,아파트 관리비·도시가스요금·전기요금·4대 사회보험·보험·통신·렌탈 자동납부 연결 시 7% 결제일할인
718,"스트리밍 3,000원 결제일할인"
718,해외 1.5% 결제일할인
718,"[추천] 코웨이 정수기, 렌탈비 할인은 제휴카드가 이득일까? (ft.렌탈비 할인카드)"
719,넷플릭스 10% 할인 · 전기차충전 10% 할인 · 휴대전화 5% 할인
719,할인
719,"할인한도, 전월실적조건 없이 0.7% 기본할인"
719,"넷플릭스, 멜론 10% 할인"
719,배달의민족 10% 할인
719,스타벅스 사이렌오더 10% 할인
719,전기차 충전 할인 10%
719,"일상 생활(대중교통, 휴대전화, 해외) 할인 5%"
719,현대카드ZERO MOBILE Edition2(할인형)
720,배달의민족 5% 적립 · 전기차충전 5% 적립 · 온라인쇼핑 3% 적립
720,적립
720,0.8% 기본적립
720,"넷플릭스, 멜론 5% 적립"
720,배달의민족 5% 적립
720,스타벅스 사이렌오더 5% 적립
720,전기차 충전 적립 5%
720,"일상 생활(대형마트, 슈퍼마켓, 영화, 커피, 대중교통, 휴대전화, 해외) 적립 1%"
720,온라인쇼핑 적립 3%
721,의료(임신·출산) 7% 할인 · 학습지/학원/서점 7% 할인 · 영상/음원서비스 20% 할인
721,"쇼핑/생활 업종(백화점, 대형할인점, 온라인쇼핑, 이동통신, 생활월납, 렌탈) 5% 청구할인"
721,의료(임신·출산) / 보육(교육) 업종 7% 청구할인
721,"언택트 라이프 업종(영상, 음원, 전자도서, 멤버십) 20% 청구할인"
721,해외가맹점(해외직구 포함) 이용금액 청구할인
722,의료(임신·출산) 3% 캐시백 · 학습지/학원/서점 3% 캐시백 · 영상/음원서비스 10% 캐시백
722,"쇼핑/생활 업종(백화점, 대형할인점, 온라인쇼핑, 이동통신, 생활월납, 렌탈) 2% 캐시백"
722,의료(임신·출산) / 보육(교육) 업종 3% 캐시백
722,"언택트 라이프 업종(영상, 음원, 전자도서, 멤버십) 10% 캐시백"
722,해외가맹점(해외직구 포함) 이용금액 캐시백
723,"주요 커피전문점 20% 할인 · 쿠팡, 티몬, 위메프 20% 할인 · 편의점 10% 할인"
723,주요 커피전문점 20% 할인
723,"쿠팡, 티몬, 위메프 20% 할인"
723,"GS25, CU, 세븐일레븐, 올리브영 10% 할인,
이마트, 홈플러스, 롯데마트 5% 할인"
723,"CGV, 롯데시네마, 메가박스 1만원 할인"
723,"버스, 지하철 이용건당 200원 할인"
723,전 주유소 리터당 60원 할인(LPG포함)
723,놀이공원 할인
724,적립
724,"[선택 제공 혜택]
항공마일리지(대한항공/아시아나항공) 또는 M포인트 적립"
724,적립
724,현대카드ZERO Edition2(할인형)
725,편의점 5% 할인 · 이동통신요금 5% 할인 · 정기구독 5% 할인
725,GS25 편의점 5% 할인
725,"쏘카, 야놀자, LiivM 이동통신 5% 할인"
725,"스타벅스, 파리바게뜨 5% 할인"
725,"멜론, 지니, 넷플릭스, 웨이브 월정액 결제시 5% 할인"
725,"교보문고, 어학시험응시료(온라인접수) 5% 할인"
726,알뜰폰 통신요금 최대 1만5천원 할인 · 공항&호텔 티타늄서비스 제공
726,알뜰폰 통신료 자동이체 최대 1만 5천원 할인 서비스
726,토스도 내놓은 알뜰폰 요금제! 알뜰폰 통신비 할인카드 모아볼까?
727,알뜰폰 통신요금 최대 1만7천원 할인
727,알뜰폰 통신료 자동이체 할인 서비스
727,토스도 내놓은 알뜰폰 요금제! 알뜰폰 통신비 할인카드 모아볼까?
728,간편결제 최대 10% 할인 · 교통요금 최대 10% 할인 · 온라인쇼핑 5% 할인
728,간편결제 최대 10% 할인
728,"온라인쇼핑, 홈쇼핑 5% 할인"
728,배달앱 5% 할인
728,교통 최대 5% 할인
729,생활요금 자동납부 최대 10% 할인 · 삼성닷컴 3% 할인 · 삼성스토어 24/36개월 할부제공
729,삼성닷컴 3% 결제일할인
729,생활요금 자동납부 5%·10% 결제일할인
729,주유·온라인쇼핑몰 3%·6% 결제일할인
729,"라이트할부 이용 시 삼성케어플러스 3,000원~5,000원 결제일할인"
730,온라인쇼핑 10% 할인 · 배달앱 10% 할인 · 주유소 100원/L 할인
730,온라인쇼핑몰 이용금액의 10% 청구 할인
730,대형마트 이용금액의 10% 청구 할인
730,배달 앱 이용금액의 10% 청구 할인
730,주유 시 리터당 100원 청구 할인
730,생활요금 정기결제 시 7% 청구 할인
730,"반복되는 일상 속 반복되는 할인혜택, 현대카드Z 3종 (현대카드Z family/work/ontact)"
730,현대카드ZERO Edition2(할인형)
731,커피전문점 50% 할인 · 편의점 10% 할인 · 온라인 간편결제 10% 할인
731,커피전문점 이용금액의 50% 청구 할인
731,편의점 이용금액의 10% 청구 할인
731,대중교통 이용금액의 10% 청구 할인
731,온라인 간편결제 이용금액의 10% 청구 할인
731,이동통신요금 정기결제 시 7% 청구 할인
731,[알뜰교통카드] 버튼만 누르면 연 80만원 할인! 카드사별 알뜰교통카드/알뜰교통플러스 카드 전격 비교
731,"[반값카드] 의외로 잘 모르는 스타벅스 반값 공략법, 카페 50% 카드"
731,"반복되는 일상 속 반복되는 할인혜택, 현대카드Z 3종 (현대카드Z family/work/ontact)"
731,현대카드ZERO Edition2(할인형)
732,온라인쇼핑 멤버십 70% 할인 · 스마트오더 50% 할인 · 디지털 콘텐츠 30% 할인
732,온라인 간편결제 이용금액의 10% 청구 할인
732,온라인쇼핑 멤버십 이용금액의 70% 청구 할인
732,디지털 콘텐츠 서비스 이용금액의 30% 청구 할인
732,배달 앱 이용금액의 10% 청구 할인
732,커피전문점 스마트오더 이용금액의 50% 청구 할인
732,"[반값카드] 의외로 잘 모르는 스타벅스 반값 공략법, 카페 50% 카드"
732,"반복되는 일상 속 반복되는 할인혜택, 현대카드Z 3종 (현대카드Z family/work/ontact)"
732,"천만명을 위한 할인! 쿠팡부터 네이버플러스, 스마일클럽까지 쇼핑 멤버십 할인카드 추천"
732,현대카드ZERO Edition2(할인형)
733,무신사 및 솔드아웃 5% 할인 · 그외가맹점 무신사적립금 1% 적립
733,무신사 및 솔드아웃에서 결제 시 5% 청구 할인
733,적립
733,그 외 가맹점에서 결제 시 무신사 적립금 1% 적립
733,2026 무신사 할인 신용카드 추천 & 골드 등급이 알려주는 무신사 꿀팁 3가지
733,현대카드ZERO Edition2(할인형)
735,커피빈 최대 1만8천원 할인 · 커피빈 쿠폰 1만원권 제공 · 주요 생활 영역 5% 할인
735,"커피빈 이용 시 청구 할인(최대 1만 8천원),
커피빈 모바일 쿠폰 제공(1만원권)"
735,주요 생활 영역 5% 청구 할인
735,"KB국민카드 X 커피빈, 건당 3000원 커피 할인... 커피빈 PLCC 출시"
735,마이핏카드(적립형)
736,온라인쇼핑·해외 5% 적립 · Food·Coffee·Movie 30% 할인 · 특수소재플레이트 무료 제공
736,적립
736,"국내외 가맹점 기본 1% 멤버십리워즈 적립
온라인쇼핑·해외 추가 4% 멤버십리워즈 적립"
736,라이프스타일 30% 결제일할인 [전월 실적 100만원 이상]
738,"전 가맹점 0.2% 기본적립 · 대형마트, 지역유통점 최대 10% 적립 · 전기차 충전소 30% 적립"
738,적립
738,"일시불 · 할부 이용금액 0.2% 포인트 적립
전월 이용금액별 0.3%~0.6% 포인트 추가 적립"
738,주요 마트 최대 10% 적립
738,"모든 주유소 이용금액 5% 포인트 적립
전기차 충전소 이용금액 30% 포인트 적립"
738,"실외 골프장, 제주신화월드 이용금액 5% 포인트 적립
에이바우트커피 이용금액 10% 포인트 적립"
738,"온라인 쇼핑몰 이용 시 2,500원 결제일 할인"
738,버스 이용금액 10% 결제일 할인
738,이동통신요금 자동이체 5% 결제일 할인
739,P.X / GS25해군마트 최대 20% 할인 · 대중교통 20% 할인 · 영화 35% 할인
739,"군마트(P.X) 및 GS25 해군마트 환급할인
군 KT공중전화 할인"
739,대중교통(전국 버스/지하철) 20% 청구할인
739,"CGV 35% / 스타벅스 20% / 아웃백, VIPS 20%
/ 에버랜드, 롯데월드 현장예매 50% 환급할인"
739,"교보문고 5% 환급할인
TOEIC, JPT 응시료 2,000원 환급할인"
739,"이동통신 자동납부 2,500원 환급할인"
739,"GS홈쇼핑, CJ홈쇼핑, G마켓, 옥션 5% 환급할인"
739,20대 남성이면 월 최대 5만원 할인! KB국민 vs IBK기업 나라사랑카드 비교
740,"차량유지관리 업종 3% 적립 · 대중교통, 쏘카, 타다 2% 적립 · 그외 일반가맹점 1% 적립"
740,업종별 블루멤버스 포인트 최대 3% 적립
740,현대카드ZERO Edition2(할인형)
741,차량유지관리 업종 최대 4.5% 적립 · 대중교통/쏘카/타다 최대 3% 적립 · 그외 가맹점 최대 1.5% 적립
741,업종별 블루멤버스 포인트 최대 3% 적립
741,현대카드ZERO Edition2(할인형)
744,IKEA 매장 10% 할인 · 백화점/할인점 5% 할인 · 편의점 5% 할인
744,"IKEA 매장(푸드 제외) 이용 시 이용금액의 10% 결제일 할인
IKEA 푸드 이용 시 이용금액의 15% 결제일 할인"
744,백화점/프리미엄 아울렛 및 대형 할인점 5% 결제일 할인
744,편의점 5% 결제일 할인
744,영화 예매 5% 결제일 할인
744,커피 5% 결제일 할인
744,이동통신요금 자동이체 5% 결제일 할인
744,2026 이케아 할인 신용카드 추천 & 이케아 패밀리 회원가입 혜택 정리
744,주말에 몰캉스 떠나볼까? 스타필드·백화점·아울렛 할인카드 BEST 7
744,현대카드ZERO Edition3(할인형)
745,대중교통 20% 할인 · 편의점 10% 할인 · 커피 10% 할인
745,대중교통 20% 청구할인
745,편의점 10% 청구할인
745,커피 10% 청구할인
745,[알뜰교통카드] 버튼만 누르면 연 80만원 할인! 카드사별 알뜰교통카드/알뜰교통플러스 카드 전격 비교
745,[알뜰교통카드 리얼후기] 교통비 30% 할인 받는다는 역대급 카드! 에디터 6명이 직접 사용해봤습니다
746,대중교통 15% 캐시백 · 온라인쇼핑 최대 5천원 할인 · 해외직구 배송대행료 20% 할인
746,대중교통 15% 캐시백
746,국내 온라인 쇼핑 최대 5천원 캐시백
746,"해외 직접 구매 배송 대행료 20% 할인,
해외 이용 수수료 우대"
746,[알뜰교통카드] 버튼만 누르면 연 80만원 할인! 카드사별 알뜰교통카드/알뜰교통플러스 카드 전격 비교
746,[알뜰교통카드 리얼후기] 교통비 30% 할인 받는다는 역대급 카드! 에디터 6명이 직접 사용해봤습니다
747,이동통신요금 최대 1만7천원 할인
747,Liiv M 통신료 자동이체 최대 1만 7천원 할인
748,이지캐시백
748,이지캐시백
748,이지캐시백 · IBK기업은행
748,전 가맹점 0.2% 캐시백 · 점심/저녁시간 3배 캐시백
748,할인
748,"국내외 전 가맹점 이용금액의 0.2% 캐시백
점심・저녁시간에는 국내 전 가맹점 3배 캐시백"
748,"점심값 1만원 시대, 점심 & 음식점 할인 받는 직장인 체크카드 추천 BEST 3"
749,해외가맹점 수수료 면제 서비스 · 해외ATM 수수료 면제 서비스 · 국내가맹점 0.3% 캐쉬백
749,할인
749,국내 가맹점 0.3% 캐쉬백
750,휴대폰요금 자동이체 3천원 캐시백 · 요식업종 0.5% 캐시백 · 인터넷쇼핑몰 0.5% 캐시백
750,요식/대형마트/백화점/병원/약국/인터넷 쇼핑몰 0.5% 캐시백
751,"쇼핑 5% 할인 · 교육, 학습지 5% 할인 · 관리비, 통신비 5% 할인"
751,대형마트/온라인쇼핑몰/홈쇼핑 5% 할인
751,키즈카페/문화센터/학습지 5% 할인
751,통신료/아파트관리비 5% 할인
752,"병원 5% 할인 · 키즈카페, 학습지 5% 할인 · 단체보험 무료 가입"
752,병원 5% 할인
752,키즈카페/문화센터/학습지 5% 청구할인
753,아모레퍼시픽 뷰티포인트 12% 적립 · 특별가맹점 뷰티포인트 5% 적립
753,아모레퍼시픽 12% 적립
753,"특별가맹점(할인점, 백화점, 면세점, 카페 등) 5% 적립"
754,"병원, 약국 2% 캐시백 · 온라인쇼핑 2% 캐시백 · 다이소, 마켓컬리 2% 캐시백"
754,백화점·프리미엄 아울렛·할인점·온라인쇼핑몰·생활잡화·신선식품 배송 2% 캐시백
754,의료·산후조리원·학원·학습지·온라인서점·어린이집·유치원 2% 캐시백
755,이동통신요금 2천원 캐시백 · 편의점 1천원 캐시백 · 커피 1천원 캐시백
755,"스타벅스, 엔제리너스 1천원 캐시백"
755,"롯데시네마, CGV 2천원 캐시백"
755,"세븐일레븐, GS25, CU 1천원 캐시백"
755,"SKT, KT, LG U+ 2천원 캐시백"
756,모든가맹점 0.2% 기본캐시백 · 주말 및 공휴일 0.2% 추가캐시백
756,할인
756,"국내(온·오프라인) 가맹점 0.2% 캐시백
주말 및 공휴일 0.2% 추가 캐시백"
757,온라인 이용 건 3% 캐시백 · 소셜커머스/오픈마켓 5% 캐시백
757,온라인 이용 건 3% 캐시백
757,"쿠팡, 티몬, 위메프, 11번가, 옥션, G마켓 5% 캐시백"
758,다이소 30% 할인 · 영화 20% 할인 · 편의점 10% 할인
758,다이소 30% 할인
758,"GS25, CU 10% 할인"
758,"스타벅스, 커피빈 10% 할인"
758,"CGV, 롯데시네마 20% 할인"
758,"파리바게뜨, 뚜레쥬르 10% 할인"
760,뷰티/편의점 5% 할인 · 패스트푸드 5% 할인 · 온라인쇼핑 5% 할인
760,GS25 5% 환급할인
760,올리브영 5% 환급할인
760,패스트푸드 업종 5% 환급할인
760,서점업종 5% 환급할인
760,"소셜커머스 5% 환급할인 (쿠팡, 티몬, 위메프)"
760,CGV 5% 환급할인
761,골프 업종 5% 적립 · 골프연습장 타석 무료 제공 · 공항라운지 무료 이용
761,적립
761,"골프, 여가 영역 5% 적립
해외 3% 적립, 기본 0.5% 적립"
761,"주유, 전기차, 커피전문점 할인 서비스"
761,현대카드ZERO Edition2(할인형)
762,온라인 쇼핑 5% 캐시백 · 간편결제 5% 캐시백 · 배달/주문 5% 캐시백
762,온라인 쇼핑 5% 캐시백
762,간편결제 5% 캐시백
762,안경/렌즈 5% 캐시백
762,커피 5% 캐시백
762,배달/주문 5% 캐시백
762,대중교통(버스/지하철) 5% 캐시백
762,이동통신 5% 캐시백
762,해외 5% 캐시백
762,"OTT서비스, 공연티켓, 어학시험 5% 캐시백"
762,토스도 내놓은 알뜰폰 요금제! 알뜰폰 통신비 할인카드 모아볼까?
763,국내외가맹점 최대 2% 적립 · 프리미엄쇼핑 5% 적립 · 웰컴바우처 10만원 제공
763,"국내외 가맹점 1% 적립
월 200만원 이상 이용 시 2배, 월 100만원 이상 이용 시 1.5배 적립"
763,7만 M포인트 적립 또는 연회비 7만원 감면(택 1)
763,현대카드ZERO Edition2(할인형)
764,"이동통신요금 3,000P 적립 · 스트리밍 10% 적립 · 카카오페이포인트 최대3% 적립"
764,"이동통신요금 카카오페이포인트 3,000P 적립"
764,스트리밍 10% 카카오페이포인트 적립
764,해외 1% 카카오페이포인트 적립
764,카카오페이로 카카오톡 선물하기 결제 시 3% 카카오페이포인트 적립
764,카카오페이로 결제 시 2% 카카오페이포인트 적립
764,적립
764,"전월 이용금액에 관계없이, 적립한도 없이 국내 가맹점 1% 카카오페이포인트 적립"
764,현대카드ZERO Edition2(할인형)
767,go 캐시백 글로벌 하이브리드
767,go 캐시백 글로벌 하이브리드
767,go 캐시백 글로벌 하이브리드 · 우체국
767,해외전가맹점 7% 캐시백 · 간편결제 5% 캐시백 · 하이브리드서비스 소액신용결제 가능
767,해외 전 가맹점 7% 캐시백
767,3대 간편결제 5% 캐시백
767,온라인 식품배달 5% 캐시백
767,대형마트 5% 캐시백
767,우체국 5% 캐시백
767,면세점 5% 캐시백
767,공항라운지 서비스(연1회 캐시백)
767,커피전문점 5% 캐시백
767,"배낭여행 못 가는 요즘 대학생들이 쓰는 카드, 우리도 여행 #가보자고｜우체국 go캐시백 글로벌 하이브리드 카드"
767,"7주 연속 1위 체크카드, 우체국 ‘go 캐시백 글로벌 하이브리드 카드’로 업그레이드 출시!"
768,전기/수소차 충전소 10% 적립 · 친환경 마켓 20% 적립 · 영상/음원서비스 1천점 적립
768,"전기/수소차 충전소, 버스/지하철, 철도 10% 포인트리 적립
공유 모빌리티 20% 포인트리 적립"
768,"친환경 마켓 20% 포인트리 적립
업사이클링 제품, 반려식물 10% 포인트리 적립"
768,"모바일단독카드 이용 시, 영상/음원 건당 5천원 이상 이용 시 포인트리 1천점 적립(월1회)
굿윌스토어 건당 2만원 이상 이용 시 포인트리 1천점 적립(월2회)"
768,기부포인트 적립 서비스
768,수소차 충전할인 신한카드
769,국내가맹점 0.7% 적립 · 주말/공휴일 0.5% 추가적립 · 음식·교통 0.5% 추가적립
769,적립
769,[기본적립] 국내 가맹점 0.7% 기본적립 (전월실적 없음)
769,적립
769,[추가 적립] 주말/공휴일 국내 가맹점 0.5% 추가적립 (전월실적 없음)
769,"[추가 적립] 음식점, 커피 전문점 업종 0.5% 추가적립 (전월실적 없음)"
769,"[추가 적립] 버스/지하철, 택시 0.5% 추가적립 (전월실적 없음)"
769,[추가 적립] 이동통신요금 0.5% 추가적립 (전월실적 없음)
769,할인
769,해외이용금액 1.7% 할인 캐시백 (전월실적 없음)
769,CGV/메가박스 온라인 영화 예매 청구할인 (전월실적 30만원 이상)
769,롯데월드/에버랜드/캐리비안베이 현장할인 (전월실적 30만원 이상)
769,2026  인기 포인트 적립 높은 신용카드 순위 비교 추천 BEST 5
769,"에디터가 뽑은 2023 KB국민카드 TOP5│월 8만원 할인, 단종되지 않게 해주세요(제발)"
769,현대카드ZERO Edition2(할인형)
770,골프연습장 5% 할인 · 골프웨어 5% 할인 · 주유소 5% 할인
770,"골프연습장/스크린골프, 골프관광(그린재킷 투어) 5% 환급할인
골프웨어/골프용품 5% 환급할인"
770,주유소 5% 환급할인
770,보험료 자동납부 5% 환급할인
770,해피포인트 멤버쉽 최대 5% 현장적립
770,골프장·골프연습장 할인 신용카드 & 골프 라운딩 준비물인 40대 프리미엄 카드 추천 BEST 6
771,플러스가맹점 L.pay결제 최대 1.5% 적립 · 일반가맹점 결제 최대 1% 적립
771,"지난달 실적 30만원 이상 시, 1.5%~1.0% L.POINT 적립"
772,"1,500원당 1마일 적립 · 바우처 최대 10만원 제공 · 영화 2천원 할인"
772,"국내외 일시불, 유이자할부금액에 대해서 1,500원당 1마일 적립
제휴항공사"
772,KTX/SRT 승차권 및 철도 여행상품 3%~10% 할인 서비스
772,영화예매 할인 서비스・CGV 콤보 무료 이용 서비스
773,"1,500원당 10P 적립 · 바우처 최대 10만원 제공 · 영화 2천원 할인"
773,적립
773,"국내외 일시불, 유이자할부금액 1,500원당 10 TOP포인트 적립"
773,KTX/SRT 승차권 및 철도 여행상품 3%~10% 할인 서비스
773,영화예매 할인 서비스・CGV 콤보 무료 이용 서비스
774,쿠팡 15% 할인 · 외식업종 10% 할인 · 롯데월드 50% 할인
774,쿠팡 15% 할인
774,"롯데리아, 엔제리너스, 나뚜루, TGIF, 보네스뻬, 크리스피크림도넛 10% 할인 (1만원 이상 결제 시 할인)"
774,롯데월드 종합이용권 50% 할인
774,"롯데백화점, 면세점, 롯데ON, 롯데마트 할인"
774,"롯데시네마 관람료 1,500원 할인"
774,미스터피자 15% 현장 할인
774,"롯데 SK 주유포인트 적립
L.POINT 적립"
775,"해피오더, 해피마켓, 해피페이 10% 적립 · 사용횟수에 따라 최대 21,000P 적립 · 해외 이용금액 1% 적립"
775,적립
775,"해피페이 / 해피오더 / 해피마켓 사용 시, 해피포인트 10% 적립
전월실적 관계없이 사용 횟수에 따라 최대 21,000 해피포인트 적립"
775,해외 이용금액의 1% 해피포인트 적립
775,해피포인트 가맹점 이용액 현장 적립
776,"홈플러스 최대 5% 할인 · 병/의원, 약국 5% 할인 · 주유소 80원/L 할인"
776,홈플러스에서 결제 시 1%·5% 결제일할인(청구할인)
776,의료비 5% 결제일할인(청구할인)
776,GS칼텍스에서 주유 시 리터당 80원 결제일할인(청구할인)
777,영화/외식/커피 3% 적립 · 온라인/홈쇼핑 1% 적립 · 국내가맹점 0.7% 기본적립
777,L.POINT 0.7 ~ 3% 적립
777,롯데가맹점 1 ~ 2% 추가적립
777,롯데월드 아쿠아리움 입장권 및 놀이공원 자유이용권 50% 현장할인
777,현대카드ZERO Edition2(할인형)
778,GS SHOP 12% 할인 · 편의점 10% 할인 · 이동통신 5% 할인
778,GS SHOP 12% 청구 할인
778,대형마트 5% 청구 할인
778,이동통신 5% 청구 할인
778,커피 10% 청구 할인
778,편의점 10% 청구 할인
778,택시 10% 청구 할인
778,미용실/화장품/문화센터/스포츠 5% 청구 할인
779,위메프 2% 적립 · 위메프오 1% 적립 · 생활영역/구독서비스 5% 적립
779,"위메프 적립 2%
위메프오 적립 1%"
779,생활영역/구독서비스 적립 5%
779,적립
779,기본적립 0.2%
780,국내외 가맹점 0.5% 할인 · 보험∙전기요금∙통신 10% 할인 · 온라인쇼핑몰 ∙주유 ∙할인점 3% 할인
780,할인
780,국내외 가맹점 0.5% 할인
780,할인
780,온라인쇼핑몰·주유·할인점 3% 결제일할인
780,할인
780,4대 사회보험·손해보험·전기요금·이동통신·인터넷 10% 결제일할인
780,할인
780,4대 사회보험 자동납부 시 납부대행수수료(납부금액의 0.8%) 결제일할인
781,"지하철, 버스 최대 300원 할인 · 아웃백, 빕스 10% 할인 · GS주유소(LPG포함) 40원/L 할인"
781,"지하철, 버스 등 최대 300원 할인"
781,"철도, 고속버스, 택시 5% 할인"
781,휴대폰 이용대금의 3% 할인
781,GS 주유소 리터당 40원 할인(LPG 포함)
781,"인터파크, 네이버영화 결제 시 2천원 할인"
781,"아웃백, 빕스 10% 할인"
781,"당행 ATM 인출 수수료 월 10회 면제 1천만원 대중교통 상해보험 무료가입(선택 시 가입)
당행 환전 수수료 50% 우대(대상통화 USD, JPY, EUR) 등"
781,주요 놀이공원 최대 50% 할인(월간 통합할인한도와 별도로 제공)
783,SSG.COM 2~4% 적립 · 생활편의영역 3~5% 적립 · 그 외 가맹점 0.5% 적립
783,SSG.COM에서 결제 시 2~4% 신세계포인트 적립
783,생활편의영역에서 결제 시 3~5% 신세계포인트 적립
783,현대카드ZERO Edition2(할인형)
784,LG U+ 24개월 라이트할부 · LG U+ 최대 1만6천원 할인
784,LG U+ 월 통신요금 할인
785,KT 24개월 라이트할부 · KT 최대 1만6천원 할인
785,KT 월 통신요금 할인
788,CJ ONE 포인트 2~5배 적립 · CJ ONE 포인트 0.5% 특별적립 · 놀이공원 자유이용권 50% 현장할인
788,CJ ONE 포인트 2~5배 적립
788,일반 제휴점 이용 시 CJ ONE 포인트 0.5% 특별적립
788,놀이공원 50%·워터파크 30% 할인
788,CJ푸드빌 15% 현장할인
788,"CGV 4,000원·8,000원 할인"
788,CJ푸드빌 20%·30% 현장할인
788,현대카드ZERO Edition2(할인형)
789,이마트 7대 가맹점 최대 5% 적립 · 생활편의영역 최대 5% 적립 · 그 외 모든 가맹점 최대 0.5% 적립
789,이마트 7대 가맹점에서 결제 시 최대 5% 신세계포인트 적립
789,생활편의영역에서 결제 시 최대 5% 신세계포인트 적립
789,그 외 모든 가맹점에서 결제 시 최대 0.5% 신세계포인트 적립
789,현대카드ZERO Edition2(할인형)
791,코스트코 리워드 포인트 1~3% 적립 · 생활편의영역 1~2% 적립 · 그 외 가맹점 1% 적립
791,"당월 이용금액에 따라 코스트코 리워드 포인트 1~3% 적립
코스트코 매장·온라인몰 / 생활편의영역 / 그 외 가맹점"
791,현대카드ZERO Edition2(할인형)
794,소셜커머스 20% 할인 · 영화 4천원 할인 · 커피전문점 20% 할인
794,"쿠팡, 티몬, 위메프 20% 할인"
794,전국 영화관 및 인터넷 예매 4천원 할인
794,"패밀리레스토랑, 불고기브라더스, 주요 커피전문점 20% 할인"
794,주요 놀이공원 무료입장 및 입장료/자유이용권 할인
807,"버스,지하철 건당 100원 할인 · 편의점 5% 할인 · 커피 10% 할인"
807,"버스, 지하철 이용건당 100원 할인"
807,"GS25, CU, 세븐일레븐 5% 할인
쿠팡, 티몬, 위메프 10% 할인"
807,"CGV, 롯데시네마, 메가박스 4천원 할인"
807,주요 커피전문점 10% 할인
807,주요 놀이공원 할인
807,이지캐시백
810,현대백화점 5% 할인 · 현대오일뱅크 40원/L 캐시백 · 스타벅스 10% 캐시백
810,현대백화점 이용금액 5% 현장할인
810,현대오일뱅크(LPG포함) 리터당 40원 결제일 캐시백
810,"스타벅스, 커피빈, 엔제리너스 10% 결제일 캐시백"
810,CGV 영화할인
810,서적 및 토익응시료 할인
810,"아웃백, TGIF 결제일 캐시백"
810,캐시백
810,소득공제 보너스 캐시백 제공
812,의료 3% 캐시백 · 육아/교육 3% 캐시백 · 에코머니 최대 0.8% 적립
814,해피포인트 20% 캐시백 · 해피포인트 5% 적립 · 이동통신요금 3% 캐시백
814,해피포인트 가맹점 할인 및 적립
814,이동통신요금 자동이체 금액의 3% 결제일 캐시백
814,"인터넷 영화 예매시 2,000원 결제일 캐시백"
814,토익응시료 2천원 결제일 캐시백
814,전국 주요놀이공원 무료입장 및 자유이용권 50% 할인
814,국내면세점 할인쿠폰 서비스
814,TOP가맹점 이용시 TOP 포인트 적립
816,"모든주유소 2% 할인 · 영화관 1,500원 할인 · 전국 놀이공원 할인"
816,전주유소 이용액의 2% 할인(LPG제외)
816,"전국 주요영화관 1,500원 할인"
816,주요 패밀리레스토랑 10% 할인
816,전국 주요놀이공원 할인
816,커피전문점 10% 할인
816,"인터넷 예매 1,500원 할인"
816,"온라인 서적 인터넷 2,000원 할인"
819,카카오페이 15% 할인 · 온라인쇼핑 10% 할인 · 편의점 5% 할인
819,카카오페이 이용금액 15% 결제일 캐시백
819,"G마켓, 옥션, 11번가, 쿠팡, 위메프, 티몬 10% 결제일 캐시백"
819,오프라인 쇼핑 5% 할인
823,현대백화점 5% 할인 · 현대아울렛 5% 할인 · 현대오일뱅크 리터당 40원 할인
823,"현대백화점 이용금액 5% 현장힐인
현대아울렛 이용금액 5% 캐시백할인"
823,진에어 항공권 구입금액 5% 캐시백할인
823,캐시백
823,연간 보너스 캐시백 할인
823,현대오일뱅크 리터당 40원 캐시백할인(LPG 포함)
823,"스타벅스, 커피빈, 엔제리너스 10% 캐시백 할인"
823,CGV 3천원 ~ 6천원 캐시백 할인
823,교보문고/토익응시료 2천원 캐시백할인
823,"아웃백스테이크하우스 , TGIF 1만원 캐시백 할인"
834,병/의원 5% 할인 · 어린이집/유치원 5% 할인 · 스타벅스 20% 할인
834,적립
838,KT통신료 최대 1만5천원 할인 · 커피 10% 할인 · 캐시백 3만원 연간
838,KT통신료 월 7천원 ~ 1만5천원 청구할인
838,슬립리스인시애틀 10% 청구할인
838,캐시백
838,전국 TOP포인트 가맹점에서 TOP포인트 적립
852,스마일페이 가맹점/해외 2% 적립 · 해외가맹점 2% 적립 · 그 외 가맹점 1% 적립
852,"스마일페이 가맹점/해외에서 스마일페이로 결제 시 2% 스마일캐시 적립
그 외 가맹점 이용 시 1% 스마일캐시 적립"
852,현대카드ZERO Edition2(할인형)
853,스마일배송 가맹점 3% 적립 · 스마일페이가맹점/해외 2% 적립 · 그 외 가맹점 1% 적립
853,"스마일배송 가맹점에서 스마일페이 결제 시 3%
스마일페이 가맹점에서 스마일페이 결제 및 해외가맹 이용 시 2% / 그 외 가맹점에서 1% 스마일캐시 적립"
853,"천만명을 위한 할인! 쿠팡부터 네이버플러스, 스마일클럽까지 쇼핑 멤버십 할인카드 추천"
853,현대카드ZERO Edition2(할인형)
854,"주유 및 충전 시, 리터당 100~400원 청구할인 · 현대해상 자동차 보험료 3만원 청구할인 · 국내 가맹점 0.5% 적립"
854,"현대오일뱅크/SK에너지에서 주유 시 리터당 200원·400원 청구 할인
모든 충전소(LPG) 이용 시 리터당 100원·200원 청구 할인"
854,"기아 멤버십 프로그램 Kia Members 제휴서비스 제공
당월 이용금액의 0.1% 기아멤버스 포인트 추가 적립"
854,"현대해상 자동차 보험료 결제 시 청구할인
차량정비서비스"
854,적립
854,"국내가맹점 0.5% M포인트 적립
현대, 기아 신차구매 및 GS칼텍스 주유 시 특별적립"
854,현대카드ZERO Edition2(할인형)
859,"경차 유류세 환급 · 주유소, 충전소 100~400원/L 할인 · 국내가맹점 0.5% 적립"
859,"현대오일뱅크/SK에너지에서 주유 시 리터당 200원·400원 청구 할인
모든 충전소(LPG) 이용 시 리터당 100원·200원 청구 할인"
859,"현대해상 자동차 보험료 결제 시 청구할인
차량정비서비스"
859,"기아 멤버십 프로그램 Kia Members 제휴서비스 제공
당월 이용금액의 0.1% 기아멤버스 포인트 추가 적립"
859,적립
859,"국내가맹점 0.5% M포인트 적립
현대, 기아 신차구매 및 GS칼텍스 주유 시 특별적립"
864,연간 이용금액에 따라 최대 70만원 캐시백 · 놀이공원 최대 50% 할인
864,캐시백
864,연간 이용금액에 따라 최대 70만원 캐시백
864,놀이공원 할인
864,"병원비 할인카드 추천 BEST 7, 약국부터 고액 병원비까지 할인 받는 신용카드로 모았다"
865,홈플러스매장 7% 적립 · 홈플러스온라인몰 7% 적립 · 모든가맹점 0.3% 할인
865,"홈플러스 매장, 온라인몰 결제 시 마이홈플러스 포인트 7% 적립"
865,홈플러스 매장 외 가맹점 결제 시 0.3% 결제일 할인
879,주유소(LPG포함) 60원/L 할인 · 소셜커머스 20% 할인 · 영화관 8천원 할인
879,TOP포인트 최대 0.4% 적립
879,전 주유소 리터당 60원 할인 (LPG포함)
879,소셜커머스 20% 할인
879,영화관 8천원 청구할인
879,패밀리레스토랑 20% 청구할인
879,주요 커피전문점 20% 할인
879,"주요 놀이공원 무료입장 또는 입장료/자유이용권 할인 (월 1회, 연 2회)"
879,자연드림 이용금액 7% 청구할인
884,"하이패스 요금 0.1% 적립 · 출퇴근시간대 통행료 20~50% 자동할인 · 판교↔ 청계, 성남 연계통행료 면제"
884,하이패스 0.1% 마이신한포인트 적립
884,"출퇴근시간대 통행료 20~50% 할인
판교 ↔ 청계, 판교 ↔ 성남, 연계통행료 자동 면제"
884,"[반값카드] 숨어있는 고속도로 통행료 반값 공략법, 하이패스 50% 카드"
889,"주택임대료 최대 1만5천원 할인 · 통신, 인터넷, 보안업체 자동이체 할인 · 아파트관리비 3천원 할인"
889,(주택임대료형) 주택임대료 자동이체 신청 시 최대 1만 5천원 할인
889,"(생활형) 통신, 인터넷, 보안업체 자동이체 시 결제일 할인서비스 제공"
889,(공통서비스) 아파트 관리비 3천원 할인
889,(공통서비스) 교육료 1% 할인
889,병원·약국 1% 할인
889,(공통서비스) 3대 마트 1% 할인
890,스페셜 기프트 2만원 캐시백 · 스마일페이 가맹점 월 최대 2만원 할인 · 스마일페이 가맹점 연 최대 3만원 할인
890,스페셜기프트 - 매년 2만원 캐시백 지급
890,e스타일할인 - 매월 스마일페이 및 롯데 제휴사 매장 결제일 할인
890,e스마일할인 - 매년 스마일페이 가맹점 결제일 할인
890,영라이프할인 - 라이프 가맹점 10~12% 결제일 할인
890,현대카드ZERO Edition2(할인형)
895,모든가맹점 0.7% 적립 · 쇼핑/해외 1.3% 추가적립 · 생활가맹점 3.3% 추가적립
895,모든 가맹점 0.7% 포인트 적립
895,"신한은행 결제계좌 연결 시, 쇼핑 1.3% 추가적립"
895,"신한은행 결제계좌 연결 시, 해외 1.3% 추가적립"
895,"신한은행 결제계좌 연결 시, 통신/대중교통/도시가스 3.3% 추가적립"
895,현대카드ZERO Edition2(할인형)
905,메가마트 1% 적립 · 모든가맹점 0.5% 적립 · 대중교통 3~5% 할인
905,"메가마트 매장 결제 시 메가포인트 1.0% 적립
메가마트 자체 추가적립 0.5%, 총 1.5% 적립"
905,메가마트 제외 모든가맹점 메가포인트 0.5% 적립
905,"택시, 버스, 지하철 3~5% 할인 (모바일 교통거래 포함)"
905,GS칼텍스 60원/L 할인
906,메가마트 0.5% 적립 · 메가마트 0.2% 추가적립 · 모든가맹점 0.1% 적립
906,"메가마트 매장 결제 시 메가포인트 0.5% 적립
메가마트 자체 추가적립 0.2%, 총 0.7% 적립"
906,메가마트 제외 모든가맹점 메가포인트 0.1% 적립
912,온라인쇼핑몰/마트 10% 적립 · KB Pay 이용 시 5% 추가적립 · 관리비/편의점/배달앱 5% 적립
912,"온라인쇼핑몰, 대형마트, 소셜커머스, 백화점 10% 포인트리 적립"
912,"아파트 관리비, 편의점, 배달앱 5% 포인트리 적립"
912,온라인쇼핑몰에서 KB Pay 이용 시 5% 포인트리 적립
916,위비 알뜰주유소 할인카드
916,위비 알뜰주유소 할인카드
916,위비 알뜰주유소 할인카드 · 우리카드
916,알뜰 주유소 80~100원/L 할인 · 전국 영화관 3천원 할인 · 커피전문점 10% 할인
916,알뜰주유소 리터당 80원~100원 청구할인
916,치킨·피자 10% 청구할인
916,"전국 영화관 12,000원 이상 결제 시 3,000원 청구할인"
916,커피전문점 10% 청구할인
920,"skylife서비스 최대 1만원 할인 · 마트, 대형할인점 5% 할인 · 놀이공원 최대 50% 할인"
920,[skylife 서비스] skylife서비스 자동이체시 청구할인
920,"[쇼핑서비스] 마트, 대형 할인점 5% 할인(이마트, 홈플러스, 롯데마트, 농협하나로클럽)"
920,[놀이공원] 주요 놀이공원 무료입장 또는 입장료/자유이용권 최대 50% 할인
931,용인 주요 테마파크 최대 60% 할인 · 대형마트 5% 할인 · 온라인쇼핑 20% 할인
931,"[Life in Yong-In] 버스, 지하철(용인시 경전철 포함) 3% 할인"
931,[부가서비스] 전 주유소 리터당 60원 할인
931,"[부가서비스] 이마트, 홈플러스, 롯데마트, 농협하나로클럽 5% 할인
[Life in Yong-In] 쿠팡, 티몬, 위메프 20% 할인"
931,"[Life in Yong-In] CGV, 롯데시네마 4천원 할인"
931,"[Life in Yong-In] 아웃백, 빕스, 애슐리 20% 할인
[Life in Yong-In] 불고기브라더스 20% 현장할인"
931,[Life in Yong-In] 주요 커피전문점 20% 할인
931,"[Play in Yong-In] 용인시 주요 놀이공원 할인 (통합 월 1회, 연 8회)"
931,용인시 시민 복지 증진 및 자긍심 고취를 위해 공연/문화/생활시설 할인 제공
931,2026 캐리비안베이 할인카드로 50% 할인 & 에버랜드 무료입장까지 챙기는 방문 꿀팁 총정리
940,11번가 11Pay 결제시 11% 적립 · 생활밀착업종 5% 적립 · OK캐쉬백 0.1% 기본적립
940,11번가 OK캐쉬백 11% 특별적립
940,생활밀착업종 OK캐쉬백 5% 특별적립
940,전 가맹점 OK캐쉬백 0.1% 기본적립
942,"AK플라자 최대 10% 할인 · 제주항공 10% 할인 · 영화 3,500원 할인"
942,"AK PLAZA 청구할인 최대 10%
AK 멤버스 서비스"
942,"[생활영역 청구 할인] 학원, 패밀리레스토랑,커피,미용실 5% 할인"
942,[생활영역 청구 할인] 해피포인트 10% 할인
942,[생활영역 청구 할인] 제주항공 10% 할인
942,"인터파크 영화예매 1매당 3,500원 청구 할인"
942,놀이공원 최대 50% 할인
945,"이용금액 1% 기본적립 · 이용금액 0.5% 추가적립 · 해외, 면세점 2% 추가적립"
945,"일시불, 할부 이용금액 마이신한포인트 1% 적립
전월 300만원 이상 이용 시 일시불, 할부 이용금액 0.5% 추가적립"
945,[Travel 적립] 해외/면세점 이용금액 2% 추가 적립(전월실적 50만원 이상)
945,적립
945,[Bouns 적립] 분기당 1천만원 이상 이용 시 보너스 포인트 적립
945,"신한카드 The CLASSIC-S, 월 100만점 적립 받는 국세 납부 신용카드┃동반인 공항라운지 무료 입장 카드 추천"
948,"1,000원당 최대 3마일리지 적립 · 공항라운지 연2회 이용 · 환율(USD,JPY,EUR) 50% 우대"
948,"아시아나 마일리지 1,000원당 최대 3마일리지 적립 서비스"
948,환율 50% 우대
948,1st카드 (포인트 적립형)
948,1st카드 (캐시백형)
949,1st카드 (캐시백형)
949,1st카드 (캐시백형)
949,1st카드 (캐시백형) · 광주은행
949,전 가맹점 0.5% 캐시백 · 2가지 업종 1.2% 캐시백 · 영화관 3천원 캐시백
949,모든 가맹점 이용액 0.5% 캐시백
949,영화관 건당 8천원 이상 결제시 3천원 캐시백
949,선택한 2가지 업종 1.2% 캐시백
949,선택한 업종 2.0% 캐시백(혜택 추가시 연회비 3천원 추가)
949,현대카드ZERO Edition2(할인형)
949,1st카드 (포인트 적립형)
949,1st카드 (포인트 적립형)
949,1st카드 (캐시백형)
950,1st카드 (포인트 적립형)
950,1st카드 (포인트 적립형)
950,1st카드 (포인트 적립형) · 광주은행
950,전 가맹점 0.5% 적립 · 2가지 업종 1.2% 적립 · 영화관 3천원 적립
950,모든 가맹점 이용액 0.5% 적립
950,영화관 건당 8천원 이상 결제시 3천원 적립
950,선택한 2가지 업종 1.2% 적립
950,선택한 업종 2.0% 적립(혜택 추가시 연회비 3천원 추가)
950,1st카드 (캐시백형)
950,1st카드 (포인트 적립형)
950,1st카드 (캐시백형)
951,타이어렌탈 최대 2만원 할인 · 전국영화관 3천원 할인 · 커피전문점 20% 할인
951,"렌탈요금 월 최대 20,000원 할인"
951,"아웃백, TGIF 10% 청구할인"
951,"스타벅스, 투썸플레이스 20% 청구할인"
951,"모든 영화관 3,000원 청구할인"
951,놀이공원 50% 현장할인
952,SK주유소 월 최대 5만원 할인 · 커피전문점 20% 할인 · 패밀리레스토랑 10% 할인
952,SK주유소 월 최대 5만원 할인
952,"아웃백, TGIF 10% 청구할인"
952,"스타벅스, 투썸플레이스 20% 청구할인"
952,놀이공원 50% 현장할인
952,"모든 영화관 3,000원 청구할인"
953,자동차금융 최대 1만원 할인 · 주유소/충전소 70원/L 할인 · 자동차보험 최대 2만원 할인
953,자동차금융 이용고객 월 납부금 최대 1만원 청구할인
953,주유소/충전소 리터당 70원 할인
953,자동차 보험 최대 2만원 청구할인
953,스피드메이트 엔진오일 및 차량정비 할인
953,SK렌터카 최대 70% 현장할인
953,"영화관, 패밀리레스토랑, 커피 할인"
953,신용카드로 자동차보험료 내는 꿀팁 & 자동차보험 할인 신용카드 추천┃2026년 기준
953,현대카드ZERO Edition2(할인형)
984,GS칼텍스 최대 150원 할인 · 온라인쇼핑 5% 적립 · 대형마트 5% 적립
984,GS 칼텍스 리터당 최대 150원 할인
984,소셜커머스 온라인쇼핑 5% 포인트적립
984,백화점 5% 포인트적립
984,대형마트 5% 포인트적립
984,패밀리레스토랑 10% 포인트적립
984,커피전문점 10% 포인트적립
984,1st카드 (포인트 적립형)
984,1st카드 (캐시백형)
993,Gift Option 연 1회 택 1 · 항공 마일리지 적립 · 공항라운지 무료 이용
993,항공 마일리지 적립 서비스
993,골프 할인 서비스
1002,통신요금 최대 2만원 할인 · 모든가맹점 최대 1% 할인
1002,통신요금 최대 2만원 할인
1002,국내 모든 가맹점 최대 1% 할인
1002,토스도 내놓은 알뜰폰 요금제! 알뜰폰 통신비 할인카드 모아볼까?
1003,"백화점,할인점,쇼핑몰 5% 할인 · GS칼텍스 60원/L 할인 · 영화 7천원 할인"
1003,"전국 유명 백화점, 할인점, 온라인 쇼핑몰 5% 할인
전국 유명 백화점 및 할인점 상시 2~3개월 무이자 할부"
1003,GS칼텍스 60원/L 할인
1003,"불고기브라더스, 제일제면소 30% 할인
아웃백, 카페마마스, 스타벅스 20% 할인"
1003,"CGV, YES24 영화 7천원 할인"
1003,LG계열 제휴사 최대 5~10% 할인 및 포인트 적립
1003,적립
1003,Love포인트 적립
1003,유명 테마파크 자유이용권 할인
1003,스포츠 할인
1006,골프 기프트 옵션 연 1회 택 1 · 항공 적립 최대 3 마일리지 적립 · 골핑 or GDR 할인 서비스
1006,항공 마일리지 적립 (전월실적 30만원 이상)
1006,골프 쇼핑 or 레슨 할인 (전월실적 50만원 이상)
1006,"배달 앱(쿠팡이츠, 배달의 민족) 10% 할인 (전월실적 50만원 이상)"
1006,골프장·골프연습장 할인 신용카드 & 골프 라운딩 준비물인 40대 프리미엄 카드 추천 BEST 6
1007,KT통신요금 최대 1만7천원 할인
1007,"KT 통신요금 청구할인 최대 17,000원"
1007,현대카드ZERO Edition2(할인형)
1010,"전기/수소차 충전 50% 적립 · 녹색매장, 친환경포장 5% 적립 · 기부생활 1+1 적립"
1010,"전기/수소차 충전 50% 적립
올가홀푸드, 바이올가, SSG.COM, 쿠팡 5% 적립"
1010,이용건별 기부서비스(1+1적립)
1010,"[반값카드] 매월 3만원까지 전기차충전 반값 공략법, 전기차충전 50% 카드"
1018,리디북스 20% 할인 · SPA 10% 할인 · 영화 4천원 할인
1018,리디북스 20% 결제일 할인
1018,SPA 브랜드 10% 결제일 할인
1018,H&B Store 10% 결제일 할인
1018,"CGV, 롯데시네마, 메가박스 4천원 결제일 할인"
1018,커피 업종 이용시 20% 결제일 할인
1019,뺵다방 30% 할인 · 편의점 5% 할인 · 택시 10% 할인
1019,빽다방 30% 결제일 할인
1019,더본(theborn) 모든 매장 10% 결제일 할인
1019,편의점 5% 결제일 할인
1019,택시 10% 결제일 할인
1019,CGV 3천원 결제일 할인
1032,하나 후불하이패스 전용 기능 · 출퇴근 통행료 최대 50% 자동할인
1035,자동차 보험료 최대 3만원 할인 · SK주유소 50원/L 할인 · 대중교통 10% 할인
1035,"한화손해보험 자동차 보험료 최대 3만원 할인
한화손해보험 결제 시 최대 3개월 무이자/ 한화호텔&리조트 20% 할인"
1035,"SK주유소 50원/ℓ 할인
엔진오일 교환 시 최대 1만 5천원 현장할인"
1035,"영화 최고 4,000원 할인
놀이공원 본인 최고 50% 할인"
1035,대중교통 이용금액 10% 할인
1039,카카오페이 15% 할인 · 온라인쇼핑 10% 할인 · 편의점 5% 할인
1039,카카오페이 15% 청구할인
1039,[온라인쇼핑] 온라인쇼핑 10% 청구할인
1039,[오프라인쇼핑] 편의점 5% 청구할인
1039,"[오프라인쇼핑] 올리브영, 다이소 5% 청구할인"
1061,국내 가맹점 최대 1.5% 할인 · 해외 가맹점 2% 캐시백
1061,[기본청구할인] 국내 가맹점 0.5~1.5% 청구할인
1061,[특별청구할인] 국내 가맹점 1.5% 청구할인
1061,해외 가맹점 2% 캐시백
1061,현대카드ZERO Edition2(할인형)
1073,"KT통신비 최대 1만3천원 할인 · 모든 영화관 3,000원 할인"
1073,"KT통신비 최대 13,000원 할인
단말기 장기할부 서비스"
1073,"모든 영화관 3,000원 할인"
1073,놀이공원 50% 할인
1155,온라인쇼핑몰/마트 10% 적립 · KB Pay 이용 시 5% 추가적립 · 관리비/편의점/배달앱 5% 적립
1155,"온라인쇼핑몰, 대형마트, 소셜커머스, 백화점 10% 포인트리 적립"
1155,"아파트 관리비, 편의점, 배달앱 5% 포인트리 적립"
1155,온라인쇼핑몰에서 KB Pay 이용 시 5% 포인트리 적립
1165,스크린골프 10% 청구할인 · 놀이공원 50% 할인 · T.G.I.FRIDAY'S 10% 현장할인
1165,골프존 할인 서비스
1165,롯데월드 본인 종합이용권 50% 할인
1165,미용실 최대 20% 현장할인
1165,"롯데백화점, 롯데면세점, 롯데ON 현장할인"
1165,"롯데시네마 영화관람료 1,500원 할인"
1165,T.G.I.FRiDAY'S 10% 현장할인(주류 제외)
1169,놀이공원 50% 할인 · 롯데자이언츠 20% 할인 · 미용실 최대 20% 할인
1169,"파리바게뜨, 던킨도너츠 10% 할인"
1169,미용실 최대 20% 할인
1169,놀이공원 최대 50% 할인
1169,롯데 자이언츠 20% 할인
1169,"롯데백화점, 롯데ON, 롯데마트 할부 및 할인"
1169,SK주유소 리터당 SK주유포인트 50원적립
1169,"L.POINT, 롯데 SK 주유포인트 적립"
1170,드럭스토어 2천원 할인 · 화장품업종 2천원 할인 · 미용실 2천원 할인
1170,"H&B스토어 최대 2,000원 할인"
1170,"화장품 최대 2,000원 할인"
1170,"미용실, 이용원, 네일샵에서 최대 2,000원 할인"
1170,"이체수수료 , ATM 수수료 면제
환전 시 환율 70% 우대"
1171,"현대백화점그룹 1.5% 적립 · 편의점 5% 할인 · 영화 3,500원 할인"
1171,모든 이용금액(일부 제외)0.5% 적립
1171,현대백화점그룹내 1%추가적립
1171,"커피, 편의점, 약국 업종 5%청구할인"
1171,할인
1171,"패밀리레스토랑, 패스트푸드, 주유소/충전소 업종 5%청구할인"
1171,"학원, 골프/골프연습장, 미용실 업종 5%청구할인"
1171,"인터파크 영화 예매 시 1매당 3,500원 청구할인"
1171,롯데월드/에버랜드/캐리비안베이 30 ~ 50% 현장할인
1172,"하나로마트 10% 청구할인 · 파리바게뜨, 파리크라상 5% 청구할인 · 통신요금 자동이체 5% 청구할인"
1172,하나로마트 대상점 이용 시 이용금액 10% 청구 할인
1172,베이커리 이용 시 이용금액 5% 청구 할인
1172,"KEB 하나은행 결제계좌 이용고객 월 1회 커피 청구 할인
스타벅스, 커피빈 4천원 이상 결제 시 4천원 청구할인"
1172,"통신 자동이체 이용 시, 이용금액의 5% 청구 할인"
1172,"학원 업종 이용 시, 이용금액의 5% 청구 할인"
1172,할인조아카드
1174,하나원큐페이 결제 1.8% 적립 · 국내 전 가맹점 0.8% 적립 · 해외 전 가맹점 1.8% 적립
1174,적립
1174,"하나원큐페이 결제 1.8% 하나머니 적립
국내 전 가맹점 0.8% 하나머니 적립"
1174,해외에서도 전월 실적 및 횟수 제한 없는 하나머니 적립 서비스
1180,풀무원 가맹점 월 1~2만원 청구할인 · 온라인쇼핑 합산 10만원당 5천 적립
1180,"풀무원샵, 풀무원녹즙, 풀무원 로하스, 올가, 베이비밀, 자담터, 아미오, 잇슬림 청구할인"
1180,적립
1180,"온라인쇼핑, 아파트관리비 자동이체 10만원 당 5천 하나머니 적립"
1184,Z:IN 장기할부 수수료 혜택 · Z:IN 할부캐시백 제공
1184,캐시백
1184,Z:IN 가맹 대리점 할부이용 캐시백
1186,생활 가맹점 5% 적립 · 플레이트 디자인 선택가능
1186,생활 가맹점 이용당 5% 하나머니 적립
1188,"동물병원 10% 적립 · 온라인쇼핑 10% 적립 · 대중교통,시외버스 등 7% 적립"
1188,적립
1188,"동물병원, 온라인쇼핑, 커피 10% 하나머니 적립
대중교통, 통신요금 7% 하나머니 적립"
1198,IKEA 10% 할인 · 할인점 5% 할인 · 모든가맹점 0.3% 할인
1198,IKEA 매장 이용 시 10% 할인
1198,IKEA 점외 가맹점 통합 할인
1202,부산전통시장 2% 할인 · 부산일반가맹점 0.2% 할인
1202,"부산시 내 전통시장 이용 시 2% 할인
부산시 내 일반가맹점 이용 시 0.2% 할인"
1209,국내가맹점 최대0.6% 할인 · 연간 최대 20만원 캐시백 · 대중교통 10% 할인
1209,"국내 가맹점에서 주중 0.3% , 주말 0.6% 할인"
1209,생활필수영역 할인
1213,동물병원 10% 청구할인 · 애완동물업종 10% 청구할인 · 마트/편의점 5% 청구할인
1213,반려동물 특화 할인 서비스
1213,"대형마트 5% 청구할인
편의점 5% 청구할인"
1213,전국 주유소 리터당 60원 할인
1213,소셜커머스 5% 청구할인
1215,아모레퍼시픽 10% 적립 · 커피/제과 5% 적립 · 슈퍼 5% 적립
1215,아모레퍼시픽 가맹점 10% 적립
1215,적립
1215,슈퍼/커피/제과/영화 5% 적립
1225,윙크 학습비 자동이체 최대 1만5천원 할인
1225,윙크학습비 자동이체 할인 서비스
1229,kt M mobile 통신료 최대 1만 7천원 할인
1229,kt M mobile 통신료 청구할인
1229,현대카드ZERO Edition2(할인형)
1233,라이트할부 최대 1만5천원 할인 · 렌탈요금 최대 1만5천원 할인
1233,라이트할부 할인서비스 최대 1만 5천원
1233,렌탈요금 할인서비스 최대 1만 5천원
1236,모든가맹점 0.2%~0.3% 할인 · 최고사용가맹점 0.5% 추가할인 · 최다이용가맹점 3.5% 추가할인
1236,모든 가맹점 0.2% ~0.3% 청구할인
1236,"최고 사용 가맹점 0.5% 추가 청구할인
최다 이용 가맹점 3.5% 추가 청구할인"
1243,U+ 알뜰모바일 통신료 최대 1만7천원 할인
1243,U+ 알뜰모바일 통신료 청구할인 최대 1만 7천원
1246,소노시즌 자동이체 9천~2만원/월 청구할인
1246,"소노시즌 자동이체시 전월실적에 따라 청구할인
월 9천원~최대 2만원 할인"
1248,"바디프렌드 렌탈료 13,000원 청구할인 · 대형마트 3% 청구할인 · 커피빈 10% 청구할인"
1248,바디프랜드 렌탈요금 자동이체 시 월 1만3천원 청구할인
1248,"이마트, 이마트 트레이더스, 홈플러스, 롯데마트 이용금액 3% 청구할인"
1248,커피빈 이용금액 10% 청구할인
1253,"랭킹닭컴 7& 청구할인 · 배달앱 5% 청구할인 · 스타벅스, 커피빈 4천원 청구할인"
1253,랭킹닭컴 이용 시 7% 청구할인
1253,"지난달 이용실적 30만원 이상 시 청구할인 제공
CGV, 메가박스, 롯데시네마 3천원 할인"
1253,"지난달 이용실적 30만원 이상 시 청구할인 제공
해외 전 가맹점 5% 할인"
1253,"지난달 이용실적 30만원 이상 시 청구할인 제공
요기요, 배달의민족 5% 할인 (월 5천원 한도)"
1253,"지난달 이용실적 30만원 이상 시 청구할인 제공
스타벅스, 커피빈 4천원 할인 (월 4천원 한도, 월 1회)"
1253,"지난달 이용실적 70만원 이상 시 제공
통신, 대중교통, 온라인 7% 청구할인"
1256,(30만원 이상) U+알뜰모바일 2천원 캐시백 · (80만원 이상) U+알뜰모바일 4천원 캐시백 · (120만원 이상) U+알뜰모바일 7천원 캐시백
1256,U+알뜰모바일 이동통신료 자동이체 캐시백
1258,"G마켓,옥션 10% 할인 · 스타벅스 20% 할인 · 버거,피자 10% 할인"
1258,"G마켓, 옥션 10% 할인"
1258,"스타벅스 20% 할인(사이렌오더 포함)
파리바게뜨, 배스킨라빈스, 던킨도너츠 10% 할인"
1258,"맥도날드, 롯데리아, 버거킹, 피자헛, 미스터피자, 도미노피자 10% 할인"
1258,"편의점(CU), 올리브영 5% 할인"
1258,"CGV, 롯데시네마, 메가박스 10% 할인"
1258,"전국 시내버스, 지하철 2천원 할인"
1258,"YBM시사(토익응시료 포함), 파고다, 해커스어학원 10% 할인"
1258,휴대전화 요금 3천원 할인
1259,LG U+ 최대 5천원 할인 · 패밀리레스토랑 10% 할인 · 커피 10% 할인
1259,LG U+ 통신요금 최대 5천원 할인
1259,패밀리레스토랑 10% 캐시백 할인
1259,"스타벅스, 커피빈 10% 캐시백 할인"
1259,전국 영화관 2천원 캐시백 할인
1259,주요 놀이공원 자유이용권 50% 현장할인
1260,"대중교통 1,500원 할인 · 병원,약국 5% 할인 · 영화 3천원 할인"
1260,"전국 시내버스, 지하철 1,500원 할인"
1260,"병원(동물병원 포함), 약국 5% 할인"
1260,모든 영화관 3천원 할인
1260,"아웃백, TGIF 20% 현장 할인"
1260,"스타벅스, 투썸플레이스 20% 할인"
1260,GS칼텍스 40원/L 할인
1278,임신/출산 진료비 지원 · 의료비 5% 청구할인 · 커피전문점 20% 청구할인
1278,의료비 5% 할인
1278,온라인 쇼핑 5% 할인
1278,패밀리레스토랑 10% 할인
1278,커피전문점 20% 할인
1278,이동통신요금 1천원 할인
1278,키즈파크 5% 할인
1285,"넥슨캐시/세라 온라인충전액 25% 캐시백 · 대중교통, 택시 5% 캐시백 · 온라인쇼핑 5% 캐시백"
1285,넥슨캐시/세라 온라인 충전금액 15% 캐쉬백
1285,"대중교통, 택시 5% 캐쉬백"
1285,"온라인쇼핑, 생활영역 5% 캐쉬백"
1286,CJ푸드빌 최대 20% 할인 · CJ오쇼핑 5% 할인 · CGV 최대 6천원 할인
1286,"CJ오쇼핑, CJmall 5% 청구할인"
1286,CJ푸드빌 10~20% 현장할인
1286,CJ올리브영 10% 현장할인
1286,CGV 2~6천원 청구할인
1286,현대카드ZERO Edition2(할인형)
1288,모든가맹점 1% 기본적립 · 스타벅스 4% 추가적립
1288,전 가맹점 이용 시 기본 1.0% 토스포인트 기본적립
1288,스타벅스 이용 시 추가 4.0% 토스포인트 추가적립
1289,SKT통신요금 최대 2만1천원 할인
1289,SKT통신요금 자동납부 할인 서비스 최대 2만 1천원
1290,"넥슨캐시/세라 온라인충전 15% 캐쉬백 · 대중교통,택시 5% 캐쉬백 · 온라인쇼핑, 생활 5% 캐쉬백"
1290,넥슨캐시/세라 온라인 충전금액 15% 캐쉬백
1290,"대중교통, 택시 5% 캐쉬백"
1290,"온라인쇼핑, 생활영역 5% 캐쉬백"
1294,국내가맹점 0.3% 기본적립 · 해외이용금액 2% 기본적립 · 업종별 최대 1% 추가적립
1294,적립
1294,"국내 가맹점 0.3% 기본적립
해외이용금액 2.0% 기본적립"
1294,적립
1294,"사업지원영역 : 주유/통신/전자상거래 업종 0.6% 추가적립
고액결제 0.6%~1.0% 추가적립"
1298,편의점 10% 할인 · 커피/베이커리 10% 할인 · 영화관 4천원 할인
1298,편의점 10% 할인
1298,"베이커리 업종 10% 할인
커피전문점 10% 할인"
1298,"맥도날드, 롯데리아 10% 할인"
1298,온/오프라인 쇼핑 할인
1298,"영화관 4천원 할인
도서 2천원 할인"
1299,쿠폰서비스 8만원 제공 · 국내가맹점 최대 1.3% 적립 · 해외가맹점 5% 할인
1299,국내가맹점 1~1.3% 포인트리 적립
1299,해외이용(직구포함) 5% 할인 캐시백
1302,S-OIL 40원/L 적립 · 제주도발전기금 0.5% 적립 · 프로스포츠 입장료 할인
1302,S-OIL 리터당 40 보너스포인트 적립
1302,프로스포츠 경기 할인
1309,국내가맹점 0.3% 기본적립 · 쇼핑/여행 0.7% 추가적립 · 해외가맹점 1~3% 특별적립
1309,적립
1309,국내 가맹점 포인트리 0.3% 기본 적립
1309,쇼핑 특화 영역 포인트리 0.7% 추가 적립
1309,여행 특화 영역 포인트리 0.7% 추가 적립
1309,해외이용 최대 3% 적립
1309,해외 배송대행 업체 배송료 할인
1309,"블랙프라이데이, 7가지만 알면 초보자도 득템 성공한다! - 해외직구 할인카드&꿀팁 총정리"
1309,2025 티웨이항공 티웨이플러스 멤버십 개편 혜택정리 및 항공권 할인 신용카드 추천
1311,국내이용금액 0.2~0.4% 캐시백 · 해외이용금액 1% 캐시백
1311,국내 이용금액 0.2~0.4% 캐시백
1311,해외 이용금액 1% 캐시백
1315,병원 or 마트 5% 할인 · 생활편의서비스 10% 할인 · 연간리워드 1만점 적립
1315,적립
1315,골프/건강관리/여행/쇼핑/대중교통/이동통신 1~2% 적립
1315,할인
1315,"골든라이프서비스, 반려동물 관련업종, 음식업종 5~10% 청구 할인"
1315,해외 이용금액 2% 할인 캐시백
1315,연간 리워드 1만점 적립
1315,"병원비 할인카드 추천 BEST 7, 약국부터 고액 병원비까지 할인 받는 신용카드로 모았다"
1323,카카오페이 15% 청구할인 · 온라인쇼핑몰 10% 청구할인 · 드럭스토어 5% 청구할인
1323,온/오프라인 쇼핑 할인
1323,카카오페이 15% 청구할인
1324,임신/출산 진료비 지원 · 의료비 3% 할인 · 커피전문점 10% 할인
1324,의료비 3% 할인
1324,온라인 쇼핑몰 3% 청구 할인
1324,패밀리 레스토랑 5% 청구 할인
1324,커피 전문점 10% 청구 할인
1324,통신비 1천원 청구 할인
1324,키즈 파크 할인
1339,골프존 20% 할인 · 골프연습장 5% 할인 · 모든 주유소 60원/L 할인
1339,스크린골프 및 직영매장 20% 청구할인
1339,골프연습장/스포츠센터/레포츠용품점 5% 청구할인
1339,전 주유소 리터당 60원 청구할인
1339,VIPS/아웃백/TGIF 20% 청구할인
1339,SKT/KT/LGU+ 이동통신요금 자동이체 시 3천원 청구할인
1340,"해피오더, 해피마켓, 해피페이 1,000P / 5천원 적립 · 해피포인트 가맹점 2% 적립 · 온/오프 가맹점 0.5~1% 적립"
1340,"해피오더, 해피마켓, 해피페이 결제 건별 5천원 당 1,000 포인트 적립
해피포인트 가맹점 2% / 온오프 가맹점 0.5~1% 적립"
1340,해피포인트 가맹점 이용 시 현장 적립
1360,모든가맹점 0.5% 적립 · S-Oil 40원/L 적립 · 프로스포츠 입장권 할인
1360,빅포인트 0.5% 기본적립 (빅포인트계열)
1360,S-OIL 리터당 40 보너스포인트 적립
1379,주유/충전소 60원/L 할인 · 통신/교통 10% 할인 · 외식/학원 10% 할인
1379,"[주유] 주유소, 충전소 업종 리터당 60원 청구할인"
1379,"[통신] 전화요금, 인터넷이용료, 케이블TV 업종 10% 청구할인"
1379,"[교통] 버스, 지하철, 택시 업종10% 청구할인"
1379,"음식점, 커피전문점, 편의점, 약국 업종 10% 추가 청구할인"
1379,"학원, 휘트니스센터 업종 10% 추가 청구할인"
1380,"넥센타이어 렌탈료 최대2만원 할인 · 영화 3,500원 할인 · 놀이공원 최대 50% 할인"
1380,넥센타이어 렌탈료 자동이체 시 1만 1천원 ~ 2만원 청구할인
1380,"인터파크 영화예매 시 3,500원 청구할인"
1380,놀이공원 최대 50% 할인
1381,모두투어마일리지 최대30점 적립 · 외식/커피 10% 할인 · 놀이공원 최대50% 할인
1381,"모두투어 투어마일리지 적립
1,000원당 15~30투어마일리지 적립"
1381,외식 10% 청구할인
1381,커피 10% 청구할인
1381,놀이공원 현장할인 및 인터파크 청구할인
1382,몰테일포인트 2% 적립 · 국내가맹점 0.5% 기본적립 · 해외가맹점 최대 3% 적립
1382,적립
1382,"[기본적립] 국내 가맹점 0.5% 포인트리 적립
[추가적립] 여행/커피/쇼핑 1% 추가 적립"
1382,해외 전 가맹점 최대 3% 포인트리 적립
1382,몰테일 배송료 이용금액 2% 적립 및 수수료 할인
1383,반려동물 업종 10% 할인 · 대형마트 5% 할인 · 온라인쇼핑몰 5% 할인
1383,"반려동물 업종 10% 할인
반려동물 보호를 위한 공익기금 조성"
1383,이마트 · 롯데마트 · 홈플러스 5%청구할인
1383,G마켓 · 옥션 · 인터파크 · 11번가 5%청구할인
1390,통신요금 최대 1만5천원 할인 · LG U+ 스마트할부 제공 · 현대오일뱅크 40P/L 적립
1390,LG U+ 요금 통합 최대 1만 5천원 결제일 할인
1390,현대오일뱅크 주유 시 40P/L 적립
1390,"인터파크, YES24 영화 예매 할인"
1390,"롯데월드, 서울랜드 자유이용권 할인"
1390,SKT·KT·LG U+ 통신사 제휴카드 할인 이득일까?｜2026  통신비 할인카드 추천
1392,주유소 1.2% 캐시백 · 메가마트 3~7% 캐시백 · 쇼핑 5% 캐시백
1392,전국 주유소 1.2% 캐시백
1392,커피&맥도날드 5% 할인
1392,메가마트 3~7% 캐시백
1392,쇼핑 채널 5% 캐시백
1392,영화관 예매 시 2천원 캐시백
1392,"농심계열사 할인
그린서비스"
1394,현대백화점 5% 캐시백 · 모든가맹점 0.2% 캐시백
1394,"모든 가맹점 0.2% 캐시백
특정업종 추가로 0.2% 캐시백"
1394,문화할인 서비스
1394,현대백화점 5% 현장할인
1433,출퇴근시간 통행료 할인
1433,통행료 자동할인 및 경차할인
1433,"[반값카드] 숨어있는 고속도로 통행료 반값 공략법, 하이패스 50% 카드"
1438,해피포인트가맹점 20% 캐시백 · 해피포인트가맹점 5% 적립 · 편의점 10% 캐시백
1438,해피포인트 가맹점 할인 및 적립
1438,패밀리레스토랑 10% 캐시백
1438,편의점 10% 캐시백
1438,"영화 2천원 / 서적 3% 캐시백
토익시험응시료 캐시백"
1443,에버랜드 자유이용권 50% 할인 · 에버랜드 연간회원권 10% 할인 · 캐리비안베이 30% 할인
1443,"에버랜드 자유이용권(대인 동반 소인 1매) 50% 현장할인
캐리비안베이 입장권 30% 현장할인"
1443,할인
1443,"에버랜드 직영 기념품 매장 20% 현장할인
연간회원권 10% 현장할인"
1443,"VIPS, 아웃백, TGIF 20% 청구할인"
1443,"스타포유㈜와 제휴된 전통고택, 글램핑, 카라반 우대 할인"
1443,2026 캐리비안베이 할인카드로 50% 할인 & 에버랜드 무료입장까지 챙기는 방문 꿀팁 총정리
1443,2026 에버랜드 할인카드 추천 BEST 5ㅣ자유이용권 입장료부터 팀 에버랜드 멤버십 혜택까지 총정리
1446,웅진씽크빅 자동납부 최대 1만7천원 할인
1446,웅진씽크빅 자동납부요금 청구할인 월 최대 1만 7천원
1451,외환 환전 송금 최대 50% 환율 우대 · CGV 최대 4천원 청구할인 · 대형마트 5% 청구할인
1451,"외환 환전 송금 최대 50% 환율 우대
우리원송금클럽"
1451,CGV 최대 4천원 청구할인
1451,놀이공원 및 테마파크 30~50% 할인
1451,대형마트 5% 청구할인
1463,편의점 10% 더블 캐시백 · 커피전문점 10% 더블캐시백 · 패스트푸드 10% 더블캐시백
1463,편의점 10% 더블캐시백
1463,커피전문점 10% 더블캐시백
1463,패스트푸드 10% 더블캐시백
1463,도서 5% 캐시백
1463,"CJ올리브영, GS왓슨시, 다이소 5% 캐시백"
1463,그린카 5% 캐시백
1463,영화 티켓 3천원 캐시백
1463,어학시험 응시료 3천원 캐시백
1463,이동통신요금 3천원 캐시백
1468,"제주항공 포인트 10P/1,200원 적립 · 공항라운지 무료 이용"
1468,적립
1468,"신판 1,200원당 10~20P 적립"
1487,"버스,지하철 건당 200원 할인 · 주유소/충전소 60원/L 할인 · 온라인쇼핑 20% 할인"
1487,"버스, 지하철 이용건당 200원 할인"
1487,전 주유소 리터당 60원 할인(LPG 포함)
1487,"GS25, CU, 세븐일레븐, 올리브영 10% 할인
이마트, 홈플러스, 롯데마트 5% 할인"
1487,"쿠팡, 티몬, 위메프 20% 할인"
1487,"CGV, 메가박스, 롯데시네마 1만원 할인"
1487,주요 커피전문점 20% 할인
1487,놀이공원 할인
1487,휴가비 10만원 지원받고 떠나자! 핵가성비 국내여행 할인카드 활용법 tip 3
1490,"버스,지하철 건당 100원 할인 · 온라인쇼핑 10% 할인 · 편의점 5% 할인"
1490,"버스, 지하철 이용건당 100원 할인"
1490,"GS25, CU, 세븐일레븐, 올리브영 5% 할인"
1490,"쿠팡, 티몬, 위메프 10% 할인"
1490,"CGV, 메가박스, 롯데시네마 4천원 할인"
1490,주요 커피전문점 10% 할인
1490,"놀이공원 최대 50% 할인 (월 1회, 연 2회 제공)"
1519,LG전자 렌탈요금 월 1만3천~2만3천원 할인 서비스
1519,"LG전자 렌탈요금 자동이체 시 13,000원/23,000원 할인"
1523,L.PAY결제/후불교통 2% 적립 · 롯데가맹점 0.5% 적립 · 이외 국내가맹점 0.1% 적립
1523,적립
1523,"L.PAY 결제/후불교통 2%, 롯데가맹점 0.5% L.POINT 적립
이외 국내 전 가맹점 0.1% L.POINT 적립"
1526,"스타벅스 20% 적립 · 편의점, 영화 10% 적립 · 해외 ATM 현금인출 수수료 우대"
1526,적립
1526,"스타벅스 20%/ 편의점, 영화 10%/ 대중교통, 통신 1천 하나머니 적립
외식, 쇼핑, 어학시험, 어학원 5% 하나머니 적립"
1526,OK캐쉬백 플러스 원클릭 충전 및 자동충전시 1% OK캐쉬백 추가 적립
1526,"롯데월드, 에버랜드 자유이용권 50% 할인"
1529,통신요금 최대 1만5천원 할인 · 5대 커피업종 5% 할인 · 영화 3천원 할인
1529,KT 통신요금 7천원/1만5천원 청구할인
1529,5대 커피업종 5% 청구할인
1529,"영화업종 3,000원 청구할인"
1532,LGU+ 통신요금 최대 1만3천원 할인 · LGU+ 단말기 장기할부 서비스 · 모든 영화관 3천원 할인
1532,"LGU+ 통신서비스 요금 7천원/1만3천원 청구할인
LGU+ 단말기 장기할부 서비스"
1532,"모든 영화관 3,000원 청구할인"
1532,놀이공원 자유이용권 50% 현장할인
1544,"해피포인트 가맹점 10~30% 할인 · 온라인쇼핑 5% 할인 · 영화 3,500원 할인"
1544,"해피포인트 가맹점 10~30% 청구할인
해피포인트 가맹점 5%현장적립"
1544,옥션 · G마켓 5% 청구할인
1544,"인터파크 3,500원 청구할인"
1544,제너두 둔내 펜션 10%~40% 현장할인
1544,"백화점 및 할인점 2~3개월 무이자할부
국내 면세점 2~3개월 무이자할부"
1549,"하나투어 마일리지 최대 10% 적립 · 환전 시 30% 우대서비스 · 영화 3,500원 할인"
1549,하나투어 포인트 최대 10% 적립
1549,"인터파크 영화예매 1매당 3,500원 청구 할인"
1549,외국통화 매매 및 여행자 수표 매도 시 매매마진율의 30% 우대
1555,SKT통신기기/서비스 T라이트할부 제공 · SKT통신요금 1만~2만원 청구할인 · 커피전문점 20% 청구할인
1555,T라이트할부 및 SKT 통신요금 월 1만원 ~ 2만원 청구할인
1555,전국 영화관 3천원 청구할인
1555,"VIPS, TGIF 10% 청구할인"
1555,"할리스, 엔제리너스 20% 청구할인"
1555,"롯데월드, 에버랜드, 서울랜드, 이월드(대구), 경주월드, 통도환타지아 자유이용권 50% 현장할인"
1555,SKT·KT·LG U+ 통신사 제휴카드 할인 이득일까?｜2026  통신비 할인카드 추천
1558,대형마트/백화점 10% 할인 · 편의점/홈쇼핑 5% 할인 · 교통/이동통신 5% 할인
1558,3대 대형마트 / 3대 백화점 10% 청구할인
1558,"대중교통(버스, 지하철), 택시 5% 청구할인"
1558,이동통신요금 5% 청구할인
1558,"외국인 선호 관광지 20% 청구할인
외국인 선호/거주 지역 음식 청구할인 5% 청구할인"
1572,국내외가맹점 0.2% 기본적립 · 주말/공휴일 0.2% 추가적립 · 대중교통/택시 0.2% 추가적립
1572,적립
1572,국내외 가맹점 0.2% 기본 포인트리 적립
1572,"음식점, 커피전문점 업종 0.2% 추가 포인트리 적립"
1572,"대중교통(버스·지하철), 택시 0.2% 추가 포인트리 적립"
1572,이동통신요금 0.2% 추가 포인트리 적립
1572,10% 캐시백 주는 광역시/특별시 지역화폐카드 총정리! – 서울ㆍ인천ㆍ부산ㆍ대구ㆍ광주ㆍ대전ㆍ울산ㆍ세종ㆍ제주
1573,영화 20% 할인 · 놀이공원 30% 할인 · 패밀리레스토랑 최대 15% 할인
1573,"아웃백·VIPS·TGIF·세븐스프링스
주중 10%, 주말 15% 환급할인"
1573,CGV·메가박스 20% 환급할인
1573,에버랜드·서울랜드·롯데월드 30% 환급할인
1573,"커피빈 주중 5%, 주말 10% 환급할인"
1573,제주항공 10% 환급할인
1573,박승철헤어스투디오·올리브영 10% 환급할인
1573,교보문고 3% 환급할인
1573,GS25 5% 환급할인
1577,통행료 최대 50% 자동할인
1577,출퇴근 시간대 통행료 자동할인 최대 50%
1577,"[반값카드] 숨어있는 고속도로 통행료 반값 공략법, 하이패스 50% 카드"
1577,zgm 할인카드
1584,전국가맹점 0.2~2.0% 적립 · 특정가맹점 1~5% 적립 · 현대오일뱅크 60원/L 적립
1584,백화점/할인점/홈쇼핑·온라인몰 1.0~5.0% 적립
1584,"전국 가맹점 0.2~2.0% 적립
해외 가맹점 1~5% 적립"
1584,"S-OIL, 현대오일뱅크 주유 시 리터 당 60원 적립"
1584,"신한금융투자 CMA 결제계좌 0.2% 추가 적립
마이신한포인트 가맹점 추가 적립"
1584,SK텔레콤/KT/LG U+ 이동통신요금 1.0~5.0% 적립
1584,적립
1584,포인트 적립상세 및 포인트 사용 안내
1586,온ㆍ오프라인 10% 할인 · 생활업종 10% 할인 · 마켓컬리 10% 할인
1586,오프라인 쇼핑 10% 할인
1586,온라인 쇼핑 10% 할인
1586,"스타벅스, 커피빈, 카페베네,엔제리너스, 투썸플레이스 10% 할인"
1586,"다이소, 올리브영, 온라인 서점 10% 할인"
1586,주유소 리터당 60원 할인
1586,해외이용금액 5% 캐시백
1586,"마켓컬리, 하이프레시, 집반찬연구소 10% 할인서비스"
1592,대중교통 200~600원 할인 · 택시 10% 할인 · KTX 10% 할인
1592,"버스, 지하철 후불 교통 이용 금액 일 200원 ~ 일 600원 할인"
1592,택시/KTX 이용 금액 10% 할인
1592,4대 백화점 5% 할인
1592,커피전문점 10% 할인
1592,편의점 5% 할인
1592,이동통신요금 5% 할인
1592,캐시백
1592,"전기요금, 통신요금, 해외이용금액 5% 캐시백 제공"
1593,모든 주유소 40~150P/L 적립 · 모든 충전소 10~50P/L 적립 · 모든가맹점 0.2~2% 적립
1593,모든 주유소 리터당 40~150포인트/충전소 리터당 10~50포인트 적립
1593,1~5% 특별적립
1593,1~5% 특별적립
1593,1~5% 특별적립
1593,1~5% 특별적립
1593,국내/외 모든 가맹점 0.2~2.0% 적립
1595,"백화점,할인점,쇼핑몰 5% 할인 · GS칼텍스 60원/L 할인 · 영화 7천원 할인"
1595,"전국 유명 백화점, 할인점, 온라인 쇼핑몰 5% 할인
전국 유명 백화점 및 할인점 상시 2~3개월 무이자 할부"
1595,GS칼텍스 60원/L 할인
1595,"불고기브라더스, 제일제면소 30% 할인
아웃백, 카페마마스, 스타벅스 20% 할인"
1595,"CGV, YES24 영화 7천원 할인"
1595,LG계열 제휴사 최대 5~10% 할인 및 포인트 적립
1595,적립
1595,Love포인트 적립
1595,유명 테마파크 자유이용권 할인
1595,스포츠 할인
1597,"1,000원당 1마일 기본적립 · 면세점 1마일 추가적립 · 해외 1마일 추가적립"
1597,"국내외 이용금액 1,000원당 1마일 적립"
1597,"해외 이용금액 1,000원당 총 2마일 적립"
1597,"신라면세점 더 심플(앱) 1,000원당 총 2마일 적립"
1599,"1,500원당 1마일 적립 · 1,000원당 1마일 적립 · PP카드 무료 제공"
1599,"전 가맹점 일시불/할부 이용금액 1,500원당 1마일 적립"
1599,GS칼텍스 주유 시 리터당 40원 결제일 할인
1599,제주 JDC 면세점 8% 결제일 할인
1599,"스타벅스 3,000원 할인"
1608,SK 7mobile 통신료 최대 1만7천원 할인
1608,SK 7mobile 통신료 청구할인
1610,"이동통신요금 2,500원 환급할인 · 스타벅스 20% 환급할인 · GS25 5% 환급할인"
1610,"이동통신요금 2,500원 환급할인"
1610,CGV 35% 환급할인
1610,"아웃백, VIPS 20% 환급할인"
1610,스타벅스 20% 환급할인
1610,에버랜드·롯데월드 50% 환급할인
1610,GS25 5% 환급할인
1610,교보문고 5% 환급할인
1611,PlayStation®Plus 정기구독서비스 캐시백 · 게임 콘텐츠 결제 시 최대 1만 5천원 청구할인 · 모든가맹점 0.2% 기본적립
1611,"PlayStation®Plus 정기구독서비스 결제 시 캐시백
게임 콘텐츠 결제 시 최대 1만5천원 청구 할인"
1611,적립
1611,"모든 가맹점에서 0.2% M포인트 적립
온라인쇼핑 시 추가 M포인트 적립"
1615,"이동통신요금 2,500원 환급할인 · 스타벅스 20% 환급할인 · GS25 5% 환급할인"
1615,"이동통신요금 2,500원 환급할인"
1615,CGV 35% 환급할인
1615,"아웃백, VIPS 20% 환급할인"
1615,스타벅스 20% 환급할인
1615,에버랜드·롯데월드 50% 환급할인
1615,GS25 5% 환급할인
1615,교보문고 5% 환급할인
1616,"이동통신요금 2,500원 환급할인 · 스타벅스 20% 환급할인 · GS25 5% 환급할인"
1616,"이동통신요금 2,500원 환급할인"
1616,CGV 35% 환급할인
1616,"아웃백, VIPS 20% 환급할인"
1616,스타벅스 20% 환급할인
1616,에버랜드·롯데월드 50% 환급할인
1616,GS25 5% 환급할인
1616,교보문고 5% 환급할인
1617,"이동통신요금 2,500원 환급할인 · 스타벅스 20% 환급할인 · GS25 5% 환급할인"
1617,"이동통신요금 2,500원 환급할인"
1617,CGV 35% 환급할인
1617,"아웃백, VIPS 20% 환급할인"
1617,스타벅스 20% 환급할인
1617,에버랜드·롯데월드 50% 환급할인
1617,GS25 5% 환급할인
1617,교보문고 5% 환급할인
1618,"이동통신요금 2,500원 환급할인 · 스타벅스 20% 환급할인 · GS25 5% 환급할인"
1618,"이동통신요금 2,500원 환급할인"
1618,CGV 35% 환급할인
1618,"아웃백, VIPS 20% 환급할인"
1618,스타벅스 20% 환급할인
1618,에버랜드·롯데월드 50% 환급할인
1618,GS25 5% 환급할인
1618,교보문고 5% 환급할인
1619,"이동통신요금 2,500원 환급할인 · 스타벅스 20% 환급할인 · GS25 5% 환급할인"
1619,"이동통신요금 2,500원 환급할인"
1619,CGV 35% 환급할인
1619,"아웃백, VIPS 20% 환급할인"
1619,스타벅스 20% 환급할인
1619,에버랜드·롯데월드 50% 환급할인
1619,GS25 5% 환급할인
1619,교보문고 5% 환급할인
1623,모든가맹점 0.5% 적립 · S-OIL 40원/L 적립 · 프로스포츠 입장권 할인
1623,빅포인트 0.5% 기본적립
1623,S-OIL 리터당 40 보너스포인트 적립
1623,프로스포츠 경기 할인
1630,SK주유소 60원/L 청구할인 · 택시 5% 청구할인 · 통신비 3% 청구할인
1630,SK주유소(LPG포함) 주유 할인
1630,"대중교통 건당 50~100원 청구할인
택시 5% 청구할인 / KTX 10% 할인"
1630,"국내선 5%, 국제선 7% 발권 수수료 할인 (횟수제한 없음)
롯데렌터카 35% 현장할인"
1630,"KT, SKT, LGU+ 매월 청구금액의 3% 청구할인"
1630,할인
1630,"다양한 통합할인 혜택
- 커피, 베이커리 10% 청구할인 / 마트, 편의점 5% 청구할인"
1630,놀이공원 자유이용권 50% 현장할인
1630,영화관 할인
1630,"여행서비스 할인
골프 라운지 혜택"
1648,보험료 최대 3만원 할인 · 주유 5% 할인 · 외식 3% 할인
1648,보험료 결제금액에 따라 2~3만원 청구할인
1648,"Sk에너지, 농협주유소 5% 청구할인(충전소 제외)"
1648,"국내음식점, 커피전문점, 제과점, 아이스크림점, 패밀리레스토랑 및 패스트푸드점 3% 청구할인"
1648,zgm 할인카드
1673,S-OIL 80P/L 적립 · 편의점 3% 적립 · 영화 3천원 할인
1673,S-OIL 주유소에소 주유 시 리터당 80 빅포인트 적립
1673,적립
1673,업종별 1%~3% 빅포인트 적립
1673,파리바게뜨·배스킨라빈스·던킨도너츠 10% 결제일할인(청구할인)
1673,"CGV 현장 결제 시 3,000원 현장할인 및 온라인 예매 시 3,000원 즉시할인"
1695,SK주유소 60원/L 청구할인 · 택시 5% 청구할인 · 통신비 3% 청구할인
1695,SK주유소(LPG포함) 주유 할인
1695,"대중교통 건당 50~100원 청구할인
택시 5% 청구할인 / KTX 10% 할인"
1695,"국내선 5%, 국제선 7% 발권 수수료 할인 (횟수제한 없음)
롯데렌터카 35% 현장할인"
1695,"KT, SKT, LGU+ 매월 청구금액의 3% 청구할인"
1695,할인
1695,"다양한 통합할인 혜택
- 커피, 베이커리 10% 청구할인 / 마트, 편의점 5% 청구할인"
1695,놀이공원 자유이용권 50% 현장할인
1695,영화관 할인
1695,"여행서비스 할인
뮤지컬, 연극 등 공윤 할인 및 이벤트 제공"
1699,"SK주유소 40원/L 할인 · 버스,지하철 1천원 할인 · 휴대폰요금 3% 할인"
1699,SK주유소(LPG포함) 40원/L 청구할인
1699,"전국 버스, 지하철 건당 50원 청구할인"
1699,휴대폰 요금 3% 청구할인
1699,롯데렌터카 35% 현장할인
1699,커피/베이커리 5% 청구할인
1702,해외이용금액 외화결제 서비스 · 해외가맹점 이용수수료 면제 · 국내가맹점 0.3% 적립
1702,국내 전가맹점 0.3% 모아포인트 적립
1710,국내가맹점 5~0.6% 적립 · 간편결제 3% 추가적립 · 국내이용금액 0.1% 광복회 후원
1710,적립
1710,"특별가맹점 5%~1% 모아포인트 적립
이외 국내가맹점 0.6% 모아포인트 적립"
1710,주요 간편결제 모아포인트 3% 추가적립
1710,현대카드ZERO Edition2(할인형)
1714,세븐일레븐 7포인트 적립 · 평생 연회비 면제 · 미용실 최대 20% 할인
1714,"세븐일레븐에서 결제 시 1,000원당 7포인트 적립"
1714,미용실 최대 20% 할인
1714,테마파크 최대 50% 할인
1714,롯데 자이언츠 20% 할인
1714,롯데멤버스 제휴사 최대 10% 할인
1714,롯데카드 여행서비스 최대 7% 할인
1714,외식 10% 할인
1714,SK주유소 리터당 SK주유포인트 50원적립
1714,국내 및 해외 가맹점에서 사용한 금액에 대해 L.POINT 0.2% 적립
1731,기프트바우처 100만원상당 제공 · 해외/면세점/항공사 2마일리지 적립 · 본인 및 동반1인 PP카드 제공
1741,연 1회 프리미엄 기프트 제공 · 모아포인트 1% ~ 2% 적립 · 국내외 공항라운지 무료 이용
1741,적립
1741,모아포인트 1% ~ 2% 적립
1754,주유소 리터당 60점 적립 · 미용실 최대 20% 현장할인 · 놀이공원 50% 현장할인
1754,GS칼텍스주유포인트 리터당 60점 적립
1754,"롯데시네마 관람료 1,500원 청구할인"
1758,"국내외가맹점 0.7% 무제한적립 · 대출보유시 6,000 포인트적립 · 온/오프라인쇼핑 0.5% 추가적립"
1758,적립
1758,"국내외 이용가맹점 0.7% 적립
온/오프라인 쇼핑 0.5% 추가적립"
1758,"대출 보유 시 매월 최대 6,000 NH포인트 적립"
1758,zgm 할인카드
1758,zgm 할인카드
1759,국내외가맹점 1마일리지 적립 · 온라인·홈쇼핑 2마일리지 적립 · 커피전문점 3마일리지 적립
1759,"국내외 가맹점 이용금액 1,000원당 아시아나 1 마일리지 기본 적립"
1759,"온라인쇼핑몰·홈쇼핑 이용금액 1,000원당 아시아나 2 마일리지 적립"
1759,"커피전문점 이용금액 1,000원당 아시아나 3 마일리지 적립"
1759,S-OIL 주유소에서 주유 시 리터당 40 보너스포인트 적립
1759,놀이공원 자유이용권 50%·워터파크 입장권 30% 현장할인
1763,"국내외가맹점 0.7% 무제한적립 · 온/오프라인쇼핑 0.5% 추가적립 · 대출보유시 6,000 포인트적립"
1763,적립
1763,"국내외 이용금액 0.7% 적립
온/오프라인쇼핑 0.5% 추가적립"
1763,"대출 보유 시 매월 최대 6,000 NH포인트 적립"
1763,zgm 할인카드
1765,국내외가맹점 0.2% 적립 · 이용금액1위 3배 적립 · 국제공항라운지 무료 아용
1765,적립
1765,국내외 이용가맹점 0.2% NH포인트 적립
1765,적립
1765,6개 영역 중 당월(1일~말일) 이용금액 1위/2위 영역은 기본적립의 3배/2배 자동적용
1768,"연 1회 프리미엄기프트 제공 · 1,000원당 1~2마일 적립 · 현대오일뱅크/S-OIL 60원/L 할인"
1768,"이용금액 1,000원당 1~2 대한항공 마일리지 적립"
1787,카드의정석 후불 하이패스 기능 · 평일 출퇴근 통행료 20~50% 할인
1787,"카드의정석 후불 하이패스
평일 출퇴근 시간대 통행료 20~50% 할인"
1787,"[반값카드] 숨어있는 고속도로 통행료 반값 공략법, 하이패스 50% 카드"
1807,앱스토어 5% 캐시백 · 구글 플레이스토어 5% 캐시백 · 스타벅스 20% 캐시백
1807,"구글 플레이스토어, 애플 앱스토어, 원스토어 5% 캐시백"
1807,스타벅스 20% 캐시백
1809,UniMile 0.2~1.5% 적립 · 국내외 공항라운지 무료이용 · 해외 유명 박물관/미술관 50% 할인
1809,UniMile 0.2~ 1.5% 적립
1809,해외 유명 박물관ㆍ미술관 입장권 할인
1816,모아포인트 1~3% 적립 · 영화관 3천원 할인 · 커피전문점 10% 할인
1816,적립
1816,"모아포인트 1.0 ~ 3.0% 적립
포인트 현금 자동입금 / 보너스 캐쉬백"
1816,"전국 영화관 12,000원 이상 결제 시 3,000원 청구할인"
1816,커피전문점 10% 청구할인
1816,현대카드ZERO Edition2(할인형)
1818,"삼성화재 보험료 최대 1만5천원 할인 · 영화관 3천원 할인 · 스타벅스, 투썸플레이스 1천원 할인"
1818,삼성화재 보험료 장기할부 및 청구할인 서비스
1818,"전국 영화관 3,000원 청구할인"
1818,"스타벅스, 투썸플레이스 1,000원 청구할인"
1829,바디프랜드 렌탈 최대 2만원 할인 · 영화 6천원 청구할인 · 커피 5% 청구할인
1829,바드프랜드 렌탈요금 할인서비스
1829,"영화 12,000원 이상 결제 시 6,000원 청구할인"
1829,"스타벅스, 커피빈, 카페베네, 투썸플레이스에서 결제 시 5% 청구할인"
1829,전국 놀이공원 자유이용권 50% 현장할인
1839,AIA생명 보험료 5천원 할인
1839,AIA생명 보험료 결제 시 월 3천원~5천원 할인
1839,미용실 최대 20% 할인
1839,놀이공원 최대 50% 할인
1839,롯데 자이언츠 20% 할인
1839,롯데시네마 할인
1839,"보네스뻬, 보네스뻬브레드, T.G.I.F, 롯데리아, 엔제리너스커피, 나뚜루 할인"
1839,L.POINT 적립
1854,모아포인트 1.0~1.8% 적립 · SK주유소 머핀포인트 80점/L 적립 · PAYCO/CJ ONE/OK캐쉬백/CU 멀티멤버십 제공
1854,적립
1854,모아포인트 1.0% ~ 1.8% 적립
1854,SK주유소 머핀포인트 적립 서비스
1854,"치킨/피자, 영화관, 커피, 놀이공원, 전기차 충전 할인"
1854,현대카드ZERO Edition2(할인형)
1856,하이마트 1~2만원 할인 · 영화관 3천원 할인 · 스타벅스/커피빈 20% 할인
1856,하이마트 슬림할부 및 청구할인
1856,"영화관, 패밀리레스토랑, 커피전문점 할인"
1856,현대카드ZERO Edition2(할인형)
1859,OK캐쉬백 위비할인카드
1859,OK캐쉬백 위비할인카드
1859,OK캐쉬백 위비할인카드 · 우리카드
1859,쇼핑 7% 할인 · 생활 7% 할인 · OK캐쉬백 멤버십 서비스
1859,"각영역별 주요 9대 업종 7% 청구할인
자동이체시 매월 포인트 적립"
1859,"치킨/피자, 영화관, 커피, 놀이공원, 전기차충전 할인"
1860,RAUME포인트 0.5~2% 적립 · 프리미엄 기프트 바우처 · 동반자 항공권 무료
1860,제휴 대상점 할인 및 우대 서비스
1860,RAUME O 포인트 적립 서비스
1861,롭스 매장 최대 15% 할인 · 미용실 최대 20% 할인 · 공연 최대 30% 할인
1861,롭스매장 이용시 최대 15% + 커피/베이커리/대중교통 업종 최대 10% 청구할인
1861,미용실 최대 20% 할인
1861,롯데 자이언츠 20% 할인
1861,"뮤지컬, 연극 등 공연 10~30% 할인"
1861,L.POINT 적립
1865,"스카이패스 1마일/1,500원 적립 · 프리미엄 기프트 바우처 · 동반자 항공권 무료"
1865,RAUME O 스카이패스 마일리지 적립 서비스
1865,제휴 대상점 할인 및 우대 서비스
1866,"아시아나 1마일/1,000원 적립 · 프리미엄 기프트 바우처 · 동반자 항공권 무료"
1866,RAUME O 아시아나 마일리지 적립 서비스
1866,제휴 대상점 할인 및 우대 서비스
1868,보험료 매월 최대 3만원 할인 · 영화 3천원 청구할인 · 커피 20% 청구할인
1868,보험료 매월 1 / 1.5 / 2 / 3만원 할인
1868,"전국 영화관 12,000원 이상 결제 시 3,000원 청구할인"
1868,"에버랜드, 롯데월드, 서울랜드, 대구이월드, 경주월드, 통도환타지아 자유이용권 50% 현장할인"
1868,"아웃백, TGIF, 베니건스 10% 청구 할인"
1868,"스타벅스, 투썸플레이스 20% 청구할인"
1882,삼성스토어 할부 24~36개월 제공 · 라이트할부 시 1만1천원 할인 · 교통/커피 5% 할인
1882,대중교통·택시 5% 결제일할인(청구할인)
1882,10대 커피전문점 5% 결제일할인(청구할인)
1882,삼성닷컴 3% 결제일할인(청구할인)
1882,삼성전자 서비스센터 10% 결제일할인(청구할인)
1883,결제시 5% 적립 · 커피전문점 5% 적립 · 배달앱 5% 적립
1883,PAYCO로 결제 시 5% PAYCO 포인트 적립
1883,벅스 50% PAYCO 포인트 적립
1883,커피전문점·헬스&뷰티 5% PAYCO 포인트 적립
1883,편의점·배달앱 5% PAYCO 포인트 적립
1884,보험료 매년 1~2만원 할인 · 보험료 매월 3~5천원 할인 · 주유소/충전소 3천원 할인
1884,"보험료 결제 시 30만원당 연 10,000원 결제일할인(청구할인)"
1884,"보험료 10,000원 이상 결제 시 월 3,000원·5,000원 결제일할인(청구할인)"
1884,"주유소에서 30,000원 이상 결제 시 3,000원 결제일할인(청구할인)"
1884,"할인점에서 30,000원 이상 결제 시 2,000원 결제일할인(청구할인)"
1884,"의료비 3,000원 이상 결제 시 1,000원 결제일할인(청구할인)"
1884,"영화 티켓 12,000원 이상 결제 시 5,000원 결제일할인(청구할인)"
1884,삼성 iD 달달할인
1887,앱스토어 10% 할인 · 편의점 10% 할인 · CGV 20% 할인
1887,"구글플레이스토어, 애플 앱스토어, 원스토어 10% 할인"
1887,"GS25, CU 10% 할인"
1887,"스타벅스, 커피빈 10% 할인"
1887,"파리바게뜨, 뚜레쥬르 10% 할인"
1887,"CGV, 롯데시네마 20% 할인"
1889,모든가맹점 1% 적립 · 모든주유소 2천원 할인 · 모든영화관 5천원 할인
1889,모든 가맹점 1% 빅포인트 적립
1889,"모든 주유소·LPG 2,000원 결제일할인"
1889,"모든 영화관 5,000원 결제일할인"
1899,LG전자 5~10% 할인 · 베스트플러스 최고 3% 할부포인트 적립 · 롯데월드 50% 할인
1899,"LG전자 5~10% 청구할인
LG전자 베스트샵 멤버십 포인트 0.5% 적립"
1899,베스트 플러스 할부 포인트 최고 3% 적립
1899,"롯데월드, 서울랜드 50% 할인"
1900,학원 10% 청구할인 · 교보문고 10% 청구할인 · SK주유소 100원/L 할인
1900,국내 전 학원업종 10% 청구할인
1900,서점/응시료 각 10% 청구할인
1900,주유소 리터당 100원 할인
1900,커피전문점 10% 청구할인
1900,편의점 10% 청구할인
1900,이동통신요금 10% 할인
1900,연 최대 120만원 캐시백! 2026  학원비 할인 신용카드 & 체크카드 추천 BEST 7
1903,대한항공 마일리지 1000원당 1마일 적립 · 온라인몰 5% 청구할인 · 11-14시 음식점 10% 청구할인
1903,"대한항공 마일리지 1000원당 1마일 SUPER 적립
대한항공 마일리지 3000원당 1마일 일반 적립"
1903,5개 온라인몰 5% 청구할인
1903,11~14시 사이 음식점 10% 청구할인
1903,"이마트, 롯데마트, 홈플러스 10% 청구할인"
1903,커피전문점 10% 청구할인
1903,이동통신요금 10% 할인
1903,편의점 10% 할인
1903,"프로야구, 축구, 배구 예매 20% 할인"
1906,출퇴근시간 20~50% 할인
1906,출퇴근 시간대 통행료 자동할인
1906,zgm 할인카드
1907,우체국 5% 캐시백 · 대형마트 10% 캐시백 · 병의원 5% 캐시백
1909,기프트 옵션 15만원 상당 서비스 (택1) · 1천원당 최대 2 마일리지 적립 · 인천공항 주차요금 1만원 할인
1909,스카이패스 1천원당 최대 2 마일리지 적립
1909,"일반 택시요금 1만원 이상 결제 시 2,000원 결제일할인(청구할인)"
1909,"스타벅스 1만원 이상 결제 시 2,000원 결제일할인(청구할인)"
1909,"인천공항 주차요금 3만원 이상 결제 시 10,000원 결제일할인(청구할인)"
1912,주식약정금액 1백만원 이상 0.5~1% 캐시백
1912,주식 약정별 카드사용금액의 0.5~1.0% 캐시백 제공
1926,E1 LPG 충전소 87P/L 적립 · 하이패스 30% 적립 · 자동차보험료 3만원 할인
1926,E1충전소(리터당 87포인트) 외 5개 업종 이용 시 E1 오렌지포인트 적립
1926,자동차보험료 청구할인
1926,미용실 최대 20% 할인
1926,놀이공원 최대 50% 할인
1926,롯데 자이언츠 20% 할인
1926,"롯데시네마, 뮤지컬, 연극 할인"
1926,"보네스뻬, 보네스뻬브레드, T.G.I.F, 미스터피자 할인"
1932,E1 LPG 충전소 리터당 47포인트 적립 · 자동차 정비 서비스 제공
1932,E1 LPG 충전소 리터당 47 오렌지포인트 적립
1932,미용실 최대 20% 할인
1932,놀이공원 최대 50% 할인
1932,롯데 자이언츠 20% 할인
1932,롯데시네마 할인
1932,"보네스뻬, 보네스뻬브레드, T.G.I.F, 롯데리아, 엔제리너스커피, 나뚜루 할인"
1944,롯데쇼핑계열 3% 적립 · 생활업종 1% 적립 · 하나로마트 3% 할인
1944,롯데 쇼핑계열 특별가맹점 L.POINT 적립
1944,생활편의업종 L.POINT 적립
1944,농협하나로 클럽·마트 3% 청구할인
1944,주요 놀이공원 할인
1944,zgm 할인카드
1960,모든가맹점 0.5% 캐시백 · CMA 금융서비스 혜택
1960,전 가맹점 0.5% 캐시백
1961,"7개 업종 중 1개 업종 청구할인 · 마트,슈퍼,편의점 7% 청구할인 · 음식점, 제과점 7% 청구할인"
1961,7개 업종 중 선택한 1개 업종 가맹점에서 카드 사용 시 7% 청구 할인
1961,"[선택] 전국 모든 마트, 슈퍼, 편의점 7% 청구할인"
1961,"[선택] 전국 모든 음식점, 제과점 7% 청구할인"
1961,"[선택] 전국 모든 백화점, 면세점, 홈쇼핑, 온라인쇼핑 7% 청구할인"
1961,[선택] 전국 모든 스포츠/놀이공원/영화관/여행 업종 7% 청구할인
1961,[선택] 전국 모든 학원(온라인 강의 제외) 7% 청구할인
1961,"[선택] 전국 모든 병원(동물병원 제외), 의원, 한의원, 약국, 산후조리원 7% 청구할인"
1961,"[선택] 전국 모든 주유소, 가스충전소에서 카드 사용 시 리터당 60원 청구할인"
1964,선택한 2개 업종 5% 캐시백 · 후불교통 건당 100원 청구할인
1964,10대 주거래 업종 중 고객이 직접 선택한 2개 혜택업종의 전가맹점 5% 캐시백
1964,[선택] 대형마트 5% 캐시백
1964,[선택] 슈퍼 5% 캐시백
1964,[선택] 온라인쇼핑 5% 캐시백
1964,[선택] 통신 5% 캐시백
1964,[선택] 백화점 5% 캐시백
1964,[선택] 레저 5% 캐시백
1964,[선택] 병의원/약국 5% 캐시백
1964,[선택] 홈쇼핑 5% 캐시백
1964,[선택] 숙박 5% 캐시백
1964,[선택] 커피 5% 캐시백
1964,후불교통 청구할인
1977,"GS리테일 GS&POINT 할인,적립, 사용 · GS25 10% 할인 · 스타벅스 20% 할인"
1977,"GS 제휴 혜택 GS&POINT 할인 및 적립, 사용"
1977,[쇼핑할인혜택] GS25 10% 할인
1977,[쇼핑할인혜택] 온라인쇼핑 5% 할인
1977,[쇼핑할인혜택] 오프라인쇼핑 5% 할인
1977,[쇼핑할인혜택] 스타벅스 20% 할인
1979,"GS리테일 GS&POINT 할인,적립, 사용 · 모든가맹점 최대 0.4% 할인 · 금융 수수료 면제 혜택"
1979,"GS 제휴 혜택 GS&POINT 할인 및 적립, 사용"
1979,모든가맹점 최대 0.4% 할인
1980,LG전자 베스트렌탈 최대2만원 할인
1980,LG전자 베스트렌탈 자동이체 청구할인 최대 2만원
1984,동양생명보험료 최대2만원 할인
1984,동양생명 보험료 자동이체 청구할인
1985,소셜커머스 5% 할인 · 온라인쇼핑 5% 할인 · 점심식사 5% 할인
1985,[할인서비스] 소셜 커머스 5% 할인
1985,[할인서비스] 대형 온라인몰 5% 할인
1985,[할인서비스] 점심식사 5% 할인
1985,[할인서비스] 커피 10% 할인
1985,[할인서비스] 영화 3천원 할인
1985,[할인서비스] 공연 3천원 할인
1985,[할인서비스] 이동통신요금 2천원 할인
1985,[할인서비스] 서적 5% 할인
1987,롯데마트 10% 청구할인 · 놀이공원 50% 할인 · 미용실 최대 20% 할인
1987,"롯데마트 온/오프라인 매장에서 5만원 이상 결제시, 10%청구할인"
1987,미용실 최대 20% 할인
1988,대형마트 5% 할인 · 전통시장 5% 할인 · 유치원 5% 할인
1988,[할인서비스] 대형마트 5% 할인
1988,[할인서비스] 전통 시장 5% 할인
1988,[할인서비스] 유치원 5% 할인
1988,[할인서비스] 학원 5% 할인
1988,[할인서비스] 의료비 5% 할인
1988,"[할인서비스] 외식 주중 5%, 주말 10% 할인"
1988,"[할인서비스] 영화 2,500원 할인"
1988,[할인서비스] 그린 서비스
1990,O2O앱 10% 할인 · GS25 10% 할인 · 스타벅스 10% 할인
1990,엉 서비스 - O2O 앱 이용 시 10% 청구할인
1990,"GS 25, GS 수퍼 10% 청구할인
GS POP 서비스"
1990,스타벅스 10% 청구할인
1990,온라인 영화예매 2천원 청구할인
1991,"1,500원당 최대 2.3토탈마일 적립 · 왕복항공권 무료 쿠폰 · 호텔 객실 최대 30% 할인"
1991,"토탈마일리지 적립서비스
결제납부금액에 따라 월간 3만 마일리지까지 적립"
1991,3인 이상 하나투어 해외여행/해외호텔을 예약하실 경우 1인 여행경비에 대해 100만원까지 현장할인
1993,공항라운지 무료 이용 · 국내외 가맹점 0.5% 적립 · 인천공항 발렛파킹 월3회 무료
1993,국내외 가맹점 L.POINT 0.5% 적립
1996,선포인트/특별할부 최대2만원 할인 · 커피 10% 할인 · 베이커리 10% 할인
1996,LG Best Shop 라이트할부 및 렌탈료 자동이체 할인서비스
1996,생활할인
1996,"커피 (스타벅스/이디야), 베이커리/아이스크림10% 청구할인
영화 CGV 1천원 청구할인"
1996,전국 주요 놀이공원 할인 50% 할인
1996,zgm 할인카드
2001,"쿠팡 로켓와우 최대 2,900원 할인 · OTT 서비스 2천원 할인 · 음원 스트리밍 1천원 할인"
2001,"쿠팡 로켓와우 멤버십 최대 2,900원 할인"
2001,OTT 서비스 2천원 할인
2001,음원 스트리밍 1천원 할인
2001,UNTACT 결제 1천원 할인(간편결제)
2001,UNTACT 결제 1천원 할인(쇼핑)
2001,UNTACT 결제 1천원 할인(배달앱)
2005,GS SHOP 5% 할인 · GS25 5% 할인 · GS 칼텍스 3천원 할인
2005,GS계열사 이용 시 결제일 청구 할인
2007,LG전자 렌탈 최대 2만원 할인 · 커피 20% 할인 · 영화관 3천원 할인
2007,LG전자 할인 서비스
2007,"아웃백, VIPS 10% 청구할인"
2007,"스타벅스, 커피빈 20% 청구할인"
2007,전국 영화관 3천원 청구할인
2007,주요 놀이공원 자유이용권 50% 현장할인
2012,국내가맹점 최대 0.4% 적립 · 해외가맹점 0.4% 적립
2012,적립
2012,전월실적에 상관없이 0.2 ~ 0.4% 적립
2014,국내가맹점 최대 0.9% 적립 · 해외가맹점 0.9% 적립
2014,적립
2014,전월실적에 상관없이 0.7 ~ 0.9% 적립
2014,적립조아카드
2014,zgm 할인카드
2016,진에어항공권 10% 할인 · 커피전문점 5% 할인
2016,진에어 항공권 10% 청구할인 (최대3만원)
2016,커피전문점 5% 청구할인
2016,해외가맹점 할인(JCB브랜드 서비스)
2016,롯데월드 본인 종합이용권 50% 현장할인
2016,"롯데시네마 관람료 1,500원 청구할인"
2016,"T.G.I.F, 롯데리아, 나뚜루, 엔제리너스 할인"
2019,넥센타이어 렌탈료 최대3만원 할인 · 놀이공원 최대 50% 할인
2019,매월 넥센타이어 렌탈료 1~3만원 청구할인
2019,전국 주요 놀이공원 할인 50% 할인
2019,zgm 할인카드
2021,쇼핑 최대 3만원 할인 · 놀이공원 최대 50% 할인
2021,매월 바디프랜드 렌탈료 1~3만원 청구할인
2021,전국 주요 놀이공원 할인 50% 할인
2021,zgm 할인카드
2023,쇼핑 최대 3만원 할인 · 놀이공원 최대 50% 할인
2023,매월 코웨이 렌탈료 1~3만원 청구할인
2023,전국 주요 놀이공원 할인 50% 할인
2023,zgm 할인카드
2026,카카오페이 가맹점 15% 할인 · 온라인쇼핑 10% 할인 · 편의점/드럭스토어 5% 할인
2026,카카오페이 가맹점 이용금액 15% 청구할인
2026,[On-line 쇼핑] 온라인 쇼핑 10% 청구할인
2026,[Off-line 쇼핑] 편의점 및 드럭스토어 5% 청구할인
2036,뷰티 5~10% 할인 · 커피 10% 할인 · 베이커리 5% 할인
2036,아모레퍼시픽 가맹점 5~10% 청구할인
2036,"커피, 베이커리, 아이스크림, 영화 할인"
2036,전국 주요 놀이공원 할인 최대 50%
2036,zgm 할인카드
2058,다이소 20% 할인 · 편의점/드럭스토어 5% 할인 · 소셜커머스 10% 할인
2058,"다이소 결제금액의 20% 청구할인
다이소 멤버십 포인트 자동적립"
2058,"쿠팡, 티몬, 위메프 10% 할인"
2058,미용실・이용원 10% 할인
2058,"올리브영, 랄라블라 5% 할인"
2058,"CU, GS25, 세븐일레븐 5% 할인"
2058,"CGV, 롯데시네마 2천원 할인"
2058,주요 커피전문점 10% 할인
2058,주요 놀이공원 할인
2060,L.POINT 0.2% 적립
2060,전국 가맹점에서 롯데카드 제공 L.POINT 0.2% 적립
2070,"커피 최대 25,000원 할인 · 스트리밍 50% 할인 · 배달앱 최대 1만원 할인"
2070,"스타벅스, 투썸플레이스, 폴바셋 5천원 결제일 할인"
2070,"넷플릭스, 유튜브, 왓챠, 멜론 50% 결제일 할인"
2070,"GS25, CU, 세븐일레븐 1천원 결제일 할인"
2070,배달앱 할인
2070,"[반값카드] 의외로 잘 모르는 스타벅스 반값 공략법, 카페 50% 카드"
2071,삼성페이 이용시 최대 1만 4천원 할인 · 외식업종 최대 20% 청구할인
2071,국내 가맹점에서 삼성페이 롯데카드 결제 시 청구할인
2071,L.POINT 외식업종 제휴사 청구할인
2072,"전통시장 15% 할인 · 이동통신요금 2천원 할인 · 코레일, 고속버스 5% 할인"
2072,전통시장 15% 할인
2072,나들가게 15% 할인
2072,"이동통신요금 2,000원 할인"
2072,교통 5% 할인
2073,통신비 3천원 할인 · 스타벅스 1천원 할인 · 쿠팡 2천원 할인
2073,"SKT, KT, LGU+ 이동통신 할인"
2073,[WEEKDAY 할인] 월요일 - 스타벅스 1천원 할인
2073,[WEEKDAY 할인] 화요일 - 쿠팡 2천원 할인
2073,[WEEKDAY 할인] 수요일 - 편의점 1천원 할인
2073,[WEEKDAY 할인] 목요일 - 배달의민족 1천원 할인
2073,[WEEKDAY 할인] 금요일 - CGV 2천원 할인
2074,간편결제 1천원 할인 · CGV 3천원 할인 · 어학시험 2천원 할인
2074,"카카오페이, 네이버페이, PAYCO 1천원 할인"
2074,"CGV 온라인 영화예매 3,000원 할인"
2074,"TOEIC, TEPS 2천원 할인"
2075,통신비 2천원 할인 · 병원/약국 5% 할인 · 골프 5% 할인
2075,이동통신비 2천원 할인
2075,"병원, 약국 5% 할인"
2075,"골프장, 골프연습장 5% 할인"
2075,대형마트 5% 할인
2075,숙박업종 5% 할인
2075,"자동차정비 5,000원 할인"
2075,"영화 2,000원 할인"
2075,"고속버스, KTX/SRT, 렌터카 5% 할인"
2075,"파리바케트, 뚜레쥬르 10% 할인"
2076,통신비 2천원 할인 · 병원/약국 5% 할인 · 골프 5% 할인
2076,이동통신비 2천원 할인
2076,"병원, 약국 5% 할인"
2076,"골프장, 골프연습장 5% 할인"
2076,대형마트 5% 할인
2076,숙박업종 5% 할인
2076,"자동차정비 5,000원 할인"
2076,"영화 2,000원 할인"
2076,"고속버스, KTX/SRT, 렌터카 5% 할인"
2076,"파리바케트, 뚜레쥬르 10% 할인"
2077,간편결제 1천원 할인 · CGV 3천원 할인 · 어학시험 2천원 할인
2077,간편결제 1천원 할인
2077,CGV 3천원 할인
2077,"TOEIC, TEPS 2천원 할인"
2078,간편결제 1천원 할인 · CGV 3천원 할인 · 어학시험 2천원 할인
2078,간편결제 1천원 할인
2078,CGV 3천원 할인
2078,"TOEIC, TEPS 2천원 할인"
2079,홈쇼핑 6% 할인 · 백화점 5% 할인 · 베이커리 10% 할인
2079,홈쇼핑 6% 할인
2079,백화점 5% 할인
2079,베이커리 10% 할인
2079,통신비 5천원 할인
2080,백화점 7% 할인 · 온라인쇼핑 10% 할인 · 커피 1천원 할인
2080,백화점 7% 할인
2080,온라인쇼핑 10% 할인
2080,커피 1천원 할인
2080,뷰티업종 10% 할인
2080,인터파크 공연 5% 할인
2080,영화 2천원 할인
2080,학원 5% 할인
2081,대형마트 5% 할인 · 편의점 5% 할인 · 통신비 5천원 할인
2081,대형마트 5% 할인
2081,편의점 5% 할인
2081,통신비 5천원 할인
2081,"골프장, 골프연습장 5% 할인"
2081,스포츠·레저 5% 할인
2081,영화 2천원 할인
2081,패밀리레스토랑 10% 할인
2082,대형마트 5% 할인 · 편의점 5% 할인 · 통신비 5천원 할인
2082,이동통신요금 2천원 할인
2082,학원 5% 할인
2082,"병원, 약국 5% 할인"
2082,인터넷쇼핑 5% 할인
2082,"백화점, 대형마트 5% 할인"
2082,영화 2천원 할인
2082,"도서 2,000원 할인"
2082,공연 3% 할인
2083,주유 리터당 최대 60원 할인 · 도서 2천원 할인 · 커피 10% 할인
2083,전국 주유 리터당 최대 60원 할인
2083,도서 2천원 할인
2083,커피 10% 할인
2083,대형마트 5% 할인
2083,편의점 5% 할인
2084,백화점 5% 할인 · 도서 2천원 할인 · 커피 10% 할인
2084,커피전문점 10% 할인
2084,"영화 최대 4,000원 할인"
2084,공연 3% 할인
2084,"어학응시료 2,000원 할인"
2084,도서 2천원 할인
2084,백화점 5% 할인
2084,인터넷 쇼핑 10% 할인
2085,모든가맹점 0.3% 적립 · 포인트 자동 캐시백
2085,모든 가맹점 0.3% 포인트 적립
2085,캐시백
2085,포인트 자동 캐시백 입금
2086,모든가맹점 최대 1% 적립 · 포인트 자동 캐시백
2086,모든 가맹점 0.3% 포인트 적립
2086,캐시백
2086,포인트 자동 캐시백 입금
2090,"1,500원당 1마일리지 적립 · 프리미어 호텔 서비스 연 1회 제공 · 골프장 연 2회 그린피 무료"
2090,"국내 이용금액 1,500원당 1마일리지 적립
해외 이용금액 1,500원당 1~3마일리지 적립"
2090,국내 유명 면세점 10% 할인
2091,항공 마일리지 대한항공/아시아나항공 적립 · 대한항공 기내면세점 10% 청구할인 · trendy OPTION 연 3개 선택
2091,"대한항공 / 아시아나 항공 마일리지 적립
항공 좌석 승급(비즈니스→퍼스트 또는 비즈니스 스위트) 또는 동반자 비즈니스석 무료 항공권 (택1)"
2092,모든가맹점 0.3% 적립 · 평일 점심 1천원 할인 · 휴일 마트 3천원 할인
2092,모든가맹점 0.3% 포인트 적립
2092,평일 점심시간 1천원 할인
2092,휴일 대형마트 3천원 할인
2092,"점심값 1만원 시대, 점심 & 음식점 할인 받는 직장인 체크카드 추천 BEST 3"
2093,"국내외가맹점 1,500원당 1마일 적립 · 40만원 상당 스페셜기프트 제공 · 호텔/쇼핑/골프 프리미엄서비스 제공"
2093,"국내외 가맹점 이용금액 1,500원당 1 스카이패스 마일리지 적립"
2094,카카오페이 15% 할인 · 편의점 5% 할인 · 온라인쇼핑 10% 할인
2094,카카오페이 15% 할인
2094,편의점 5% 할인
2094,온라인쇼핑 10% 할인
2094,어학시험 2천원 할인
2094,영화 2천원 할인
2094,커피 10% 할인
2094,패스트푸드 10% 할인
2095,모든가맹점 최대 0.2% 적립 · 대형마트 1% 적립 · 학원 1% 적립
2095,[기본 적립] 국내 모든 가맹점 이용금액 최대 0.2% 적립
2095,[추가 적립] 대형마트 1% 적립
2095,학원 1% 적립
2095,"병/의원, 약국 1% 적립"
2095,캐시백
2095,포인트 자동 캐시백
2096,모든가맹점 최대 0.2% 적립 · 대형마트 1% 적립 · 학원 1% 적립
2096,[기본 적립] 국내 모든 가맹점 이용금액 최대 0.2% 적립
2096,[추가 적립] 대형마트 1% 적립
2096,학원 1% 적립
2096,"병/의원, 약국 1% 적립"
2096,캐시백
2096,포인트 자동 캐시백
2097,"1,000원당 1마일리지 적립 · 프리미어 호텔 서비스 연 1회 제공 · 골프장 연 2회 그린피 무료"
2097,"국내 이용금액 1,000원당 1마일리지 적립
해외 이용금액 1,000원당 1~3마일리지 적립"
2097,국내 유명 면세점 10% 할인
2099,에너지절약시 5만점 적립 · 학원 5% 적립 · 병원 5% 적립
2099,생활에너지 10% 이상 절약시 5만점 에코머니 적립
2099,"학원,병의원,대형할인점,백화점,농협판매장 5% 에코머니 적립"
2099,주요 패밀리레스토랑 이용시 10% 에코머니 적립
2099,이동통신요금 3% 에코머니 적립
2099,"버스, 지하철, 고속버스, KTX 5~10% 에코머니 적립"
2099,"헬스클럽, 수영장, 테니스장, 볼링장 에코머니 적립(10%)"
2099,현대카드ZERO Edition2(할인형)
2099,zgm 할인카드
2104,국내외가맹점 1% 적립 · 40만원 상당 스페셜기프트 제공 · 호텔/쇼핑/골프 프리미엄서비스 제공
2104,국내외 가맹점 1% L.POINT 적립
2106,국내외가맹점 1천원당 1마일 적립 · 40만원 상당 스페셜기프트 제공 · 호텔/쇼핑/골프 프리미엄서비스 제공
2106,"국내외 가맹점 이용금액 1,000원당 1 아시아나 마일리지 적립"
2118,아시아나 1천원당 1마일 적립 · SK주유소 60원/L 할인 · 영화관 최대 3천원 할인
2118,"일시불 및 할부 매출액 1,000원당 1마일 적립"
2118,SK주유소 및 LPG충전소 리터당 60원 청구 할인
2118,"영화관 1,500원 ~ 3,000원 청구 할인"
2118,"커피전문점 이용금액의 10% 청구할인
패밀리레스토랑 20% 청구 할인"
2118,롯데월드 이용 금액 50% 청구 할인
2127,제주지니 가맹점 3% 청구할인 · 국내/해외 0.7%/1.0% AirMoney적립
2127,할인
2127,"AIR MONEY 할인 서비스
제주지니 가맹점 이용시 3% 청구할인"
2127,적립
2127,"AIR MONEY 적립
디지털구독 서비스 특별적립"
2128,"1,500원당 1마일리지 적립 · 분기실적 150만원 이상 시 1천5백마일리지 적립 · 공항라운지 무료 이용"
2128,"마일리지형(스카이패스) 국내·외 매출 건별 1,500원당 1마일리지
보너스 마일리지 적립(분기별 1회, 연 4회)"
2128,zgm 할인카드
2130,1천원당 1마일리지 적립 · 분기실적 150만원 이상 시 1천5백마일리지 적립 · 공항라운지 무료 이용
2130,"마일리지형(아시아나클럽) 국내·외 매출 건별 1,000원당 1마일리지
보너스 마일리지 적립(분기별 1회, 연 4회)"
2130,zgm 할인카드
2131,모든가맹점 0.8% 적립 · 분기실적 150만원 이상 시 2만5천P 적립 · 공항라운지 무료 이용
2131,적립
2131,"기본적립 : 국내·외 0.8% NH포인트 적립
보너스 포인트 적립(분기별 1회, 연 4회)"
2131,zgm 할인카드
2132,"정유사 리터당 100원 할인 · 차량관련업종,카페,편의점 5% 할인"
2132,전국 모든 정유사 대상 리터당 100원 할인
2132,할인
2132,"보험료할인, 차량관련업종 할인
GS편의점, 스타벅스, 투썸플레이스 5% 청구할인"
2139,세븐일레븐 10% 할인 · 2년차부터 연회비면제 서비스 · 미용실 최대 20% 할인
2139,세븐일레븐매장 10%할인
2139,미용실 최대 20% 할인
2139,놀이공원 할인
2139,롯데 자이언츠 20% 할인
2139,"뮤지컬, 연극 등 공연 10~30% 할인"
2139,SK주유소 리터당 SK주유포인트 50원적립
2139,L.POINT 적립
2140,롯데홈쇼핑 2% 포인트적립 · 놀이공원 50% 할인 · 미용실 최대 20% 할인
2140,롯데홈쇼핑 포인트 적립 및 할인쿠폰 제공
2140,미용실 최대 20% 할인
2140,롯데 자이언츠 20% 할인
2140,쇼핑 5% 할인
2140,"롯데시네마 관람료 1,500원 청구할인"
2140,SK주유소 리터당 SK주유포인트 50원적립
2140,포인트 적립
2147,최대 2% 캐시백 · 놀이공원 최대 50% 현장할인 · T.G.I.FRIDAY'S 10% 현장할인
2147,캐시백
2147,Weekly 캐시백 서비스
2147,놀이공원 최대 50% 현장할인
2147,"롯데시네마 1,500원 할인"
2148,주요 패밀리레스토랑 10% 청구할인 · 온라인쇼핑몰 5% 청구할인 · 커피 전문점 20% 청구할인
2148,"KCTV 방송요금 자동이체시 5천원 ~ 7천원 청구 할인
이동통신요금 자동이체시 1천원 청구 할인"
2148,영화관 최대 3천원 청구 할인
2148,온라인쇼핑몰 5% 청구 할인
2148,주요 커피 전문점 20% 청구할인
2149,이랜드리테일 7% 할인 · 주요 마트 5% 할인
2149,이랜드리테일 이용금액 7% 결제일할인
2149,주요 마트 이용금액 5% 결제일 할인
2149,L.POINT 적립
2150,"병/의원, 산후조리업종 5% 청구할인 · 의요,육아업종 1~4% 에코머니 적립 · 커피전문점 20% 청구할인"
2151,"커피전문점 10% 청구할인 · 영화관 2,000원 청구할인 · 국내 가맹점 0.2~0.8% 에코머니 적립"
2151,커피전문점 10% 청구할인
2151,"영화관 2,000원 청구 할인"
2151,적립
2151,"국내 가맹점 이용금액의 0.2∼0.8% 에코머니 포인트 적립
대중교통 이용금액의 5∼20% 에코머니 포인트 적립"
2151,현대카드ZERO Edition2(할인형)
2165,"버스,지하철,택시 10% 청구할인 · SKT, KT, LGU+ 이동통신 요금 3% 청구할인 · CU편의점 최대 7% 청구할인"
2165,대중교통 할인
2165,"토익 응시료 할인
도내 서비스 할인 (영어학원, 서점)"
2165,휴대폰 통신 요금 할인
2165,CU편의점 1만원 이상 결제시 2% ~ 7% 청구 할인
2165,"CGV, 메가박스, 롯데시네마 이용시 1,500원~3,000원 청구 할인"
2165,"패밀리레스토랑 할인
커피, 음료 이용액 할인"
2170,"5개 온라인 몰 5% 청구할인 · 대한항공 마일리지 1,000원당 1마일 적립 · 커피전문점 20% 청구할인"
2170,5개 온라인몰 5% 청구 할인
2170,이동통신요금 3% 청구 할인
2170,대한항공 스카이패스 마일리지 적립 서비스
2170,영화관 최대 3천원 청구 할인
2170,"패밀리레스토랑 할인
커피, 음료 이용액 할인"
2172,"버스,지하철,택시 10% 청구할인 · 이동통신요금 3% 청구할인 · 커피전문점 20% 청구할인"
2172,대중교통 10% 청구 할인
2172,"토익 응시료 할인
도내 서비스 할인 (영어학원, 서점)"
2172,이동통신요금 3% 청구 할인
2172,편의점(CU) 최대 7% 청구 할인
2172,"패밀리레스토랑(VIPS) 20% 청구 할인
커피전문점 20% 청구 할인"
2173,"병/의원,조산원,산후조리원 3% 청구할인 · 이동통신요금 1,000원 청구할인 · 커피전문점 10% 청구할인"
2173,"A-Type(for Baby)
- 병/의원 조산원, 산후조리원업종(정부지원금 제외) 3% 청구할인 등"
2173,"B-Type(for Children)
- 이동통신요금 자동이체시 1천원 청구할인 등"
2173,"C-Type(for Green Life)
- 국내 가맹점 이용금액 0.2~0.5% 에코머니 포인트 기본 적립 등"
2173,편의점(CU) 최대 7% 청구 할인
2174,"영화입장권 2,000원 청구할인 · 국내 가맹점 0.2~0.5% 에코머니 적립 · 커피전문점 10% 청구할인"
2174,"영화입장권 2,000원 청구할인 서비스"
2174,커피전문점 10% 청구할인 서비스
2174,적립
2174,기본적립 전국 가맹점 국내 가맹점 이용금액 0.2~0.5% 에코머니 포인트 적립
2175,SK주유소 리터당 최대 120원 청구할인 · 주차장 10% 청구할인 · 약국 5% 청구할인
2175,"SK주유소, 충전소 리터당 최대 120원 청구할인"
2175,생활 할인 서비스 5~10% 청구할인
2177,디지털 스트리밍 최대 1만원 할인 · 온라인쇼핑 5% 청구할인 · 간편결제 5% 청구할인
2177,적립
2177,전주 삼색 서비스 월 최대 1만원 적립
2177,적립
2177,온라인에서 결제 시 5% 청구할인
2178,선택업종 최대 1% 적립 · 후불교통 5% J머니 적립 · 주요 카페/베이커리 5% J머니 적립
2178,"Triple 적립서비스
- 전월실적, 한도제한없이 선택 타입 업종 최대 1% 적립"
2178,적립
2178,JUST LIFE 적립서비스
2179,"선택업종 최대 2% 적립 or 캐시백 · 모든 가맹점 이용액 0.5% 적립 or 캐시백 · 전국 영화관 3,000원 할인"
2179,"기본 선택서비스 적립 또는 캐시백
프리미엄 선택서비스 적립 또는 캐시백"
2179,전 가맹점 이용액 0.5% 적립/캐시백
2179,전국 영화관 건당 8천원 이상 이용시 3천원 할인
2179,현대카드ZERO Edition2(할인형)
2180,선택업종 최대 1.5% 적립 · 후불교통 5% J머니 적립 · 주요 카페/베이커리 5% J머니 적립
2180,"전월실적, 한도제한없이 선택 타입 업종 최대 1% 적립
- SPECIAL 적립 (1.5%) / TOP 적립 (1.0%)"
2180,적립
2180,JUST LIFE 적립서비스
2181,"모든 가맹점 0.7% 적립/캐시백 · 전국 골프장 10만원 당 5천원 적립/캐시백 · 전국 영화관 3,000원 할인"
2181,적립
2181,건당 결제 금액에 따라 1.2% 또는 0.7% 적립/캐시백
2181,전국 모든 골프장 건별 사용금액 10만원당 5천원 적립/캐시백
2181,전국 영화관 건당 8천원 이상 이용시 3천원 할인
2183,모든 가맹점 0.7% 적립/캐시백 · 전국 골프장 10만원 당 5천원 적립/캐시백 · 바우처 6종 10만원 상당 택1
2183,적립
2183,건당 결제 금액에 따라 1.2% 또는 0.7% 적립/캐시백
2183,전국 모든 골프장 건별 사용금액 10만원당 5천원 적립/캐시백
2183,전국 영화관 건당 8천원 이상 이용시 3천원 할인
2184,10대 소비영역 TOP3업종 최대 2% 캐시백
2184,10대 소비영역 중 고객님의 Top3 업종 이용금액에 대해서 2~4배 캐시백
2185,"주유소,충전소 리터당 80~100원 청구할인 · 손해보험 업종 2% 청구할인 · 생활 4대영역 최대 10% 청구할인"
2185,전국 모든 주유소·충전소에서 리터당 80원 ~ 100원 청구할인
2185,손해보험업종 2% 청구할인
2185,"생활4대영역(마트, 쇼핑, 외식, 카페) 최대 10% 청구할인"
2189,특정 업종 최대 5% 캐시백
2189,캐시백
2189,TRIPLE 캐시백 서비스
2190,"해피포인트 가맹업종 최대 20% 캐시백 · 영화 2,000원 캐시백 · 대중교통 10% 캐시백"
2190,해피포인트 가맹점 할인 서비스
2190,"영화(CGV, 메가박스, 롯데시네마) 2천원 청구할인
대중교통(버스/지하철) 및 편의점 10% 청구할인"
2191,건당 이용금액 최대 1.2% 캐시백
2191,캐시백
2191,건당 이용금액 구간별 0.2% ~ 1.2% 캐시백 서비스
2192,"병/의원,산후조리원 3% 캐시백 · 대중교통 3% 캐시백 · 이동통신요금 1,000원 캐시백"
2193,카드이용금액 연 최대 5% 캐시백
2193,캐시백
2193,카드이용금액의 최대 연 5% 캐시백 제공
2194,대형마트 최대 20% 할인 · 편의점 최대 20% 할인 · 커피업종 최대 20% 할인
2194,할인
2194,전월 실적에 따라 5% ~ 최대 20% 다양한 할인
2195,신차 구매 시 1.5% M포인트 적립 · 당월 이용금액에 따라 최대 1% M포인트 적립 · KIA Members 제휴처 최대 2% 기아멤버스 포인트 적립
2195,적립
2195,모든 가맹점에서 기본 M포인트 적립
2195,"기아 신차 구매 시 1.5% M포인트 적립
기아 신차 구매 시 2만 기아멤버스 포인트 적립"
2195,"Kia Members 멤버십 서비스
연간 이용금액 6백만원 이상 시 차년도 1만 기아멤버스 포인트 적립"
2195,현대카드ZERO Edition2(할인형)
2196,신차 구매 시 1.5% M포인트 적립 · 당월 이용금액 0.5% M포인트 적립 · 전기차 충전 최대 70% 할인
2196,적립
2196,"당월 이용금액에 따라 국내외 가맹점 이용금액의 0.5% M포인트 적립
Kia Members 제휴처에서 이용 시 당월 이용금액에 따라 0.5% 동시 적립"
2196,전기차 충전 시 당월 이용금액에 따라 30~70% 할인
2196,"[반값카드] 매월 3만원까지 전기차충전 반값 공략법, 전기차충전 50% 카드"
2197,국내 가맹점 최대 1% M포인트 적립 · 경차 유류세 환급
2197,적립
2197,"월 100만원 미만 이용 시 0.5% M포인트 적립
월 100만원 이상 이용 시 1% M포인트 적립"
2197,프로스포츠 입장권 할인
2198,"캐롯손해보험료 납부 시 최대 24,000원 할인 · 업종별 0.5~3% 적립 · 현대,기아차 구매 시 1.5% 특별적립"
2198,캐롯손해보험료 청구 할인
2198,적립
2198,"업종별 0.5~3% 적립
월 100만원 이상 이용 시 1.5배 적립"
2198,현대카드ZERO Edition2(할인형)
2199,산림조합-현대카드M(청구할인형)
2199,산림조합-현대카드M(청구할인형)
2199,산림조합-현대카드M(청구할인형) · 현대카드
2199,"산림조합 납부금액 최대 17,000원 할인 · 국내외 전 가맹점 0.2% 적립 · 현대,기아차 구매 시 1.5% 특별적립"
2199,산림조합상조 납부금액 청구 할인
2199,적립
2199,국내외 가맹점에서 0.2% M포인트 적립
2199,현대카드ZERO Edition2(할인형)
2199,현대카드ZERO Edition3(할인형)
2210,음반/티켓 10% 할인 · 편의점/백화점 10% 할인 · 대중교통/배달앱 10% 할인
2210,할인
2210,[FANDOM] 팬덤 10% 청구할인
2210,[SHOPPING] 쇼핑 10% 청구할인
2210,[LIFE] 생활 10% 청구할인
2210,현대카드ZERO Edition2(할인형)
2211,온라인 간편결제 1.5% 할인 · 편의점 1.5% 할인 · 대중교통/택시 1.5% 할인
2211,적립
2211,기본 : 국내외 가맹점 0.8% 청구 할인
2211,플러스 : 온라인 간편결제 1.5% 청구 할인
2211,플러스 : 편의점 1.5% 청구 할인
2211,플러스 : 커피전문점 1.5% 청구 할인
2211,플러스 : 교통 1.5% 청구 할인
2211,플러스 : 이동통신요금 1.5% 청구 할인
2211,"플러스 : 넷플릭스, 유튜브 프리미엄, 웨이브, 티빙, 왓챠 1.5% 청구 할인"
2211,"BC카드, 전월 실적도 할인 한도도 없는 케이뱅크 PLCC '케이뱅크 SIMPLE 카드' 출시"
2211,현대카드ZERO Edition2(할인형)
2212,편의점 10% 캐시백 · 커피전문점 10% 캐시백 · 백화점/마트/쇼핑 10% 캐시백
2212,[기본혜택] 주요편의점 10%캐시백
2212,[기본혜택] 주요커피전문점 10%캐시백
2212,"선택형 캐시백 혜택(택1)_백화점&마트 캐시백형
백화점, 주요 할인점 10%캐시백"
2212,"선택형 캐시백 혜택(택1)_온라인쇼핑 캐시백형
대형 온라인 쇼핑몰 10%캐시백"
2212,"선택형 캐시백 혜택(택1)_주유 캐시백형
대형 온라인 쇼핑몰 10%캐시백"
2213,온라인 모든가맹점 10% 캐시백
2213,캐시백
2213,"온라인 어디서나 10% 캐시백 (통합 월간 캐시백 한도 내)
가맹점 상관없이 온라인 결제시 어디서나 10% 캐시백 혜택 제공"
2214,CMA우대금리 0.1% 제공
2214,"CMA 우대금리 0.1% 제공
업무시간 內 롯데ATM 입/출금 수수료 면제 등"
2215,점심식사 10% 할인 · 커피 10% 할인 · 편의점 10% 할인
2215,점심할인 10%(월10회)
2215,커피할인 10%(월10회)
2215,편의점할인 10%(월10회)
2215,할인
2215,할인액의 20%를 추가 할인!
2216,미래에셋증권 체크카드(할인 2)
2216,미래에셋증권 체크카드(할인 2)
2216,미래에셋증권 체크카드(할인 2) · 미래에셋증권
2216,"커피전문점 10% 할인 · 편의점 10% 할인 · 디지털구독 건당 5,000원 할인"
2216,커피전문점 10% 할인
2216,"편의점 10% 할인
마트 5% 할인"
2216,디지털구독 10% 할인
2216,미래에셋증권 체크카드 (캐시백 2)
2216,미래에셋증권 체크카드(할인 2)
2216,미래에셋증권 체크카드 (캐시백 2)
2217,미래에셋증권 체크카드 (캐시백 2)
2217,미래에셋증권 체크카드 (캐시백 2)
2217,미래에셋증권 체크카드 (캐시백 2) · 미래에셋증권
2217,이용금액의 0.5~1% 캐시백
2217,전월 사용금액에 따라 0.5~1% 캐시백 지급
2217,미래에셋증권 체크카드(할인 2)
2217,미래에셋증권 체크카드(할인 2)
2217,미래에셋증권 체크카드 (캐시백 2)
2218,소셜커머스 10% 할인 · 커피 10% 할인 · 택시요금 10% 할인
2218,소셜커머스 10% 할인
2218,커피 10% 할인
2218,편의점 10% 할인
2218,택시요금 10% 할인
2218,현대카드ZERO Edition2(할인형)
2219,대형마트 5% 할인 · 배달앱 5% 할인 · 주유시 리터당 40원 할인
2219,대형마트 이용금액의 5% 할인
2219,온라인쇼핑몰 이용금액의 5% 할인
2219,배달 앱 이용금액의 5% 할인
2219,주유 시 리터당 40원 할인
2219,할인
2219,"현장할인서비스
특급호텔, F&B, 유명 레스토랑 Life 스타일 제휴처 현장할인"
2219,현대카드ZERO Edition2(할인형)
2220,모든가맹점 0.3% 캐시백 · GS칼텍스 100원/L 캐쉬백 · 이동통신요금 5천원 할인
2220,모든 가맹점 0.3% 캐쉬백
2220,"이동통신요금 5,000원 할인"
2221,모든가맹점 0.6% 캐시백 · 금융상품가입 시 2.5% 추가캐시백
2221,"모든 가맹점 0.6% 캐쉬백
금융상품가입 시 최대 2.5% 추가 캐쉬백"
2222,국내가맹점 0.3% 캐시백
2222,할인
2222,전월 실적 제한없이 국내 가맹점 이용금액의 0.3% 캐시백
2222,미래에셋증권 체크카드(할인 2)
2223,할인
2223,"현장할인서비스
특급호텔, F&B, 유명 레스토랑 Life 스타일 제휴처 현장할인"
2224,Syrup멤버십포인트 적립 서비스 · 모바일쿠폰 최대 3만원 제공 · 호텔 최대 50% 할인
2224,할인
2224,"현장할인서비스
높은 할인율과 다양한 제휴처!"
2225,한도없이 0.5% 캐시백 · 호텔 최대 50% 할인
2225,할인
2225,"언제 어디서든 한도없이, 사용 금액의 0.5% 무제한 캐시백"
2225,할인
2225,"현장할인서비스
높은 할인율과 다양한 제휴처!"
2225,현대카드ZERO Edition2(할인형)
2226,국내외가맹점 0.5% 캐시백 · 스페셜가맹점 5% 캐시백
2226,"기본캐시백: 전월 실적조건 없이 0.5% 캐시백
특별캐시백: 최대 5% 캐시백"
2226,현대카드ZERO Edition2(할인형)
2227,디지털콘텐츠 20% 캐시백 · 온라인쇼핑 15% 캐시백 · 배달앱 15% 캐시백
2227,"유튜브프리미엄, 넷플릭스, 웨이브, 티빙, 멜론, 지니 20% 캐시백"
2227,"11번가, G마켓, 옥션, 쿠팡, 위메프, 티몬 15% 캐시백"
2227,"배달의민족, 요기요, 쿠팡이츠 15% 캐시백"
2227,"스타벅스, 투썸플레이스, 이디야 5% 캐시백"
2227,"올리브영, 랄라블라, 다이소, GS25, CU, 이마트24 5% 캐시백"
2227,"우편요금, 인터넷우체국, 우체국쇼핑, EMS 5% 캐시백"
2228,스타벅스 최대 60% 할인 · 영화 50% 할인 · 이동통신 10% 할인
2228,"스타벅스 50% 결제일 할인
간편결제 시 스타벅스 60% 결제일 할인"
2228,"롯데시네마, CGV 50% 결제일 할인"
2228,"시내버스, 지하철 10% 결제일 할인"
2228,"SKT, KT, LG U+ 10% 결제일 할인"
2228,"배달의 민족, 쿠팡이츠 5% 결제일 할인"
2228,"에디터가 뽑은 2023 롯데카드 TOP5│실적 없어도 괜찮아요, 무조건 1.2% 할인"
2228,현대카드ZERO Edition2(할인형)
2230,생활업종 5% 할인 · 자동차보험료 3만원 할인
2230,생활업종 5% 결제일 할인
2230,자동차보험료 3만원 결제일 할인
2230,신용카드로 자동차보험료 내는 꿀팁 & 자동차보험 할인 신용카드 추천┃2026년 기준
2232,국내가맹점 최대1% 적립 · 플러스머니 5천머니 적립 · SK주유소 3천원 할인
2232,적립
2232,"[데일리 적립]
전월실적 없이도 0.3%~1.0% 하나머니 적립(적립한도 없음)"
2232,적립
2232,"[플러스 적립]
온라인쇼핑, 통신/교통/자동이체, 해외영역별 이번달 합산 이용금액 10만원 이상시 5천 하나머니 적립"
2232,SK주유소 월 최대 6천원 할인
2232,스타벅스/커피빈 4천원 이상 결제시 4천원 청구할인
2232,"이번달 아파트관리비 / 4대보험 자동이체 금액
합산 10만원 이상일 때 5천 하나머니 적립"
2233,네이버플러스멤버십 무료 이용권 · 네이버플러스멤버십 회원 5% 적립 · 그외가맹점 1% 적립
2233,네이버페이 포인트 최대 5% 적립
2233,"2026 넷플릭스 품은 네이버플러스 멤버십 총정리: 가격부터, 활용팁, 구독료 반값 할인 신용카드 추천까지"
2233,"2026 KBO 야구 중계, 티빙 & OTT 구독료 할인카드로 단돈 500원에 보는 꿀팁"
2233,현대카드ZERO Edition2(할인형)
2234,많이 쓰는 영역 자동 맞춤 5% 할인 · 주유/이동통신/아파트관리비 2.5% 할인 · 국내외가맹점 0.5% 할인
2234,할인
2234,"많이 쓰는 영역 5% 자동 맞춤 할인
(백화점·할인점·슈퍼마켓 영역)"
2234,주유·이동통신·아파트 관리비 2.5% 할인
2234,국내외 가맹점 0.5% 할인
2234,"아파트관리비 실적 인정 카드만 모았다, 2026 아파트관리비 할인카드 추천 BEST 4"
2234,2026 이마트 할인 신용카드 추천부터 이마트페이 사용법 및 SSG페이 신용카드 총정리
2235,삼성 iD ON 카드 · 삼성카드 · 온라인 신규회원 연회비 100% 캐시백
2235,많이쓰는 영역 자동맞춤 30% 할인 · 교통/이동통신/스트리밍 10% 할인 · 온라인간편결제/해외 3%·1% 할인
2235,할인
2235,"많이 쓰는 영역 30% 자동 맞춤 할인
(커피전문점·배달앱·델리 영역)"
2235,교통·이동통신·스트리밍 10% 할인
2235,할인
2235,온라인 간편결제·해외 3%·1% 할인
2235,"2026 SKT, KT, LG U+, 알뜰폰 통신비 할인카드 추천 BEST 5 (ft.월 최대 2만 5천원 할인)"
2235,2026 배스킨라빈스 할인 신용카드 혜택 총정리! 50% 멤버십 할인부터 무료 사이즈업까지 받는 꿀팁
2235,2022 상반기 카드타입차트 - 할인형 10위
2235,2022 1Q 카드타입차트 - 할인형 8위
2235,현대카드ZERO Edition2(할인형)
2236,GS25 기프티콘 최대 6천원 증정 · GS25 행사상품 할인
2236,"GS25 행사상품 현장 즉시 할인 및 추가 증정 행사
GS&POINT: GS리테일 이용 시 적립"
2237,"국내 이용금액 1,000원 당 1마일리지 적립 · 해외 이용금액 1,000원 당 2마일리지 적립 · 인천공항 라운지 무료서비스 제공"
2237,스카이패스 마일리지 적립 (지난달 실적 조건 확인)
2238,롯데월드 시설이용권 50% 할인 · 롯데월드 기념품샵 10% 할인 · 생활필수영역 7% 할인
2238,롯데월드 운영 시설 이용권 본인 및 동반 1인 50% 현장할인
2238,롯데월드 운영 시설 연간이용권 25% 현장할인
2238,"전월 이용금액 관계없이, 할인한도 없이 롯데월드 직영 기념품샵 10% 현장할인"
2238,전월 이용금액에 관계없이 롯데월드 운영 시설 기타 서비스 20%·50% 현장할인
2238,"생활 필수 영역 7% 결제일할인
(아파트 관리비, 온라인쇼핑몰, 주유, 배달앱, 신선식품 배송, 온라인서점)"
2238,"전월 이용금액에 관계없이, 할인한도 없이 국내 가맹점 0.5% 결제일할인"
2238,전월 이용금액에 관계없이 해외 1.5% 결제일할인
2238,"스트리밍 이용료 건별 5,000원 이상 정기결제 시 2,000원 결제일할인"
2238,2026 롯데월드 할인카드 추천 BEST 4 l 자유이용권 티켓 입장료 할인 받는 법 3가지
2240,위버스샵 4% 적립 · 하이브인사이트 50% 할인 · Gift서비스 연1회 제공
2240,적립
2240,Weverse Shop 이용금액의 4% Weverse Shop 캐시 추가 적립
2240,생활영역 이용금액의 10% Weverse Shop 캐시 적립
2240,"HYBE INSIGHT 내 매장 결제 시 50% 할인,
연 1회 Gift 서비스"
2241,카카오페이지 결제시 5% 캐시백 · 국내외가맹점 최대 0.5% 캐시백
2241,캐시백
2241,"카카오페이지에서 결제 시 5% 캐시백
국내외 온·오프라인 최대 0.5% 캐시백"
2242,GS칼텍스 이용금액 최대15% 할인 · Mobility업종 이용금액 5% 할인
2242,GS칼텍스 이용금액 최대 15% 할인 및 Mobility 업종 이용금액 5% 할인
2242,현대카드ZERO Edition2(할인형)
2243,GS리테일 2% 적립 · 일반가맹점 0.3% 적립 · 전월실적·적립한도 제한 없음
2243,GS리테일 점내 이용 시 GS&POINT 2% 적립
2243,그 외 모든 가맹점 이용 시 GS&POINT 0.3% 기본 적립
2244,위버스샵 2% 적립 · 생활영역 5% 적립 · 하이브인사이트 25% 할인
2244,적립
2244,Weverse Shop 이용금액의 2% Weverse Shop 캐시 추가 적립
2244,생활영역 이용금액의 5% Weverse Shop 캐시 적립
2244,HYBE INSIGHT 내 매장 결제 시 25% 할인
2245,위버스샵 2% 적립 · 생활영역 5% 적립 · 하이브인사이트 25% 할인
2245,적립
2245,Weverse Shop 이용금액의 2% Weverse Shop 캐시 추가 적립
2245,생활영역 이용금액의 5% Weverse Shop 캐시 적립
2245,HYBE INSIGHT 내 매장 결제 시 25% 할인
2246,위버스샵 2% 적립 · 생활영역 5% 적립 · 하이브인사이트 25% 할인
2246,적립
2246,Weverse Shop 이용금액의 2% Weverse Shop 캐시 추가 적립
2246,생활영역 이용금액의 5% Weverse Shop 캐시 적립
2246,HYBE INSIGHT 내 매장 결제 시 25% 할인
2247,위버스샵 2% 적립 · 생활영역 5% 적립 · 하이브인사이트 25% 할인
2247,적립
2247,Weverse Shop 이용금액의 2% Weverse Shop 캐시 추가 적립
2247,생활영역 이용금액의 5% Weverse Shop 캐시 적립
2247,HYBE INSIGHT 내 매장 결제 시 25% 할인
2248,위버스샵 4% 적립 · 하이브인사이트 50% 할인 · Gift서비스 연1회 제공
2248,적립
2248,Weverse Shop 이용금액의 4% Weverse Shop 캐시 추가 적립
2248,생활영역 이용금액의 10% Weverse Shop 캐시 적립
2248,"HYBE INSIGHT 내 매장 결제 시 50% 할인,
연 1회 Gift 서비스"
2249,위버스샵 4% 적립 · 하이브인사이트 50% 할인 · Gift서비스 연1회 제공
2249,적립
2249,Weverse Shop 이용금액의 4% Weverse Shop 캐시 추가 적립
2249,생활영역 이용금액의 10% Weverse Shop 캐시 적립
2249,"HYBE INSIGHT 내 매장 결제 시 50% 할인,
연 1회 Gift 서비스"
2250,위버스샵 4% 적립 · 하이브인사이트 50% 할인 · Gift서비스 연1회 제공
2250,적립
2250,Weverse Shop 이용금액의 4% Weverse Shop 캐시 추가 적립
2250,생활영역 이용금액의 10% Weverse Shop 캐시 적립
2250,"HYBE INSIGHT 내 매장 결제 시 50% 할인,
연 1회 Gift 서비스"
2251,오케이몰 최대 2만원 할인 · 커피전문점 5% 할인 · 편의점 5% 할인
2251,"스타벅스, 투썸플레이스, 이디야, 폴바셋 이용금액 5% 할인"
2251,"GS25, CU, 세븐일레븐, 이마트24 이용금액 5% 할인"
2252,NH1961카드 · NH농협카드 · 연회비 캐시백
2252,국내/해외 가맹점 0.7% 적립 · 언택트라이프영역 최대50% 적립 · 범농협판매장 0.8% 적립
2252,적립
2252,국내/해외 이용가맹점 0.7~0.9% NH포인트 적립
2252,적립
2252,언택트 라이프영역 10~50% NH포인트 적립
2252,"[반값카드] 네이버페이 4% 추가적립 받는 멤버십 반값 공략법, 쇼핑 멤버십 50% 카드"
2252,현대카드ZERO Edition2(할인형)
2252,zgm 할인카드
2253,비즈니스 최대 5% 할인 · 해외가맹점 최대 1.5% 할인 · 전가맹점 0.5% 할인
2253,"4대사회보험, 전기요금 5% 특별할인"
2253,"국내, 해외 이용가맹점 0.5% 기본할인"
2253,"주요 사업경비업종, 해외이용액 0.5%~1.0% 추가할인"
2253,zgm 할인카드
2254,비즈니스 최대5% 할인 · 커피 30% 할인 · 해외가맹점 최대2% 할인
2254,"4대사회보험, 전기요금 5% 특별할인"
2254,"스타벅스, 넷플릭스, 멜론 30% 특별할인"
2254,"국내, 해외 이용가맹점 0.5% 기본할인"
2254,"주요 사업경비업종, 해외이용액 0.5%~1.5% 추가할인"
2254,zgm 할인카드
2255,KB Pay 3회 이용시 1천포인트리 적립 · 매 주 포인트리 1천점 적립
2255,적립
2255,KB Pay 3회 이용하면 포인트리 1천점 적립
2255,적립
2255,매 주 포인트리 1천점 적립
2256,KB Pay 3회 이용시 1천포인트리 적립 · 매 주 포인트리 1천점 적립 · 이용 리워드 4천점 적립
2256,적립
2256,KB Pay 3회 이용하면 포인트리 1천점 적립
2256,적립
2256,매 주 포인트리 1천점 적립
2256,적립
2256,이용 리워드 4천점 적립
2256,현대카드ZERO Edition2(할인형)
2257,갤럭시 스토어 5% 적립 · 삼성닷컴 10% 적립 · 이동통신요금 10% 적립
2257,적립
2257,갤럭시 스토어 5% 삼성전자 포인트 적립
2257,적립
2257,삼성닷컴에서 10만원 이상 결제 시 10% 삼성전자 포인트 적립
2257,이동통신요금 정기결제 시 10% 삼성전자 포인트 적립
2257,배달앱·편의점·주유 5% 삼성전자 포인트 적립
2257,온라인 간편결제 1% 삼성전자 포인트 적립
2257,스트리밍 이용료 정기결제시 50% 삼성전자 포인트 적립
2258,7대 간편결제 5% 적립
2258,7개 간편결제(Pay)로 국내 거래시 5% 마이신한포인트 적립
2258,귀찮은 직장인이 어디서나 적립 받는 포인트 신용카드 추천 BEST 4
2258,삼성페이(삼성월렛) 온라인&오프라인 결제 할인 신용카드 추천 BEST 5
2258,2026 이마트 할인 신용카드 추천부터 이마트페이 사용법 및 SSG페이 신용카드 총정리
2259,바우처 최대 20만원 제공 · 공항라운지 무료 이용 · M포인트 최대 2% 적립
2259,[마일리지형] 대한항공 : 1천원당 1마일리지 적립
2259,적립
2259,"[M포인트형] 국내외 가맹점 1% 적립
월 200만원 이상 이용 시 2배, 월 100만원 이상 이용 시 1.5배 적립"
2259,현대카드ZERO Edition2(할인형)
2260,바우처 10만원 제공 · 공항라운지 무료 이용 · M포인트 최대 2% 적립
2260,적립
2260,기본적립/특별적립 최대 5% 적립
2260,적립
2260,"보너스 리워드
7만 M포인트 적립 또는 연회비 7만원 감면(택 1)"
2260,현대카드ZERO Edition2(할인형)
2261,국내외 가맹점 1.2% 할인 · 온라인 1.5% 할인
2261,"국내외 1.2% 결제일 할인
국내 가맹점 1.2%, 해외 이용금액 1.2%"
2261,온라인 1.5% 결제일 할인
2261,현대카드ZERO Edition2(할인형)
2262,음식점 60% 할인 · 배달앱 60% 할인 · 커피 60% 할인
2262,음식점 60% 결제일 할인
2262,"배달의 민족, 쿠팡이츠, 요기요 60% 결제일 할인"
2262,"스타벅스, 투썸플레이스, 할리스커피, 폴바셋 60% 결제일 할인"
2262,"쿠팡 로켓와우, 네이버플러스 멤버십 60% 결제일 할인"
2262,"2026 스타벅스 50% 이상 할인 신용카드 추천부터 기프티콘, 대학생, 통신사 할인 꿀팁까지 총정리!"
2262,"2026 넷플릭스 품은 네이버플러스 멤버십 총정리: 가격부터, 활용팁, 구독료 반값 할인 신용카드 추천까지"
2262,현대카드ZERO Edition2(할인형)
2263,주유소 60% 할인 · 영화 60% 할인 · 구독서비스 60% 할인
2263,"SK에너지, S-OIL, GS칼텍스, 현대오일뱅크 60% 결제일 할인"
2263,"롯데시네마, CGV, 메가박스 60% 결제일 할인"
2263,"넷플릭스, 왓챠, 유튜브, 멜론, 지니 60% 결제일 할인"
2263,"쿠팡 로켓와우, 네이버플러스 멤버십 60% 결제일 할인"
2263,2026 유튜브 프리미엄 할인 신용카드 추천 BEST 4 : 반값 할인부터 통신사 할인까지 받는 법
2263,"2026 넷플릭스 품은 네이버플러스 멤버십 총정리: 가격부터, 활용팁, 구독료 반값 할인 신용카드 추천까지"
2263,현대카드ZERO Edition2(할인형)
2264,온라인쇼핑 60% 할인 · 미용실 60% 할인 · 편의점 60% 할인
2264,"쿠팡, SSG.COM, 티몬 60% 결제일 할인"
2264,미용실 60% 결제일 할인
2264,"GS25, CU, 세븐일레븐 60% 결제일 할인"
2264,"쿠팡 로켓와우, 네이버플러스 멤버십 60% 결제일 할인"
2264,"2026 넷플릭스 품은 네이버플러스 멤버십 총정리: 가격부터, 활용팁, 구독료 반값 할인 신용카드 추천까지"
2264,"손흥민 토트넘 경기, 스포티비 NOW 이 카드면 가격 할인 받는다"
2264,현대카드ZERO Edition2(할인형)
2265,롯데홈쇼핑 7% 할인 · 롯데홈쇼핑 적립금 최대3.5% 적립 · 클럽롤라 서비스 무료 제공
2265,롯데홈쇼핑에서 7% 결제일 할인
2265,롯데홈쇼핑 적립금 최대 3.5% 적립
2267,국내/해외이용금액 0.1% 적립 · 교통/롯데더드림영역 1% 적립 · 롯데더드림영역 최대6% 추가적립
2267,적립
2267,[기본적립] 국내/해외 이용금액 0.1% 포인트 적립
2267,적립
2267,"[특별적립] 후불교통(버스/지하철) 및 택시, 롯데 더드림영역 이용금액 1% 포인트 적립"
2267,적립
2267,[추가적립] 특별적립 대상 롯데 더드림영역에서 L.PAY 결제시 최대 6% 추가 포인트 적립
2269,"일상 속 7가지 영역 월 최대 35,000원 캐시백 · 온라인 결제 7가지 영역 월 최대 14,000원 캐시백 · 국내 온·오프라인 어디서나 0.3% 캐시백"
2269,오프라인 캐시백
2269,토스뱅크 체크카드 스위치 캐시백 시즌 6 : 오프라인 캐시백 (기간
2269,온라인 캐시백
2269,토스뱅크 체크카드 스위치 캐시백 시즌 6 : 온라인 캐시백 (기간
2269,어디서나 캐시백
2269,토스뱅크 체크카드 스위치 캐시백 시즌 6 : 어디서나 캐시백 (기간
2269,기부 캐시백
2269,토스뱅크 체크카드 스위치 캐시백 시즌 6 : 기부 캐시백 (기간
2270,국제브랜드사 수수료 면제 서비스 · 해외 온라인가맹점 5% 캐시백 · 스트리밍 50% 할인
2270,"수수료 면제, 추가 캐시백 혜택"
2270,할인
2270,"실적 조건 없이 0.5%, 특정가맹점 최대 50% 결제일 할인"
2271,스타벅스 사이렌오더 50% 할인 · 배달어플 10% 할인 · 골프 7% 할인
2271,"[Social 서비스] 사회적인 나를 위한 소셜 라이프 서비스
이동통신, 대중교통, 카카오T, 골프, 편의점 7% 할인"
2271,"[Personal 서비스] 개인적인 나의 일상을 즐기기 위한 사적 서비스
배달어플 10% 할인, 주유소/운동/넷플릭스/유튜브 프리미엄 7% 할인"
2271,"[Always 서비스] 언제나 즐길 수 있는 데일리 서비스
스타벅스 사이렌오더 50% 할인, 온라인몰 7% 할인"
2271,"BC카드, 무직타이거를 담은 ‘최대 50% 할인’ 밸런스 카드 출시"
2271,현대카드ZERO Edition2(할인형)
2272,음원사이트 5% 적립 · 앱스토어 5% 적립 · 편의점 5% 적립
2272,적립
2272,음원/앱스토어/편의점 5% 리워드 적립에 쓸때마다 0.1% 적립
2277,"요기패스 구독료 9,900원 할인 · 넷플릭스, 웨이브 10% 할인 · 생활업종 5% 할인"
2277,"요기패스 멤버십 청구할인 9,900원
넷플릭스, 웨이브 청구할인 10%"
2277,생활업종 청구할인 5%
2277,2026  배달앱 쿠팡이츠 & 배달의민족 할인 신용카드 추천 BEST 6
2278,NS홈쇼핑 10% 할인 · 주유/편의점/생활잡화 5% 할인 · 생활요금자동납부 1천원 할인
2278,NS홈쇼핑 10% 결제일할인
2278,주유·커피전문점·제과점·편의점·생활잡화 5% 결제일할인
2278,"생활요금 정기결제 10,000원 이상 결제건별 1,000원 결제일할인"
2279,아울렛 10% 할인 · 할인점·슈퍼마켓·편의점 7% 할인 · 배달앱 10% 할인
2279,신세계사이먼 프리미엄 아울렛 10% 결제일할인
2279,할인점·슈퍼마켓·편의점 7% 결제일할인
2279,커피전문점·제과점 10% 결제일할인
2279,배달앱 10% 결제일할인
2279,"전월 이용금액에 관계없이, 할인한도 없이 온라인 간편결제 1% 결제일할인"
2279,전월 이용금액에 관계없이 해외 1.5% 결제일할인
2279,현대카드ZERO Edition2(할인형)
2280,매년 연간스페셜 10만MR 적립(100만원 상당) · 공항라운지/발레파킹 무료 이용 · 1천원당 최대 4.5MR 적립
2280,적립
2280,100만원 상당의 10만 멤버십 리워즈(MR) 매년 적립
2280,한도 제한 없는 기본적립/특별적립
2280,할인
2280,"호텔델리/레스토랑, 패밀리 레스토랑 할인 (아멕스 Be My Guest 서비스)"
2280,공항 Book Store 할인서비스
2280,"현대카드, 국내 최초 유효기간•적립한도 없는 프리미엄카드 ‘현대 아메리칸 익스프레스 카드’출시"
2281,"매년 연간스페셜 3만MR 적립(30만원 상당) · 공항라운지/발레파킹 무료 이용 · 1,000원당 최대 3MR 적립"
2281,적립
2281,30만원 상당의 3만 멤버십 리워즈(MR) 매년 적립
2281,한도 제한 없는 기본적립/특별적립
2281,할인
2281,"호텔델리/레스토랑, 패밀리 레스토랑 할인 (아멕스 Be My Guest 서비스)"
2281,공항 Book Store 할인서비스
2281,현대카드ZERO Edition2(할인형)
2282,"매년 연간스페셜 1만MR 적립(10만원상당) · 다이닝 연 최대 6만원 할인 · 1,500원당 최대 3MR 적립"
2282,적립
2282,최대 10만원 상당의 1만 멤버십 리워즈(MR) 매년 적립
2282,한도 제한 없는 기본적립/특별적립
2282,할인
2282,"호텔델리/레스토랑, 패밀리 레스토랑 할인 (아멕스 Be My Guest 서비스)"
2282,공항 Book Store 할인서비스
2282,"현대카드, 국내 최초 유효기간•적립한도 없는 프리미엄카드 ‘현대 아메리칸 익스프레스 카드’출시"
2282,현대카드ZERO Edition2(할인형)
2283,장기렌터카 렌탈료 최대 2만5천원 할인 · 주유 최대 100원/L 할인 · 전기차 충전 최대 50% 할인
2283,롯데렌터카 장기렌터카 대여료 자동납부 청구할인 최대 2만5천원
2283,주유(LPG 충전)/전기차 충전 청구할인 최대 8천원
2283,주차장 5천원 이상 결제 건당 1천원 할인
2283,후불 하이패스카드 이용금액 1천원 할인
2283,"[반값카드] 매월 3만원까지 전기차충전 반값 공략법, 전기차충전 50% 카드"
2283,"매달 25,000원 할인 받자! 우리카드 ‘롯데렌터카 신차장 EV+’ 출시!"
2284,국내외이용금액 0.3% 적립 · 대중교통 0.5% 적립 · 주유소/전기차충전 0.5% 할인
2284,적립
2284,국내·외 이용금액의 0.3% 적립
2284,"대중교통(버스, 지하철) 이용금액의 0.5% 적립"
2284,"전 주유소 주유금액의 0.5% 청구할인
전기차 충전 시 충전금액의 0.5% 청구할인"
2285,편의점 1천원 캐시백 · 베이커리/패스트푸드 1천원 캐시백 · 대중교통 2천원 캐시백
2285,"CU, GS25, 세븐일레븐, 이마트24, 올리브영 건당 1만원 이상 결제 시, 1천원 캐시백"
2285,"교보문고, 영풍문고, 반디앤루니스 건당 1만원 이상 결제 시, 1천원 캐시백"
2285,"뚜레쥬르, 파리바게트, 버거킹, 맥도날드, 롯데리아 건당 1만원 이상 결제 시, 1천원 캐시백"
2285,"버스, 지하철, 후불교통 이용금액 월 합산 2만원 이상 결제 시, 2천원 캐시백"
2285,"YBM시사(토익 응시료 포함), 해커스어학원 건당 2만원 이상 결제 시, 2천원 캐시백"
2286,국내가맹점 0.5% 적립 · 쇼핑/교통/생활영역 2% 적립 · 주유/충전 60원/L 적립
2286,적립
2286,[BASIC] 국내 가맹점 0.5% 무제한 적립
2286,적립
2286,[LIFE-STYLE] S.T.Y.L.E 가맹점에서 이용한 일시불+할부 이용금액에 대해 2.0% 적립
2286,적립
2286,[UNIQ LIFE-STYLE] S.T.Y.L.E 중 가장 많이 이용한 영역 한번 더 적립
2286,"[PLUS] S-OIL, 현대오일뱅크 주유 및 충전시 리터(ℓ)당 60점 적립"
2286,"단종된 알짜카드를 대체하라, 2026  포인트 적립 신용카드 추천 BEST 5"
2287,온라인쇼핑 10% 할인 · 배달앱 10% 할인 · 모든가맹점 1% 적립
2287,[MX Black Zone] Shopping Zone 10% 청구 할인
2287,[MX Black Zone] Food & Drink Zone 10% 청구 할인
2287,[MX Black Zone] Mobility Zone 10% 청구 할인
2287,MX Black Zone 할인서비스 제공 기준
2287,적립
2287,"모든 가맹점에서 1% M포인트 적립
신차 구매 시 2% M포인트 적립, 주유 시 리터당 80 M포인트 적립"
2287,"M포인트 적립과 할인, 그리고 프리미엄혜택을 합친 ‘현대카드 MX Black’ 출시"
2287,현대카드ZERO Edition2(할인형)
2288,신세계백화점 5% 할인 · 간편결제 5% 할인 · 커피/제과/택시 20% 할인
2288,"신세계백화점, 신세계 아카데미, 시코르닷컴 5% 할인"
2288,"SSG페이, 하나원큐페이, 카카오페이 5% 할인"
2288,커피/제과/택시 20% 할인(1만원 이상 결제 건)
2288,놀이공원/워터파크 30% 할인
2288,프로야구/프로축구 30% 할인
2288,공연/뮤지컬 티켓 할인 신용·체크카드 추천 BEST 5ㅣ2026 문화가 있는 날 영화 예매 및 혜택 정리
2289,전기차 충전요금 50%·70% 할인 · 주차장·하이패스·대리운전 10% 할인 · 자동차보험 3만원 할인
2289,전기차 충전요금 50%·70% 결제일할인
2289,주차장·하이패스·대리운전 10% 결제일 할인
2289,"현대해상 다이렉트 자동차보험 보험료 30만원 이상 결제 시 30,000원 결제일할인"
2289,배달앱 10% 결제일할인
2289,스트리밍 이용료 정기결제 시 20% 결제일할인
2289,"전월 이용금액에 관계없이, 할인한도 없이 해외 1% 결제일할인"
2289,미래지향적 라이프스타일-친환경 소재(Recycling-PVC)를 50% 이상 사용한 삼성 iD EV 카드
2289,"[반값카드] 매월 3만원까지 전기차충전 반값 공략법, 전기차충전 50% 카드"
2289,신용카드로 자동차보험료 내는 꿀팁 & 자동차보험 할인 신용카드 추천┃2026년 기준
2290,주유 1만원 할인 · 스타벅스 드라이브 스루 30% 할인 · 고속도로 통행료 10% 할인
2290,"주유 10,000원 결제일할인"
2290,대중교통·택시·전기차 충전요금 10% 결제일할인
2290,주차장·대리운전 10% 결제일할인
2290,고속도로 통행료 10% 결제일할인
2290,스타벅스 드라이브 스루 30% 결제일할인
2290,"엔진오일(오일필터/에어클리너 포함) 교환 시 2만원 현장할인(연 2회)
차량 안전점검/타이어 펑크 수리/타이어 위치 교환 무료(연1회)"
2290,미래지향적 라이프스타일-친환경 소재(Recycling-PVC)를 50% 이상 사용한 삼성 iD ENERGY 카드
2290,"삼성 iD ENERGY 카드, 연 최대 36만원 주유 할인 받는 신용카드"
2290,혜택 좋은 주유할인카드 21종 전격 비교 추천! (주유비 할인카드 혜택 정리) _ 2026년 기준 업데이트
2291,"연간 기프트 15,000P 제공 · 메리어트 본보이™ 포인트 최대4P 적립 · 메리어트 본보이™ 멤버십 엘리트 제공"
2291,적립
2291,적립
2291,이용 금액에 따른 메리어트 본보이™ 포인트 적립(최대 4포인트)
2291,적립
2291,연회비 주기 내 이용 실적에 따른 메리어트 본보이™ 보너스 포인트 적립 (연회비 주기 내 5백만원 이상)
2291,"혜택의 범위를 좁혔더니, 할인은 더 커진 신용카드 추천 (ft.스타벅스, 메리어트 본보이, 트래블월렛)"
2291,2026 5성급 호텔 5만원 이상 할인 받는 호텔 할인 카드 추천 & 꿀팁 대공개
2291,현대카드ZERO Edition2(할인형)
2292,모든가맹점 0.7% 할인 · 사업성경비 1.5% 할인 · 대형마트/슈퍼마켓 1.5% 할인
2292,사업성 경비 영역에서 이용 시 1.5% 할인
2292,모든 가맹점에서 이용 시 0.7% 할인
2293,모든가맹점 0.7% 할인 · 사업성경비 1.5% 할인 · 통신요금 1.5% 할인
2293,사업성 경비 영역에서 이용 시 1.5% 할인
2293,모든 가맹점에서 이용 시 0.7% 할인
2293,현대카드ZERO Edition2(할인형)
2294,모든가맹점 0.7% 할인 · 사업성경비 1.5% 할인 · 온라인쇼핑 1.5% 할인
2294,사업성 경비 영역에서 이용 시 1.5% 할인
2294,모든 가맹점에서 이용 시 0.7% 할인
2294,현대카드ZERO Edition2(할인형)
2296,멤버십 구독 서비스 100% 할인 · 온라인 간편결제 10% 할인 · 편의점 5% 할인
2296,"멤버십(네이버플러스 멤버십, 쿠팡 로켓와우, 마켓컬리 컬리패스, 스마일클럽, 요기요 요기패스) 100% 할인"
2296,온라인 간편결제 10% 청구할인
2296,편의점 5% 청구할인
2296,대중교통 5% 청구할인
2296,"[추천] ""디즈니플러스, 넷플릭스 구독료 공짜?"" OTT·멤버십 100% 할인카드 BEST3"
2296,"[반값카드] 네이버페이 4% 추가적립 받는 멤버십 반값 공략법, 쇼핑 멤버십 50% 카드"
2297,패션 플랫폼 50% 할인 · 온라인 간편결제 10% 할인 · 편의점 5% 할인
2297,"패션플랫폼(지그재그, 무신사, 브랜디, 에이블리) 50% 청구할인"
2297,온라인 간편결제 10% 청구할인
2297,편의점 5% 청구할인
2297,대중교통 5% 청구할인
2297,"[반값카드] 어린이날 · 어버이날 · 스승의날 선물 반값 공략법, 온라인 쇼핑50% 카드"
2298,OTT플랫폼 100% 할인 · 온라인 간편결제 10% 할인 · 편의점 5% 할인
2298,OTT 플랫폼 100% 청구할인
2298,온라인 간편결제 10% 청구할인
2298,편의점 5% 청구할인
2298,대중교통 5% 청구할인
2298,"[추천] ""디즈니플러스, 넷플릭스 구독료 공짜?"" OTT·멤버십 100% 할인카드 BEST3"
2298,공연/뮤지컬 티켓 할인 신용·체크카드 추천 BEST 5ㅣ2026 문화가 있는 날 영화 예매 및 혜택 정리
2298,현대카드ZERO Edition2(할인형)
2299,배달앱 50% 할인 · 온라인 간편결제 10% 할인 · 편의점 5% 할인
2299,"배달앱(배달의민족, 요기요, 쿠팡이츠, 마켓컬리) 50% 청구할인"
2299,온라인 간편결제 10% 청구할인
2299,편의점 5% 청구할인
2299,대중교통 5% 청구할인
2299,"에디터가 뽑은 2023 KB국민카드 TOP5│월 8만원 할인, 단종되지 않게 해주세요(제발)"
2299,"[반값카드] 3만원 치킨 반값 공략법, 배달앱 50% 카드"
2299,2022 3Q 카드타입차트 - 할인형 7위
2299,현대카드ZERO Edition2(할인형)
2300,EV충전 20% 하나머니 적립 · 쇼핑/패션/명품 5% 하나머니 적립 · 페이결제 최대 1.5% 하나머니 적립
2300,국내외 전 가맹점 0.5% 하나머니 적립
2300,"페이결제 건 1% 하나머니 적립
페이결제 추가 하나머니 적립 0.5%"
2300,"백화점, 홈쇼핑, 마트 5% 하나머니 적립"
2300,"패션, 명품 5% 하나머니 적립"
2300,"주유 5% 하나머니 적립
EV충전 20% 하나머니 적립"
2300,"학원, 헬스장 / 수영장 5% 하나머니 적립"
2300,골프장 / 골프연습장 / 스크린골프 / 카카오골프 10% 하나머니 적립
2300,"숙박, 고속철도, 항공 10% 하나머니 적립"
2300,"병원, 동물병원 10% 하나머니 적립"
2300,"전월실적 없는 신용카드부터 프리미엄 카드까지, 2026  포인트 적립 신용카드 추천 로드맵"
2300,“홍콩 무료항공권 이렇게 구하세요!” 항공권 할인카드 vs 마일리지 카드 고민이라면
2300,"유니마일vs멤버십 포인트, 저가항공(LCC) 항공권 결제할 때 무엇이 이득일까? (ft.저가항공권 할인카드)"
2301,원스토어 2% 할인 · PC게임방 5% 할인 · 배달앱 5% 할인
2301,ONEstore(원스토어) 2% 할인
2301,PC게임방 5% 할인
2301,"배달의 민족, 요기요, 쿠팡이츠 5% 할인"
2302,"우주패스 구독료 최대9,900원 캐시백 · 할인점/온라인쇼핑 최대5% 적립 · 생활친화업종 최대10% 적립"
2302,"우주패스 구독료 캐시백 서비스
최대 9,900원 캐시백"
2302,"할인점, 온라인쇼핑 이용 시 5% 적립
생활친화업종 이용 시 10% 적립"
2302,"천만명을 위한 할인! 쿠팡부터 네이버플러스, 스마일클럽까지 쇼핑 멤버십 할인카드 추천"
2302,"손흥민 토트넘 경기, 스포티비 NOW 이 카드면 가격 할인 받는다"
2302,현대카드ZERO Edition2(할인형)
2303,MZ라이프팩 최대 4만 포인트 적립 · 어디서나적립팩 최대 0.4% 적립
2303,"[MZ 라이프팩] 최대 40,000P 적립
(2023.7.1~2023.12.31)"
2303,적립
2303,"[어디서나 적립팩] 국내 모든 가맹점에서 최대 0.4% 적립
(2023.7.1 ~ 2023.12.31)"
2304,"국내외가맹점 결제금액 1천원미만 기본적립 · 추가적립업종 건당 최대 1,600P 추가적립 · 환전수수료 면제 서비스"
2304,적립
2304,"[기본 적립서비스]
국내외가맹점 5천원 이상 결제 시 1천원 미만 금액 마이신한포인트 적립"
2304,적립
2304,"[추가 적립서비스]
요식업종 / 배달앱 / 온라인마켓 이용건별 마이신한포인트 정액 적립(신한pLay앱을 통한 결제 시 건당 100포인트 추가 적립)"
2304,"[적립포인트 투자 서비스]
신한은행 달러 예금 계좌 혜택: 마이신한포인트 외화체인지업 계좌 입금 시 환전수수료 면제(USD 계좌에 한함)"
2304,“나만 빼고 다하는 짠테크?” 포인트&캐시백으로 투자하는 신용/체크카드 활용법
2304,현대카드ZERO Edition2(할인형)
2305,별다줄카드 · NH농협카드 · 연회비 캐시백
2305,쇼핑 최대 14% 할인 · 통신 5% 할인 · 커피 5% 할인
2305,[기본할인] 국내 온라인 전 가맹점 7% 청구할인
2305,할인
2305,"[더블할인] FLEX, RE-SELL, FUN 가맹점 14% 청구할인"
2305,[생활할인] 6대 생활업종 5% 청구 할인
2305,전국 주요 놀이공원 현장할인 최대 50%
2305,"2026 넷플릭스 품은 네이버플러스 멤버십 총정리: 가격부터, 활용팁, 구독료 반값 할인 신용카드 추천까지"
2305,2026 오늘의집 할인 최대한 받는 꿀팁 3가지 & 자취 신용카드 추천 BEST 4
2305,현대카드ZERO Edition2(할인형)
2305,zgm 할인카드
2306,L.POINT 최대 2% 적립 · 클럽롤라 서비스 무료 제공
2306,적립
2306,L.POINT 최대 2% 적립
2307,L.POINT 0.2% 적립 · 클럽롤라 서비스 무료 제공 · SK주유소 50P/L 적립
2307,적립
2307,전국 가맹점에서 롯데카드 제공 L.POINT 0.2% 적립
2307,SK주유소(LPG 제외)에서 리터당 50포인트 SK주유포인트 적립
2308,로스트아크 크리스탈 10% 할인 · 국내온라인가맹점 1.5% 할인 · 국내외가맹점 0.5% 할인
2308,[로스트아크 모험가 전용 혜택] 로스트아크 모험가를 위한 로열 크리스탈 10% 청구할인
2308,할인
2308,"[기본 혜택] 전월실적 조건 없이 국내외 가맹점 0.5%, 국내 온라인 가맹점 1.5% 청구할인"
2308,현대카드ZERO Edition2(할인형)
2309,카카오 구독ON 최대 1만원 할인 · 카카오 My구독 50% 청구할인 · 음원/영상 구독 10% 청구할인
2309,카카오 구독ON 1만원 청구할인
2309,카카오 MY구독 카카오 이모티콘 플러스/ 톡서랍 플러스 50% 청구할인
2309,"넷플릭스, 유튜브 프리미엄, 웨이브, 티빙, 멜론 구독 10% 청구할인"
2310,최대 1% 무한적립 · 매월 건당 최대 10% 적립 · 매월 건당 최대 20% 할인
2310,적립
2310,전월 실적 / 연회비 없이 온라인 1% · 오프라인 최대 1% 적립
2310,적립
2310,매월 바뀌는 브랜드에서 건당 최대 10% 적립
2310,할인
2310,매월 바뀌는 브랜드에서 건당 최대 20% 할인
2311,1만원 이상 결제시 럭키권 2장 발급 · 커피빈 15% 할인 · 편의점 10% 캐시백
2311,커피빈 15% 할인
2311,"GS25, 세븐일레븐 10% 캐시백"
2311,단골 매장 3% 캐시백
2312,1만원이상 결제시 럭키권 1장 발급 · 커피빈 15% 할인 · 편의점 10% 캐시백
2312,커피빈 15% 할인
2312,"GS25, 세븐일레븐 10% 캐시백"
2312,단골 매장 3% 캐시백
2313,30% 소득공제
2315,무조건 0.3% 캐시백 · 해외 결제 수수료 무료 혜택 · 해외ATM 수수료 무료 혜택
2315,무조건 0.3% 캐시백 제공
2316,대중교통 2% 캐시백
2316,대중교통 2% 캐시백
2316,현대카드ZERO Edition2(할인형)
2317,월 최대 10만원 캐시백
2317,캐시백
2317,현대카드ZERO Edition2(할인형)
2318,이용실적에 따라 최대1% 적립 · 연말정산 30% 공제
2318,적립
2318,이용 실적에 따라 최대 1% 적립
2319,해외 179개국 이용가능 · 소득공제 30% 혜택
2319,30% 소득공제 혜택 제공
2320,주요 통화 무료 환전수수료 · 해외결제 0% 수수료 · 충전가능외화 31개 선충전
2320,"원하는 시점, 원하는 환율에 외화 충전 / 환전
주요 통화는 환전 수수료 무료, 기타 통화는 환전 수수료 0.5% ~ 2.5%로 국내 최저"
2321,"온라인/오프라인 각각 1%/0.5% 적립 · 편의점, 커피, 외식 최대 7.5% 적립 · KFC, 할리스 10% 즉시할인"
2321,온라인 1% / 오프라인 0.5% 무제한 적립
2321,모빌마켓 이용 시 2% 무제한 적립
2321,"CU, GS25, 이마트24 2% 적립"
2321,카페/베이커리 브랜드 최대 7.5% 적립
2321,대형마트/쇼핑/여가 브랜드 최대 7.5% 적립
2321,외식 브랜드 최대 6.5% 적립
2321,"KFC, 할리스 10% 즉시할인"
2321,KG모바일 알뜰폰 결합 시 4.5% 혜택
2321,"다양한 충전수단, 30% 소득공제"
2321,"페이북 및 간편결제 가능, 마이태그 캐시백 혜택 적용"
2321,토스도 내놓은 알뜰폰 요금제! 알뜰폰 통신비 할인카드 모아볼까?
2322,교통기능 사용 가능 · 소득공제 30% 혜택 · 온라인 쇼핑몰 이용 가능
2322,30% 소득공제 혜택
2323,교통기능 사용 가능 · 소득공제 30% 혜택
2323,30% 소득공제 혜택 제공
2324,사업 필수 경비 1.5% 할인 · 국내 가맹점 0.5% 할인 · 사업 운영 지원 3% 할인
2324,"4대 사회보험, 도시가스요금, 전기요금, 할인점, 온라인쇼핑몰, 식자재몰, 해외 1.5% 결제 할인"
2324,국내 가맹점 0.5% 결제일할인
2324,주유·전기차 충전요금·이동통신·인터넷/유선통신·렌탈·보안·방역 3% 결제일할인
2325,프레딧 10% 청구할인 · 커피/베이커리 10% 청구할인 · 국내 외 전 가맹점 0.5% 청구할인
2325,프레딧 10% 청구 할인
2325,"스타벅스, 파리바게뜨, 뚜레쥬르 10% 청구 할인"
2325,"네이버페이, 카카오페이에 카드 등록 및 결제 건 3% 청구 할인"
2325,"SKT, KT, LG U+ 통신요금 자동이체 5% 청구 할인"
2325,국내외 전 가맹점 0.5% 청구 할인
2326,해피포인트 최대 35% 적립 · 생활영역 5% 적립 · 구독서비스 10% 적립
2326,해피포인트 가맹점 이용시 해피포인트 최대 35% 적립
2326,"학원, 골프/골프연습장, 약국, 미용실 5% 적립"
2326,"넷플릭스, 웨이브, 멜론, 지니 10% 해피포인트 적립"
2327,"국내·외 가맹점 1,000원당 1마일 기본적립 · 해외이용 1,000원당 2마일 적립 · 면세점 1,000원당 2마일 적립"
2327,[대한항공 마일리지]국내 및 해외 가맹점 대한항공 1마일 기본 적립
2327,"[대한항공 마일리지]해외 이용(직구, 온라인 포함) 대한항공 1마일 추가 적립"
2327,[대한항공 마일리지]면세점 업종 1마일 대한항공 추가 적립
2329,조건에 따라 최대 0.6% 적립
2329,전월 실적 없이 최대 0.6% 무제한 캐시백
2329,“나만 빼고 다하는 짠테크?” 포인트&캐시백으로 투자하는 신용/체크카드 활용법
2330,"아파트관리비, 공과금 10% 할인 · 교통, 통신, 배달앱 10% 할인 · 스트리밍 1,500원 할인"
2330,[생활업종]아파트관리비 10% 할인
2330,"[생활업종]공과금(도시가스비, 전기료) 10% 할인"
2330,[생활업종]대중교통 10% 할인
2330,"[생활업종]SKT, KT, LG U+ 10% 할인"
2330,"[생활업종]배달의 민족, 요기요, 쿠팡이츠 10% 할인"
2330,"[생활업종]생명보험, 손해보험 10% 할인"
2330,[생활업종]학습지 10% 할인
2330,"[생활업종]넷플릭스, 유튜브, 왓챠, 멜론, 지니뮤직, 디즈니 플러스 1,500원 할인"
2330,"LOCA 365 카드, 공과금 할인에 집중한 생활비 할인카드"
2330,"아파트관리비 실적 인정 카드만 모았다, 2026 아파트관리비 할인카드 추천 BEST 4"
2330,"혜택 좋은 인기 생활비 할인카드만 모았다, 30대 직장인 신용카드 추천 로드맵 (26년 Ver.)"
2331,땡겨요앱 이용시 10% 포인트 적립 · 편의점 이용시 5% 포인트 적립
2331,땡겨요앱 이용금액 마이신한포인트 10% 적립
2331,편의점 이용금액 마이신한포인트 5% 적립
2332,"세탁소, 정육점 10% 할인 · 슈퍼마켓 5% 할인 · 번개장터 5% 할인"
2332,세탁소 10% 할인
2332,정육점 10% 할인
2332,슈퍼마켓 5% 할인
2332,반찬가게 5% 할인
2332,야채과일가게 5% 할인
2332,번개장터(번개페이) 5% 할인
2333,땡겨요 앱 10% 포인트 적립 · 스타벅스 2% 포인트 적립 · 편의점 2% 포인트 적립
2333,땡겨요 앱 이용금액 마이신한포인트 10% 적립
2333,스타벅스 이용금액 마이신한포인트 2% 적립
2333,편의점 이용금액 마이신한포인트 2% 적립
2334,전가맹점 0.2% 포인트 적립 · 주유소 0.2% 포인트 추가 적립 · 편의점 0.2% 포인트 추가 적립
2334,전가맹점 이용금액 마이신한포인트 0.2% 적립
2334,주유소 이용금액 마이신한포인트 0.2% 추가 적립
2334,편의점 이용금액 마이신한포인트 0.2% 추가 적립
2335,해피오더 결제 시 1천원 할인 · 해피마켓 결제 시 1천원 할인 · 해피가맹점 결제 시 1천원 할인
2335,"[Reward ON]
해피오더/해피마켓/해피페이 결제 시 1,000원 환급할인"
2335,"[Reward OFF]
해피가맹점(파리바게뜨, 던킨도너츠, 배스킨라빈스, 파스쿠찌) 결제 시 1,000원 환급할인"
2335,2026 배스킨라빈스 할인 신용카드 혜택 총정리! 50% 멤버십 할인부터 무료 사이즈업까지 받는 꿀팁
2336,대중교통 7% 청구할인 · 통신비 5% 청구할인 · 스포츠 5% 청구할인
2336,[교통 서비스]버스/지하철/택시/철도 7% 청구할인
2336,[교통 서비스] 공유모빌리티 7% 청구할인
2336,[교통 서비스] 전기차 충전 7% 청구할인
2336,[생활 서비스] 이동통신요금 5% 청구할인
2336,[생활 서비스] 오픈마켓/배달앱 5% 청구할인
2336,[생활 서비스] 스포츠/H&B매장 5% 청구할인
2336,zgm 할인카드
2338,대중교통 5% 적립 · 생활편의 2% 적립 · 해외 이용금액 1.3% 적립
2338,대중교통(버스/지하철) 이용 시 최대 5% 적립
2338,생활편의영역 이용 시 최대 2% 적립
2338,해외 이용금액에 대해 1.3% 적립
2339,Air Money 포인트 최대 2% 적립 · 바우처 서비스 연 1회 제공 · 전세계 공항라운지 무료 이용
2339,Air Money 포인트 최대 2% 적립
2339,[특별할인 Service] 커피점 10% 할인
2339,[특별할인 Service] 온라인 쇼핑 5% 할인
2339,[특별할인 Service] 대형마트 5% 할인
2339,[특별할인 Service] 백화점 5% 할인
2340,온라인 7% 청구할인 · 라이프 7% 청구할인
2340,"[온라인] 쿠팡, G마켓, 옥션 7% 청구할인"
2340,"[온라인] 로켓와우, 스마일클럽 멤버십 7% 청구할인"
2340,[라이프] H&B 스토어 7% 청구할인
2340,[라이프] 디지털구독 7% 청구할인
2340,[라이프] 편의점 7% 청구할인
2342,투썸플레이스 20% 캐시백 · OTT서비스 1천원 캐시백
2342,투썸플레이스 20% 캐시백
2342,OTT 1천원 캐시백
2343,간편결제 2% 적립 · 생활편의 2% 적립 · 해외 이용금액 1.3% 적립
2343,간편결제(Pay) 이용 시 최대 2% 적립
2343,생활편의영역 이용 시 최대 2% 적립
2343,해외 이용금액에 대해 1.3% 적립
2344,현대백화점 5% 할인 · 현대백화점 2시간 무료 주차 · 3개월 무이자 할부
2344,현대백화점 5% 할인
2345,현대백화점 5% 할인 · 현대백화점 2시간 무료 주차 · H.Point 20% 추가 적립
2345,현대백화점 5% 할인
2345,H.Point 20% 추가 적립
2345,"추석 장바구니 물가 비상! 명절 장보기 두려울 땐, 이 카드가 정답!(ft.대형마트, 백화점 할인카드)"
2346,점심식사/배달앱 7% 할인 · 온라인쇼핑 10% 할인 · 휴대폰요금/스트리밍 10% 할인
2346,[매일 할인] 점심 식사 7% 할인
2346,[매일 할인] 배달앱 7% 할인
2346,[매일 할인] 대중교통 7% 할인
2346,[라이프스타일 할인] 편의점 10% 할인
2346,[라이프스타일 할인] 온라인쇼핑 10% 할인
2346,[라이프스타일 할인] 뷰티 10% 할인
2346,[라이프스타일 할인] 통신 10% 할인
2346,[라이프스타일 할인] 스트리밍 10% 할인
2347,영화/구독서비스 30% 적립 · 쇼핑 5% 적립 · 주유소/핸드폰요금 5% 적립
2347,[2024 키워드 VALUE] ‘대중교통x주유 할인’ 인기 신용카드 TOP5
2347,"2026 KBO 야구 중계, 티빙 & OTT 구독료 할인카드로 단돈 500원에 보는 꿀팁"
2347,연 최대 120만원 캐시백! 2026  학원비 할인 신용카드 & 체크카드 추천 BEST 7
2347,현대카드ZERO Edition2(할인형)
2348,전 가맹점 0.7% 기본 할인 · 온라인쇼핑 6.3% 추가 할인 · 음식점 6.3% 추가 할인
2348,전 가맹점 0.7% 기본 할인
2348,[특별 할인] 온라인쇼핑/간편결제 6.3% 추가 할인
2348,[특별 할인] 음식점 6.3% 추가 할인
2348,[특별 할인] 교통/통신/스트리밍 6.3% 할인
2348,현대카드ZERO Edition2(할인형)
2349,스타벅스 50% 할인 · 온라인쇼핑몰 7% 할인 · 이동통신요금 10% 결제일 할인
2349,"[맞춤혜택] 옵션 서비스 1(Needs & Identity Option)
온라인패션·오늘의집 30% 할인 / 스타벅스 50%, 교보문고·스트리밍 30% 할인"
2349,"[맞춤혜택] 옵션 서비스 2(My Shopping Otion)
온라인쇼핑몰 / 편의점·다이소·올리브영 / 해외 7% 할인"
2349,이동통신요금·아파트 관리비 10% 결제일 할인
2349,대중교통·택시 10% 결제일 할인
2349,배달앱 10% 결제일 할인
2349,2026 오늘의집 할인 최대한 받는 꿀팁 3가지 & 자취 신용카드 추천 BEST 4
2349,2026 무신사 할인 신용카드 추천 & 골드 등급이 알려주는 무신사 꿀팁 3가지
2350,국내외 가맹점 0.8% 청구할인 · 생활 편의 업종 0.5% 추가 청구할인 · 실적 조건 없이 최대 5천원 할인
2350,[덤1] 국내외 가맹점 0.8% 청구할인
2350,[덤2] 생활 편의 업종 이용 시 0.5% 추가 청구할인
2350,[덤3] 국내 가맹점 3개월 이상 유이자 할부 또는 결제 금액 10만원 이상 사용 시 0.2% 추가 청구할인
2350,[덤+] 실적 조건 없이 매월 최대 5천원 할인
2351,6대 홈쇼핑 6% 할인 · 커피 20% 청구할인 · 소셜커머스 20% 청구할인
2351,6대 홈쇼핑 6% 할인 서비스
2351,[생활할인 서비스] 패밀리레스토랑 10% 청구할인
2351,[생활할인 서비스] 베이커리 20% 청구할인
2351,[생활할인 서비스] 커피 20% 청구할인
2351,[생활할인 서비스] 소셜커머스 20% 청구할인
2351,"[생활할인 서비스] 영화 3,000원 청구할인(현장/온라인 예매 포함)"
2351,회원 전용 서비스 할인 혜택
2352,GS가맹점 최대 3% GS&POINT 적립 · 국내 전 가맹점 0.7% GS&POINT 적립 · GS POP 서비스 제공
2352,GS가맹점 최대 3% GS&POINT 적립
2352,국내 전 가맹점 0.7% GS&POINT 적립
2353,"국내 전 가맹점 최대 1.8% 포인트 적립 · 해외 전 가맹점 3% 포인트적립 · 보너스포인트 20,000점 적립"
2353,국내 전 가맹점 1~1.8% 포인트적립
2353,해외 전 가맹점 3% 포인트적립
2353,적립
2353,"보너스 포인트 20,000점 적립"
2354,국내 가맹점 최대 0.8% 청구할인 · 배달앱 1.5% 청구할인 · 커피·스트리밍 5% 청구할인
2354,국내 가맹점 0.5%할인
2354,국내 가맹점 우리페이 결제시 0.3% 추가할인
2354,"[LIVING] 쿠팡, G마켓, 11번가 1.5% 할인"
2354,"[LIVING] 배달의민족, B마트, 쿠팡이츠 1.5% 할인"
2354,"[LIVING] 이마트, 롯데마트, 홈플러스 1.5% 할인"
2354,"[LIVING] 대중교통, 택시, 전기차, 주유 1.5% 할인"
2354,적립
2354,[UNIQ LIVING] 1.5% 한번 더 적립
2354,"[ENJOY] 넷플릭스, 유튜브 프리미엄, 멜론, 디즈니플러스 5% 할인"
2354,"[ENJOY] 스타벅스, 투썸플레이스, 폴바셋, 이디야, 커피빈, 탐앤탐스, 카페베네, 할리스, 엔제리너스 5% 할인"
2354,현대카드ZERO Edition2(할인형)
2355,레고랜드 10% 청구할인 · 배달앱 10% 청구할인 · 온라인쇼핑 5% 청구할인
2355,[레고랜드] 레고랜드 리조트 10% 청구할인
2355,[배달간식] 배달앱/커피/제과/패스트푸드 10% 청구할인
2355,[쇼핑교육] 대형마트/온라인쇼핑/소셜커머스/교육 5% 청구할인
2355,[KB Pay온라인쇼핑] KB Pay 온라인쇼핑 결제 5% 청구할인
2355,[해외이용] 해외 가맹점 이용 5% 캐시백
2356,레고랜드 5% 환급할인 · 스타벅스 20% 환급할인 · 대중교통 10% 환급할인
2356,레고랜드 코리아 5% 환급할인
2356,대중교통(버스/지하철) 10% 환급할인
2356,"SKT, KT, LGU+, LiivM 2,500원 환급할인"
2356,"멜론, 지니, 넷플릭스, 웨이브 5% 환급할인"
2356,스타벅스 20% 환급할인
2356,교보문고 5% 환급할인
2356,GS25 5% 환급할인
2357,레고랜드 30% 할인 · 레고/완구 10% 할인 · 연간 리워드 8만점 적립
2357,레고랜드 리조트 30% 청구할인
2357,레고/완구 구매 10% 청구할인
2357,백화점/대형마트 10% 청구할인
2357,배달앱 10% 청구할인
2357,구독서비스 20% 청구할인
2357,KB Pay 결제 10% 청구할인
2357,해외 가맹점 이용 10% 캐시백
2357,[리워드 서비스] 웰컴 레고랜드 포인트리 7만점 적립
2357,[리워드 서비스] 레고랜드 포인트리 8만점 적립
2358,"교육 10% 할인 · 아파트관리비 5,000원 할인 · 배달앱 5% 할인"
2358,교육 10% 결제일할인
2358,"아파트 관리비 5,000원 결제일할인"
2358,온라인쇼핑몰 멤버십 50% 결제일할인
2358,배달앱 5% 결제일 할인
2358,해외 1.5% 결제일 할인
2358,"직원이 뽑은 2024 메인 생활비 카드 TOP5ㅣ 고물가 시대, 고정비 할인이 답!"
2358,연 최대 120만원 캐시백! 2026  학원비 할인 신용카드 & 체크카드 추천 BEST 7
2358,2026  배달앱 쿠팡이츠 & 배달의민족 할인 신용카드 추천 BEST 6
2359,우대 주유소 25~85 포인트 적립 · 일반 가맹점 0.2% 포인트 적립 · 신차 구매 시 1.5% 포인트 적립
2359,현대오빌뱅크/SK에너지 우대 주유소 25~85 포인트 적립
2359,일반 가맹점 이용 시 0.2% 블루멤버스 포인트 적립
2359,현대자동차 신차 구매 시 1.5% 블루멤버스 포인트 적립
2360,테마파크 10% 할인 · 오프라인 쇼핑 5% 할인 · 온라인 쇼핑 5% 할인
2360,"[지역 특화 서비스]롯데월드 부산, 스카이라인루지 부산 10% 할인"
2360,[지역 특화 서비스] 롯데자이언츠 관람권 10% 할인
2360,[지역 특화 서비스] 오프라인 쇼핑 5% 할인
2360,[지역 특화 서비스] 온라인 쇼핑 5% 할인
2360,2026 KBO 프로야구 예매 필수! 구단별 야구 티켓 할인 신용카드 & 체크카드 추천
2361,국내외 최대 1% 캐시백 · 커피 50% 캐시백 · 대중교통 50% 캐시백
2361,모든 가맹점 0.5% 기본 캐시백
2361,"전월 실적 충족하면, 모든 가맹점 1% 특별캐시백"
2361,"[라이프 가맹점] 페이, 스트리밍, 배달 등 최대 50% 캐시백"
2361,"스타벅스/대중교통 50% 캐시백! 롯데카드, BTS 캐릭터 BT21를 담은 ‘케이뱅크 롯데카드’ 출시"
2361,현대카드ZERO Edition2(할인형)
2362,전월실적 없이 최대 1만원 페이북 머니 적립 · 페이북 결제시 1% 페이북 머니 적립 · 일반가맹점 결제시 0.2% 페이북 머니 적립
2362,[SUPER MONEY] 페이북 결제 시 1% 페이북 머니 적립
2362,적립
2362,[SPECIAL MONEY] 3대 카테고리 결제 시 0.5% 페이북 머니 적립
2362,[STANDARD MONEY] 일반 가맹점 결제 시 0.2% 페이북 머니 적립
2363,"wavve 월 이용권 7,900원 청구할인 · 식음료 10% 청구할인 · 멤버십 구독 20% 청구할인"
2363,"wavve 월 이용권 7,900원 청구할인"
2363,식음료 10% 청구할인
2363,멤버십 정기구독 20% 청구할인
2363,자기관리(미용/스포츠) 5% 청구할인
2364,대중교통·택시 10% 할인 · 이동통신 10% 할인 · 커피전문점 10% 할인
2364,대중교통·택시 10% 결제일할인
2364,이동통신·스트리밍 10% 결제일할인
2364,커피전문점·편의점 10% 결제일할인
2364,해외·항공·철도 1.5% 결제일 할인
2364,현대카드ZERO Edition2(할인형)
2365,"통신요금 자동이체 최대 15,000원 청구할인 · 렌탈요금 자동이체 최대 15,000원 청구할인 · 보험사 자동이체 최대 15,000원 청구할인"
2365,"[자동이체 청구할인] 통신요금 자동이체 최대 15,000원 청구할인"
2365,"[자동이체 청구할인] 렌탈요금 자동이체 최대 15,000원 청구할인"
2365,"[자동이체 청구할인] 손해/생명보험사 자동이체 최대 15,000원 청구할인"
2365,"[자동이체 청구할인] 기타 자동이체 가맹점 최대 15,000원 청구할인"
2366,SOHO 다사로이OIL카드 · NH농협카드 · 연회비 캐시백
2366,주유 5% 할인 · 비즈니스 0.5% 할인 · 카카오T대리 10% 할인
2366,"국내 주유소 및 LPG·수소차 충전소 5% 청구할인, 전기차 충전소 5% 청구할인"
2366,주요 사업경비업종 0.5% 청구할인
2366,카카오T대리 자동결제 10% 청구할인
2366,차량 구매액 1% 청구할인
2366,zgm 할인카드
2367,현대백화점/아울렛 5% 할인 · 해피포인트 가맹점 5% 적립 · 3개월 무이자 할부
2367,현대백화점/아울렛 5% 할인
2367,해피포인트 가맹점 5% 적립
2367,주말에 몰캉스 떠나볼까? 스타필드·백화점·아울렛 할인카드 BEST 7
2368,현대백화점/아울렛 5% 할인 · 현대오일뱅크 주유시 X2배 포인트 적립 · 3개월 무이자 할부
2368,현대백화점/아울렛 5% 할인
2368,현대오일뱅크 주유시 X2배 포인트 적립
2368,주말에 몰캉스 떠나볼까? 스타필드·백화점·아울렛 할인카드 BEST 7
2369,해피포인트가맹점 10% 적립 · 교통/학원/할인점업종 5% 적립 · 모든가맹점 최대 0.5% 적립
2369,해피포인트 가맹점에서 10% 해피포인트 적립
2369,"일상 가맹점, 업종에서 5% 해피포인트 적립"
2369,국내외 온·오프라인 가맹점에서 최대 0.5% 해피포인트 적립
2369,"해피포인트 멤버십 서비스
해피포인트 가맹점 이용 시 5% 현장적립"
2370,국내 가맹점 0.2% 적립 · DAILY 가맹점 1% 적립 · EAT 가맹점 1% 적립
2370,국내 가맹점 0.2% 적립
2370,"[DAILY] 해외, 쿠팡, 11번가, 이마트, 롯데마트 1% 적립"
2370,"[DAILY] 대중교통, 전기차충전, 주유 1% 적립"
2370,"[DAILY] (정기결제) 넷플릭스, 유튜브 프리미엄, 멜론, 디즈니플러스, 이동통신 1% 적립"
2370,[DAILY] UNIQ DAILY 0.5% 한번 더 적립
2370,"[EAT] 스타벅스, 투썸플레이스, 이디야 1% 적립"
2370,"[EAT] CU, 세븐일레븐, GS25 1% 적립"
2370,"[EAT] 배달의민족, 쿠팡이츠. 마켓컬리 1% 적립"
2370,토스도 내놓은 알뜰폰 요금제! 알뜰폰 통신비 할인카드 모아볼까?
2370,"우리카드, 적립 한도 없는 ‘NU Uniq Check’ 카드 출시"
2371,국내 이용금액 최대 0.9% 결제일 할인 · 해외 이용금액 0.5% 결제일 할인 · 매주 1회 할인 쿠폰 제공
2371,[Daily 결제일 할인] 국내 이용금액 최대 0.9% / 해외 이용금액 0.5% 결제일 할인
2371,[Weekly 할인 쿠폰] 매주 1회 국내 이용 할인 쿠폰 제공 (전월실적 40만원 이상)
2371,적립
2371,"[Monthly 단골 적립] My Pick 가맹점 월 3, 6, 9번째 이용 건에 대해 마이신한포인트 1,000원 적립
(전월실적 40만원 이상)"
2372,국내 이용금액 최대 0.3% 할인 · 해외 이용금액 0.2% 할인 · 매 월 2회 할인쿠폰 제공
2372,"[Daily 할인] 국내 이용금액 최대 0.3% 할인, 해외 이용금액 0.2% 할인"
2372,[Weekly 할인 쿠폰] 매월 2회 국내 이용 할인 쿠폰 제공
2372,적립
2372,"[Monthly 단골 적립] My Pick 가맹점 월 3, 6, 9번째 이용 건에 대해 마이신한포인트 1,000포인트 적립"
2373,간편결제 2% 적립 · 생활편의 2% 적립 · 해외 이용금액 1.3% 적립
2373,간편결제(Pay) 이용 시 최대 2% 적립
2373,생활편의영역 이용 시 최대 2% 적립
2373,해외 이용금액에 대해 1.3% 적립
2374,대중교통 5% 적립 · 생활편의 2% 적립 · 해외 이용금액 1.3% 적립
2374,대중교통(버스/지하철) 이용 시 최대 5% 적립
2374,생활편의영역 이용 시 최대 2% 적립
2374,해외 이용금액에 대해 1.3% 적립
2376,삼성 iD SIMPLE 카드 · 삼성카드 · 온라인 신규회원 연회비 100% 캐시백
2376,"국내 외 가맹점 0.7%·1% 할인 · 온라인쇼핑몰 멤버십 50% 할인 · 영화 3,000원 할인"
2376,국내외 가맹점 0.7% 할인
2376,국내외 가맹점 1% 할인
2376,"온라인쇼핑몰 멤버십 50% 할인
전월 이용금액 30만원 이상 시 제공"
2376,"영화 3,000원 할인
전월 이용금액 30만원 이상 시 제공"
2376,"2026 넷플릭스 품은 네이버플러스 멤버십 총정리: 가격부터, 활용팁, 구독료 반값 할인 신용카드 추천까지"
2377,"국내가맹점 0.5% 적립 · KB Pay 5% 적립 · 연간 리워드 12,000점 적립"
2377,적립
2377,국내가맹점 0.5% 적립
2377,KB Pay 5% 적립
2377,적립
2377,연간 리워드 적립
2377,"에디터가 뽑은 2023 KB국민카드 TOP5│월 8만원 할인, 단종되지 않게 해주세요(제발)"
2377,현대카드ZERO Edition2(할인형)
2378,온라인쇼핑/대형마트 10% 적립 · 이동통신요금 10% 적립 · 식품/배달업체 10% 적립
2378,"A팩: 온라인쇼핑, 대형마트, 렌탈/이동통신요금 10% 적립
B팩: 학원/서점 업종, 식품/배달 업체, 슈퍼마켓, 제과/아이스크림업종 10% 적립"
2378,KB Pay 5% 적립
2379,간편결제 2% 적립 · 생활편의 2% 적립 · 해외 이용금액 1.3% 적립
2379,간편결제(Pay) 이용 시 최대 2% 적립
2379,생활편의영역 이용 시 최대 2% 적립
2379,해외 이용금액에 대해 1.3% 적립
2380,쇼핑 5% 할인 · 교통 4% 할인 · 온라인몰 7% 할인
2380,[쇼핑] 신세계백화점·이마트 등 5% 할인
2380,[교통] 주유소·전기차·대중교통·택시 4% 할인
2380,[온라인몰] SSG·쿠팡·G마켓·옥션·11번가 7% 할인
2380,[생활] 병원·약국·통신3사휴대폰요금 5% 할인
2380,[커피/외식] 스타벅스·이디야·아웃백 등 10% 할인
2380,신세계백화점도 할인이 되나요? 어떤 카드는 멋이 된다
2381,"아시아나 1,000원당 최대 2.0마일 적립 · 신세계백화점 제휴 서비스 제공 · Visa Platinum 서비스 제공"
2381,Asiana Club 마일리지 적립 서비스
2381,신세계백화점도 할인이 되나요? 어떤 카드는 멋이 된다
2382,페이북머니 최대 1.5% 기본 적립 · 페이북머니 최대 30% 특별 적립 · 국내 전 가맹점 2~3개월 무이자 할부
2382,페이북머니 최대 1.5% 기본 적립
2382,적립
2382,페이북머니 최대 30% 특별 적립
2382,신세계백화점도 할인이 되나요? 어떤 카드는 멋이 된다
2383,신세계백화점 7% 할인 · 간편결제 7% 할인 · 카페 7% 할인
2383,[FLEX] 신세계백화점·W concept 등 7% 할인
2383,[PAY] 네이버페이·카카오페이 등 7% 할인
2383,[HEALTH&BEAUTY] 운동·골프·병원·약국·이/미용원 7% 할인
2383,[YUMMY] 카페·편의점·제과점 7% 할인
2383,[DAILY] 통신3사휴대폰요금·대중교통 등 7% 할인
2383,신세계백화점도 할인이 되나요? 어떤 카드는 멋이 된다
2384,점심식사 5% 할인 · 신세계백화점 7% 할인 · 신세계백화점 제휴 서비스 제공
2384,[매일할인] 점심식사·배달앱·대중교통 5% 할인
2384,[라이프스타일 할인] 신세계·온라인쇼핑·뷰티·통신 등 7% 할인
2384,신세계백화점도 할인이 되나요? 어떤 카드는 멋이 된다
2385,국내외 가맹점 0.5% L.POINT 적립 · 스트리밍 30% 할인 · 커피 50% 할인
2385,국내외 가맹점 L.POINT 0.5% 적립
2385,스트리밍·커피 결제일 할인
2385,롯데면세점 5~15% 현장할인
2386,"버스, 지하철 30% 할인 · 고속버스, 택시 20% 할인 · K-패스 20%~53% 환급"
2386,"[교통서비스 할인(모바일티머니)]
대중교통(버스, 지하철) 30% 결제일 할인"
2386,"[교통서비스 할인(티머니GO)]
고속/시외 버스, 따릉이, 킥보드, 택시 20% 결제일 할인"
2386,"[생활서비스 할인]
4대 백화점 5% 결제일 할인"
2386,"[생활서비스 할인]
5대 편의점 5% 결제일 할인"
2386,"[생활서비스 할인]
이동통신요금 자동이체 5% 결제일 할인"
2386,"[생활서비스 할인]
커피전문점 5% 결제일 할인"
2386,에디터가 비교해서 추천하는 K-패스 신용카드 BEST 4 혜택 정리 │ 2026 교통할인카드 추천
2388,국내외 가맹점 최대 3% 포인트 적립 · 넥슨 현대카드 포인트 연간 6만 바우처 제공 · PC방 결제 시 최대 3천원 청구 할인
2388,전월 이용금액에 따라 국내외 가맹점 이용금액 최대 3% 넥슨 현대카드 포인트 적립
2388,생활 편의 영역 6대 업종 결제 시 연간 통합 6만원 청구 할인
2388,PC방 이용 시 최대 3천원 청구 할인
2388,넥슨컴퓨터박물관 메가티켓 2장 결제금액 청구 할인
2388,현대카드ZERO Edition2(할인형)
2389,국내외 가맹점 0.5% 포인트 적립 · 국내외 가맹점 1.5% 포인트 추가 적립
2389,제한 없이 기본 0.5% 적립
2389,이용금액 30만원 이상 시 1.5% 추가 적립
2389,현대카드ZERO Edition2(할인형)
2390,국내외 가맹점 0.5% 포인트 적립
2390,월 이용금액 50만원 한도까지 실적 조건 없이 0.5% 넥슨 현대카드 포인트 적립
2392,CJ온스타일 7% 할인 · 올리브영 10% 할인 · 뚜레쥬르 10% 할인
2392,CJ온스타일 7% 결제일 할인
2392,올리브영 10% 결제일할인
2392,뚜레쥬르 10% 결제일할인
2392,VIPS 20% 결제일할인
2392,"CGV 4,000원·8,000원 결제일할인"
2392,티빙 30% 결제일할인
2392,배달앱 5% 결제일할인
2392,편의점 5% 결제일할인
2392,이동통신요금 5% 결제일할인
2393,SSG.COM 7% 적립 · 모든 가맹점 0.5% 적립 · 스마일클럽 정기결제 금액지원
2393,SSG.COM 결제 시 SSG MONEY 7% 적립
2393,SSG.COM 외 가맹점 결제 시 SSG MONEY 0.5% 적립
2393,2026 KBO 프로야구 예매 필수! 구단별 야구 티켓 할인 신용카드 & 체크카드 추천
2393,현대카드ZERO Edition2(할인형)
2394,해외 가맹점 이용 수수료 면제 · 해외 ATM 인출 수수료 면제 · 국내가맹점 0.3% 적립
2394,적립
2394,국내 가맹점 이용 시 0.3% 적립
2396,"국내 가맹점 1~2.3% 적립 · 해외, 면세점 2% 적립 · 전세계 공항라운지 연 20회 무료이용"
2396,적립
2396,국내 가맹점 1~2.3% 포인트 적립
2396,"해외, 면세점 2% 포인트 적립"
2396,[프리미엄 기프트] 프리미엄여행 할인권 20만원 제공
2396,적립
2396,"[보너스 리워드] 보너스 포인트 100,000점 적립"
2396,[추천] 월 300-500만원 이상 쓰는 직장인 & 개인사업자를 위한 포인트 적립 신용카드 BEST 4 _ 2026년 기준 업데이트
2397,"국내 가맹점 1마일 적립 · 해외, 면세점 2마일 적립 · 전세계 공항라운지 연 20회 무료이용"
2397,적립
2397,국내 가맹점 1마일 적립
2397,"해외, 면세점 2마일 적립"
2397,[프리미엄 기프트] 프리미엄여행 할인권 20만원 제공
2397,적립
2397,"[보너스 리워드] 보너스 포인트 마일리지 5,000마일 적립"
2398,국내외 가맹점 1마일 적립 · 신세계백화점·신세계면세점 1마일 추가적립 · 신세계백화점 제휴 서비스
2398,국내외 가맹점 스카이패스 1마일리지 적립
2398,신세계백화점·신세계면세점 스카이패스 1마일리지 추가적립
2399,편의점 5% 환급할인 · 올리브영 5% 환급할인 · 구글 플레이/앱스토어 5% 환급할인
2399,"[YUMMY!] 편의점(GS25/CU), 커피/음료 전문점 5% 환급할인"
2399,"[Enjoy!] 올리브영, 다이소 결제 시 5% 환급할인"
2399,"구글 플레이스토어, 앱스토어 결제 시 5% 환급할인"
2400,커피/점심/간식 페이북머니 8% 적립 · 국내 가맹점 이용금액 0.1% 기부기금 적립
2400,종일커피/점심식사/저녁간식 페이북머니 8% 적립
2400,국내 가맹점 이용금액 0.1% 기부 기금 적립
2401,전기차 충전 60% 적립 · 스트리밍 10% 적립 · 주요 간편결제 1.6% 적립
2401,[친환경 생활] 전기차 충전 60% 적립
2401,[친환경 생활] 대중교통 (버스/지하철) 10% 적립
2401,[친환경 생활] 공유 모빌리티 10% 적립
2401,[디지털 생활] 스트리밍 10% 적립
2401,[디지털 생활] 전자책 10% 적립
2401,[디지털 생활] 커피 10% 적립
2401,[간편결제] 주요 간편결제 1.6% 적립
2401,"[반값카드] 매월 3만원까지 전기차충전 반값 공략법, 전기차충전 50% 카드"
2402,GS리테일 점내 2% 포인트적립 · 국내 전가맹점 1% 포인트적립 · 해외 전가맹점 2% 포인트적립
2402,GS리테일 점내 이용 시 2% GS&POINT 적립
2402,"국내 이용금액의 1%, 국외 이용금액의 2% NH포인트 적립"
2402,zgm 할인카드
2403,국내가맹점 1.0%~0.7% 청구할인 · 주유 리터당 60~100원 청구할인 · 대중교통 10% 청구할인
2403,할인
2403,[SIMPLE할인] 국내가맹점 1.0%~0.7% 청구할인
2403,[Daily 할인] 주유 리터당 60~100원 청구할인
2403,[Daily 할인] 대중교통 10% 청구할인
2403,[Daily 할인] 커피 10% 청구할인
2404,코오롱 FnC 온/오프라인 5% 청구할인 · 코오롱 FnC 온/오프라인 최대 36개월 할부 제공 · 국내외 공항 라운지 무료 이용 서비스
2404,코오롱 FnC 온/오프라인 매장 상품 구매시 청구할인 제공
2404,코오롱 FnC 온/오프라인 매장 상품 구매시 장기할부 및 12/24/36개월 할부금 청구할인 제공
2404,편의점 5% 청구할인 서비스
2405,디지털 구독 50% 청구할인 · 디지털 결제 1% 청구할인 · 국내/외 전 가맹점 0.5% 청구할인
2405,디지털 구독 50% 청구할인
2405,디지털 결제 1% 청구할인
2405,할인
2405,국내외 전 가맹점 기본 0.5% 청구할인
2405,"[혜택비교] ‘무실적 vs 건당 3,000원 할인’, 오랜만에 (찐)추천하는 신규 알짜카드"
2406,"국내 1,000원당 1마일리지 적립 · 해외 1,000원당 2마일리지 적립 · 인천공항 라운지 무료 입장"
2406,국내 이용금액 1천원당 1마일리지 적립
2406,해외 이용금액 1천원당 2마일리지 적립 (지난달 실적 조건 확인)
2407,동물병원/반려동물쇼핑몰 30% 할인 · 온라인간편결제 5% 할인 · 손해보험 10% 할인
2407,동물병원/반려동물쇼핑몰 30% 할인
2407,온라인 간편결제 5% 할인
2407,손해보험 10% 할인
2407,해외 1.5% 할인
2407,스트리밍 10% 할인
2407,"커피전문점/편의점 1,000원 할인"
2407,반려인 70% “우리집 댕댕이도 냥이도 ‘이 카드’로 키웠어요…” 동물병원부터 펫보험까지 할인되는 카드는
2408,홈쇼핑 10% 청구할인 · 병의원/약국 5% 청구할인 · 보이스피싱 보상보험 무료 가입
2408,하나로마트/하나로클럽 5% 청구할인
2408,슈퍼마켓 5% 청구할인
2408,병의원/약국 5% 청구할인
2408,홈쇼핑 10% 청구할인
2408,건강식품 10% 청구할인
2408,대중교통(버스/지하철) 10% 청구할인
2408,할인조아카드
2408,zgm 할인카드
2409,"대중교통 건당 300원 할인 · 편의점 건당 300원 할인 · 디지털구독 건당 3,000원 할인"
2409,대중교통 건당 300원 할인
2409,커피 건당 300원 할인
2409,편의점 건당 300원 할인
2409,"디지털 구독 건당 3,000원 할인"
2409,"주유/충전 건당 3,000원 할인"
2409,"쇼핑 건당 3,000원 할인"
2409,"생활요금 건당 3,000원 할인"
2409,"[혜택비교] ‘무실적 vs 건당 3,000원 할인’, 오랜만에 (찐)추천하는 신규 알짜카드"
2410,여행특화 1천원당 30p 적립 · 쇼핑/구독/레저 1천원당 20p 적립 · 국내 전가맹점 1천원당 5p 적립
2410,[특별적립] 여행특화 1천원당 제주항공 리프레시 포인트 30p 적립
2410,[특별적립] 쇼핑/구독/레저 1천원당 제주항공 리프레시 포인트 20p 적립
2410,적립
2410,[일반적립] 국내 전가맹점 1천원당 제주항공 리프레시 포인트 5p 적립
2411,국내 가맹점 0.7% 청구할인 · 국내 온라인 가맹점 1.7% 청구할인 · 해외 가맹점 1.7% 청구할인
2411,할인
2411,국내 가맹점 0.7% 청구할인
2411,국내 온라인 가맹점 1.7% 청구할인
2411,해외 가맹점 1.7% 청구할인
2411,[비교]온라인쇼핑 588만원까지 무조건 할인! 하나 Any PLUS vs NH농협 zgm.the pay 카드
2412,"아시아나마일리지 1,000원당 1마일 적립 · 공항라운지 무료이용 서비스"
2412,아시아나마일리지 1천원당 1마일리지 적립
2414,인플카 현대카드 보유 시 인플카 앱 서비스 이용 가능 · 배달앱 이용 금액 10% M포인트 적립 · 편의점 이용 금액 10% M포인트 적립
2414,생활 필수 영역 이용 금액의 10% M포인트 적립
2414,인스타그램 팔로워수에 최대 100% 캐시백? 인싸 인플루언서를 위한 ‘인플카 현대카드’ 출시
2414,현대카드ZERO Edition2(할인형)
2416,이마트/트레이더스 최대 30% 청구할인 · 스타벅스 최대 10% 청구할인 · 구독서비스 10% 청구할인
2416,이마트/트레이더스 최대 30% 청구할인
2416,스타벅스 최대 10% 청구할인
2416,생활업종 최대 10% 청구할인
2416,구독서비스 10% 청구할인
2416,2026 이마트 할인 신용카드 추천부터 이마트페이 사용법 및 SSG페이 신용카드 총정리
2416,"이마트부터 SSG, 트레이더스까지… ‘쓱’할 만한 대형마트 장보기 할인 카드 BEST 5"
2416,"KB국민카드, 이마트 최대 30% 할인되는 ‘이마트 II KB국민카드’ 출시"
2417,배달앱 1% 적립 · 편의점 1% 적립 · 통신요금 자동이체 1% 적립
2417,배달앱 1% M포인트 적립
2417,편의점 1% M포인트 적립
2417,통신요금 자동이체 1% M포인트 적립
2417,인스타그램 팔로워수에 최대 100% 캐시백? 인싸 인플루언서를 위한 ‘인플카 현대카드’ 출시
2418,"배달앱 최대 1,800원 할인 · 편의점 최대 1,800원 할인 · 실적/한도없이 0.7% 할인"
2418,현대카드ZERO Edition2(할인형)
2419,대중교통 최대 2% 할인 · 편의점 최대 8% 할인 · 커피전문점 최대 8% 할인
2419,대중교통 1%·2% 결제일할인
2419,편의점·배달앱·델리·커피전문점 1%·8% 결제일 할인
2420,사업 필수 경비 5% 결제일할인 · 사업장 운영 경비 1.5% 결제일할인 · 국내 가맹점 1% 결제일할인
2420,사업 필수 경비 5% 결제일할인
2420,사업장 운영 경비 1.5% 결제일할인
2420,온라인 간편결제/커피전문점/해외 1.5% 결제일할인
2420,할인
2420,국내 가맹점 1% 결제일할인
2420,‘실적조건 없이 무제한 할인’… 카카오뱅크 개인사업자를 위한 카드 출시
2421,생활업종 0.3% 캐시백 · 사업업종 3% 캐시백
2421,매일 가는 곳은 혜택 고민 없이 0.3% 캐시백
2421,사업운영에 꼭 필요한 곳에서 3% 캐시백
2421,‘실적조건 없이 무제한 할인’… 카카오뱅크 개인사업자를 위한 카드 출시
2422,노리2 체크카드(KB Pay) · KB국민카드 · 3만원 캐시백
2422,"커피, 모바일, 문화 10% 할인 · 뷰티, 편의점 5% 할인 · KB Pay 2% 추가 할인"
2422,"[일상] 스타벅스, 커피빈 10% 할인"
2422,"[일상] 구글플레이스토어, 앱스토어 10% 할인"
2422,[일상] 인터파크 티켓 10% 할인
2422,"[일상] 올리브영, 미용실 업종 5% 할인"
2422,"[일상] GS25, CU 5% 할인"
2422,"[일상]넷플릭스, 유튜브프리미엄 1,000원 할인"
2422,"[일상] 배달의 민족, 요기요 1,000원 할인"
2422,"[일상] SKT, KT, LG U+, Liiv M 2,500원 할인"
2422,"[일상] CGV 4,000원 할인"
2422,"[일상] 에버랜드, 롯데월드 15,000원 할인"
2422,[KB Pay] 오프라인 가맹점 2% 추가 할인
2422,[KB Pay] 온라인 가맹점 2% 추가 할인
2422,"2026 CGV·롯데시네마·메가박스 할인, 통신사 등급을 꼭 확인 하는 이유(feat.할인 카드 추천)"
2423,"커피,모바일,문화 10% 할인 · 해외 가맹점 2% 할인 · 공항라운지 연 1회 이용권"
2423,"[일상] 스타벅스, 커피빈 10% 할인"
2423,"[일상] 구글플레이스토어, 앱스토어 10% 할인"
2423,[일상] 인터파크 티켓 10% 할인
2423,"[일상] 올리브영, 미용실 업종 5% 할인"
2423,"[일상] GS25, CU 5% 할인"
2423,"[일상]넷플릭스, 유튜브프리미엄 1,000원 할인"
2423,"[일상] 배달의 민족, 요기요 1,000원 할인"
2423,"[일상] SKT, KT, LG U+, Liiv M 2,500원 할인"
2423,"[일상] CGV 4,000원 할인"
2423,"[일상] 에버랜드, 롯데월드 15,000원 할인"
2423,[Global] 해외 가맹점 2% 할인
2424,"렌탈료 월 최대 25,000원 할인 · 장기할부 최대 25,000원 캐시백"
2424,"렌탈료 결제일 최대 25,000원 할인"
2424,캐시백
2424,"장기할부 최대 25,000원 캐시백"
2425,대중교통 최대 450원씩 적립 · 카페 최대 500원 캐시백 · 패스트푸드 최대 500원 캐시백
2425,캐시백
2425,10가지 영역에서 결제할 때마다 무조건 300원(최대 500원) 캐시백
2425,케이뱅크 체크카드 포인트적립형
2427,zgm.the pay카드 · NH농협카드 · 라운지 이용권+연회비 캐시백
2427,국내 가맹점 1.0% 청구 할인 · 해외 가맹점 1.0% 청구 할인 · 온라인 간편결제 최대 1.7% 청구 할인
2427,할인
2427,국내/해외 가맹점 1.0% 청구 할인
2427,온라인 간편결제 최대 1.7% 청구 할인
2427,"zgm.the pay카드, 고민없이 무조건 할인 받는 전월실적 없는 신용카드"
2427,2026  추천 할인·적립률 1% 이상인 무실적 X 모든 가맹점 할인카드 BEST 4
2427,zgm 할인카드
2428,zgm.streaming카드 · NH농협카드 · 최대 21.5만원 캐시백
2428,멤버십 이용요금 7천원 청구 할인 · 스트리밍 이용요금 50% 청구 할인 · 스타벅스 사이렌오더 50% 청구 할인
2428,멤버십 이용요금 7천원 청구 할인
2428,스트리밍 이용요금 50% 청구 할인
2428,스타벅스 사이렌오더 50% 청구 할인
2428,온라인 간편결제 5% 청구 할인
2428,"zgm.streaming 카드, OTT & 멤버십 구독료 50% 할인!┃20대·30대 NH농협 신용카드 추천"
2428,2026 유튜브 프리미엄 할인 신용카드 추천 BEST 4 : 반값 할인부터 통신사 할인까지 받는 법
2428,"2026 KBO 야구 중계, 티빙 & OTT 구독료 할인카드로 단돈 500원에 보는 꿀팁"
2428,zgm 할인카드
2429,특화서비스 월 통합 최대 3만원 청구할인 · 간편결제 1% 청구할인 · 국내/외 전 가맹점 0.7% 청구할인
2429,할인
2429,"특화서비스 청구할인
지난달 실적에 따라 월 통합 최대 3만원 청구할인"
2429,"간편결제 청구할인
월 할인한도 제한없이 1% 청구할인"
2429,할인
2429,"국내/외 가맹점 청구할인
월 할인한도 제한없이 0.7% 청구할인"
2430,월 100만원 미만 이용 시 0.5% M포인트 적립 · 월 100만원 이상 이용 시 1% M포인트 적립 · 전국 CD·ATM 현금 인출 가능
2430,적립
2430,M포인트 적립
2430,현대카드ZERO Edition2(할인형)
2431,월 100만원 미만 이용 시 0.3% X캐시백 적립 · 월 100만원 이상 이용 시 0.6% X캐시백 적립 · 전국 CD·ATM 현금 인출 가능
2431,캐시백
2431,X캐시백 적립
2431,X캐시백 사용
2431,현대카드ZERO Edition2(할인형)
2432,네이버페이 1.2% 포인트 적립
2432,적립
2432,네이버페이 포인트 적립 서비스
2432,네이버페이 포인트 1.2% 적립… ‘네이버페이 머니 하나 체크카드’ 출시
2433,"장기할부 이용 시 최대 15,000 포인트 적립 · 장기할부 미 이용 시 1% 포인트 적립 · 장기할부 서비스 최대 36개월 제공"
2433,적립
2433,네이버페이 포인트 적립서비스
2434,갤러리아 백화점 5% 현장할인 · 갤러리아 백화점(Mall) 5% 청구할인 · 갤러리아 백화점(Mall) 천원당 1마일리지 적립
2434,갤러리아 백화점 5% 현장할인
2434,갤러리아 백화점(Mall) 5% 청구할인
2434,갤러리아 마일리지 적립
2434,갤러리아백화점 역대 최대 혜택… 5% 현장할인+5% 청구할인 받는 ‘갤러리아 KB국민카드’ 출시
2435,전기차 충전요금 30~50% 캐시백 · 생활 가맹점 5~20% 캐시백 · 주차앱 5천원 캐시백
2435,전기차 충전요금의 30%~50% 캐시백
2435,디지털 구독 20% 캐시백
2435,이동통신 5% 캐시백
2435,편의점 5% 캐시백
2435,베이커리·커피전문점 5% 캐시백
2435,"주차앱 5천원 이상 결제 시, 5천원 캐시백"
2435,환경부 전기차 충전카드의 결제카드로 추천! 2026 전기차 충전 할인카드 추천 BEST 3
2435,전기차 충전 최대 40% 캐시백… 신한카드 Everywhere 카드 출시
2436,바우처 최대 70만원 제공 · M포인트 또는 마일리지 선택 적립 · 10만원 상당 로열티 보너스 제공
2436,"항공 마일리지와 M포인트 중 선택 적립
[선택1] 대한항공 마일리지 이용 금액 1천원당 1마일리지 적립"
2436,"항공 마일리지와 M포인트 중 선택 적립
[선택2] M포인트 당월 이용 금액에 따라 1~2% 적립"
2437,GS리테일 점내 2% GS포인트 적립 · 국내가맹점 0.2% NH포인트 적립 · 국외가맹점 1% NH포인트 적립
2437,적립
2437,GS리테일 점내 이용 시 2% GS&POINT 적립
2437,적립
2437,"국내 이용금액의 0.2%, 국외 이용금액의 1% NH포인트 적립"
2438,국내·해외 전가맹점 0.2% 캐시백 · 점심·저녁시간 3배 캐시백 · 전자금융·ATM 출금 및 이체 수수료 면제
2438,캐시백
2438,국내·해외 전 가맹점 0.2% 캐시백
2438,캐시백
2438,점심·저녁시간 국내 전 가맹점 3배(총 0.6%) 캐시백
2438,이지캐시백
2439,편의점 업종 결제 시 100원 캐시백 · 온라인 업종 결제 시 100원 캐시백 · 매달 500원 추가 캐시백
2439,편의점 업종에서 결제금액 상관없이 이용할 때마다 100원 캐시백
2439,온라인 업종에서 결제금액 상관없이 이용할 때마다 100원 캐시백
2439,캐시백
2439,전월(1일~말일)실적 10만원 이상 및 5회 이상 결제 시 500원 캐시백
2439,케이뱅크 체크카드 포인트적립형
2440,국내 가맹점 1% 할인 · 해외 가맹점 2% 할인 · 쇼핑 멤버십 50% 할인
2440,할인
2440,국내 가맹점 1% 청구할인
2440,해외 가맹점 2% 청구할인
2440,"쇼핑 멤버십 50%, OTT 10%, 이동통신요금 5% 청구할인(자동납부 할인)"
2440,2026  추천 할인·적립률 1% 이상인 무실적 X 모든 가맹점 할인카드 BEST 4
2441,KB Pay 10% 할인 · 음식점 10% 할인 · 서비스팩 3개 중 1개 선택할인
2441,[나한테 진심 서비스] KB Pay 10% 할인
2441,"[나한테 진심 서비스] 음식점, 편의점 10% 할인"
2441,[나한테 진심 서비스] 이동통신요금 10% 할인
2441,[나한테 진심 서비스] OTT 30% 할인
2441,[더욱 진심 서비스] 먹는데 진심-배달/커피 5% 할인
2441,"[더욱 진심 서비스] 노는데 진심-택시/커피 5%, 영화관 30% 할인"
2441,"[더욱 진심 서비스] 관리에 진심-미용실, 스포츠, 온라인서점, 올리브영 5% 할인"
2441,"[2026 인기 신용카드 리뷰] 20대 & 사회초년생 생활비 할인 카드, KB국민 My WE:SH 카드"
2442,[1st 선택] 일상 5% 할인 · [2nd 선택] 가족 10% 할인 · 통신료 10% 기본 할인
2442,[1st 선택] 마트중심/백화점중심/동네중심 5% 할인 (택 1)
2442,[2nd 선택] 둘이중심/자녀중심/돌봄중심 10% 할인 (택 1)
2442,"[YOU With 기본 서비스]
이동통신자동납부 10% 할인 / Happy Family Month / 전월실적 채워드림"
2442,"스타벅스부터 아파트관리비까지, 특별한 달에는 2배로 할인 받는 신용카드 추천 BEST 5"
2442,"병원비 할인카드 추천 BEST 7, 약국부터 고액 병원비까지 할인 받는 신용카드로 모았다"
2442,연 최대 120만원 캐시백! 2026  학원비 할인 신용카드 & 체크카드 추천 BEST 7
2443,앱마켓 10% 할인 · 스팀(Steam) 10% 할인 · PC방 10% 할인
2443,게임특화 서비스 NH포인트 적립
2443,일상생활업종 NH포인트 적립
2444,롯데마트 최대 10% 할인 · 5대 생활업종 최대 5% 할인
2444,"롯데마트, MAXX 월 최대 30,000원 결제일 할인"
2444,"5대 생활업종 월 최대 25,000원 결제일 할인"
2444,"추석 장바구니 물가 비상! 명절 장보기 두려울 땐, 이 카드가 정답!(ft.대형마트, 백화점 할인카드)"
2444,"롯데카드의 생활비할인카드, ‘롯데마트&MAXX 카드’로 월 최대 5만5천원 할인 받아볼까?"
2445,"영상 스트리밍 40% 청구할인 · 하나페이 맛집 10% 청구할인 · 영역별 월 최대 할인한도 15,000원"
2445,딜리버리 10% 할인
2445,편의점 10% 할인
2445,영상 스트리밍 40% 할인
2445,택시 10% 할인
2445,대중교통 10% 할인
2445,하나페이 맛집 10% 할인
2445,온라인식품&쇼핑 10% 할인
2446,국내외가맹점 0.7% 할인 · 간편결제 1.2% 할인 · 쿠팡/마트/베이커리 2% 할인
2446,전가맹점 0.7% 할인
2446,간편결제 1.2% 할인
2446,"쿠팡/마트/베이커리 2% 할인
대중교통 3% 할인"
2446,현대카드ZERO Edition2(할인형)
2447,"아파트관리비 10% 청구할인 · 병원&약국 10% 청구할인 · 영역별 월 최대 할인한도 15,000원"
2447,생활요금 10% 할인
2447,병원/약국 10% 할인
2447,주유/LPG충전 10% 할인
2447,택시 10% 할인
2447,커피 10% 할인
2447,세탁 10% 할인
2448,국내외가맹점 0.5% 할인 · 간편결제 5% 할인 · 동물병원 5% 할인
2448,전가맹점 0.5% 할인
2448,간편결제 5% 할인
2448,마트 5% 할인
2448,주유/LPG충전 5% 할인
2448,커피 5% 할인
2448,뷰티&펫 5% 할인
2449,"SK텔레콤/T우주 20% 하나머니 적립 · T멤버십 바코드 결제 20% 하나머니 적립 · 영역별 월 최대 적립한도 15,000원"
2449,SKT통신요금 20% 하나머니 적립
2449,T멤버십 바코드 결제 20% 하나머니 적립
2449,SK주유&쇼핑 10% 하나머니 적립
2449,마트 10% 하나머니 적립
2449,대중교통 10% 하나머니 적립
2449,택시 10% 하나머니 적립
2450,HERITAGE Smart [할인형]
2450,HERITAGE Smart [할인형]
2450,HERITAGE Smart [할인형] · KB국민카드
2450,할인 쿠폰 3가지 택 1 · 국내외가맹점 1~3% 할인 · 특별 영역 5% 할인
2450,"국내 가맹점 1% 할인
해외 가맹점 3% 할인"
2450,할인
2450,특별 영역 5% 할인
2450,HERITAGE Classic [할인형]
2451,할인 쿠폰 3가지 택1 · 국내외가맹점 1천원당 1~2마일리지 적립 · KB Pay 2천원당 1마일리지 적립
2451,"국내 가맹점 1천원 당 대한항공 1마일리지 적립
해외 가맹점 1천원 당 대한항공 2마일리지 적립"
2451,KB Pay 2천원당 '대한항공 1마일리지' 적립
2452,디지털 구독 50% 할인 · 간편결제 1% 할인 · 모든가맹점 0.5% 할인
2452,디지털 구독 50% 할인
2452,디지털 결제 1% 할인
2452,국내외 전 가맹점 기본 0.5% 할인
2452,조건∙한도 없이 언제나 간편결제 1% 할인… '카카오뱅크 하나카드' 출시
2453,디지털구독 100% 할인 · 정기결제 자동이체 1천원 할인 · 생활 서비스 10% 할인
2453,5개 영역 디지털 구독 가맹점 정기결제 이용 시 결제일 할인
2453,할인
2453,서비스 대상 정기결제 자동이체 시 결제일 할인
2453,서비스 대상 배달앱/생활편의 가맹점 이용 시 결제일 할인
2453,"2026 넷플릭스 품은 네이버플러스 멤버십 총정리: 가격부터, 활용팁, 구독료 반값 할인 신용카드 추천까지"
2453,2026 유튜브 프리미엄 할인 신용카드 추천 BEST 4 : 반값 할인부터 통신사 할인까지 받는 법
2453,2026  배달앱 쿠팡이츠 & 배달의민족 할인 신용카드 추천 BEST 6
2454,해외 결제시 3% 캐시백 · 국내 결제시 0.3% 캐시백 · 전 세계 ATM 무료 수수료
2454,"쓸 때마다 무조건 캐시백 해외 3%, 국내 0.3% 지급"
2454,캐시백
2454,국내·외 상관없이 해외 가맹점이면 결제는 3% 즉시 캐시백
2454,"[후기] 어제 신청, 오늘 공항 수령?! 무제한 해외결제 캐시백 '트리플카드', 해외여행 마지막 준비물인 이유"
2454,"블랙프라이데이, 7가지만 알면 초보자도 득템 성공한다! - 해외직구 할인카드&꿀팁 총정리"
2455,카카오톡 선물하기 50% 할인 · 카카오페이 결제 10% 할인
2455,카카오톡 선물하기 50% 할인
2455,카카오페이 결제 10% 할인
2455,"[반값카드] 어린이날 · 어버이날 · 스승의날 선물 반값 공략법, 온라인 쇼핑50% 카드"
2455,이제 친구 선물 반값에! 카카오톡 선물하기 50% 할인되는 ‘카카오뱅크 우리카드’ 출시
2456,대형마트 최대 500원 캐시백 · 노래방 최대 500원 캐시백 · 음식점/주점 최대 500원 캐시백
2456,모임통장도 2.3% 이자 받아요… 결제할 때마다 500원 캐시백 되는 '토스뱅크 모임카드' 출시
2457,"보험료 최대 15,000원 할인"
2457,"캐롯손해보험료 최대 15,000원 결제일 할인"
2458,1천원당 1마일리지 적립 · 1백만원당 200마일리지 적립
2458,"대한항공 마일리지 기본적립
1천원당 1스카이패스 마일리지"
2458,대한항공 마일리지 보너스 적립: 1백만원당 200스카이패스 마일리지
2458,[추천] 상테크 카드로 마일리지 적립까지 가능하다고? 상테크 카드에 주목해야 할 이유 (ft.상테크 카드 추천)
2459,기프트서비스 영역별 연 1회 제공 · 국내외가맹점 최대 2% 적립 · 디지털콘텐츠/멤버십 50% 할인
2459,적립
2459,REWARD 국내외 가맹점 2%/1%/0.5% 빅포인트 적립
2459,디지털콘텐츠/멤버십 50% 할인
2459,"영화 5,000원 할인"
2459,쉐이크쉑/써브웨이 30% 할인
2459,"면세점부터 해외결제, 항공권, 쇼핑까지! 해외여행 떠나기 전 챙겨볼 면세점 할인카드 BEST 7"
2460,기프트 서비스 15만원 상당 제공 · 국내 가맹점 1% 빅포인트 적립 · 특별 가맹점 1.5% 빅포인트 적립
2460,적립
2460,"[REWARD] 국내 가맹점 1%, 생활 편의 영역 1.2%, 특별 가맹점 1.5% 빅포인트 적립"
2460,[DAILY LIFESTYLE] 디지털콘텐츠 50% 할인
2460,"[DAILY LIFESTYLE] 스타벅스 3,000원 할인"
2461,기프트 서비스 매년 2가지 제공 · 국내 가맹점 1.2% 빅포인트 적립 · 특별 가맹점 1.5% 빅포인트 적립
2461,적립
2461,"[REWARD] 국내 가맹점 1.2%, 생활 편의 영역 1.5%"
2461,"[PREMIUM LIFESTYLE] 라이프스타일 50,000원 할인"
2461,"[반값카드] 어린이날 · 어버이날 · 스승의날 선물 반값 공략법, 온라인 쇼핑50% 카드"
2462,국내가맹점 0.7% 할인 · 해외가맹점 1.7% 할인 · 신세계백화점/SSGPAY 1.7% 할인
2462,"기본 할인 (실적, 한도 제한 없음)
국내 가맹점 0.7% 할인"
2462,"특별 할인 (실적, 한도 제한 없음)
신세계백화점, SSGPAY 1.7% 할인"
2462,"특별 할인 (실적, 한도 제한 없음)
해외 가맹점 1.7% 청구 할인"
2462,"특별 할인 (실적, 한도 제한 없음)
신세계백화점 아카데미 2.7% 할인"
2463,대중교통 50% 할인 · 로카모빌리티카드 무료 제공 · 카페/미용실/쇼핑/스트리밍 50% 할인
2463,대중교통 50% 할인
2463,커피 50% 할인
2463,미용실 50% 할인
2463,온라인쇼핑 50% 할인
2463,"스트리밍 서비스 50% 할인
멤버십 서비스 50% 할인"
2463,"[반값카드] 어린이날 · 어버이날 · 스승의날 선물 반값 공략법, 온라인 쇼핑50% 카드"
2463,생활비 반띵할 기회! 대중교통 50% 할인… ‘LOCA Mobility 반띵 카드’ 출시
2464,zgm.휴가중카드 · NH농협카드 · 라운지 이용권+연회비 캐시백
2464,"해외가맹점 최대 5% 적립 · 여행 20% 할인 · 항공권, 면세점 0.5% 추가적립"
2464,해외 이용액 2~5% NH포인트 적립
2464,국내 이용액 0.5% NH포인트 기본적립
2464,적립
2464,"항공권, 면세점 업종 0.5% NH포인트 추가적립"
2464,호텔스닷컴 이용 시 20% 즉시할인(월 이용 한도 4회)
2464,2025 티웨이항공 티웨이플러스 멤버십 개편 혜택정리 및 항공권 할인 신용카드 추천
2464,zgm 할인카드
2465,신세계백화점/면세점 10마일 적립 · 국내외가맹점 7마일 적립 · 신세계면세점 멤버십 우대 서비스
2465,아시아나항공 마일리지 적립 서비스
2465,"가성비부터 프리미엄까지, 2026  대한항공 마일리지 적립 신용카드 추천 로드맵"
2465,"면세점부터 해외결제, 항공권, 쇼핑까지! 해외여행 떠나기 전 챙겨볼 면세점 할인카드 BEST 7"
2466,이디야 멤버스 음료쿠폰 연 12회 제공 · 이디야커피 최대 50% 청구할인 · 디지털구독 서비스 30% 청구할인
2466,이디야커피 청구할인
2466,디지털 구독 30% 청구할인
2466,교통 5% 청구할인
2467,알뜰폰요금 최대 1만5천원 할인
2467,알뜰폰 통신요금 월최대 1만 5천원 할인
2467,토스도 내놓은 알뜰폰 요금제! 알뜰폰 통신비 할인카드 모아볼까?
2468,KMVNO 알뜰폰 통신요금 최대 1만7천원 할인
2468,"KMVNO 알뜰폰
통신요금 자동이체 할인 서비스"
2468,토스도 내놓은 알뜰폰 요금제! 알뜰폰 통신비 할인카드 모아볼까?
2469,"국내외가맹점 최대 1.0% 캐시백 · 버스, 지하철 50% 캐시백 · 커피 50% 캐시백"
2469,국내외가맹점 최대 1% 캐시백
2469,"[라이프 캐시백]
대중교통(버스, 지하철) 50% 캐시백"
2469,"[라이프 캐시백]
커피(스타벅스 사이렌 오더) 50% 캐시백"
2469,"[라이프 캐시백]
스트리밍(넷플릭스, 디즈니 +, CGV) 30% 캐시백"
2469,“나만 빼고 다하는 짠테크?” 포인트&캐시백으로 투자하는 신용/체크카드 활용법
2469,"교통비 50%, 전가맹점 1% 캐시백 받고 주식투자… 롯데카드 ‘나무 롯데카드’ 출시"
2470,트레이더스 홀세일 클럽 최대 5% 적립 · 택시 최대 2% 적립 · 편의점 최대 2% 적립
2470,트레이더스 홀세일 클럽 1/3/5% TR CASH 적립
2470,생활 편의 영역 1/2% TR CASH 적립
2470,신세계포인트 적립 서비스
2470,2026 트레이더스 할인카드 추천부터 회원권 꿀팁까지! 트레이더스 갈 때 삼성카드만 챙길 필요 없다?
2470,"삼성카드, 연간 최대 120만원 적립 '트레이더스 클럽' 출시 (ft.트레이더스vs코스트코 카드비교)"
2471,대중교통 최대 5% 적립 · 생활편의 최대 2% 적립 · 해외 이용금액 1.3% 적립
2471,대중교통(버스/지하철) 이용 시 최대 5% 적립
2471,생활편의영역 이용 시 최대 2% 적립
2471,해외 이용금액에 대해 1.3% 적립
2472,SKT라이트할부 최대 2만5천원 할인 · 국내외가맹점 최대 3% 적립 · 신차 구매 시 1.5% 적립
2472,SKT 라이트할부 이용 시 최대 2만 5천원 할인 혜택
2472,적립
2472,국내외 가맹점에서 0.5~3% M포인트 적립
2472,적립
2472,"현대자동차·기아 신차 구매 시 1.5% 적립
GS칼텍스 주유 시 리터당 60 M포인트 적립"
2472,적립
2472,"온라인쇼핑 결제 시 M포인트 추가 적립
M포인트 신차구매통장 통장포인트 월 2% 적립받아 신차 구매 시 사용"
2473,롯데렌탈 대여료 최대 3만원 할인 · 주유소(LPG포함) 5% 할인 · 전기차 충전 50% 할인
2473,"롯데렌탈 월 대여료 5,000~30,000원 결제일 할인"
2473,모든 주유소(LPG 포함) 5% 및 전기차 충전 50% 결제일 할인
2473,"카카오 대리운전 2,000원 결제일 할인
그린카 및 세차클링 이용료 10% 결제일 할인"
2473,"[반값카드] 매월 3만원까지 전기차충전 반값 공략법, 전기차충전 50% 카드"
2474,"SKT통신요금 최대 17,000원 할인"
2474,SKT 통신요금 자동이체 시 전월 실적에 따라 청구 할인
2475,생활필수업종 2만원당 200원 캐시백 · 통신료 최대 5천원 캐시백 · CU편의점 포인트 2% 적립
2475,캐시백
2475,"G마켓/옥션 결제시 2만원당 400마일리지 적립, G마켓 SVIP+옥션 VIP 서비스
CU편의점 결제시 CU 포인트 2% 적립 ＋OK캐쉬백 1% 동시적립"
2476,"자동차할부 월 납부금 최대 11,000원 할인 · 주유(LPG) / 전기차 충전 최대 8,000원 할인 · 주차비 / 하이패스 카드 1,000원 할인"
2476,우리카드 자동차할부 이용고객 월 납부금 청구할인
2476,주유(LPG 충전)/전기차 충전 청구할인
2476,주차장 5천원 이상 결제 건당 1천원 할인
2476,후불 하이패스카드 이용금액 1천원 할인
2477,"SKT 라이트할부 24개월 제공 · SKT 이동통신요금 최대 16,000원 할인"
2477,"통신요금 월 7,000원~16,000원 결제일할인"
2477,SKT·KT·LG U+ 통신사 제휴카드 할인 이득일까?｜2026  통신비 할인카드 추천
2479,제주신화월드 객실 최대 15% 할인 · 신세계사이먼 프리미엄 1만5천원 할인 · 생활 영역 10% 할인
2479,제주신화월드 객실 15% 할인
2479,쇼핑 10% 할인
2479,생활 10% 할인
2481,생활쇼핑 가맹점 7% 할인 · 커피전문점/제과점 10% 할인 · 쇼핑몰/할인점 10% 할인
2481,생활쇼핑 가맹점 7% 결제일 할인
2481,커피전문점/제과점 10% 결제일 할인
2481,"주말 복합쇼핑몰 10% 결제일 할인
주말 3대 할인점 10% 결제일 할인"
2482,I-ALL · IBK기업은행 · 최대 12.5만원 캐시백
2482,"국내·외 가맹점 0.5% 할인 · 홈쇼핑, 배달앱, 대형마트 최대 1.5% 할인 · OTT, 온라인멤버십 최대 7% 할인"
2482,ALL - 국내·외 가맹점 0.5% 할인
2482,"LIVING - 1%~1.5% 할인
온라인쇼핑, 홈쇼핑, 배달앱, 대형마트, 커피, 편의점, 교통, 주유/충전, 통신, 반려동물"
2482,MEMBERSHIP - 5%~7% 할인
2483,음식점 1% 캐시백 · 병원비 1% 캐시백 · 이용금액 최다영역 1% 추가캐시백
2483,"6대 생활영역 이용금액 1% 기본캐시백
음식점, 온라인쇼핑, 대형마트·편의점, 통신비, 병원비, 교통"
2483,현대카드ZERO Edition2(할인형)
2484,"KT통신요금 최대 25,000원 할인 · SK 주유소 1% 할인"
2484,"kt 통신요금 청구할인
전월실적 별 월 최대 25,000원 할인"
2484,SK 주유소 1% 청구할인
2485,"KT통신요금 최대 18,000원 할인 · SK 주유소 1% 할인"
2485,"kt 통신요금 청구할인
전월실적 별 월 최대 18,000원 할인"
2485,SK 주유소 1% 청구할인
2485,SKT·KT·LG U+ 통신사 제휴카드 할인 이득일까?｜2026  통신비 할인카드 추천
2486,LFmall 5% 할인 · 국내외가맹점 0.5% 적립
2486,LFmall (lfmall.co.kr) 이용 시 5% 청구할인
2486,국내외 가맹점 이용 시 0.5% 포인트리 적립
2487,CGV영화관람권 연 12회 제공 · CGV영화관람권 5천원 할인 · CGV매점콤보 2천원 할인
2487,"CGV 영화관람권 1매 무료 예매, CGV 영화관람권 5천원 할인
CGV 매점 콤보 할인"
2487,적립
2487,모아포인트 이용금액의 5% ~ 0.5% 적립
2488,베베쿡 10% 할인 · 할인점/백화점 /마켓컬리 5% 할인 · 커피/잡화/온라인서점 5% 할인
2488,베베쿡 10% 할인
2488,"일상생활 쇼핑 할 때에도 5% 결제일 할인
할인점/백화점/창고형 할인매장/신선식품 배송"
2488,"주요 커피점, 잡화, 온라인서점 쇼핑할 때에도 5% 결제일 할인"
2489,전 가맹점 1% 할인 · 대중교통/편의점/커피 0.5% 추가할인 · 페이북 쇼핑 5% 할인
2489,전 가맹점 1% 할인
2489,생활 편의 업종 0.5% 추가 할인
2489,페이북 쇼핑 5% 할인
2489,현대카드ZERO Edition2(할인형)
2490,이용금액 1위 최대 8% 캐시백 · 나무멤버스 월 이용료 캐시백 · 국제공항 라운지 무료 이용
2490,캐시백
2490,나무증권 스마트 캐시백
2490,캐시백
2490,나무멤버스 월 이용료 캐시백
2490,"혜택의 범위를 좁혔더니, 할인은 더 커진 신용카드 추천 (ft.스타벅스, 메리어트 본보이, 트래블월렛)"
2490,“나만 빼고 다하는 짠테크?” 포인트&캐시백으로 투자하는 신용/체크카드 활용법
2490,zgm 할인카드
2491,국내 이용금액 최대 0.9% 결제일 할인 · 해외 이용금액 0.5% 결제일 할인 · 매주 1회 할인 쿠폰 제공
2491,[Daily 결제일 할인] 국내 이용금액 최대 0.9% / 해외 이용금액 0.5% 결제일 할인
2491,[Weekly 할인 쿠폰] 매주 1회 국내 이용 할인 쿠폰 제공
2491,적립
2491,"[Monthly 단골 적립] My Pick 가맹점 월 3, 6, 9번째 이용 건에 대해 마이신한포인트 1,000원 적립"
2492,국내 이용금액 최대 0.3% 할인 · 해외 이용금액 0.2% 할인 · 매 월 2회 할인쿠폰 제공
2492,"[Daily 할인] 국내 이용금액 최대 0.3% 할인, 해외 이용금액 0.2% 할인"
2492,[Weekly 할인 쿠폰] 매월 2회 국내 이용 할인 쿠폰 제공
2492,적립
2492,"[Monthly 단골 적립] My Pick 가맹점 월 3, 6, 9번째 이용 건에 대해 마이신한포인트 1,000포인트 적립"
2493,zgm.rounding카드 · NH농협카드 · 연회비 캐시백
2493,"골프장, 골프연습장 5% 할인 · 쇼골프연습장 50% 할인 · 홀인원축하금 연1회 100만원 제공"
2493,골프장·골프연습장·스크린골프 5% 청구할인
2493,쇼골프 연습장 일 타석권 50% 청구할인
2493,커피전문점 10% 청구할인
2493,골프장·골프연습장 할인 신용카드 & 골프 라운딩 준비물인 40대 프리미엄 카드 추천 BEST 6
2493,zgm 할인카드
2494,H.Point 5% 적립 · 실적·한도 제한없이 0.5% 적립 · 국내외 공항라운지 연 2회 무료
2494,"현대 백화점·아울렛·홈쇼핑·면세점에서 H.Point 5% 적립
특별적립 대상 가맹점 장기할부(24/36개월) 서비스 제공"
2494,적립
2494,"실적·한도 제한 없이 0.5% ""H.Point"" 적립"
2495,신세계백화점 7% 할인 · 신세계 계열사 5% 할인 · 생활/쇼핑 5% 할인
2495,"신세계백화점 최대 7% 할인, 마이신한포인트 1% 적립"
2495,신세계 계열사 5% 할인
2495,커피·배달앱·온라인서점·잡화 5% 할인
2496,신세계아울렛 10% 할인 · 신세계 계열사 7% 할인 · 주유 40원/L 할인
2496,신세계사이먼 프리미엄 아울렛 10% 할인
2496,신세계 계열사 7% 할인
2496,"GS칼텍스, S-OIL 리터 당 40원 할인"
2497,"장기할부 혜택 연 6.5% 수수료 · 할부이용 시 11,000원 캐시백"
2497,"할부 이용 시 월 11,000원 캐시백"
2501,주유 150원/L 할인 · 백화점·대형마트 5% 할인 · 패밀리레스토랑 20% 할인
2501,[주유 할인 서비스] GS칼텍스 리터당 최대 150원 할인
2501,[생활 할인 서비스] 온라인쇼핑 10% 청구할인
2501,[생활 할인 서비스] 백화점업종 5% 청구할인
2501,[생활 할인 서비스] 대형마트 5% 청구할인
2501,[생활 할인 서비스] 패밀리레스토랑 20% 청구할인
2501,[생활 할인 서비스] 커피 전문점 10% 청구할인
2501,[생활 할인 서비스] 대중교통 10% 할인
2502,"KT이동통신요금 14,000원 할인 · 온라인·모바일 쇼핑 5% 할인 · 주유 60원/L 할인"
2502,"KT이동통신요금 최대 월 14,000원 할인"
2502,모바일 결제 5% 할인
2502,GS칼텍스 리터당 60원 할인
2502,전국 주요 편의점 10% 할인
2502,"영화 인터넷 예매 시 1,500원 할인"
2502,전국 주요 외식업체 10% 할인
2502,Olleh club 멤버십 별 최대 10만개 적립
2502,"전국 대형할인점, 백화점에서 최대 3개월 무이자"
2502,롯데렌터카(구. 금호렌터카) 35% 할인
2503,학원·유치원 10% 할인 · 주유 60원/L 할인 · 키자니아 무료 입장권
2503,전국 모든 학원 및 유치원 10% 할인
2503,전국 모든 주유소 최대 60원 할인
2503,"전국 모든 백화점, 할인점, 자동차판매, 의류, 학원, 레져업소, 레져용품, 학원 업종에서 2~3개월 무이자할부"
2503,키자니아 및 전국 주요 테마파크 무료입장 또는 최대 50% 할인
2503,전국 주요 영화관 3천원 할인
2503,전국 주요 외식업체 10% 할인
2503,전국 주요 베이커리 10% 할인
2503,이동통신요금 3% 할인
2504,간편결제 10% 할인 · 편의점 10% 할인 · 온라인쇼핑 10% 할인
2504,"네이버페이·카카오페이·삼성페이 결제 시, 10% 할인"
2504,"GS25, CU, 세븐일레븐, 이마트24에서 10% 할인"
2504,스타벅스(사이렌오더 포함) 10% 할인
2504,인생네컷 10% 할인
2504,"에버랜드, 롯데월드, 통도환타지아, 경주월드, 이월드 자유이용권 50% 현장할인"
2504,"넷플릭스, 멜론, 유튜브프리미엄, 디즈니플러스 30% 할인"
2504,"카카오웹툰, 카카오페이지, 네이버웹툰 10% 할인"
2504,"무신사, 에이블리, 지그재그, 마켓컬리, SSG, 쿠팡, G마켓, 옥션, 11번가 10% 할인"
2504,"요기요, 배달의 민족 10% 할인"
2505,간편 결제 5% 청구할인 · 모든 학원업종 5% 청구할인 · 이동통신 요금 5% 청구할인
2505,"PAYCO, 삼성페이, 네이버페이, 카카오페이, 썸패스 5% 청구할인"
2505,[생활 할인 서비스] 전국 모든 학원업종 5% 청구할인
2505,[생활 할인 서비스] 휴대폰 요금 5% 청구할인
2505,[생활 할인 서비스] 스타벅스 5% 청구할인
2505,"[생활 할인 서비스] 버스, 지하철, 택시 요금 5% 청구할인"
2505,[생활 할인 서비스] 롯데시네마 5% 청구할인
2506,간편결제 3% 할인 · 전국 학원 3% 할인 · 대중교통 3% 할인
2506,"PAYCO, 삼성페이, 네이버페이, 카카오페이, 썸패스 3% 청구할인"
2506,전국 모든 학원업종 3% 청구할인
2506,휴대폰 요금 3% 청구할인
2506,스타벅스 3% 청구할인
2506,"버스, 지하철, 택시요금 3% 청구할인"
2506,롯데시네마 3% 청구할인
2507,"스타벅스 최대 3천원 할인 · 배달의 민족, 요기요 최대 3천원 할인 · 디지털구독 20% 할인"
2507,"스타벅스 최대 3,000원 할인"
2507,"배달의 민족, 요기요 최대 3,000원 할인"
2507,"쿠팡, 마켓컬리, SSG닷컴 최대 3,000원 할인"
2507,"넷플릭스, 유튜브프리미엄, 멜론 20% 청구할인"
2508,이동통신요금 1% 할인 · 골프·스키장 등 레저 1% 할인 · 의료비 1% 할인
2508,"SKT, KT, LG U+ 결제 시 이용금액의 1% 할인 캐시백"
2508,"골프(연습)장, 스크린골프, 스키장, 볼링장, 테니스장, 수영장, 헬스클럽 결제 시 이용금액의 1% 할인 캐시백"
2508,"종합병원, 병/의원, 한의원, 치과, 약국 업종 결제 시 이용금액의 1% 할인 캐시백"
2508,캐시백
2508,최대이용영역 1% 할인
2509,"Air Money 0.3% 적립 · 여행·관광 업종 3,000원 특별적립 · 국내 공항 라운지 무료 이용"
2509,국내 가맹점 이용금액의 0.3% Air Money 적립
2509,"숙박, 면세점, 관광여행, 레저업소 업종 이용 시 3,000원 Air Money 특별적립"
2509,"스타벅스, 투썸플레이스, 커피빈 결제 시 500원 Air Money 특별적립"
2509,해외 가맹점 이용(결제)금액의 1% Air Money 적립
2510,"백화점·마트 등 쇼핑 2,000원 할인 · 올리브영 등 뷰티 1,000원 할인 · 커피 500원 할인"
2510,"쇼핑 대상가맹점 결제 시 2,000원 할인"
2510,"H&B스토어, 뷰티업종 결제 시 1,000원 할인"
2510,"스타벅스, 투썸플레이스, 커피빈, 이디야 결제 시 500원 할인"
2510,캐시백
2511,"전가맹점 최대 0.5% 캐시백 · 대중교통 일 최대 200원 캐시백 · 디지털 구독 최대 10,000원 캐시백"
2511,캐시백
2511,국내외 이용금액 최대 0.5% 캐시백
2511,버스/지하철 후불교통 이용금액 캐시백
2511,디지털 구독 이용금액 월 최대 1만원 캐시백
2511,어디서나 무제한 캐시백! 20대 첫 카드로 ‘신한카드 봄’ 신용·체크카드 써볼까?
2512,국내외 이용금액 최대 0.3% 캐시백 · 대중교통 일 최대 200원 캐시백
2512,캐시백
2512,국내외 이용금액 월 최대 0.3% 캐시백
2512,버스/지하철 후불교통 이용금액 캐시백
2512,어디서나 무제한 캐시백! 20대 첫 카드로 ‘신한카드 봄’ 신용·체크카드 써볼까?
2513,zgm.고향으로카드 · NH농협카드 · 연회비 캐시백
2513,NH포인트(지역) 최대 1.7% 적립 · NH포인트(평일) 0.7% 적립 · NH포인트(주말) 1.0% 적립
2513,[고향사랑 기본 서비스] 국내/해외 이용가맹점 0.7% NH포인트 적립
2513,[고향사랑 기본 서비스] 주말 국내 이용가맹점 0.3% NH포인트 추가적립
2513,[고향사랑 우대 서비스] 주말 기부지역 광역시·도 가맹점 및 전국 농협판매장/농협운영 주유소 0.7% NH포인트 추가적립
2513,zgm 할인카드
2514,스탁마일리지 2% 특별 적립 · 스탁마일리지 1% 기본적립
2514,스탁마일리지 2X-특별적립
2514,스탁마일리지 1X-기본적립
2515,스탁마일리지 3% 특별적립 · 바우처 제공 10만원 상당 · 공항 라운지 연 2회 무료
2515,스탁마일리지 3X-특별적립
2515,스탁마일리지 2X-특별적립
2515,스탁마일리지 1X-기본적립
2516,스탁마일리지 5% 특별적립 · 바우처 제공 30만원 상당 · 공항라운지 연 10회 무료
2516,스탁마일리지 5X-특별적립
2516,스탁마일리지 3X-특별적립
2516,스탁마일리지 1X-기본적립
2517,네이버 디지털콘텐츠 50% 적립 · 국내 가맹점 1% 적립 · 배달앱·스타벅스 5% 적립
2517,네이버 디지털콘텐츠/네이버플러스 멤버십 50% 네이버페이 포인트 적립
2517,네이버페이로 결제 시 국내 가맹점 1% 네이버페이 포인트 적립
2517,배달앱/커피전문점 5% 네이버페이 포인트 적립
2517,온라인쇼핑몰 5% 네이버페이 포인트 적립
2517,해외 1% 네이버페이 포인트 적립
2517,"[반값카드] 네이버페이 4% 추가적립 받는 멤버십 반값 공략법, 쇼핑 멤버십 50% 카드"
2517,무제한 네이버페이 포인트 적립! 웹툰 쿠키결제도 50%적립되는 ‘네이버웹툰 삼성 iD 카드’ 출시
2518,컬리 적립금 5% 적립 · 해외 가맹점 2% 적립 · 국내 가맹점 1% 적립
2518,컬리 적립금 5% 적립
2518,해외 가맹점 컬리 적립금 2% 적립
2518,국내 가맹점 컬리 적립금 1% 적립
2518,2026 컬리멤버스 활용 꿀팁 총정리: 컬리카드 & 마켓컬리 할인카드 추천
2518,"쿠팡말고 다른 멤버십으로 갈아탈까? 신규가입자를 위한 네이버, 컬리, 신세계 멤버십 총정리!(feat.멤버십 할인카드)"
2518,"“주문부터 결제, 최대 12% 적립까지...10초만에 완료!” 컬리카드 & 컬리페이 출시"
2519,국내 전 가맹점 0.3% 캐시백 · OTT 30% 캐시백 · 패션 30% 캐시백
2519,할인
2519,국내 전 가맹점 0.3% 캐시백
2519,OTT 30% 캐시백
2519,패션 30% 캐시백
2519,멤버십 30% 캐시백
2521,NOL포인트 10% 적립 · 해외결제 10% 적립 · 커피·편의점·쇼핑 10% 적립
2521,야놀자·인터파크(투어/티켓)·트리플 NOL 포인트 10% 적립
2521,커피전문점·편의점·디지털 콘텐츠 서비스 NOL 포인트 10% 적립
2521,쇼핑·영화·골프·대중교통 NOL 포인트 10% 적립
2521,해외 가맹점 NOL 포인트 10% 적립
2521,주말에 몰캉스 떠나볼까? 스타필드·백화점·아울렛 할인카드 BEST 7
2521,"야놀자 10%적립부터 할인쿠폰까지! 현대카드, 야놀자 신용카드 ‘NOL(놀) 카드’ 선보이다"
2521,현대카드ZERO Edition2(할인형)
2522,KT통신서비스 최대 2만원 할인 · KT단말기 장기할부 서비스
2522,KT 통신서비스 요금 청구할인
2522,SKT·KT·LG U+ 통신사 제휴카드 할인 이득일까?｜2026  통신비 할인카드 추천
2523,"LG U+ 통신요금 최대 15,000원 청구할인 · 페밀리레스토랑 10% 청구할인 · 커피 20% 청구할인"
2523,LG U+ 유무선 통신요금 할인
2523,패밀리레스토랑 10% 청구할인
2523,커피 20% 청구할인
2523,전국 영화관 3천원 청구할인
2523,주요 놀이공원 자유이용권 50% 현장할인
2523,SKT·KT·LG U+ 통신사 제휴카드 할인 이득일까?｜2026  통신비 할인카드 추천
2525,주유 최대 100원/L 할인 · 버스·지하철 10% 청구할인 · 스타벅스·폴바셋 10% 청구할인
2525,[Daily 할인] 주유 리터당 60~100원 청구할인
2525,[Daily 할인] 대중교통 10% 청구할인
2525,[Daily 할인] 커피 10% 청구할인
2525,할인
2525,[Simple 할인] 국내 가맹점 1.0%~0.7% 청구할인
2526,LG트윈스 홈경기 3천원 할인 · CGV 3천원 현장할인 · 테마파크 30~50% 할인
2526,LG트윈스 입장권 할인
2526,LG트윈스 용품 구매 시 10% 현장 할인
2526,"전국 CGV 영화관 3,000원(2매 기준) 현장할인"
2526,"롯데월드, 서울랜드, 에버랜드 자유이용권 50% 및 캐리비안베이 입장권 30% 할인"
2527,편의점·커피 10% 적립 · 디지털 구독 10% 적립 · One Pick 쇼핑몰 3천 포인트 적립
2527,4대 편의점 이용 시 10% 적립
2527,커피 업종 이용 시 10% 적립
2527,해외 이용금액 1% 적립
2527,디지털 구독 영역 이용 시 10% 적립
2527,One Pick 온라인 쇼핑몰 가맹점 최대 3천 포인트 적립
2528,편의점·커피 10% 적립 · 사진·볼링·테니스·스키 10% 적립 · One Pick 맛집 3천 포인트 적립
2528,4대 편의점 이용 시 10% 적립
2528,커피 업종 이용 시 10% 적립
2528,해외 이용금액 1% 적립
2528,놀이 영역 이용 시 10% 적립
2528,One Pick 맛집 가맹점 최대 3천 포인트 적립
2529,국내외가맹점 1% 적립 · 해외 가맹점 3% 적립 (월 적립한도 5만 하나머니) · 항공/면세점/여행 3% 적립 (월 적립한도 5만 하나머니)
2529,국내외 가맹점 1.0% 하나머니 적립
2529,간편결제 1.0%~1.3% 하나머니 적립
2529,해외 가맹점 3% 하나머니 적립 (신용카드 결제 시)
2529,항공사 3% 하나머니 적립
2529,면세점 3% 하나머니 적립
2529,여행 3% 하나머니 적립
2530,"한식, 휴게음식점 5% 할인 · 커피/제과 5% 할인 · 대중교통 5% 할인"
2530,"한식, 휴게음식점 업종 5% 환급할인 (평일만)"
2530,커피음료전문점 업종 5% 환급할인 (평일만)
2530,제과아이스크림 업종 5% 환급할인 (평일만)
2530,"대중교통(버스, 지하철) 5% 청구할인"
2532,해외 수수료 1.18% 할인 · 국내 이용금액 0.7% 적립 · 해외 이용금액 1.7% 적립
2532,해외 수수료 할인 서비스(전월실적 없음)
2532,마이신한포인트 적립(전월실적 30만원 이상)
2532,"해외직구 카드결제 수수료 면제 & 할인받는 혜택, 해외결제 신용카드 추천 BEST 6"
2532,해외결제 수수료? 무제한 할인! 해외결제 특화 ‘신한카드 Globus(글로버스)’ 출시
2533,에너지 공과금 10% 할인 · 대형마트 5% 할인 · 전기차 충전 10% 할인
2533,에너지 공과금 청구할인 서비스
2533,일상생활 청구할인 서비스
2533,"스타벅스부터 아파트관리비까지, 특별한 달에는 2배로 할인 받는 신용카드 추천 BEST 5"
2533,에너지 소비가 많은 달엔 할인이 2배! 공과금할인에 특화된 ‘에너지 더블 카드’ 선보이다
2534,의료 20% 할인 · 보험 10% 할인 · 헬스/뷰티 20% 할인
2534,의료 20% 결제일 할인
2534,보험 10% 결제일 할인
2534,헬스/뷰티 20% 결제일 할인
2534,할인점 10% 결제일 할인
2534,할인
2534,이동통신/렌탈/멤버십 정기결제 시 10% 결제일 할인
2534,"전월 이용금액에 관계없이, 할인한도 없이 해외 1% 결제일할인"
2534,"병원비 할인카드 추천 BEST 7, 약국부터 고액 병원비까지 할인 받는 신용카드로 모았다"
2534,2026 트레이더스 할인카드 추천부터 회원권 꿀팁까지! 트레이더스 갈 때 삼성카드만 챙길 필요 없다?
2534,연 최대 66만원 할인! 병원비·보험·건강 특화 할인카드 ‘삼성 iD VITA 카드’ 출시
2535,TOP포인트 최대 2% 적립 · 바우처 15만원 상당 제공 · 공항라운지 연 4회 무료
2535,TOP포인트 적립
2536,"1,500원 당 최대 2마일리지 적립 · 바우처 15만원 상당 제공 · 공항라운지 연 4회 무료"
2536,대한항공(Skypass) 마일리지 적립
2537,"롯데마트 월 최대 30,000원 할인 · MAXX 월 최대 30,000원 할인"
2537,"롯데마트, MAXX 월 최대 30,000원 결제일 할인"
2538,전월실적 없이 0.5% 할인 · 전월 100만원 이상 이용시 1.0% 할인
2538,국내외 가맹점에서 최대 1% 할인
2539,S-OIL 10% 할인 · 스타벅스 30% 할인 · 고속도로 통행료 10% 할인
2539,S-OIL 주유 10% 결제일할인
2539,스타벅스 드라이브스루 30% 결제일할인
2539,고속도로 통행료 10% 결제일할인
2539,주차장/대리운전 10% 결제일 할인
2540,슈퍼프리미엄 쿠폰 2가지 제공 · 국내외 1~3% 포인트리 적립 · 국제브랜드 VISA Infinite 서비스 제공
2540,국내외 가맹점 1~3% 적립
2541,쿠폰 서비스 연 1회 제공 · 대한항공 1천원당 최대 2마일 적립 · 특별 서비스 연 1회 제공
2541,대한항공 마일리지 적립 서비스
2542,쿠폰 서비스 연 1회 제공 · 국내외 1~3% 포인트리 적립 · 특별 서비스 3가지 제공
2542,국내외/특정 업종 포인트리 적립
2542,HERITAGE Smart [할인형]
2543,"신세계백화점 1% 결제일할인 · 국내외가맹점 0.5% 결제일할인 · 모든 영화관 10,000원 결제일할인"
2543,신세계백화점 1% 할인
2543,0.5% 결제일할인
2543,교육•할인점•이동통신•병원•약국 할인
2543,"모든 영화관 10,000원 결제일할인"
2543,커피전문점 20% 결제일할인
2543,"VIPS•더플레이스 20,000원 결제일할인"
2543,놀이공원•워터파크 할인 서비스
2544,zgm.play카드 · NH농협카드 · 최대 21.5만원 캐시백
2544,"영화 5,000원 할인 · 커피 30% 할인 · 패스트푸드 20% 할인"
2544,"CGV, 롯데시네마, 메가박스 5천원 청구할인"
2544,"스타벅스, 투썸플레이스, 커피빈 30% 청구할인"
2544,패스트푸드업종 20% 청구할인
2544,미용실·올리브영·CU/GS25 5% 청구할인 (H&B 편의점 통합 일 1회)
2544,쇼핑·서점 5% 청구할인 (통합 일 1회)
2544,2026 캐리비안베이 할인카드로 50% 할인 & 에버랜드 무료입장까지 챙기는 방문 꿀팁 총정리
2544,2026 에버랜드 할인카드 추천 BEST 5ㅣ자유이용권 입장료부터 팀 에버랜드 멤버십 혜택까지 총정리
2544,맥도날드 최대 45% 할인 받는 법! 2026 패스트푸드 & 맥도날드 할인카드 추천 BEST 5
2544,zgm 할인카드
2545,"영화 5,000원 할인 · 커피 30% 할인 · 워터파크 2인 무료 입장"
2545,"CGV, 롯데시네마, 메가박스 5천원 청구할인"
2545,"스타벅스, 투썸플레이스, 커피빈 30% 청구할인"
2545,패스트푸드업종 20% 청구할인
2545,미용실·올리브영·CU/GS25 5% 청구할인 (H&B 편의점 통합 일 1회)
2545,쇼핑·서점 5% 청구할인 (통합 일 1회)
2545,zgm 할인카드
2546,편의점/커피 10% 적립 · 사진·볼링·테니스·스키 10% 적립 · One Pick 맛집 3천 포인트 적립
2546,4대 편의점 10% 적립
2546,커피 업종 10% 적립
2546,놀이 영역 이용 시 10% 적립
2546,One Pick 맛집 가맹점 최대 3천 포인트 적립
2547,편의점·커피 10% 적립 · 디지털 구독 10% 적립 · One Pick 쇼핑몰 3천 포인트 적립
2547,4대 편의점 이용 시 10% 적립
2547,커피 업종 이용 시 10% 적립
2547,디지털 구독 영역 이용 시 10% 적립
2547,One Pick 온라인 쇼핑몰 가맹점 최대 3천 포인트 적립
2548,하이패스 통행료 후불 결제 · 포인트리 0.1% 적립 · 한국도로공사 통행료 최대 50% 할인
2548,포인트리 적립/할인
2549,주중 서비스 요일별 5% 포인트 적립 · 토/일 서비스 월 최대 1만2천 포인트 적립 · 월간서비스 10% 포인트 적립
2549,적립
2549,요일별 서비스영역 대상 가맹점 이용시 5% 카카오페이포인트 적립
2549,"토/일 카카오페이로 이용 시, 3천 카카오페이포인트 적립"
2549,적립
2549,"OTT 및 멤버십 서비스, 커피 대상가맹점 이용 시 10% 카카오페이포인트 적립"
2550,"커피·모바일·문화 10% 할인 · 뷰티·편의점 5% 할인 · 에버랜드·롯데월드 15,000원 할인"
2550,"[일상] 스타벅스, 커피빈 10% 할인"
2550,"[일상] 구글플레이스토어, 앱스토어 10% 할인"
2550,[일상] 인터파크 티켓 10% 할인
2550,"[일상] 올리브영, 미용실 업종 5% 할인"
2550,"[일상] GS25, CU 5% 할인"
2550,"[일상] 넷플릭스, 유튜브프리미엄 1,000원 할인"
2550,"[일상] 배달의민족, 요기요 1,000원 할인"
2550,"[일상] SKT, KT, LG U+, Liiv M 2,500원 할인"
2550,"[일상] CGV 4,000원 할인"
2550,"[일상] 에버랜드, 롯데월드 15,000원 할인"
2550,[Play] PC방 업종 10% 할인
2550,"[Play] 패스트푸드 업종 1,000원 할인"
2551,국내외 가맹점 1% 청구할인 · 전월실적 따라 최대 2만원 추가할인
2551,[기본 할인] 국내외 가맹점 1% 청구할인
2551,할인
2551,[추가 할인] 전월실적에 따라 매월 최대 2만원 청구할인
2551,현대카드ZERO Edition2(할인형)
2552,국내외 가맹점 0.2% 적립 · 전월실적에 따라 최대 3천원 추가 적립 · 공연·테마파크·영화·여행 중 한 곳 1만원 적립
2552,[기본 적립] 국내외 가맹점 이용금액 0.2% 적립
2552,적립
2552,[추가 적립] 전월실적에 따라 최대 3천원 추가 적립
2552,적립
2552,[특별 적립] 4대 일상영역 중 한 곳 1만원 적립
2552,20대 대학생 & 사회초년생을 위한 뮤지컬 할인 체크카드 BEST 3
2553,SKYPASS 최대 2마일리지 적립 · 해외이용수수료 0.3% 면제 · 국내 공항라운지 동반 1인 동시 이용
2553,SKYPASS 최대 2마일리지 적립
2553,2026 인기 대한항공 마일리지 적립 신용카드 비교 추천 BEST 4 (ft.마일리지 적립 꿀팁)
2554,해외수수료 면제 서비스 · 해외가맹점 0.7% 하나머니 적립 · 커피·디지털구독 20% 하나머니 적립
2554,해외 가맹점 하나머니 적립
2554,국내 가맹점 하나머니 적립
2555,대중교통 10% 할인 · 생활서비스 5% 할인 · KB Pay 이용 시 5% 추가할인
2555,할인
2555,청구 할인 서비스
2555,에디터가 비교해서 추천하는 K-패스 신용카드 BEST 4 혜택 정리 │ 2026 교통할인카드 추천
2556,대중교통 10% 적립 · 생활서비스 1% 적립 · KB Pay 이용 시 1% 추가 적립
2556,적립
2556,포인트리 적립 서비스
2556,2026 교통할인카드 비교 총정리│K-패스 vs 기후동행카드 vs 더경기패스 vs 인천 I-패스 vs 모두의 카드
2557,대중교통 15% 할인 · OTT/스트리밍 15% 할인 · 이동통신요금 5% 할인
2557,"대중교통(버스, 지하철) 15% 결제일 할인"
2557,OTT/스트리밍 15% 결제일 할인
2557,이동통신요금 5% 결제일 할인
2557,편의점 5% 결제일 할인
2557,카페 5% 결제일 할인
2557,해외 3% 결제일 할인
2557,에디터가 비교해서 추천하는 K-패스 신용카드 BEST 4 혜택 정리 │ 2026 교통할인카드 추천
2558,대중교통 10% 할인 · 커피전문점 20% 할인 · 디지털콘텐츠/멤버십 20% 할인
2558,대중교통 10% 결제일 할인
2558,커피전문점 20% 결제일 할인
2558,디지털콘텐츠/멤버십 정기결제 시 20% 결제일 할인
2558,온라인쇼핑 3% 결제일 할인
2558,에디터가 비교해서 추천하는 K-패스 신용카드 BEST 4 혜택 정리 │ 2026 교통할인카드 추천
2559,K-패스 (신용) · IBK기업은행 · 최대 12.5만원 캐시백
2559,대중교통 최대 300원 할인 · 주유 40원/L 할인 · 통신 3% 할인
2559,[교통특화 서비스] 대중교통 최대 300원 할인
2559,[교통특화 서비스] 일반교통 5% 할인
2559,[생활 서비스] 주유 리터당 40원 할인
2559,[생활 서비스] 통신 3% 할인
2559,[생활 서비스] 외식 10% 할인
2559,[생활 서비스] 영화 2천원 할인
2559,[생활 서비스] 놀이공원 본인 무료입장 또는 자유이용권 최대 50% 할인
2559,[특별우대 서비스] 환전 우대 환율 50% 우대
2559,에디터가 비교해서 추천하는 K-패스 신용카드 BEST 4 혜택 정리 │ 2026 교통할인카드 추천
2560,K-패스카드(신용) · NH농협카드 · 연회비 캐시백
2560,대중교통 10% 청구할인 · 렌터카/카쉐어링 10% 청구할인 · 전기차 충전 10% 청구할인
2560,[모빌리티 서비스] 버스/지하철/택시/철도/렌터카/카쉐어링/전기차 충전 10% 청구할인
2560,[라이프 서비스①] 이동통신요금/오픈마켓/배달앱/스포츠/H&B 5% 청구할인
2560,[라이프 서비스②]커피전문점/편의점 10% 청구할인
2560,에디터가 비교해서 추천하는 K-패스 신용카드 BEST 4 혜택 정리 │ 2026 교통할인카드 추천
2560,zgm 할인카드
2561,대중교통 10% 할인 · 렌터카/카쉐어링 5% 할인 · 전기차 충전 5% 할인
2561,"[모빌리티 서비스] 버스/지하철 10% 캐시백, 렌터카/카쉐어링/전기차 충전 5% 캐시백"
2561,[라이프 서비스] 이동통신요금/커피전문점/편의점 5% 캐시백
2562,대중교통 건당 100원 할인 · 커피 10% 할인 · 쇼핑 10% 할인
2562,대중교통 건당 100원 할인
2562,커피 10% 할인
2562,쇼핑 10% 할인
2562,편의점 5% 할인
2562,영화 4천원 할인
2562,놀이공원 본인 무료입장 또는 자유이용권 최대 50% 할인
2562,2026 교통할인카드 비교 총정리│K-패스 vs 기후동행카드 vs 더경기패스 vs 인천 I-패스 vs 모두의 카드
2563,"대중교통 10% 캐시백 · 이동통신 10% 캐시백 · 편의점/커피전문점/제과 1,000원 캐시백"
2563,대중교통 10% 캐시백
2563,이동통신 10% 캐시백
2563,"CGV 3,000원 할인"
2563,2026 교통할인카드 비교 총정리│K-패스 vs 기후동행카드 vs 더경기패스 vs 인천 I-패스 vs 모두의 카드
2564,온라인업종 5% 적립 · 통신요금 5% 적립 · 대중교통 10% 적립
2564,온라인 업종 5% 에코머니 포인트 적립
2564,"통신요금(SKT, KT, LG U+) 자동이체시 5% 에코머니 포인트 적립"
2564,"버스, 지하철 10% 에코머니 포인트 적립"
2564,"KTX, 고속버스 5% 에코머니 포인트 적립"
2564,"스타벅스, 엔젤리너스, 이디야, 투썸플레이스, 메가커피, 5% 에코머니 포인트 적립"
2564,"CGV, 롯데시네마, 메가박스 2,000점 에코머니 포인트 적립"
2564,국내 전 가맹점 0.3% 에코머니 포인트 적립
2564,1st카드 (캐시백형)
2564,1st카드 (포인트 적립형)
2564,1st카드 (포인트 적립형)
2564,1st카드 (캐시백형)
2565,I-PET · IBK기업은행 · 최대 1.9만원 캐시백
2565,동물병원/반려동물 업종 30% 할인 · 반려동물사진관 30% 할인 · 온라인쇼핑 10% 할인
2565,동물병원/반려동물업종 30% 할인
2565,반려동물사진관 30% 할인
2565,온라인쇼핑 10% 할인
2565,커피 10% 할인
2565,대형마트 5% 할인
2565,편의점 5% 할인
2566,국내 가맹점 1.2% 할인 · 해외 가맹점 2.0% 할인
2566,국내 가맹점 1.2% 결제일 할인
2566,해외 가맹점 2.0% 결제일 할인
2566,"롯데카드, 해외 5% 할인 ‘Trip to 로카’ 빠니보틀 카드 에디션 출시 (ft.해외결제 신용카드 비교)"
2567,GS25 최대 10% 할인 · 커피전문점 10% 할인 · 디지털콘텐츠 30% 할인
2567,GS25 1%/5%/10% 결제일 할인
2567,GS THE FRESH 1%/5%/10% 결제일 할인
2567,커피전문점/배달앱 10% 결제일할인
2567,디지털콘텐츠 30% 결제일 할인
2567,해외 1% 결제일 할인
2568,"대중교통 10% 청구할인 · 이동통신요금 2,500원 환급할인 · CGV 35% 환급할인"
2568,버스·지하철 10% 청구할인
2568,이동통신요금 5% 환급할인
2568,CGV 35% 환급할인
2568,"아웃백, VIPS 20% 환급할인"
2568,스타벅스 20% 환급할인
2568,에버랜드·롯데월드 50% 환급할인
2568,GS25 5% 환급할인
2568,교보문고 5% 환급할인
2569,트래블 포인트 최대 2.0% 적립 · 해외 이용 수수료 면제 서비스
2569,적립
2569,트래블 포인트 적립 포인트
2570,온라인 쇼핑 5% 캐시백 · 간편결제 5% 캐시백 · 스타벅스 5% 캐시백
2570,[오늘 하루 SHOPPING] 온라인 쇼핑 5% 캐시백
2570,[오늘 하루 SHOPPING] 간편결제 5% 캐시백
2570,[오늘 하루 SHOPPING] 안경/렌즈 5% 캐시백
2570,[오늘 하루 EAT] 커피 5% 캐시백
2570,[오늘 하루 EAT] 배달/주문 5% 캐시백
2570,[오늘 하루 LIFE] 대중교통(버스/지하철) 5% 캐시백
2570,[오늘 하루 LIFE] 이동통신 5% 캐시백
2570,[오늘 하루 LIFE] 해외 5% 캐시백
2570,[오늘 하루 LIFE] 어학시험 5% 캐시백
2570,[오늘 하루 PLAY] OTT 5% 캐시백
2570,[오늘 하루 PLAY] 공연티켓 5% 캐시백
2571,"메가스터디교육 최대 12,000원 할인 · 생활요금 최대 3,000원 할인"
2571,"메가스터디교육 7,000원~12,000원 할인"
2571,"생활요금 정기결제 월 최대 3,000원 할인"
2572,국내 6대 저비용 항공사 45 UniMile 적립 · 해외·면세점·여행사 35 UniMile 적립 · 인천공항 라운지 무료 이용
2572,UniMile 적립
2572,"LCC 마일리지 한도 없이 적립! ‘Mile 1 하나카드’, 밤도깨비 여행의 필수카드 된 이유"
2582,환전 수수료 ZERO (환율 100% 우대) · 해외 결제/ATM 수수료 ZERO · 국내 실적/한도없이 캐시백/할인
2582,적립
2582,국내 온라인/오프라인 실적 상관없이 무조건 무제한 0.3% 캐시백
2582,할인
2582,국내 커피빈 / CGV 실적 상관없이 무조건 즉시할인
2583,PAYCO 포인트 최대 1% 적립 · 24/36개월 장기할부 서비스 · 커피전문점·편의점 5% 청구할인
2583,PAYCO 포인트 적립 서비스
2583,커피전문점 5% 청구할인
2583,편의점 5% 청구할인
2585,대중교통 최대 5% 적립 · 생활편의 최대 2% 적립 · 해외 이용금액 1.3% 적립
2585,대중교통(버스/지하철) 이용 시 최대 5% 적립
2585,생활편의영역(통신·편의점·생활잡화·디지털컨텐츠·커피) 이용시 2% 적립
2585,해외 이용금액에 대해 1.3% 적립
2587,국내외 가맹점 1% 청구할인 · 전월실적 따라 최대 2만원 추가할인
2587,[기본할인] 국내외 가맹점 1% 청구할인
2587,할인
2587,[추가 할인] 전월실적에 따라 매월 최대 2만원 청구할인
2588,커피·모바일·문화 10% 할인 · 뷰티·편의점 5% 할인 · 공항라운지 연 1회 제공
2588,"스타벅스, 커피빈 10% 할인"
2588,"구글플레이스토어, 앱스토어 10% 할인"
2588,인터파크 티켓 10% 할인
2588,"올리브영, 미용실 업종 5% 할인"
2588,"GS25, CU 5% 할인"
2588,"넷플릭스, 유튜브프리미엄 1,000원 할인"
2588,"배달의 민족, 요기요 1,000원 할인"
2588,"SKT, KT, LG U+, Liiv M 2,500원 할인"
2588,"CGV 4,000원 할인"
2588,"에버랜드, 롯데월드 15,000원 할인"
2588,해외 가맹점 2% 할인
2589,GS리테일 1% 적립 · 일반가맹점 0.1% 적립 · 전월실적·적립한도 제한 없음
2589,GS리테일 점내 이용 시 GS&POINT 1% 적립
2589,그 외 모든 가맹점 이용 시 GS&POINT 0.1% 기본 적립
2590,1천원당 1.3마일리지 기본적립 · 1백만원당 300마일리지 추가적립
2591,간편결제·온라인 10% 할인 · 대중교통·택시 10% 할인 · 해외가맹점 10% 할인
2591,온라인/간편결제 10% 결제일 할인
2591,음식점/커피 10% 결제일 할인
2591,버스/지하철/택시 10% 결제일 할인
2591,해외 10% 결제일 할인
2591,삼성페이(삼성월렛) 온라인&오프라인 결제 할인 신용카드 추천 BEST 5
2592,"연 1회 1만 5천 마일리지 적립 · 1,500원당 2마일리지 적립 · 공항라운지 연 2회 무료"
2592,[웰컴기프트] 싱가포르항공 크리스플라이어(이하 KF) 1만 5천 마일리지 적립 (발급 첫해 1회)
2592,[연간기프트] 국내외 가맹점 싱가포르항공 크리스플라이어 마일리지 적립
2592,국내외 가맹점 싱가포르항공 크리스플라이어 마일리지 적립
2592,싱가포르항공 크리스플라이어 보너스 마일리지 적립
2592,"[부스터마일즈] 이용금액 1,500원당 1크리스플라이어 마일리지 추가 적립"
2592,할인
2592,싱가포르항공 크리스플라이어 공제 마일리지 할인 쿠폰 제공
2592,할인
2592,싱가포르항공 이용금액 결제일 할인
2592,"[후기] 싱가포르항공x신한카드, 호주여행 속 숨겨진 마일리지 적립 카드 활용 꿀팁을 찾아서"
2592,"혜택의 범위를 좁혔더니, 할인은 더 커진 신용카드 추천 (ft.스타벅스, 메리어트 본보이, 트래블월렛)"
2593,zgm.일본여행중 카드 · NH농협카드 · 라운지 이용권+연회비 캐시백
2593,해외 결제 해외서비스 수수료 면제 · 일본 오프라인 매장 10% 적립 · 공항라운지 무료 이용
2593,"일본 오프라인 매장 10% NH포인트 적립
(전월실적 30만원 이상)"
2593,익스피디아 이용 시 객실요금 9% 즉시 할인
2593,적립
2593,해외 및 국내 생활업종 NH포인트 적립
2593,zgm 할인카드
2594,"1,000원 당 최대 2마일리지 적립 · 공항라운지 무료 이용"
2594,특별적립처 이용 시 아시아나클럽 마일리지 더블 적립
2595,랭킹닭컴 20% 청구할인 · 골프(연습)장 최대 10% 청구할인 · 구독서비스 10% 청구할인
2595,랭킹닭컴 20% 청구할인
2595,골프(연습)장 최대 10% 청구할인
2595,구독서비스 10% 청구할인
2596,"전가맹점 최대 0.5% 캐시백 · 대중교통 일 최대 200원 캐시백 · 디지털 구독 최대 10,000원 캐시백"
2596,캐시백
2596,국내외 이용금액 최대 0.5% 캐시백
2596,버스/지하철 후불교통 이용금액 캐시백
2596,디지털 구독 이용금액 월 최대 1만원 캐시백
2597,국내외 이용금액 최대 0.3% 캐시백 · 대중교통 일 최대 200원 캐시백
2597,캐시백
2597,국내외 이용금액 월 최대 0.3% 캐시백
2597,버스/지하철 후불교통 이용금액 캐시백
2598,올리브영 10% 적립 · 빕스/뚜레쥬스/CGV 30% 적립 · 전가맹점 최대 0.3% 적립
2598,올리브영 이용금액 10% CJ ONE 포인트 적립
2598,빕스/뚜레쥬르/CGV 이용금액 30% CJ ONE 포인트 적립
2598,7대 CJ브랜드 이용금액 최대 3% CJ ONE 포인트 적립
2598,국내외 전가맹점(7대 CJ브랜드 제외) 최대 0.3% CJ ONE 포인트 적립
2601,간편결제 20% 할인 · 온라인쇼핑 20% 할인 · 커피전문점 20% 할인
2601,"네이버페이, 카카오페이, 페이코 결제 시 이용금액의 20% 할인 캐시백"
2601,"쿠팡, 무신사, 지그재그, W컨셉, 에이블리 결제 시 이용금액의 20% 할인 캐시백"
2601,"스타벅스, 투썸플레이스, 커피빈, 메가커피, 빽다방, 컴포즈커피 결제 시 이용금액의 20% 할인 캐시백"
2602,"디지털구독 월 한도 내 100% 할인 · 정기결제 자동이체 1,000원 할인 · 생활 서비스 10% 할인"
2602,5개 영역 디지털 구독 가맹점 정기결제 이용 시 결제일 할인
2602,할인
2602,서비스 대상 정기결제 자동이체 시 결제일 할인
2602,할인
2602,서비스 대상 배달앱/생활편의 가맹점 이용 시 결제일 할인
2602,"아파트관리비 실적 인정 카드만 모았다, 2026 아파트관리비 할인카드 추천 BEST 4"
2602,"2026 KBO 야구 중계, 티빙 & OTT 구독료 할인카드로 단돈 500원에 보는 꿀팁"
2602,"[추천] ""디즈니플러스, 넷플릭스 구독료 공짜?"" OTT·멤버십 100% 할인카드 BEST3"
2603,주유소 최대 300원/L 청구할인 · 차량정비·주차·세차 10% 청구할인
2603,주유소(충전소 포함) 리터당 150원~300원 청구할인
2603,"차량정비, 주차장, 세차장 업종 10% 청구할인"
2604,토심이 첵첵 체크카드 · KB국민카드 · 3만원 캐시백
2604,대중교통 최대 4천원 할인 · 온라인간편결제 최대 4천원 할인 · 스타벅스 최대 4천원 할인
2604,"후불교통(시내버스, 지하철) 청구할인, 고속/시외버스 환급할인 (최대 4천원)"
2604,CU편의점 최대 4천원 환급할인
2604,스타벅스(사이렌오더 포함) 최대 4천원 환급할인
2604,CGV 최대 4천원 환급할인
2604,텐바이텐 최대 4천원 환급할인
2604,네이버페이·카카오페이·SSG페이 최대 4천원 환급할인 (온라인만)
2604,"올리브영, 안경(렌즈)점 최대 4천원 환급할인"
2604,"YES24, 교보문고 최대 4천원 환급할인 (온라인만)"
2604,인터파크티켓 최대 4천원 환급할인 (온라인만)
2605,티맵 최대 50% 청구할인 · OTT 10% 청구할인 · 주유·식음료 5% 청구할인
2605,티맵 최대 50% 청구 할인
2605,OTT 10% 청구 할인
2605,주유 5% 청구 할인
2605,식음료 5% 청구 할인
2606,전용치아보험 5% 할인 적용 · GC헬스케어 무료혜택 제공 · 의료·헬스·생활편의 서비스 7% 할인
2606,의료 업종 할인
2606,스포츠 및 헬스 업종 할인
2606,생활편의 가맹점 할인
2607,"KT통신요금 최대 13,000원 할인 · SK주유소 1% 할인"
2607,"KT 통신요금 결제일 할인
전월실적 별 월 최대 13,000원 할인"
2607,"SK주유소 결제일 할인
전월 실적 30만원 이상 시 1% 할인"
2608,대성학원·학원업종 3~5% 캐시백 · GS칼텍스 40원/L 할인 · 4대 놀이동산 최대 50% 할인
2608,대성학원 및 학원업종 3~5% 캐시백
2608,GS칼텍스 주유시 리터랑 40원 결제일 할인
2608,테마파크 자유이용권 본인 할인
2609,쿠팡 최대 4만원 적립(최대 4%: 기본2%+추가2%) · 쿠팡 외 최대 2.4만원 적립(최대2.4%: 기본0.2%+추가2.2%) · [프로모션 기간: ~26.10.15]
2609,"쿠팡, 쿠팡이츠, 쿠팡플레이 최대 4만원 적립(전월실적 조건 없음)
쿠팡 외 최대 2.4만원 적립(전월실적 조건 없음)"
2609,적립
2609,"(상품 기본 혜택) 쿠팡, 쿠팡이츠, 쿠팡플레이 2% 쿠팡캐시 적립"
2609,적립
2609,(상품 기본 혜택) 쿠팡 외 가맹점 0.2% 쿠팡캐시 적립
2609,2026  인기 포인트 적립 높은 신용카드 순위 비교 추천 BEST 5
2609,2026  인기 쿠팡 할인카드 & 와우멤버십 할인 신용카드 추천 BEST 8
2610,전기차·수소차 충전 최대 40% 적립 · 공유 모빌리티 10% 적립 · 대중교통·고속버스 10% 적립
2610,친환경 자동차 최대 40% 적립
2610,공유 모빌리티 10% 적립
2610,대중교통 10% 적립
2610,일반교통 10% 적립
2610,커피전문점 10% 적립
2610,생활 서비스 0.2% 적립
2610,"스타벅스에서 매번 800원 적립받고, 신용카드로 10% 추가할인까지 받는 팁!"
2611,프로그램 iPhone for Life 이용 · Applus포인트 0.2% 적립 · 프로그램 미이용시 3%~5% 적립
2611,적립
2611,Applus포인트 기본 적립
2611,적립
2611,iPhone for Life 프로그램 미 이용 시 Applus포인트 특별 적립
2612,"ALL 리워드 포인트 4,000 적립 · ALL 회원 SILVER 등급 제공 · 3,000원 당 최대 3 ALL 리워드 포인트 적립"
2612,[아코르 서비스] ALL 리워드 포인트 적립
2612,2026 5성급 호텔 5만원 이상 할인 받는 호텔 할인 카드 추천 & 꿀팁 대공개
2613,"ALL 리워드 포인트 14,000 적립 · 아코르플러스 유료 멤버십 자동가입 · 3,000원 당 최대 5 ALL 리워드 포인트 적립"
2613,[아코르 서비스] ALL 리워드 포인트 적립
2613,"혜택의 범위를 좁혔더니, 할인은 더 커진 신용카드 추천 (ft.스타벅스, 메리어트 본보이, 트래블월렛)"
2614,전 가맹점 0.1% 적립 · KB Pay 전 업종 5% 적립
2614,적립
2614,KB Pay '다 되는' 적립
2614,KB Pay 온라인 '더 되는' 적립
2614,KB Pay 오프라인 '더 되는' 적립
2615,국내・외 가맹점 0.5% 카카오페이 포인트 적립 · 주요소비영역 최대 1.5% 카카오페이 포인트 적립 · 멤버십 영역 최대 7% 카카오페이 포인트 적립
2615,ALL - 국내・외 가맹점 0.5% 카카오페이 포인트 적립
2615,LIVING - 주요소비영역 1%~1.5% 카카오페이 포인트 적립
2615,MEMBERSHIP - 멤버십 영역 5%~7% 카카오페이 포인트 적립
2616,전기차/수소차 충전금액 최대 40% 적립 · 공유 모빌리티 10% 적립 · 대중교통 10% 적립
2616,친환경 자동차 충전 에코머니 포인트 최대 40% 적립
2616,"공유 모빌리티, 대중교통, 일반교통, 커피전문점 에코머니 포인트 10% 적립"
2616,적립
2616,국내 전가맹점 에코머니 포인트 0.2% 적립
2616,전기차 오너라면 필수! 충전 시 최대 40% 적립 가능 '어디로든 그린카드' 출시
2617,전기・수소차 충전 20~40% 에코머니 적립 · 교통 10% 에코머니 적립 · 국내 가맹점 0.2% 에코머니 적립
2617,전기차/수소차 충전 20~40% 적립
2617,버스/지하철 10% 적립
2617,고속버스 10% 적립
2617,공유 모빌리티 10% 적립
2617,커피 전문점 10% 적립
2617,적립
2617,국내 전가맹점 0.2% 적립
2617,전기차 오너라면 필수! 충전 시 최대 40% 적립 가능 '어디로든 그린카드' 출시
2617,zgm 할인카드
2618,주유 최대 90원/L 할인 · 주차장·하이패스·대리운전 10% 할인 · 국내외 가맹점 0.5% 할인
2618,주유 리터당 70원·90원 결제일 할인
2618,주차장·하이패스·대리운전 10% 결제일 할인
2618,국내외 가맹점 0.5% 결제일 할인
2618,할인점·온라인쇼핑몰·편의점·배달앱·커피전문점 1.5% 결제일 할인
2618,"영화 5,000원 결제일 할인"
2618,혜택 좋은 주유할인카드 21종 전격 비교 추천! (주유비 할인카드 혜택 정리) _ 2026년 기준 업데이트
2619,전기차/수소차 충전소 최대 40% 적립 · 전국 버스/지하철 10% 적립 · 국내가맹점 0.2% 적립
2619,적립
2619,에코머니 포인트 적립서비스
2619,전기차 오너라면 필수! 충전 시 최대 40% 적립 가능 '어디로든 그린카드' 출시
2620,전가맹점 0.2% 적립 · 이용금액 1위 3배 적립 · 국제공항 라운지 무료 이용
2620,[기본 적립] 국내/외 이용가맹점 0.2% NH포인트 적립
2620,적립
2620,[스마트 적립] 6개 영역 중 이용금액 1위/2위 영역 기본적립의 3배/2배 적립
2621,친환경 자동차 충전 최대 20% 적립 · 공유 모빌리티 5% 적립 · 커피전문점 5% 적립
2621,친환경 자동차 충전 최대 20% 적립
2621,공유 모빌리티 5% 적립
2621,커피전문점 5% 적립
2621,적립
2621,국내 전 가맹점 0.1% 적립
2621,전기차 오너라면 필수! 충전 시 최대 40% 적립 가능 '어디로든 그린카드' 출시
2622,전기차・수소차 충전 최대 40% 적립 · 공유 모빌리티 10% 적립 · 버스/지하철 10% 적립
2622,전기차/수소차 충전 최대 40% 적립
2622,공유 모빌리티 10% 적립
2622,버스/지하철 10% 적립
2622,고속버스 10% 적립
2622,커피전문점 10% 적립
2622,적립
2622,국내 전가맹점 0.2% 적립
2622,전기차 오너라면 필수! 충전 시 최대 40% 적립 가능 '어디로든 그린카드' 출시
2623,"온라인 쇼핑 10% 할인 (KB Pay) · 커피, 편의점 10% 할인 (KB Pay) · 오프라인 쇼핑, 온라인 항공/면세점 5% 할인 (KB Pay)"
2623,온라인 쇼핑 10% 할인(KB Pay 결제 시)
2623,커피/편의점 10% 할인(KB Pay 결제 시)
2623,오프라인 쇼핑 5% 할인(KB Pay 결제 시)
2623,온라인 항공/면세점 5% 할인(KB Pay 결제 시)
2624,온라인 쇼핑 10% 할인 · 주유 100원/L 할인 · 패밀리레스토랑 30% 할인
2624,온라인 쇼핑 10% 할인 (KB Pay 결제 시)
2624,"주유 100원/L, 편의점 5% 할인"
2624,"이동통신 10%, OTT 30% 할인"
2624,패밀리레스토랑 30% 할인
2624,해외 가맹점 5% 할인
2624,놀이공원 현장 할인
2624,2026 에버랜드 할인카드 추천 BEST 5ㅣ자유이용권 입장료부터 팀 에버랜드 멤버십 혜택까지 총정리
2625,"커피 100원 할인 · 편의점 200원 할인 · 대중교통 1,000원 할인"
2625,커피 업종 100원 할인
2625,편의점 200원 할인
2625,모바일 200원 할인
2625,배달음식 500원 할인
2625,"대중교통 1,000원 할인"
2626,해외 온/오프라인 2% 적립 · 네이버 쇼핑 1.5% 적립 · 국내 온/오프라인 0.3% 적립
2626,해외 온/오프라인 2% 적립(해외직구 포함)
2626,적립
2626,네이버 쇼핑 간편결제 최대 1.5% 적립
2626,적립
2626,플러스 멤버십 스튜던트 정기결제 10% 적립
2627,기프트바우처 250만원 제공 · 국내외 2% 적립 · 공항라운지 본인+동반3인 제공
2627,적립
2627,"[적립 서비스] 기본적립 2%, 연간 리워드 1%"
2628,모든 음식점 5% 캐시백 · 롯데마트・이마트・홈플러스 5% 캐시백 · 전기차 충전 5% 캐시백
2628,[생활 Life] 모든 음식점 5% 캐시백
2628,"[생활 Life] 롯데마트, 이마트, 홈플러스 5% 캐시백"
2628,[생활 Life] 전기차 충전 5% 캐시백
2628,[생활 Life] SK주유 L당 40원 캐시백
2628,[건강 Life] 모든 약국 10% 캐시백
2628,[건강 Life] 정관장 10% 캐시백
2628,"[건강 Life] 골프장, 골프연습장, 스크린골프장 10% 캐시백"
2628,"[문화 Life] CGV, 메가박스, 롯데시네마 15% 캐시백"
2628,[문화 Life] 교보문고(온・오프라인) 15% 캐시백
2628,[문화 Life] 국내 숙박업종 15% 캐시백
2629,"국내외 가맹점 이용 시 0.7% 적립 · G마켓, 옥션 이용 시 2% 적립 · 커피전문점, 편의점, 교통 이용 시 2% 적립"
2629,국내외 가맹점 이용 시 스마일캐시 0.7% 적립
2629,적립
2629,추가 적립 대상점 이용 시 스마일캐시 2% 적립(기본0.7%+추가1.3%)
2630,"에버랜드 50% 현장할인 · SK주유소 60원/L 청구할인 · VIPS, 아웃백, TGIF 20% 청구할인"
2630,"에버랜드 종일권(대인 동반 소인 1매) 50% 현장할인
캐리비안베이 종일권 30% 현장할인"
2630,"직영 기념품 매장 20% 현장할인
정기권 10% 현장할인"
2630,SK주유소 리터당 60원 청구할인
2630,"VIPS, 아웃백, TGIF 20% 청구할인"
2630,"스타포유㈜와 제휴된 전통고택, 글램핑, 카라반 우대 할인"
2630,2026 캐리비안베이 할인카드로 50% 할인 & 에버랜드 무료입장까지 챙기는 방문 꿀팁 총정리
2630,2026 에버랜드 할인카드 추천 BEST 5ㅣ자유이용권 입장료부터 팀 에버랜드 멤버십 혜택까지 총정리
2631,모니모A 카드 · 삼성카드 · 온라인 신규회원 연회비 100% 캐시백
2631,"국내외 가맹점 최대 1% 적립 · 보험 9% 추가 적립 · 스타벅스 5,000원 할인"
2631,국내외 가맹점 0.5%/1% 모니머니 리워드 적립
2631,보험 9% 모니머니 리워드 추가 적립
2631,생활 필수 영역 1% 모니머니 리워드 추가 적립
2631,"스타벅스 5,000원 할인"
2632,국내·해외 최대 0.7% 할인 · 즉시결제 최대 1% 할인 · 추가수수료없이 나누어 납부
2632,0.7% 캐시백
2632,캐시백
2632,즉시 결제 1% 추가 캐시백
2633,국내·해외 0.7% 할인 · 온라인 쇼핑 최대 5% 할인
2633,0.7% 결제일 할인
2633,온라인 쇼핑 최대 5% 결제일 할인
2634,국내·해외 1% 할인 · 온라인쇼핑 최대 5% 할인 · 배달앱/이동통신/스트리밍 5~50% 할인
2634,어디서나 1% 결제일 할인
2634,온라인 쇼핑 최대 5% 결제일 할인
2634,"배달의 민족, 쿠팡이츠, 요기요 5% 결제일 할인"
2634,"SKT, KT, LG U+ 5% 결제일 할인"
2634,"넷플릭스, 유튜브프리미엄, 왓챠, 멜론, 지니뮤직 50% 결제일 할인"
2635,이동통신 1만원 할인 · 렌탈 1만원 할인 · 보험료 1만원 할인
2635,"Triple in 혜택
5개의 생활 업종 중 3개 최대 30,000원 할인"
2636,국내・해외 1% 캐시백 · 즉시결제 추가 1% 캐시백
2636,"1% 캐시백
국내 가맹점 1%, 해외 이용금액 1%"
2636,캐시백
2636,"즉시결제 1% 추가 캐시백
일시불 이용 후 5일 이내 즉시결제 시 1%"
2636,[추천] 월 300-500만원 이상 쓰는 직장인 & 개인사업자를 위한 포인트 적립 신용카드 BEST 4 _ 2026년 기준 업데이트
2636,무실적으로 최대 2% 캐시백 가능! ‘LOCA Professional’ 출시
2637,카카오페이결제 2%+2% 적립 · 커피전문점 5% 적립 · 대중교통 5% 적립
2637,카카오페이 이용 시 적립
2637,커피전문점 업종 이용금액에 5% 카카오페이포인트 적립
2637,대중교통 이용금액에 5% 카카오페이포인트 적립(버스/지하철)
2637,해외(온라인 포함) 이용금액에 1% 카카오페이포인트 적립
2638,카카오페이결제 2%+2% 적립 · 4대 편의점 5% 적립 · 통신요금 5% 적립
2638,카카오페이 이용 시 적립
2638,편의점 이용금액에 5% 카카오페이포인트 적립
2638,통신요금 자동이체 이용금액에 5% 카카오페이포인트 적립
2638,해외(온라인 포함) 이용금액에 1% 카카오페이포인트 적립
2639,"편의점, 배달의민족 5% 적립 · 쿠팡, 무신사 5% 적립 · 구글 Play스토어, 애플 APP Store 5% 적립"
2639,"[DO EAT] 편의점, 배달의민족 5% 적립"
2639,"[DO BUY] 쿠팡, 무신사 5% 적립"
2639,"[DO PLAY] 구글 Play스토어, 애플 APP Store 5% 적립"
2640,코스트코 최대 3% 적립 · 국내외 가맹점 1% 적립
2640,[기본 혜택] 국내외 가맹점 1% 코스트코 리워드 포인트 적립 (전월실적 50만원 이상)
2640,[추가 혜택] 코스트코 최대 3% 코스트코 리워드 포인트 적립 (전월실적 50만원 이상)
2640,코스트코에서 장보고 최대 3% 포인트 적립! ‘코스트코 리워드 현대카드 에디션2’ 출시
2640,현대카드ZERO Edition3(할인형)
2641,전기차/수소차 최대 40% 적립 · 대중교통 10% 적립 · 커피전문점 10% 적립
2641,친환경 자동차 충전(20~40% 에코머니포인트 적립)
2641,대중 교통(10% 에코머니포인트 적립)
2641,일반 교통(10% 에코머니포인트 적립)
2641,공유 모빌리티 (10% 에코머니포인트 적립)
2641,커피 전문점 (10% 에코머니포인트 적립)
2641,적립
2641,국내 가맹점 (0.2% 에코머니포인트 적립)
2642,주유 리터당 최대 300 M포인트 적립 · 국내외 가맹점 1% M포인트 한도 없이 적립
2642,적립
2642,GS칼텍스 주유소 및 국내외 가맹점 이용 시 M포인트 적립
2642,[우대 서비스] 2만원 바로할인 보너스 카드 제공(6개월마다 1만원씩 총 2만원)
2642,"혜택의 범위를 좁혔더니, 할인은 더 커진 신용카드 추천 (ft.스타벅스, 메리어트 본보이, 트래블월렛)"
2642,"리터당 최대 300 M포인트 적립! GS칼텍스x현대카드, ‘에너지플러스카드 Edition3’ 출시"
2643,국내외 가맹점 0.2% 적립 · 페이결제 0.4% 적립 · 쇼핑 0.6% 적립
2643,국내외 가맹점 0.2% 하나머니 적립
2643,각종 페이결제 0.4% 하나머니 적립
2643,"마트, SSM, 백화점 0.6% 하나머니 적립"
2643,"배달의민족, 요기요 0.8% 하나머니 적립"
2643,"버스, 지하철 1.0% 하나머니 적립"
2644,국내 가맹점 최대 1.5% 적립 · 국외 가맹점 최대 3% 적립 · 연간사용액 3천만원 이상 시 10% 추가 적립
2644,적립
2644,"[페이북 머니 매일 적립] 국내 가맹점 최대 1.5%, 국외 가맹점 최대 3% 적립"
2644,적립
2644,[페이북 머니 연간 적립] 연간 카드사용액 3천만원 이상 시 10% 추가적립
2644,[추천] 상테크 카드로 마일리지 적립까지 가능하다고? 상테크 카드에 주목해야 할 이유 (ft.상테크 카드 추천)
2645,"아파트관리비 10% 청구할인 · 도시가스/전기요금 10% 청구할인 · 이마트, 롯데마트, 홈플러스 등 10% 청구할인"
2645,할인
2645,생활요금・교육・병의원・교통 10% 할인
2646,현대카드ZERO Edition3(할인형)
2646,현대카드ZERO Edition3(할인형)
2646,현대카드ZERO Edition3(할인형) · 현대카드 · 1.5만원 캐시백
2646,국내외 가맹점 0.8% 할인
2646,할인
2646,실적・한도 제한 없이 국내외 가맹점 이용 금액의 0.8% 청구 할인
2646,"[비교] 현대카드ZERO Up vs Edition3, 내게 맞는 무실적x무제한 할인카드는?"
2647,현대카드ZERO Edition3(포인트형) · 현대카드 · 1.5만원 캐시백
2647,국내외 가맹점 1.2% 적립
2647,적립
2647,실적・한도 제한 없이 국내외 가맹점 이용 금액의 1.2% M포인트 적립
2647,2026  추천 할인·적립률 1% 이상인 무실적 X 모든 가맹점 할인카드 BEST 4
2647,"[비교] 현대카드ZERO Up vs Edition3, 내게 맞는 무실적x무제한 할인카드는?"
2647,현대카드ZERO Edition3(할인형)
2648,zgm shopping카드 · NH농협카드 · 연회비 캐시백
2648,"온라인쇼핑 최대 40,000P 적립 · 오프라인 쇼핑 최대 40,000P 적립"
2648,[기본적립] 온・오프라인 쇼핑 이용 시 최대 15% NH포인트 적립
2648,적립
2648,[추가적립] '기본적립'된 포인트의 5% 추가적립 (연 1회)
2648,"[추천] 백화점부터 마트·쿠팡… 온라인 쇼핑까지, 이름값 하는 쇼핑할인카드 4종 혜택 비교"
2648,zgm 할인카드
2648,zgm 할인카드
2649,zgm living카드 · NH농협카드 · 연회비 캐시백
2649,"통신 최대 15,000P 적립 · 주유 최대 15,000P 적립 · 보험 최대 15,000P 적립"
2649,[기본적립] 생활 필수업종 이용 시 최대 15% NH포인트 적립
2649,적립
2649,[추가적립] '기본적립'된 포인트의 5% 추가적립 (연 1회)
2649,zgm 할인카드
2649,zgm 할인카드
2650,연회비・발급비 무료 신청 · 소득공제 30% 혜택
2650,소득공제 30% 혜택
2651,W컨셉 7% W POINT 적립 · 커피전문점 7% W POINT 적립 · 디지털콘텐츠 20% W POINT 적립
2651,W컨셉 7% W POINT 적립
2651,커피전문점/헬스&뷰티/온라인쇼핑몰/이동통신 7% W POINT 적립
2651,디지털콘텐츠 20% W POINT 적립
2651,해외 1.5% W POINT 적립
2651,W컨셉 할인을 원한다면? 신규 출시된 ‘W컨셉 삼성카드’로 포인트 적립받고 현금처럼 써볼까?
2652,에버랜드 50% 할인 · 에버랜드리조트 3% 솜 적립 · 국내 가맹점 0.5% 솜 적립
2652,에버랜드 50%/캐리비안 베이 30% 할인
2652,에버랜드리조트 3% 솜 적립
2652,적립
2652,국내 가맹점 0.5% 솜 적립
2652,적립
2652,생활 필수 영역 4.5% 솜 추가 적립
2652,디지털콘텐츠 50% 솜 추가 적립
2652,해외 1.5% 솜 적립
2652,2026 캐리비안베이 할인카드로 50% 할인 & 에버랜드 무료입장까지 챙기는 방문 꿀팁 총정리
2652,2026 에버랜드 할인카드 추천 BEST 5ㅣ자유이용권 입장료부터 팀 에버랜드 멤버십 혜택까지 총정리
2652,에버랜드&캐리비안 베이 30~50% 할인 & ‘솜사탕’ 멤버십 적립 받는 '에버랜드 삼성카드' 출시
2653,"0.3% 010PAY포인트 적립 · 최대 1억 당첨 리또 증정 프로모션 · 리또 이용 고객 30,000 010PAY 포인트 증정 프로모션"
2653,적립
2653,전월 실적 조건 없이 결제 금액 0.3% 010PAY 포인트 적립
2653,"리또 이용 고객 리워드 30,000 010PAY 포인트 100% 증정"
2654,"넷플릭스・디즈니플러스 등 40% 청구할인 · 아파트관리비・전기세・가스비 10% 청구할인 · 영역별 월 최대 할인한도 15,000원"
2654,할인
2654,[자동이체] 영상 스트리밍 40% 할인
2654,할인
2654,[자동이체] 생활요금 10% 할인
2654,딜리버리 10% 할인
2654,대중교통 10% 할인
2654,커피 10% 할인
2654,편의점 10% 할인
2654,"CU, 세븐일레븐, 이마트24, GS25 편의점 할인카드 추천 BEST 3 (ft.월 최대 1만2천원 할인)"
2654,"2026년 OTT 할인카드 추천! 넷플릭스, 웨이브, 유튜브 구독료 없이 무료로 보는 신용카드는?"
2654,"직원이 뽑은 2024 메인 생활비 카드 TOP5ㅣ 고물가 시대, 고정비 할인이 답!"
2655,모든가맹점 0.8% 할인 · 생활업종 1.3% 할인 · 국내 공항라운지 무료 이용
2655,기본 Discount - 0.8% 기본 청구할인
2655,할인
2655,"추가 Discount - 0.5% 추가 청구할인
(기본 0.8% + 추가 0.5% = 1.3% 청구할인)"
2656,"SKT, KT, LG U+ 최대 20,000원 할인"
2656,"SKT, KT, LG U+ 월 최대 20,000원 결제일 할인"
2656,10년만에 단통법 폐지! 과연 ‘내 통신요금’도 줄어들까? (ft.통신비 할인카드 추천)
2657,바우처 10만원 상당 제공 · 전세계 공항라운지 연 3회 무료 이용 · 국내외 가맹점 1% 하나머니 적립
2657,적립
2657,[REWARD] 국내외 가맹점 1% 하나머니 적립
2657,적립
2657,[REWARD] 영역별 1.5~1.2% 하나머니 적립 제공 (지난달 실적 조건 및 적립한도 확인)
2657,[REWARD] 디지털 컨텐츠 50% 하나머니 적립 (지난달 실적 조건 및 적립한도 확인)
2657,[REWARD] 커피 50% 하나머니 적립 (지난달 실적 조건 및 적립한도 확인)
2657,[REWARD] 택시 50% 하나머니 적립 (지난달 실적 조건 및 적립한도 확인)
2657,"2026 스타벅스 50% 이상 할인 신용카드 추천부터 기프티콘, 대학생, 통신사 할인 꿀팁까지 총정리!"
2658,국내・외 가맹점 0.5% 기부 · 온라인쇼핑・홈쇼핑 최대 1.5% 할인 · 대형마트・편의점 최대 1.5% 할인
2658,[ALL] 국내・외 가맹점 0.5% 기부
2658,할인
2658,[LIVING] 1%~1.5% 할인
2658,할인
2658,[MEMBERSHIP] 5%~7% 할인
2659,"자동차보험 최대 25,000원 캐시백 · 생명보험/손해보험 최대 25,000원 할인"
2659,자동차보험 캐시백
2659,생명보험/손해보험 결제일 할인
2661,"전기차 충전요금 최대 40% 할인 · 주차장/대리운전 20% 할인 · 자동차보험 30,000원 할인"
2661,전기차 충전요금 20%/40% 결제일 할인
2661,주차장/대리운전 20% 할인
2661,"현대해상 다이렉트 자동차보험 30,000원 할인"
2661,디지털콘텐츠 20% 할인
2661,해외 1% 할인
2661,환경부 전기차 충전카드의 결제카드로 추천! 2026 전기차 충전 할인카드 추천 BEST 3
2662,American Express® Green Card Edition2 · 현대카드 · 최대 25만원 캐시백
2662,바우처 연간 12만원 상당 · 전 세계 공항라운지 연 5회 무료 이용 · 멤버십리워즈(MR) 최대 2MR 적립
2662,적립
2662,"대상점에 따라 이용 금액 1,000원당 최대 2 멤버십 리워즈(MR) 적립"
2662,"Be My Guest 호텔 델리/레스토랑, 패밀리 레스토랑 할인"
2663,American Express® Gold Card Edition2 · 현대카드 · 최대 40만원 캐시백
2663,바우처 연간 25만원 상당 · 전 세계 공항라운지 연 10회 무료 이용 · 멤버십리워즈(MR) 최대 3MR 적립
2663,적립
2663,"대상점에 따라 이용 금액 1,000원당 최대 3 멤버십 리워즈(MR) 적립"
2663,"Be My Guest 호텔 델리/레스토랑, 패밀리 레스토랑 할인"
2664,"1,000원당 1~5 멤버십 리워즈 적립 · 연간 보너스 85만원 상당 바우처 제공 · 공항라운지 연 10회 무료 이용"
2664,적립
2664,"대상점에 따라 이용 금액 1,000원당 최대 5MR 적립"
2664,"호텔 델리/레스토랑, 패밀리 레스토랑 할인"
2665,외식 200원 할인 · 뷰티 500원 할인 · 쇼핑 0.2% 온라인간편결제 할인
2665,할인
2665,외식 200원 할인・뷰티 500원 할인・대중교통 5% 할인・NH페이 0.2% 할인
2666,국내 가맹점 최대 3% 적립 · 주말 외식비 1천 포인트 적립 · 도시가스/전기요금 1천 포인트 적립
2666,적립
2666,"[일상 생활비 적립 서비스] 국내 건당 결제금액별 0.5~3% 포인트 적립·해외 결제금액 1% 포인트 적립
가족행사월(5월,12월) 적립 한도 1만 포인트 추가 제공 (전월실적 40만원 이상)"
2666,적립
2666,[필수 생활비 적립 서비스] 주말 외식비 포인트 적립 (전월실적 40만원 이상)
2666,적립
2666,[필수 생활비 적립 서비스] 정기결제 자동납부 포인트 적립 (전월실적 40만원 이상)
2666,"혜택 좋은 인기 생활비 할인카드만 모았다, 30대 직장인 신용카드 추천 로드맵 (26년 Ver.)"
2666,"[추천] 단종카드를 대체할 포인트 적립 NEW 신한카드 4종 (ft.딥드림, 하이포인트 대체카드) _ 2026년 기준 업데이트"
2667,해외 이용 수수료 면제 · 더라운지 무료 입장 · 해외 대중교통 1% 할인
2667,국제 브랜드 수수료(1%)/해외 서비스 수수료(0.2%) 면제
2667,해외 대중교통 컨택리스 방식으로 이용 시 1% 결제일 할인
2667,할인
2667,"국내 4대 편의점 5% 결제일 할인
국내 대중교통 1% 결제일 할인"
2668,국내 가맹점 0.2% 기본 캐시백 · 제주도 내 가맹점 0.3% 추가 캐시백
2668,캐시백
2668,국내 가맹점 0.2% 기본 캐시백・제주도 내 가맹점 0.3% 추가 캐시백
2669,현대카드 M · 현대카드 · 최대 3만원 캐시백
2669,국내외 가맹점 1.5% 적립 · 온라인몰・일반음식점 5% 적립 · 해외 가맹점 5% 적립
2669,적립
2669,"[기본 혜택] 국내외 가맹점 1.5% M포인트 적립
전월 이용 금액 50만원 이상 이용 시"
2669,적립
2669,"[추가 혜택] 온라인몰·외식·해외 가맹점 5% M포인트 적립(월 1만 M포인트 적립 한도)
전월 이용 금액 100만원 이상 이용 시"
2669,적립
2669,M 긴급적립(선지급 포인트 서비스)
2669,2026  인기 포인트 적립 높은 신용카드 순위 비교 추천 BEST 5
2669,현대카드ZERO Edition3(할인형)
2670,국내외 가맹점 1.5% 적립 · 온라인쇼핑몰・일반음식점 10% 적립 · 해외 가맹점 10% 적립
2670,적립
2670,[기본 혜택] 전월 이용 금액 50만원 이상 시 국내외 가맹점 1.5% M포인트 적립
2670,적립
2670,"[추가 혜택] 전월 이용 금액 100만원 이상 시 온라인몰, 일반음식점, 해외 가맹점 10% M포인트 적립"
2670,적립
2670,M 긴급적립(선지급 포인트 서비스)
2670,"적립? 할인? 내게 맞는 포인트 혜택으로 새롭게 출시한 알짜 현대카드, ‘현대카드 M/X/Z’ 시리즈 6종 출시!"
2671,전가맹점 0.8% 할인 · 간편결제 1.2% 할인 · 쿠팡/슈퍼마켓 2.0% 할인
2671,전가맹점 0.8% 할인
2671,간편결제 1.2% 할인
2671,쿠팡&슈퍼마켓 2% 할인
2671,딜리버리 4% 할인
2671,온라인식품&쇼핑 4% 할인
2671,오픈마켓 4% 할인
2671,택시 4% 할인
2672,승선비 10% 할인 · 낚시 용품 최대 5% 할인 · 전 주유소 60원/L 할인
2672,승선비 10% 청구할인
2672,낚시 용품 등(해당 매장 상품) 2%~5% 청구할인
2672,전 주유소 리터당 60원 청구할인 (LPG 포함)
2672,"GS25, CU, 세븐일레븐 1천원 청구할인"
2673,일상생활비 0.2~1% 적립 · 주말 배달앱 1천포인트 적립 · 편의점 5%포인트 적립
2673,[일상 생활비 적립 서비스] 국내 건당 결제금액별 0.2~1% 포인트 적립・해외 결제금액 1% 포인트 적립
2673,[필수 생활비] 주말 배달앱 적립
2673,[필수 생활비] 편의점 적립
2673,연 최대 80만 포인트 적립! 새로운 메인 생활비 카드 ‘신한카드 Point Plan’ 신용·체크카드 출시
2674,I-Mileage (대한항공) · IBK기업은행 · 최대 4.2만원 캐시백
2674,국내・해외 가맹점 1마일리지 적립 · 공항 라운지 무료 이용 서비스 · 스타벅스 4천원 청구할인
2674,대한항공 마일리지 적립
2674,스타벅스 할인 서비스
2674,2026 인기 대한항공 마일리지 적립 신용카드 비교 추천 BEST 4 (ft.마일리지 적립 꿀팁)
2674,동반인 포함 무료 공항라운지에 최대 3마일 적립 가능? IBK기업은행의 마일리지카드 ‘I-Mileage’출시
2675,국내・해외 가맹점 1.5마일리지 적립 · 공항 라운지 무료 이용 서비스 · 스타벅스 4천원 청구할인
2675,아시아나항공 마일리지 적립
2675,스타벅스 할인 서비스
2675,동반인 포함 무료 공항라운지에 최대 3마일 적립 가능? IBK기업은행의 마일리지카드 ‘I-Mileage’출시
2676,해외 이용 2% 할인 · 공항라운지 연 2회 무료 이용 · 디지털콘텐츠 50% 할인
2676,해외 수수료 할인
2676,해외 2% 할인
2676,삼성페이로 결제 시 해외 오프라인 가맹점 5% 할인
2676,인앱 결제/디지털콘텐츠/멤버십 50% 할인
2676,일상 필수 영역 1% 할인
2676,할인
2676,국내 가맹점 0.5% 할인
2676,"해외직구 카드결제 수수료 면제 & 할인받는 혜택, 해외결제 신용카드 추천 BEST 6"
2677,퍼스널 쇼핑 5% 적립 · 국내 가맹점 1% 적립 · 국내외 공항라운지 무료 이용
2677,[퍼스널 쇼핑 적립] 패션/럭셔리/라이프/해외 5% 적립
2677,적립
2677,[기본 적립] 국내 가맹점 1% 적립
2677,적립
2677,[FLEX 적립] 국내 가맹점 건당 100만원 이상 결제 시 5% 적립
2677,적립
2677,[보너스 적립] 본인카드로 국내 가맹점 1천만원 이상 이용 시 5만점 적립
2677,[추천] 월 300-500만원 이상 쓰는 직장인 & 개인사업자를 위한 포인트 적립 신용카드 BEST 4 _ 2026년 기준 업데이트
2678,퍼스널 트래블 5% 적립 · 국내 가맹점 1% 적립 · 국내외 공항라운지 무료 이용
2678,퍼스널 트래블(패키지/플랫폼/교통/해외) 5% 적립
2678,적립
2678,[기본 적립] 국내 가맹점 1% 적립
2678,적립
2678,[FLEX 적립] 국내 가맹점 건당 100만원 이상 결제 시 5% 적립
2678,적립
2678,[보너스 적립] 본인카드로 국내 가맹점 1천만원 이상 이용 시 5만점 적립
2678,[추천] 월 300-500만원 이상 쓰는 직장인 & 개인사업자를 위한 포인트 적립 신용카드 BEST 4 _ 2026년 기준 업데이트
2679,국내외 가맹점 1% 청구 할인 · 연간 최대 10만원 캐시백
2679,할인
2679,"[기본적립] 국내외 가맹점 1% 청구 할인
전월 이용 금액 50만원 이상 시"
2679,캐시백
2679,연간 이용 금액에 따라 연간 최대 10만원 캐시백
2679,"혜택 좋은 인기 생활비 할인카드만 모았다, 30대 직장인 신용카드 추천 로드맵 (26년 Ver.)"
2679,현대카드ZERO Edition3(할인형)
2680,현대카드Z work Edition2 · 현대카드 · 2만원 캐시백
2680,카페 10% 할인 · 온라인 쇼핑 10% 할인 · 대중교통 10% 할인
2680,온라인 쇼핑몰 10% 청구 할인
2680,편의점 10% 청구 할인
2680,커피전문점 10% 청구 할인
2680,대중교통 10% 청구 할인(K-패스 또는 후불형 기후동행카드 신청 가능)
2680,도서 10% 청구 할인
2680,"[추천] K-패스 가능, 월 최대 3~5만원 할인 혜택까지! ‘현대카드Z 시리즈’ 주목해야 할 이유"
2681,대중교통 10% 청구할인 · 드럭스토어 10% 청구할인 · 커피 10% 청구할인
2681,"버스/지하철 10% 청구할인 (월 1만원, 월 2만원)"
2681,"다이소/올리브영 10% 청구할인 (일 1천원, 월 1만원)"
2681,스타벅스/커피빈 10% 청구할인 (월 5천원)
2681,에디터가 비교해서 추천하는 K-패스 신용카드 BEST 4 혜택 정리 │ 2026 교통할인카드 추천
2682,대중교통 10% 캐시백 · 드럭스토어 1% 캐시백 · 커피 1% 캐시백
2682,"버스/지하철 10% 캐시백 (월 3천원, 월 6천원)"
2682,다이소/올리브영 1% 캐시백 (월 1만원)
2682,스타벅스/커피빈 1% 캐시백 (월 5천원)
2683,현대카드Z family Edition2 · 현대카드 · 2만원 캐시백
2683,온라인쇼핑 10% 할인 · 병원/약국 10% 할인 · 생활요금 10% 할인
2683,온라인 쇼핑몰 10% 청구 할인
2683,병원・약국 10% 청구 할인
2683,학원 10% 청구 할인
2683,주유 10% 청구 할인
2683,생활 요금 정기 결제 10% 청구 할인
2683,"[추천] K-패스 가능, 월 최대 3~5만원 할인 혜택까지! ‘현대카드Z 시리즈’ 주목해야 할 이유"
2684,현대카드Z play · 현대카드 · 2만원 캐시백
2684,디지털콘텐츠 10% 할인 · 일반음식점 10% 할인 · 영화 10% 할인
2684,온라인 쇼핑몰 10% 청구 할인
2684,일반음식점 10% 청구 할인
2684,영화 10% 청구 할인
2684,해외 가맹점 10% 청구 할인
2684,디지털 콘텐츠 서비스 10% 청구 할인
2684,"[추천] K-패스 가능, 월 최대 3~5만원 할인 혜택까지! ‘현대카드Z 시리즈’ 주목해야 할 이유"
2684,2026 컬리멤버스 활용 꿀팁 총정리: 컬리카드 & 마켓컬리 할인카드 추천
2684,현대카드ZERO Edition3(할인형)
2685,해외 이용 수수료 1.25% 면제 · 해외 이용 금액 100% 환율우대 · 쇼핑・커피・편의점・영화관 10% 할인
2685,해외 이용 수수료 총 1.25% 면제
2685,해외 이용 환율우대 100% (USD기준)
2685,자주 쓰는 일상 영역 10% 할인 (KB Pay 결제 시)
2685,온라인 항공/면세점 5% 할인 (KB Pay 결제 시)
2685,여행자보험 10% 할인 (KB Pay 결제 시)
2685,철도・고속버스 10% 할인
2685,2026 무신사 할인 신용카드 추천 & 골드 등급이 알려주는 무신사 꿀팁 3가지
2686,커피 4대 브랜드 55% 청구할인 · 시내버스・지하철・택시 33% 청구할인 · 편의점 11% 청구할인
2686,"[Discount 4 서비스] 하나. Discount 55% 커피 4대 브랜드통합 스타벅스, 투썸플레이스, 커피빈, 폴바셋"
2686,"[Discount 4 서비스] 둘. Discount 33% 대중교통 시내버스/지하철 (후불 교통기능 선택 시 제공), 택시"
2686,[Discount 4 서비스] 셋. Discount 11% 편의점
2686,"스타벅스부터 아파트관리비까지, 특별한 달에는 2배로 할인 받는 신용카드 추천 BEST 5"
2686,"2026 스타벅스 50% 이상 할인 신용카드 추천부터 기프티콘, 대학생, 통신사 할인 꿀팁까지 총정리!"
2687,"온라인, 오프라인 쇼핑 10% 청구할인 · 백화점・대형할인점・슈퍼마켓 등 10% 청구할인"
2687,[쇼핑 할인의 정석] 온라인 쇼핑 10% 청구할인
2687,[쇼핑 할인의 정석] 오프라인 쇼핑 10% 청구할인
2687,[추가 할인의 정석] 온라인 업종 4대 PAY 결제 시 5% 추가할인
2687,[생활밀착 할인의 정석] 4대 주유소 주말 주유시 리터당 60원 청구할인
2687,"[생활밀착 할인의 정석] 스타벅스, 폴바셋 10% 청구할인"
2687,"쇼핑 할인카드 추천, 우리카드 카드의정석 SHOPPING+ 혜택 및 활용 꿀팁 정리"
2687,"[추천] 백화점부터 마트·쿠팡… 온라인 쇼핑까지, 이름값 하는 쇼핑할인카드 4종 혜택 비교"
2687,2026 이마트 할인 신용카드 추천부터 이마트페이 사용법 및 SSG페이 신용카드 총정리
2688,국내가맹점 1.0~0.7% 청구할인 · 주유 60~100원/L 청구할인 · 대중교통 10% 청구할인
2688,할인
2688,[Simple 할인] 국내 가맹점 1.0~0.7% 청구할인
2688,[Daily 할인] 주유 리터당 60~100원 청구할인
2688,[Daily 할인] 대중교통 10% 청구할인
2688,[Daily 할인] 커피 10% 청구할인
2689,국내외 가맹점 0.8% 적립 · 간편결제 2% 추가 적립
2689,적립
2689,[기본 적립] 국내외 가맹점 0.8% 적립
2689,[추가 적립] 국내 온라인 간편결제 2% 추가 적립
2689,2026  인기 포인트 적립 높은 신용카드 순위 비교 추천 BEST 5
2689,귀찮은 직장인이 어디서나 적립 받는 포인트 신용카드 추천 BEST 4
2690,대중교통 10% 할인 · 간편결제 5% 할인 · 생활 부문 5% 할인
2690,"대중교통(버스, 지하철) 이용 시 10% 결제일 할인"
2690,간편결제로 결제 시 5% 결제일 할인
2690,생활서비스 5% 결제일 할인
2690,에디터가 비교해서 추천하는 K-패스 신용카드 BEST 4 혜택 정리 │ 2026 교통할인카드 추천
2691,트래블러스 체크카드(토심이) · KB국민카드 · 3만원 캐시백
2691,"해외 이용 수수료 면제 · 철도 5,000원 할인 · 전국맛집 5,000원 할인"
2691,할인
2691,[국내 혜택] KB Pay 200원 추가 할인
2691,"[국내 혜택] 카페 1,000원 할인"
2691,"[국내 혜택] 빵집 2,000원 할인"
2691,"[국내 혜택] 철도 5,000원 할인"
2691,"[국내 혜택] 고속버스 2,000원 할인"
2691,[국내 혜택] 주차장 500원 할인
2691,"[국내 혜택] 전국맛집 5,000원 할인"
2692,현대카드 Summit · 현대카드 · 20만원 캐시백
2692,국내외 가맹점 1.5% 적립 · 교육·병원·여행·골프 5% 적립 · 쇼핑·호텔·여행 15만원권 바우처 제공
2692,적립
2692,[기본 혜택] 전월 이용 금액 50만원 이상 시 국내외 가맹점 1.5% M포인트 적립
2692,[추가 혜택] 전월 이용 금액 100만원 이상 시 교육 영역 5% M포인트 적립
2692,[추가 혜택] 전월 이용 금액 100만원 이상 시 병원 영역 5% M포인트 적립
2692,[추가 혜택] 전월 이용 금액 100만원 이상 시 여행 영역 5% M포인트 적립
2692,[추가 혜택] 전월 이용 금액 100만원 이상 시 골프 영역 5% M포인트 적립
2692,골프장·골프연습장 할인 신용카드 & 골프 라운딩 준비물인 40대 프리미엄 카드 추천 BEST 6
2693,대중교통 10% 할인 · 간편결제 2% 할인 · 생활 부문 2% 할인
2693,"대중교통(버스, 지하철) 이용 시 10% 결제일 할인"
2693,간편결제로 결제 시 2% 결제일 할인
2693,생활서비스 2% 결제일 할인
2693,2026 교통할인카드 비교 총정리│K-패스 vs 기후동행카드 vs 더경기패스 vs 인천 I-패스 vs 모두의 카드
2694,음식점·카페·편의점·온라인쇼핑 5% 적립 · 생활·여행·패션 5% 적립 · 정기결제 최대 20% 적립
2694,적립
2694,[오늘도 5% 적립 서비스] 음식점·카페·편의점·온라인쇼핑 5% 마이신한포인트 적립
2694,[일상 속 5% 적립 서비스] 생활·여행·패션 5% 마이신한포인트 적립
2694,"[정기결제 최대 20% 적립 서비스] 통신 10% , OTT 15%, 멤버십 20% 마이신한포인트 적립"
2694,적립
2694,소비관리 보너스 적립 서비스 소개
2694,맥도날드 최대 45% 할인 받는 법! 2026 패스트푸드 & 맥도날드 할인카드 추천 BEST 5
2697,현대카드 MX Black Edition2 · 현대카드 · 20만원 캐시백
2697,국내외 가맹점 1% 적립 · 공항라운지 무료 이용
2697,적립 한도 제한 없이 국내외 가맹점 1% M포인트 적립
2697,[추가혜택] 전월 이용 금액 100만원 이상 시 10% 할인
2697,[추가혜택] 전월 이용 금액 100만원 이상 시 10% 할인
2697,[추가혜택] 전월 이용 금액 100만원 이상 시 10% 할인
2697,[추가혜택] 전월 이용 금액 100만원 이상 시 10% 할인
2697,[추가혜택] 전월 이용 금액 100만원 이상 시 10% 할인
2697,[추가혜택] 전월 이용 금액 100만원 이상 시 10% 할인
2697,[추가혜택] 전월 이용 금액 100만원 이상 시 10% 할인
2698,zgm point카드 · NH농협카드 · 연회비 캐시백
2698,국내/해외 가맹점 0.8~1.8% 적립 · SPC 가맹점 2~5% 적립 · 포인트 5% 연 1회 추가 적립
2698,[기본적립] 국내/해외 가맹점에서 NH포인트 0.8%~1.8% 적립
2698,적립
2698,[추가적립] '기본적립'된 포인트의 5% 추가적립 - 연 1회
2698,적립
2698,[해피포인트 적립] SPC 가맹점 이용 시 해피포인트 적립
2698,2026 배스킨라빈스 할인 신용카드 혜택 총정리! 50% 멤버십 할인부터 무료 사이즈업까지 받는 꿀팁
2698,zgm 할인카드
2698,zgm 할인카드
2699,커피 10% 할인 · 편의점 10% 할인 · 음식점/주점 1% 할인
2699,할인
2699,[TEN Discount] 5대 일상영역 10% 청구할인
2699,할인
2699,[ONE Discount] 음식점/주점 및 온라인 간편결제 1% 청구할인
2700,해외 5% 캐시백 · 푸드 5% 캐시백 · 해외 가맹점 이용 수수료 면제
2700,해외 5% 캐시백
2700,쇼핑 5% 캐시백
2700,푸드 5% 캐시백
2700,일상 5% 캐시백
2701,하나투어 라이트할부 제공 · 생활요금 최대 10% 할인 · 공항라운지 연 2회 제공
2701,생활요금 정기결제 5%/10% 할인
2701,일상 필수 영역 5%/10% 할인
2701,해외 1.5% 할인
2701,할부 결제 시 최대 33만 6천원 할인을 제공한다고? 목돈 부담 덜고 떠나자! ‘하나투어 삼성카드’ 출시
2702,"할인점 35,000원 할인 · 국내외 가맹점 최대 2% 적립 · 커피전문점 20% 할인"
2702,할인
2702,"[기프트 서비스] 할인점에서 건별 35,000원 이상 결제 시 35,000원 결제일 할인 (연 1회)"
2702,적립
2702,[국내외 가맹점 적립] 국내외 가맹점 0.5~2% 빅포인트 적립
2702,[커피전문점 할인] 커피전문점 20% 결제일 할인
2702,[영화 할인] 영화 5천원 결제일할인
2703,"바우처 20만원 상당 제공 · 전 세계 공항라운지 연 6회, 일 3회 무료 이용 · 국내 가맹점 최대 1.5% 하나머니 적립"
2703,"연 누적 이용금액 2,400만원 이상 시 10만 하나머니 적립 (연 1회, 서비스 실적 조건 확인)"
2703,적립
2703,[REWARD] 국내 가맹점 1.5%~1.0% 하나머니 적립 (지난달 실적 조건 및 적립한도 확인)
2703,적립
2703,[REWARD] 영역별 3% 하나머니 적립 (지난달 실적 조건 및 적립한도 확인)
2703,[REWARD] 주유/EV충전 적립 (지난달 실적 조건 및 적립한도 확인)
2703,[REWARD] 택시 50% 적립 (지난달 실적 조건 및 적립한도 확인)
2703,[REWARD] 디지털 컨텐츠 50% 적립 (지난달 실적 조건 및 적립한도 확인)
2703,혜택 좋은 주유할인카드 21종 전격 비교 추천! (주유비 할인카드 혜택 정리) _ 2026년 기준 업데이트
2703,2026 5성급 호텔 5만원 이상 할인 받는 호텔 할인 카드 추천 & 꿀팁 대공개
2704,"바우처 30만원 상당 제공 · 전 세계 공항라운지 연 8회, 일 3회 무료 이용 · 국내 가맹점 최대 1.5% 하나머니 적립"
2704,"해외/항공/면세/여행 30만원 청구 할인 (연 30만원 한도, 서비스 실적 조건 확인)"
2704,"특급호텔 레스토랑 20만원 현장 할인 (연 1회, 서비스 실적 조건 확인)"
2704,연 누적 이용금액별 골프/프리미엄 아울렛 50% 할인 (서비스 실적 조건 확인)
2704,적립
2704,[REWARD] 국내 가맹점 1.5%~1.0% 하나머니 적립 (지난달 실적 조건 및 적립한도 확인)
2704,적립
2704,[REWARD] 영역별 3.0% 하나머니 적립 (지난달 실적 조건 및 적립한도 확인)
2704,[DRIVING] 주유/EV충전 적립 (지난달 실적 조건 및 적립한도 확인)
2705,"바우처 60만원 상당 제공 · 전 세계 공항라운지 연 10회, 일 3회 무료 이용 · 국내 가맹점 최대 1.5% 하나머니 적립"
2705,[DINING VOUCHER] 특급호텔 레스토랑 20만원 현장 할인 (연 1회)
2705,[BONUS VOUCHER] 연 누적 이용금액별 골프/프리미엄 아울렛 50% 청구 할인
2705,적립
2705,[REWARD] 국내 가맹점 1.5%~1.0% 하나머니 적립 제공・영역별 3.0% 하나머니 적립
2705,"[DRIVING] 주유(LPG) 리터당 200하나머니・EV충전 50% 하나머니 적립 제공
・제휴 주차장 무료 주차 제공"
2706,zgm 할인카드
2706,zgm 할인카드
2706,zgm 할인카드 · NH농협카드 · 연회비 캐시백
2706,국내외 가맹점 최대 2% 할인 · 공과금 10% 할인 · 디지털 구독 30% 할인
2706,할인
2706,"[기본할인] 국내 가맹점 1%, NH페이 및 해외 2% 청구할인"
2706,"[생활할인] 매월 생활비 10%, 디지털 구독 30% 청구할인"
2706,"NH농협카드 zgm 할인카드, 공과금부터 공항라운지까지 한 장으로 해결하는 생활비 신용카드"
2706,2026 컬리멤버스 활용 꿀팁 총정리: 컬리카드 & 마켓컬리 할인카드 추천
2706,연 72만원 할인! NH농협카드의 새로운 생활비 카드 ‘zgm 할인카드’ 출시
2706,zgm 할인카드
2707,국내외 가맹점 최대 2% 할인 · 국내 가맹점 2~3개월 무이자
2707,할인
2707,국내외 가맹점 최대 2% 할인 (월 통합 할인한도 10만원)
2707,2026 이케아 할인 신용카드 추천 & 이케아 패밀리 회원가입 혜택 정리
2708,국내 가맹점 0.5% 기본 할인 · 편의점/커피/올리브영 등 10% 선택 할인 · 데일리 스탬프 연계 전월실적 채워드림
2708,할인
2708,[기본 적립] 국내 가맹점 0.5% 청구할인
2708,[선택 할인] 쇼핑/편의/커피/생활/먹빵/취향 택 1
2708,2026 오늘의집 할인 최대한 받는 꿀팁 3가지 & 자취 신용카드 추천 BEST 4
2709,대한항공카드 060 · 현대카드 · 최대 73만원 캐시백
2709,"연간 보너스 1천 마일리지 · 1,000원당 최대 2마일리지 적립 · 직판 항공권 5만원 할인 쿠폰"
2709,대한항공 마일리지 적립
2709,적립
2709,연간 보너스 1천 마일리지 적립(연 1회)
2709,대한항공 직판 항공권 할인 쿠폰 제공
2709,대한항공카드 쓰고 2배로 대한항공 마일리지 적립 받는 꿀팁 – 현대카드 더블마일팩 구독 활용법 (2026년 업데이트)
2710,대한항공카드 120 · 현대카드 · 최대 76만원 캐시백
2710,"연간 보너스 6천 마일리지 · 1,000원당 최대 2마일리지 적립 · 직판 항공권 5만원 할인 쿠폰"
2710,대한항공 마일리지 적립
2710,적립
2710,연간 보너스 6천 마일리지 적립(연 1회)
2710,대한항공 직판 항공권 할인 쿠폰 제공
2710,대한항공카드 쓰고 2배로 대한항공 마일리지 적립 받는 꿀팁 – 현대카드 더블마일팩 구독 활용법 (2026년 업데이트)
2711,대한항공카드 300 · 현대카드 · 최대 79만원 캐시백
2711,"연간 보너스 1만 마일리지 · 1,000원당 최대 3마일리지 적립 · 직판 항공권 10만원 할인 쿠폰"
2711,대한항공 마일리지 적립
2711,적립
2711,연간 보너스 1만 마일리지 적립(연 1회)
2711,대한항공 직판 항공권 할인 쿠폰 제공
2711,대한항공카드 쓰고 2배로 대한항공 마일리지 적립 받는 꿀팁 – 현대카드 더블마일팩 구독 활용법 (2026년 업데이트)
2712,대한항공카드 the First Edition2 · 현대카드 · 최대 89만원 캐시백
2712,"연간 보너스 3만 마일리지 · 1,000원당 최대 5마일리지 적립 · 직판 항공권 20만원 할인 쿠폰"
2712,대한항공 마일리지 적립
2712,적립
2712,연간 보너스 3만 마일리지 적립(연 1회)
2712,대한항공 직판 항공권 할인 쿠폰 제공
2712,대한항공카드 쓰고 2배로 대한항공 마일리지 적립 받는 꿀팁 – 현대카드 더블마일팩 구독 활용법 (2026년 업데이트)
2712,"현대카드 대한항공카드 Edition2 출시, 마일리지 적립 높이고 항공권 할인쿠폰까지 담았다"
2713,반려동물 관련 최대 7% 캐시백 · 국내 가맹점 2~3개월 무이자
2713,"반려동물 센터, 동물병원 캐시백 혜택"
2713,"교육부터 자기관리, 반려동물 등 5개 업종 월 최대 5만원 캐시백 가능! ‘디지로카 발견 에디션’ 5종 출시!"
2714,"학원, 유치원 최대 7% 캐시백 · 국내 가맹점 2~3개월 무이자 할부"
2714,"학원, 유치원 캐시백 혜택"
2714,2026 교육비 부담 덜어줄 학원비 할인카드 추천 3! 연 최대 120만원 할인받는 카드는?
2714,"교육부터 자기관리, 반려동물 등 5개 업종 월 최대 5만원 캐시백 가능! ‘디지로카 발견 에디션’ 5종 출시!"
2715,"피부과, 성형외과, 스포츠센터, 미용실 최대 7% 캐시백 · 국내 가맹점 2~3개월 무이자할부"
2715,"피부과, 성형외과, 스포츠센터, 미용실 캐시백 혜택"
2715,"교육부터 자기관리, 반려동물 등 5개 업종 월 최대 5만원 캐시백 가능! ‘디지로카 발견 에디션’ 5종 출시!"
2716,"골프장, 골프연습장 최대 7% 캐시백 · 국내 가맹점 2~3개월 무이자할부"
2716,"골프장, 골프연습장 캐시백 혜택"
2716,골프장·골프연습장 할인 신용카드 & 골프 라운딩 준비물인 40대 프리미엄 카드 추천 BEST 6
2716,"교육부터 자기관리, 반려동물 등 5개 업종 월 최대 5만원 캐시백 가능! ‘디지로카 발견 에디션’ 5종 출시!"
2717,리터당 최대 150원 캐시백 · 국내 가맹점 2~3개월 무이자할부
2717,주유 캐시백 혜택
2717,혜택 좋은 주유할인카드 21종 전격 비교 추천! (주유비 할인카드 혜택 정리) _ 2026년 기준 업데이트
2717,"교육부터 자기관리, 반려동물 등 5개 업종 월 최대 5만원 캐시백 가능! ‘디지로카 발견 에디션’ 5종 출시!"
2718,이동통신요금 최대 2만원 할인
2718,"SKT, KT, LG U+ 및 알뜰폰 월 최대 20,000원 결제일 할인"
2719,국내외 가맹점 0.8% 청구할인 · 국내 온라인 간편결제 2% 청구할인
2719,[기본 할인] 국내외 가맹점 0.8% 청구할인
2719,[추가 할인] 국내 온라인 간편결제 2% 추가 청구할인 (전월실적: 40만원 이상)
2721,지역 가맹점 3.0% 적립 · 당근 앱 내 결제 5.0% 적립 · 국내 전 가맹점 0.5% 적립
2721,적립
2721,당근머니 적립 서비스
2721,“당근이세요?” 동네 가게에서 월 최대 3만원 적립 가능! 당근페이X하나카드 ‘당근머니 하나 체크카드’ 출시
2722,해외 이용·ATM 수수료 면제 · 자유로운 해외 결제 환율 100% 우대 · 국내 이용금액 최대 2% 적립
2722,적립
2722,2025 티웨이항공 티웨이플러스 멤버십 개편 혜택정리 및 항공권 할인 신용카드 추천
2723,"월 최대 50,000포인트 적립 · 카카오톡 선물하기/카카오 T 10% 적립 · 생활/요식/교통 업종 1~1.5% 적립"
2723,적립
2723,카카오톡 선물하기/ 카카오T 카카오페이 결제시 10% 적립
2723,적립
2723,생활/요식/교통영역 결제시 1~1.5% 적립
2723,현대카드ZERO Edition3(할인형)
2724,"쇼핑 7% 적립 · 커피, 편의점, 배달 7% 적립 · 생활 7% 적립"
2724,[바로카드 Pick! 적립] 쇼픽 그룹 7% 적립
2724,[바로카드 Pick! 적립] 먹픽 그룹 7% 적립
2724,[바로카드 Pick! 적립] 생픽 그룹 7% 적립
2724,적립
2724,"[전월 실적, 한도 없는 적립] 국내 카카오페이 결제 1% 적립"
2724,"[전월 실적, 한도 없는 적립] 해외 온/오프라인 결제 2% 적립"
2725,"배민 앱 3% 적립 · 커피, 편의점, 대중교통 2% 적립 · 그 외 국내외가맹점 0.5% 적립"
2725,배민포인트 적립
2726,"배민 앱 5% 적립 · 커피, 편의점, 대중교통 3% 적립 · 그 외 국내외가맹점 0.5% 적립"
2726,배민포인트 적립
2727,해외가맹점 해외이용수수료 면제 · 국내 가맹점 0.2~0.3% 캐시백 무제한 · 일상 가맹점 0.6% 캐시백 무제한
2727,캐시백
2727,[국내 서비스] 국내 가맹점 0.2~0.3% 캐시백
2727,캐시백
2727,[국내 가맹점] 일상 가맹점 0.6% 캐시백
2727,"[트래블카드] 드디어 등장! 국내 무제한 캐시백 가능한 NH농협카드, ‘NH트래블리체크카드’ 출시"
2728,BC 바로 MACAO 카드 · BC 바로카드 · 연회비 100% 캐시백
2728,모든 주유소 최대 10% 할인 · 장보기 최대 10% 할인 · 해외 가맹점 2% 할인
2728,모든 주유소에서 많이 넣을수록 크게 할인
2728,장보기 가맹점에서 많이 담을수록 크게 할인
2728,"해외 전 가맹점에서도 전월 실적, 한도 없이 할인"
2728,[추천] 주유·장보기 할인 카드 추천! 'BC 바로 MACAO' 혜택 및 총정리
2729,"1,500원 당 1마일 적립 · 해외 가맹점 이용수수료 면제 · 해외 ATM 인출 수수료 면제"
2729,대한항공 마일리지 적립
2729,"트래블로그 마일리지 신용카드 혜택분석부터, 스카이패스 적립 결과와 체크카드 비교까지"
2729,[트래블카드] 트래블로그에 마일리지 적립을 더하다! ’트래블로그 대한항공 마일리지’카드 2종 출시
2730,"1,500원 당 1마일 적립 · 프리미엄 바우처 1가지 선택 · 해외 가맹점 이용수수료 면제"
2730,대한항공 마일리지 적립
2730,"트래블로그 마일리지 신용카드 혜택분석부터, 스카이패스 적립 결과와 체크카드 비교까지"
2730,[트래블카드] 트래블로그에 마일리지 적립을 더하다! ’트래블로그 대한항공 마일리지’카드 2종 출시
2731,국내 결제금액 최대 3% 적립 · 주말 외식비 1천 포인트 적립 · OTT 최대 2천 포인트 적립
2731,적립
2731,일상 생활비 적립 서비스 (전월실적 40만원 이상)
2731,적립
2731,필수 생활비 적립 서비스 (전월실적 40만원 이상)
2731,여가 생활비 적립 서비스 (전월실적 40만원 이상)
2731,"[추천] 단종카드를 대체할 포인트 적립 NEW 신한카드 4종 (ft.딥드림, 하이포인트 대체카드) _ 2026년 기준 업데이트"
2731,"스타벅스부터 아파트관리비까지, 특별한 달에는 2배로 할인 받는 신용카드 추천 BEST 5"
2732,국내외 모든 가맹점 최대 2% 청구할인
2732,할인
2732,국내외 모든 가맹점 어디서나 결제해도 할인
2732,연 최대 120만원 할인! 최초의 토스뱅크 PLCC ‘토스뱅크 신용카드 Wide’ 출시!
2733,"딜리버리 4.0% 청구할인 · 오픈마켓, 온라인쇼핑 4.0% 청구할인 · 전 가맹점 0.8% 청구할인"
2733,전 가맹점 0.8% 청구할인
2733,간편결제 1.2% 청구할인
2733,딜리버리 4.0% 청구할인
2733,쿠팡 2.0% 청구할인
2733,오픈마켓 4.0% 청구할인
2733,온라인식품&쇼핑 4.0% 청구할인
2733,슈퍼마켓 2.0% 청구할인
2733,택시 4.0% 청구할인
2734,"코웨이 렌탈 최대 23,000원 할인"
2734,코웨이 렌탈료 자동이체 할인 서비스
2734,"[추천] 코웨이 정수기, 렌탈비 할인은 제휴카드가 이득일까? (ft.렌탈비 할인카드)"
2735,학원비 최대 10% 캐시백 · 3대 할인점 1% 캐시백 · 메가박스 7천원 할인
2735,[학원비] 최대 10% 캐시백 (전월실적 30만원 이상)
2735,[생활비] 1% 캐시백 (전월실적 50만원 이상)
2735,[문화 취미] 메가박스 영화 온라인 예매 7천원 즉시 할인 (전월실적 50만원 이상)
2735,"[추천] 단종카드를 대체할 포인트 적립 NEW 신한카드 4종 (ft.딥드림, 하이포인트 대체카드) _ 2026년 기준 업데이트"
2735,"2026 혜택 좋은 40대 신용카드 추천 (학원비, 주유비, 공과금, 생활비 할인카드)"
2735,2026 교육비 부담 덜어줄 학원비 할인카드 추천 3! 연 최대 120만원 할인받는 카드는?
2736,현대홈쇼핑 3% 적립 · 그 외 가맹점 1% 적립
2736,현대홈쇼핑 특화 혜택 H.Point 최대 3% 적립
2736,현대카드ZERO Edition3(할인형)
2737,"1,500원당 1 대한항공 마일리지 적립 · 연 1회 30만원 상당 바우처 제공 · 공항 라운지 연간 10회 무료 이용"
2737,"[기본혜택] 국내외 가맹점 1,500원당 1 대한항공 마일리지 적립"
2738,국내외 가맹점 1% 적립 · 롯데백화점 5% 적립 · 롯데백화점 6개월 무이자 할부
2738,적립
2738,[기본 혜택] 국내외 가맹점 1% M포인트 적립
2738,적립
2738,"[추가 혜택] 롯데백화점, 롯데아울렛, 롯데몰, 롯데백화점몰(온라인) 5% M포인트 적립"
2738,[우대서비스] M긴급적립·무이자 할부·롯데백화점 전용 쿠폰
2738,현대카드에서 롯데백화점 카드를? 포인트 적립과 할인 쿠폰까지 모두 갖춘 롯데백화점 특화 카드 2종 출시!
2739,국내외 가맹점 1% 적립 · 롯데백화점 10% 적립 · 공항라운지 연 10회 무료 이용
2739,적립
2739,[기본 혜택] 국내외 가맹점 1% M포인트 적립
2739,적립
2739,"[추가 혜택] 롯데백화점, 롯데아울렛, 롯데몰, 롯데백화점몰(온라인) 10% M포인트 적립 (월 4만 M포인트 한도)"
2739,적립
2739,"[연간 보너스] 롯데백화점, 롯데아울렛, 롯데몰, 롯데백화점몰(온라인) 10만 M포인트 적립"
2739,[우대서비스] M긴급적립·무이자 할부·롯데백화점 전용 쿠폰
2739,현대카드에서 롯데백화점 카드를? 포인트 적립과 할인 쿠폰까지 모두 갖춘 롯데백화점 특화 카드 2종 출시!
2740,.5 면제 · 해외 ATM 인출 수수료 건당  면제 · 국내 가맹점 최대 5% 적립
2740,적립
2740,국내 가맹점 하나머니 적립 서비스
2741,Super할부 24개월 연 5.9% · 통신요금 월 최대 1만 5천원 할인
2741,통신요금 할인
2742,국내/해외 가맹점 0.2% 적립 · 우리페이 0.5% 추가 적립 · 마트/슈퍼/커피/주유 1% 특별 적립
2742,[기본 적립] 국내/해외 가맹점 0.2% 적립
2742,적립
2742,[추가 적립] 우리페이 0.5% 추가 적립
2742,적립
2742,[특별 적립] 생활소비 1% 특별 적립
2743,대한항공 직판 결제 시 3 마일리지 적립 · 제네시스 신차 구매 시 2.5% 적립 · SSG.COM 이용 시 7% 적립
2743,적립
2743,[기본 혜택] 전월 이용 금액 50만원 이상 시 국내외 가맹점 이용 금액 3종 리워드 적립
2743,적립
2743,[추가 혜택] 대한항공 직판 항공권 1천원 당 3 마일리지·제네시스 신차 2.5%·SSG.COM 7% 적립
2743,적립
2743,연간 보너스 리워드 적립 (연 1회)
2744,"전기/수소차 충전 20% 청구할인 · 주차,세차 20% 청구할인 · OTT 20% 청구할인"
2744,전기/수소차 20% 청구할인
2744,"주차, 세차 20% 청구할인"
2744,OTT 20% 청구할인
2744,KB Pay 오픈마켓 10% 청구할인
2744,자동차보험 1만원 청구할인
2745,교육 2천원 할인 · 주유 1천원 할인 · 음식점 1천원 할인
2745,대상가맹점 결제 시 2천원 할인
2745,"전국 주유소 및 충전소, 전기차충전소 결제 시 1천원 할인캐시백"
2745,음식점 업종 결제 시 1천원 할인캐시백
2745,대상가맹점 결제 시 1천원 할인
2745,"GS25, CU, 세븐일레븐, 이마트24 결제 시 500원 할인캐시백"
2746,4대 생활 영역 10% 적립 · 아파트관리비 3% 적립 · 교육 3% 적립
2746,4대 생활 영역(백화점/할인점/온라인쇼핑몰/주유) 10% 빅포인트 적립
2746,아파트관리비/이동통신 정기결제 시 3% 빅포인트 적립
2746,교육(학원/인터넷강의/학습지) 3% 빅포인트 적립
2746,삼성페이로 국내 오프라인 가맹점 결제 시 1% 빅포인트 적립
2746,해외 1% 빅포인트 적립
2746,할인
2746,연회비 할인 서비스
2747,전국 동물병원 30% 할인 · 펫 전용 쇼핑몰 30% 할인 · 온라인 쇼핑몰 10% 할인
2747,전국 동물병원 30% 결제일 할인
2747,5개 펫 온라인 전용몰 30% 결제일 할인
2747,일반 온라인 쇼핑몰 10% 결제일 할인
2747,할인
2747,"동물병원, 펫 전용몰 할인한도 변경서비스"
2747,동물병원 30% 할인에 건강검진 30만원 할인권까지? 반려인을 위한 ‘신한카드 The Pet’ 출시!
2748,동물병원/펫쇼핑몰 30% 할인 · 온라인 쇼핑몰 10% 할인 · Gift Option 연간 1회 제공
2748,전국 동물병원 30% 결제일 할인
2748,5개 펫 온라인 전용몰 30% 결제일 할인
2748,일반 온라인 쇼핑몰 10% 결제일 할인
2748,할인
2748,"동물병원, 펫 전용몰 할인한도 변경서비스"
2748,동물병원 30% 할인에 건강검진 30만원 할인권까지? 반려인을 위한 ‘신한카드 The Pet’ 출시!
2749,"온·오프라인 0.5~1.0% 무제한 캐시백 · 자주 쓰는 곳에서 5% 캐시백 · 3번 결제할 때마다 1,000원 무제한 캐시백"
2749,[K-패스] 매일 대중교통 타고 교통 요금의 최대 53%까지 돌려받아요
2749,대중교통 혜택 추가 3천원 캐시백
2749,캐시백
2749,"[모두 다 캐시백] 오프라인 0.5%, 온라인 1.0% 캐시백"
2749,캐시백
2749,[여기서 더 캐시백] 자주 쓰는 브랜드에서 최대 5% 캐시백
2749,캐시백
2749,"[369 캐시백] 3번 결제할 때마다 1,000원 캐시백"
2749,캐시백
2749,[체크인 캐시백] 출석/이체 하면 다음달 최대 10% 캐시백
2749,캐시백
2749,[찐친 무제한 캐시백] 상품/서비스 이용하면 다음달 최대 10% 캐시백
2749,케이뱅크 체크카드 포인트적립형
2750,간편결제 0.3% 적립 · 쇼핑 5% 적립 · 구독 10% 적립
2750,적립
2750,하나머니 적립 서비스
2751,국내외 가맹점 1.5% M포인트 적립 · 연 1회 30만원 상당 바우처 제공 · 공항 라운지 연간 10회 무료 이용
2751,적립
2751,[기본혜택] 전월 이용 금액 50만원 이상 시 국내외 가맹점 1.5% M포인트 적립
2751,적립
2751,[우대 서비스] M 긴급적립(선지급 포인트 서비스)
2752,the Pink Edition2 · 현대카드 · 15만원 캐시백
2752,국내외 가맹점 1.5% M포인트 적립 · 프리미엄쇼핑 영역 5% M포인트 적립 · 공항 라운지 연간 5회 무료 이용
2752,적립
2752,[기본 혜택] 국내외 가맹점 1.5% M포인트 적립
2752,적립
2752,[추가 혜택] 전월 이용 금액 100만원 이상 시 프리미엄쇼핑 영역 5% M포인트 적립
2752,적립
2752,[우대 서비스] M 긴급적립(선지급 포인트 서비스)
2753,the Green Edition3 · 현대카드 · 15만원 캐시백
2753,"국내외 가맹점 1.5% M포인트 적립 · 여행, 해외 영역 5% M포인트 적립 · 공항 라운지 연간 5회 무료 이용"
2753,적립
2753,[기본 혜택] 전월 실적 50만원 이상 시 국내외 가맹점 1.5% M포인트 적립
2753,적립
2753,"[추가 혜택] 전월 실적 100만원 이상 시 여행, 해외 영역 5% M포인트 적립"
2753,적립
2753,[우대 서비스] M 긴급적립(선지급 포인트 서비스)
2755,바우처 최대 80만 제공 · 국내외 가맹점 1.5% M포인트 적립 · 전 세계 공항 라운지 무료 이용
2755,적립
2755,M포인트와 항공 마일리지 중 선택 적립
2755,적립
2755,[우대 서비스] M 긴급적립(선지급 포인트 서비스)
2756,연간 바우처 70만원 상당 제공 · 국내외 가맹점 1.5% M포인트 적립 · 전 세계 공항 라운지 무료 이용 PP카드
2756,적립
2756,[기본혜택] 대한항공 마일리지와 M포인트 중 선택 적립
2757,적립
2757,[기본 혜택] 대한항공 마일리지와 M포인트 중 선택 적립
2758,커피·편의점·영화·온라인쇼핑·배달앱 최대 1% 적립 · OTT 5% 적립 · 국제공항 라운지 무료이용 서비스
2758,적립
2758,"Single Point (월~금 0.5% NH포인트 적립)
Double Point (토,일 1% NH포인트 적립)"
2758,적립
2758,Triple Point (요일 관계없이 1.5% NH포인트 적립)
2758,"Bonus Point (유튜브, 넷플릭스, 유료 어플리케이션 결제 5% NH포인트 적립)"
2758,"최대 5% 적립 가능한 공항라운지 무료 이용 체크카드, ‘춘식이달달체크카드’ 출시"
2758,20대 대학생 & 사회초년생을 위한 뮤지컬 할인 체크카드 BEST 3
2759,음식·생활·패션 5% 적립 · 통신·구독·멤버십 최대 20% 적립 · 소비관리 보너스 매월 최대 1만P
2759,적립
2759,[오늘도 5% 적립 서비스] 음식점·카페·편의점·온라인쇼핑 5% 마이신한포인트 적립 (전월실적 30만원 이상)
2759,[일상 속 5% 적립 서비스] 생활·여행·패션 5% 마이신한포인트적립 (전월실적 30만원 이상)
2759,"[정기결제 최대 20% 적립 서비스] 통신 10% , OTT 15%, 멤버십 20% 마이신한포인트 적립 (전월실적 30만원 이상)"
2759,적립
2759,[소비관리 보너스] ①계획소비 적립 (전월실적 30만원 이상)
2759,적립
2759,[소비관리 보너스] ②즉시결제 적립 (전월실적 30만원 이상)
2759,맥도날드 최대 45% 할인 받는 법! 2026 패스트푸드 & 맥도날드 할인카드 추천 BEST 5
2760,음식점·카페·편의점 5% 캐시백 · 헬스·뷰티·전자책 5% 캐시백 · 대중교통·택시·카셰어링 5% 캐시백
2760,칼퇴(음식점·주점·카페·편의점) 5% 캐시백 (저녁 6~11시 결제 건)
2760,갓생(헬스·뷰티·전자책) 5% 캐시백
2760,교통(대중교통·택시·카셰어링) 5% 캐시백
2761,온라인 쇼핑 10% 할인 · 오프라인 쇼핑 5% 할인 · 이동 통신 요금 5% 할인
2761,온라인 쇼핑 10% 청구할인
2761,오프라인 쇼핑 5% 청구할인
2761,이동 통신 요금 자동납부 5% 청구할인
2761,OTT 정기 결제 30% 청구할인
2761,영화 청구할인
2761,생활비 최대 3만5천원 할인! 카카오페이&KB국민카드 ‘KaPick(카픽)’ 출시!
2762,"바우처 연 2가지 제공 · 1,500원당 2 마일리지 기본 적립 · 여행/골프/면세점 1 마일리지 추가 적립"
2762,아시아나 마일리지 적립
2763,CU 편의점 최대 20% 할인 · CU 편의점 외 최대 5% 적립 · CU 편의점 CU 멤버십 서비스
2763,CU 편의점 최대 20% 현장할인
2763,적립
2763,CU 편의점 외 최대 5% 네이버페이 포인트 적립
2764,"올리브영 최대 5% 리워드 발행 · 국내외 가맹점 1% 리워드 발행 · 누적 1,000원당 1,000원권 1매 적용"
2764,올리브영 및 국내외 가맹점 이용 금액의 최대 5% 올리브영 현대카드 리워드 발행
2764,"올리브영 결제하고 최대 5% 돌려받자! 올리브영 PLCC 카드, ‘올리브영 현대카드"
2765,"기후동행카드 최대 15,000원 할인 · 국내 가맹점 0.5% 할인"
2765,할인
2765,국내 가맹점 0.5% 할인
2765,기후동행요금 결제일 할인
2766,온라인 10% 할인 · 오프라인 10% 할인
2766,할인
2766,온라인 10% 할인
2766,할인
2766,오프라인 10% 혜택
2767,온라인 5% 할인 · 오프라인 5% 할인
2767,할인
2767,온라인 5% 할인
2767,할인
2767,오프라인 5% 혜택
2768,"편의점 1,000원 캐시백 · 서점 1,000원 캐시백 · 베이커리 1,000원 캐시백"
2768,캐시백
2768,캐시백 서비스
2769,"커피, 편의점, 약국, 패스트푸드 5% 할인 · KB Pay, 올리브영 10% 할인 · 영화 10% 할인"
2769,할인
2769,청구할인 서비스
2770,"커피, 편의점, 약국, 패스트푸드 2% 할인 · KB Pay, 올리브영 5% 할인 · 영화 5% 할인"
2770,할인
2770,할인 서비스
2771,커피·편의점 10% 할인 · 생활 편의 영역 최대 7% 할인 · 디지털콘텐츠 30% 할인
2771,커피전문점/편의점 10% 결제일할인
2771,이동통신요금 정기결제 시 5%/7% 결제일할인
2771,배달앱/온라인쇼핑몰/헬스&뷰티/생활잡화 5%/7% 결제일할인
2771,디지털콘텐츠 정기결제 시 30% 결제일할인
2771,"전월 이용금액에 관계없이, 할인한도 없이 해외 1% 결제일 할인"
2772,"온라인쇼핑몰 10% 할인 · 이동통신 자동납부 4,000원 할인 · 커피 3,000원 할인"
2772,[온라인] 온라인 쇼핑몰 10% 청구할인
2772,[온라인] 온라인 서점 10% 청구할인
2772,[온라인] 어학시험 10% 청구할인
2772,"[온라인] CGV 온라인 예매(홈페이지, 모바일앱) 2,000원 청구할인"
2772,"[온라인] 배달앱(배달의 민족, 요기요) 10% 청구할인"
2772,"[오프라인] 이동통신 자동납부 4,000원 청구할인"
2772,"[오프라인] 커피(스타벅스, 이디야) 3,000원 청구할인"
2772,[오프라인] GS25 5% 청구할인
2772,[보너스 서비스] 놀이공원 할인 서비스
2772,zgm 할인카드
2773,"온라인쇼핑몰 5% 할인 · 이동통신 자동납부 2,500원 할인 · 커피 10% 할인"
2773,[온라인] 온라인 쇼핑몰 10% 청구할인
2773,[온라인] 온라인 서점 10% 청구할인
2773,[온라인] 어학시험 10% 청구할인
2773,"[온라인] CGV 온라인 예매(홈페이지, 모바일앱) 2,000원 청구할인"
2773,"[온라인] 배달앱(배달의 민족, 요기요) 3% 청구할인"
2773,"[오프라인] 이동통신 자동납부 2,500원 청구할인"
2773,"[오프라인] 커피(스타벅스, 이디야) 10% 청구할인"
2773,[오프라인] GS25 3% 청구할인
2773,[보너스 서비스] 놀이공원 할인 서비스
2774,대중교통 15% 할인 · 이동통신요금 5% 할인 · OTT/스트리밍 10% 할인
2774,"대중교통(버스, 지하철) 15% 결제일 할인"
2774,이동통신요금 5% 결제일 할인
2774,OTT/스트리밍 10% 결제일 할인
2774,편의점 5% 결제일 할인
2774,온라인쇼핑 멤버십 10% 결제일 할인
2774,카페 5% 결제일 할인
2775,카카오페이포인트 최대 10% 적립 · 해외 가맹점 이용수수료 면제 · 해외 ATM 인출수수료 면제
2775,적립
2775,국내 가맹점 카카오페이 포인트 적립 서비스
2776,"이마트 7개 가맹점 5% 적립 · 온라인몰, 병원·약국, 학원 5% 적립 · 그 외 국내외가맹점 0.5% 적립"
2776,적립
2776,[기본 혜택] 국내외 가맹점 0.5% 신세계포인트 적립
2776,적립
2776,"[추가 혜택] 이마트 7대 가맹점, 온라인몰, 병원·약국, 학원 5% 신세계포인트 적립"
2776,2026 이마트 할인 신용카드 추천부터 이마트페이 사용법 및 SSG페이 신용카드 총정리
2776,"이마트는 물론 쿠팡, 병원, 학원비까지 적립! ‘이마트 e카드 Edition3’ 2종 출시"
2777,이마트 7대 가맹점 1.5% 적립 · 그 외 국내외가맹점 0.5% 적립
2777,적립
2777,[기본 혜택] 국내외 가맹점 0.5% 신세계포인트 적립
2777,적립
2777,[추가 혜택] 이마트 7대 가맹점 5% 신세계포인트 적립
2777,2026 이마트 할인 신용카드 추천부터 이마트페이 사용법 및 SSG페이 신용카드 총정리
2777,"이마트는 물론 쿠팡, 병원, 학원비까지 적립! ‘이마트 e카드 Edition3’ 2종 출시"
2778,IBK포인트3.8(신용) · IBK기업은행 · 최대 12.5만원 캐시백
2778,국내외 가맹점 1.5% 적립 · 해외 가맹점 5% 적립 · 온라인쇼핑 0.5% 적립
2778,[기본 포인트] 국내외 가맹점 이용금액의 1.5% 적립
2778,[특별 포인트 I] 해외 가맹점 이용금액의 5% 적립
2778,[특별 포인트 II] 온라인 쇼핑 가맹점 이용금액의 0.5% 적립
2778,"해외직구 카드결제 수수료 면제 & 할인받는 혜택, 해외결제 신용카드 추천 BEST 6"
2778,"무제한부터 최고 6.5%적립까지, IBK기업은행 포인트적립 신용·체크카드 3종 출시"
2779,IBK포인트(신용) · IBK기업은행 · 최대 12.5만원 캐시백
2779,국내외가맹점 최대 3.3% 적립
2779,적립
2779,국내외 가맹점 최대 3.3% 적립
2779,귀찮은 직장인이 어디서나 적립 받는 포인트 신용카드 추천 BEST 4
2779,"무제한부터 최고 6.5%적립까지, IBK기업은행 포인트적립 신용·체크카드 3종 출시"
2780,HERITAGE Classic [할인형]
2780,HERITAGE Classic [할인형]
2780,HERITAGE Classic [할인형] · KB국민카드
2780,국내외가맹점 1% 할인 · 공항 라운지 연 2회 무료 이용 · 쿠폰 서비스 연 1회 제공
2780,[기본 서비스] 국내외 가맹점 1% 청구할인
2780,할인
2780,[특별 서비스] 생활밀착 4개 영역 1.2% 청구 할인
2780,할인
2780,"[특별 서비스] Flex 영역(온라인항공/호텔/온라인면세/스포츠/미용실)
건당 20만원 이상 결제 시 1만원 청구할인"
2780,[특별 서비스] 카(Car) 라이프 영역(주차/세차) 10% 청구할인
2780,HERITAGE Smart [할인형]
2781,"1,500원당 1마일리지 적립 · 공항라운지 연 3회 무료 이용 · 쿠폰 서비스 연 1회 제공"
2781,"[기본 서비스] 국내외 가맹점 1,500원당 1마일리지 적립"
2781,"[특별 서비스] 생활밀착 4개 영역 1,500원당 2마일리지 적립"
2781,"[특별 서비스] Flex 영역(온라인항공/호텔/온라인면세/스포츠/미용실)
건별 결제금액 1,500원당 대한항공 2마일리지 적립"
2781,[특별 서비스] 카(Car) 라이프 영역(주차/세차) 10% 청구할인
2782,편의점 2% 청구 할인 · 카페 2% 청구 할인 · 대중교통 2% 청구 할인
2782,할인
2782,청소년이 자주 이용하는 4개 영역 2% 청구 할인
2783,국내・외 가맹점 0.2% 적립
2783,[기본 적립] 국내・외 가맹점 이용금액의 0.2% 적립
2783,[추가 적립] 특정가맹점 이용금액의 6% 적립
2783,"무제한부터 최고 6.5%적립까지, IBK기업은행 포인트적립 신용·체크카드 3종 출시"
2783,이지캐시백
2784,"국내 가맹점 0.3% 할인 · 스타벅스, 폴바셋 10% 할인 · 대중교통 10% 할인"
2784,할인
2784,[기본 할인] 국내 가맹점 0.3% 청구할인
2784,"[생활 할인] 스타벅스, 폴바셋 10% 청구할인"
2784,"[생활 할인] CU, GS25 10% 청구할인"
2784,"[대중교통 할인] 버스, 지하철 10% 청구할인"
2785,"1,500원당 최대 4포인트 적립 · 전세계 힐튼 호텔 주말 숙박권 · 힐튼 아너스 멤버십 등급 업그레이드"
2785,적립
2785,"힐튼 아너스 포인트 적립 (1,500원 당 2~4 힐튼 아너스 포인트 적립)"
2786,"1,500원당 최대 8포인트 적립 · 전세계 힐튼 호텔 주말 숙박권 · 힐튼 아너스 멤버십 등급 업그레이드"
2786,적립
2786,"힐튼 아너스 포인트 적립 (1,500원 당 2~8 힐튼 아너스 포인트 적립)"
2787,LGE.COM 플러스 서비스 신청 · 생활 서비스 영역 최대 5% 포인트 적립
2788,Gift Option 3개 중 택 1 · 의료비 10% 할인 · 공항라운지 PP 서비스 제공
2788,대한항공 마일리지/아시아나항공 마일리지 적립(택 1)
2788,JDC 면세점 할인 서비스/골프장 부킹 대행 서비스
2789,"전기/수소차 충전 20% 할인 · 주차, 세차 20% 할인 · OTT 20% 할인"
2789,전기/수소차 충전 20% 청구할인
2789,"주차, 세차 20% 청구할인"
2789,OTT 20% 청구할인
2789,KB Pay 오픈마켓 20% 청구할인
2789,자동차보험 1만원 청구할인
2790,"국내외 가맹점 1.5% M포인트 적립 · 교육, 병원, 여행, 골프 5% M포인트 적립 · 연간 보너스 5만원 크레딧 제공"
2790,적립
2790,[기본 혜택] 전월 이용 금액 50만원 이상 시 국내외 가맹점 1.5% M포인트 적립
2790,적립
2790,"[추가 혜택] 전월 이용 금액 100만원 이상 시 교육, 병원, 여행, 골프 5% M포인트 적립"
2791,"국내외 가맹점 1.5% M포인트 적립 · 온라인몰, 백화점, 대형마트, 교육 5% M포인트 적립 · 연간 보너스 5만원 크레딧 제공"
2791,적립
2791,[기본 혜택] 전월 이용 금액 50만원 이상 시 국내외 가맹점 1.5% M포인트 적립
2791,적립
2791,"[추가 혜택] 전월 이용 금액 100만원 이상 시 온라인몰, 백화점, 대형마트, 교육 5% M포인트 적립"
2792,"국내외 가맹점 1.5% M포인트 적립 · 온라인몰, 드럭스토어, 커피전문점, 대중교통 5% M포인트 적립 · 연간 보너스 5만원 크레딧 제공"
2792,적립
2792,[기본 혜택] 전월 이용 금액 50만원 이상 시 국내외 가맹점 1.5% M포인트 적립
2792,적립
2792,"[추가 혜택] 전월 이용 금액 100만원 이상 시 온라인몰, 드럭스토어, 커피전문점, 대중교통 5% M포인트 적립"
2793,"국내외 가맹점 1.5% M포인트 적립 · 온라인몰, 배달 앱, 편의점, 대중교통 5% M포인트 적립 · 연간 보너스 5만원 크레딧 제공"
2793,적립
2793,[기본 혜택] 전월 이용 금액 50만원 이상 시 국내외 가맹점 1.5% M포인트 적립
2793,적립
2793,"[추가 혜택] 전월 이용 금액 100만원 이상 시 온라인몰, 배달 앱, 편의점, 대중교통 5% M포인트 적립"
2794,네이버 최대 7% 적립 · 그외 국내외 가맹점 0.7% 적립
2794,적립
2794,[기본 혜택] 전월 이용 금액 50만원 이상 시 국내외 가맹점 0.7% 네이버페이 포인트 적립
2794,"[추가 혜택] 전월 이용 금액 50만원 이상 시 네이버플러스 멤버십 적립 대상
최대 7% 네이버페이 포인트 적립"
2794,현대카드ZERO Edition3(할인형)
2795,전 가맹점 0.8% 적립 · 선택 서비스 2개 중 택 1 할인
2795,전 가맹점 적립 서비스
2795,선택 할인서비스 (2종 중 택1)
2799,대중교통 최대 15% 할인 · 커피 최대 15% 할인 · 스트리밍 최대 15% 할인
2799,대중교통 & 생활비 최대 15% 결제일 할일
2805,"토스페이 제휴 신용카드, 30% 말고 5% 캐시백 추천하는 이유"
2806,"토스페이 제휴 신용카드, 30% 말고 5% 캐시백 추천하는 이유"
2807,"기본 리워드 1% 적립(마이신한포인트형) · 기본 리워드 1,500원 당 1마일 적립(스카이패스형) · 연 1회 최대 25만원 기프트 제공"
2807,적립
2807,"[기본 리워드] 이용금액 1% 적립(마이신한포인트형) / 1,500원 당 1마일 적립(스카이패스형)"
2807,[Life Experience 서비스] 커피전문점 2천원 할인/택시 이용금액 7% 할인 (전월실적 50만원 이상)
2808,편의점 10% 할인 · 베이커리 10% 할인 · 패스트푸드 10% 할인
2808,"GS25, CU, 세븐일레븐 10% 할인"
2808,"파리바게뜨, 뚜레쥬르, 던킨도너츠 10% 할인"
2808,"맥도날드, 롯데리아 10% 할인"
2808,"스타벅스, 카페베네, 엔제리너스 10% 할인"
2808,"CJ올리브영, 다이소 10% 할인"
2808,"G마켓, 옥션, 11번가 5% 할인"
2808,영화 할인
2808,"교보, 영풍, YES24, 영광도서 2천원 할인"
2809,페이결제 0.5% 캐시백 · 편의점 5% 캐시백 · 대중교통 10% 캐시백
2809,페이결제 0.5% 캐시백
2809,"GS25, CU, 이마트24, 세븐일레븐 5% 캐시백"
2809,"배달의 민족, 요기요 5% 캐시백"
2809,"버스, 지하철 10% 캐시백"
2809,"스타벅스, 투썸플레이스 20% 캐시백"
2810,"통신 요금 5,000원 캐시백 · 스타벅스, 커피빈, 투썸플레이스 5% 캐시백"
2810,"통신 요금 대상 가맹점 자동이체 1만원 이상 납부 시 5,000원 캐시백"
2810,"스타벅스, 커피빈, 투썸플레이스 1만원 이상 결제 시 5% 캐시백"
2811,"통신 최대 15,000원 할인 · 렌탈 최대 15,000원 할인 · OTT 최대 15,000원 할인"
2811,할인
2811,"월납 요금 최대 15,000원 할인"
2812,국내외 가맹점 0.2% 기본 적립 · 주말 이용금액 0.2% 추가 적립
2812,적립
2812,국내/해외 이용가맹점 0.2% NH포인트 기본적립
2812,적립
2812,주말(토/일요일) 국내 이용가맹점 0.2% NH포인트 추가 적립
2812,적립
2812,[고향사랑 우대 서비스] 주말(토/일요일) 전국 오프라인 가맹점 이용 시 0.2% NH포인트 추가 적립
2813,전 가맹점 0.2% 적립 · 범농협판매장 0.3% 적립 · 언택트 라이프 최대 20% 적립
2813,적립
2813,[기본적립] 국내/해외 이용가맹점 0.2~0.4% NH포인트 적립
2813,언택트 라이프영역 5~20% NH포인트 적립
2814,캐시백
2814,"결제하면 바로 받는 랜덤 캐시백
기간 : 2025.01.01~2025.12.31"
2816,"국내외가맹점 0.2% 캐시백 · 커피, 슈퍼, 주유 0.2% 캐시백 · 골프, 학원, 차량정비 5% 캐시백"
2816,[기본 캐시백] 국내외 이용금액의 0.2% 캐시백
2816,캐시백
2816,[추가 캐시백] 대상 업종 또는 가맹점 이용금액의 0.2% 추가 캐시백
2816,캐시백
2816,[특별 캐시백] 대상 업종별 5% 추가 캐시백
2817,대중교통 10% 할인 · 배달앱 2% 할인 · 이동통신 2% 할인
2817,대중교통 요금 10% 할인
2817,배달앱 2% 할인
2817,이동통신 2% 할인
2817,커피·생활용품·편의점 2% 할인
2817,영화 2% 할인
2817,OTT 2% 할인
2818,대중교통 10% 할인 · 배달앱 5% 할인 · 이동통신 5% 할인
2818,대중교통 요금 10% 할인
2818,배달앱 5% 할인
2818,이동통신 5% 할인
2818,커피·생활용품·편의점 5% 할인
2818,영화 5% 할인
2818,OTT 5% 할인
2820,"국내외가맹점 0.8% 청구할인 · 간편결제 1.2% 청구할인 · 영역별 월 최대 할인한도 12,000원"
2820,국내외가맹점 0.8% 청구할인
2820,하나페이 결제 1.2% 청구할인
2820,쿠팡&슈퍼마켓 2% 청구할인
2820,"배달의민족, 요기요, 쿠팡이츠 4% 청구할인"
2820,"컬리, SSG.COM, 롯데ON, 더현대닷컴 4% 청구할인"
2820,"G마켓, 옥션, 11번가, 인터파크, 위메프, 티몬 4% 청구할인"
2820,"카카오T, UT, 택시업종 4% 청구할인"
2821,"국내외가맹점 0.5% 청구할인 · 쿠팡, 백화점, 마트 2% 청구할인 · 월 최대 통합 할인한도 50,000원"
2821,국내외 결제 시 0.5% 할인
2821,쿠팡 2% 할인
2821,백화점 2% 할인
2821,마트 2% 할인
2821,홈쇼핑 2% 할인
2821,슈퍼마켓 2% 할인
2821,편의점 2% 할인
2821,베이커리 2% 할인
2821,간편결제 5% 할인
2822,"쿠쿠 렌탈료 최대 25,000원 할인"
2822,쿠쿠 렌탈료 결제 시 결제일 할인
2822,캐시백
2822,장기 할부 서비스 및 캐시백
2823,국내외 가맹점 0.5% 기본적립 · 롯데멤버스 브랜드 최대 5% 특별적립 · 최대 20만점 미리적립 (선지급 포인트 서비스)
2823,적립
2823,[기본적립] 국내외 가맹점 0.5% 롯데멤버스 카드 L.POINT 적립
2823,적립
2823,[특별적립] 롯데멤버스 브랜드 최대 5% '롯데멤버스 카드 L.POINT' 적립
2823,적립
2823,[미리적립] 최대 20만 '롯데멤버스 카드 L.POINT' 미리적립 (선지급 포인트 서비스)
2823,롯데멤버스 카드 L.POINT(엘포인트) 적립부터 현금화까지… 최대로 받아내는 ‘롯데멤버스 카드’ 활용법
2823,2026 KBO 프로야구 예매 필수! 구단별 야구 티켓 할인 신용카드 & 체크카드 추천
2824,국내외 가맹점 0.7% 기본적립 · 롯데멤버스 브랜드 최대 5% 특별적립 · 최대 50만점 미리적립 (선지급 포인트 서비스)
2824,적립
2824,[기본적립] 국내외 가맹점 0.7% 롯데멤버스 카드 L.POINT 적립
2824,적립
2824,[특별적립] 롯데멤버스 브랜드 최대 5% '롯데멤버스 카드 L.POINT' 적립
2824,적립
2824,[미리적립] 최대 50만 '롯데멤버스 카드 L.POINT' 미리적립 (선지급 포인트 서비스)
2824,롯데멤버스 카드 L.POINT(엘포인트) 적립부터 현금화까지… 최대로 받아내는 ‘롯데멤버스 카드’ 활용법
2824,2026 KBO 프로야구 예매 필수! 구단별 야구 티켓 할인 신용카드 & 체크카드 추천
2825,국내 가맹점 0.8% 할인
2825,할인
2825,국내 가맹점 0.8% 할인
2826,"올리브영, 다이소 5% 캐시백 · 교보문고 5% 캐시백 · 어학원(해커스/파고다) 5% 캐시백"
2826,할인
2826,생활 5% 캐시백 서비스
2827,GS칼텍스 10% 할인 · 통신 5% 할인 · 편의점 5% 할인
2827,GS칼텍스에서 주유 시 10% 결제일할인
2827,통신요금 정기결제 시 5% 결제일할인
2827,편의점 5% 결제일할인
2827,온라인쇼핑몰 5% 결제일할인
2827,적립
2827,GS&POINT 적립 서비스
2827,"주유비 할인카드 추천 ㅣ 피킹률 높은 신용카드, 삼성 iD STATION 카드 3종 혜택 및 총정리"
2828,SK에너지 10% 할인 · 통신 5% 할인 · 편의점 5% 할인
2828,SK주유(충전)소에서 주유 시 10% 결제일할인
2828,통신요금 정기결제 시 5% 결제일할인
2828,편의점 5% 결제일할인
2828,온라인쇼핑몰 5% 결제일할인
2828,"주유비 할인카드 추천 ㅣ 피킹률 높은 신용카드, 삼성 iD STATION 카드 3종 혜택 및 총정리"
2830,일상 생활비 최대 1% 적립 · 주말 배달앱 1천 포인트 적립 · 편의점 5% 적립
2830,[일상 생활비 적립] 국내 건당 결제금액별 0.2~1% 포인트 적립
2830,[주말 배달앱 적립] 필수 생활비 - 주말 배달앱 적립
2830,[편의점 적립] 필수 생활비 - 편의점 적립
2831,알리익스프레스 10% 할인 · 음식점·카페·배달앱 10% 할인 · 해외 1% 적립
2831,알리익스프레스 국내 / 해외 배송상품 10% 결제일 할인 (전월실적 30만원 이상)
2831,할인
2831,음식점·카페·배달앱 영역 통합 10% 결제일 할인 (전월실적 30만원 이상)
2831,해외 이용 시 1% 마이신한포인트 적립
2831,"해외직구 카드결제 수수료 면제 & 할인받는 혜택, 해외결제 신용카드 추천 BEST 6"
2832,해외 가맹점 결제 수수료 0% · 환전 수수료 0% (환율 100% 우대) · 실적/한도 제한 없이 0.2% 캐시백
2832,할인
2835,카페 10% 할인 · 쇼핑 10% 할인 · 정기결제 최대 20% 할인
2835,할인
2835,[Daily Plan 서비스] 쇼핑 10% 결제일 할인 (전월실적 40만원 이상)
2835,[Daily Plan 서비스] 이동 5% 결제일 할인 (전월실적 40만원 이상)
2835,[Daily Plan 서비스] 생활 5% 결제일 할인 (전월실적 40만원 이상)
2835,할인
2835,"[Plan Day 서비스] 매월 1일 Time Plan, Daily Plan 서비스 2배 할인"
2835,할인
2835,[Monthly Plan 서비스] 정기결제(공과금/디지털구독·멤버십/피트니스) 최대 20% 할인 (전월실적 40만원 이상)
2835,[Monthly Plan 서비스] 영화 예매 5천원 결제일 할인 (전월실적 40만원 이상)
2835,캐시백
2835,[Annual Plan 서비스] 장보기 3만원 캐시백 (연 1회)
2835,할인
2835,[Annual Plan 서비스] 스피드메이트 정비 현장 할인·테마파크 할인 (전월실적 30만원 이상)
2835,2026 롯데월드 할인카드 추천 BEST 4 l 자유이용권 티켓 입장료 할인 받는 법 3가지
2836,"마트,편의점 10% 할인 · 카페,음식점 10% 할인 · 공과금, 디지털구독·멤버십 최대 20% 할인"
2836,할인
2836,[Daily Plan 서비스] 쇼핑 10% 결제일 할인
2836,[Daily Plan 서비스] 이동 5% 결제일 할인
2836,[Daily Plan 서비스] 생활 5% 결제일 할인
2836,할인
2836,"[Plan Day 서비스] 매월 1일 Time Plan, Daily Plan 서비스 2배 할인"
2836,할인
2836,[Monthly Plan 서비스] 정기결제(공과금/디지털구독·멤버십) 최대 20% 결제일 할인
2836,[Monthly Plan 서비스] 영화 예매 5천원 결제일 할인
2836,할인
2836,[Annual Plan 서비스] 스피트메이트 정비 현장 할인
2836,"새로운 생활비 할인카드 출시, 신한카드 디스카운트 플랜 (Discount Plan) 2종 선보이다"
2837,국내 가맹점 1% 할인 · 해외 가맹점 2% 할인 · 자동납부 최대 50% 할인
2837,할인
2837,국내 가맹점 1% 할인
2837,해외 가맹점 2% 할인
2837,할인
2837,"쇼핑 멤버십 50%, OTT 10%, 이동통신 5% 할인(자동납부 할인)"
2837,적립
2837,분기 보너스 적립 (연 최대 4만점)
2838,"경기장 입장료 최대 5천원 혜택 · 영화, 커피 최대 4천원 캐시백 · 놀이공원, 레저 30~50% 할인"
2838,팀스토어 매장 이용시 10% 캐시백
2838,편의점 및 F&B 매장 이용시 10% 캐시백
2838,전국6 대주유소 리터당 100 원 캐시백
2838,"영화(온라인예매·현장구매) 월 최대 3,000원 캐시백"
2838,"커피 월 최대 4,000원 캐시백"
2838,"철도(KTX&SRT) 5%, 월 최대 10,000원 캐시백"
2838,"놀이공원,레저 30~50% 할인"
2838,패밀리 레스토랑 20% 현장할인 서비스
2838,2026 KBO 프로야구 예매 필수! 구단별 야구 티켓 할인 신용카드 & 체크카드 추천
2838,1st카드 (캐시백형)
2838,1st카드 (포인트 적립형)
2838,1st카드 (포인트 적립형)
2838,1st카드 (캐시백형)
2839,"국내외 가맹점 0.2% 캐시백 · 커피, 슈퍼마켓, 편의점 0.2% 추가 캐시백 · 주유, 영화관, 교통 0.2% 추가 캐시백"
2839,실적・한도 제한 없이 국내외 가맹점 이용 금액의 0.2% 캐시백
2839,캐시백
2839,대상 업종 또는 가맹점 이용금액의 0.2% 추가 캐시백
2839,1st카드 (캐시백형)
2840,"주유 리터당 80~120원 캐시백 · 자동차 정비 5천원 캐시백 · 커피, 영화, OTT 10% 캐시백"
2840,주유 리터당 80원~120원 캐시백
2840,자동차 정비 가맹점 캐시백
2840,커피 20대 브랜드 10% 캐시백
2840,영화 가맹점 10% 캐시백
2840,OTT 가맹점 10% 캐시백
2840,1st카드 (캐시백형)
2840,1st카드 (포인트 적립형)
2840,1st카드 (캐시백형)
2841,"학원 업종 20% 캐시백 · 학습지 브랜드 20% 캐시백 · 서점, 전자 10% 캐시백"
2841,학원 업종 가맹점 20% 캐시백
2841,학습지 12대 브랜드 20% 캐시백
2841,"대형서점, 온라인서점, 전자북 10% 캐시백"
2841,캐시백
2841,온라인교육·EBS 교재 10% 캐시백
2841,커피 20대 브랜드 10% 캐시백
2841,"영화, OTT 가맹점 10% 캐시백"
2841,1st카드 (포인트 적립형)
2841,1st카드 (캐시백형)
2842,현대카드 X Cut · 현대카드 · 3만원 캐시백
2842,"국내외가맹점 1% 청구 할인 · 뷰티/생활/패션 5% 청구 할인 · 배달 앱, 편의점 5% 청구 할인"
2842,할인
2842,[기본 혜택] 전월 이용 금액 50만원 이상 시 국내외 가맹점 1% 청구 할인
2842,할인
2842,"[추가 혜택] 전월 이용 금액 100만원 이상 시 뷰티/생활/패션, 배달앱, 편의점 5% 청구 할인"
2842,적립
2842,X 긴급할인(선지급 포인트 서비스)
2842,"현대카드 X Save & X Cut 혜택 비교, 신상 무제한 할인카드의 추천 포인트가 다른 이유"
2842,현대카드 ZERO Up(할인형)
2843,현대카드 X Save · 현대카드 · 3만원 캐시백
2843,"국내외 가맹점 1% 청구 할인 · 온라인몰, 병원, 교육 5% 청구 할인"
2843,할인
2843,[기본 혜택] 전월 이용 금액 50만원 이상 시 국내외 가맹점 1% 청구 할인
2843,할인
2843,"[추가 혜택] 전월 이용 금액 100만원 이상 시 온라인몰, 교육, 병원 5% 청구 할인"
2843,적립
2843,X 긴급할인(선지급 포인트 서비스)
2843,"현대카드 X Save & X Cut 혜택 비교, 신상 무제한 할인카드의 추천 포인트가 다른 이유"
2843,"병원비 할인카드 추천 BEST 7, 약국부터 고액 병원비까지 할인 받는 신용카드로 모았다"
2843,현대카드 ZERO Up(할인형)
2844,현대카드 ZERO Up(할인형)
2844,현대카드 ZERO Up(할인형)
2844,현대카드 ZERO Up(할인형) · 현대카드 · 3만원 캐시백
2844,국내외 가맹점 0.8% 청구 할인 · 온라인몰/대형마트 1.6% 청구 할인
2844,할인
2844,[기본 혜택] 실적·한도 제한 없이 국내외 가맹점 0.8% 청구 할인
2844,할인
2844,"[추가 혜택] 온라인몰, 대형마트, 교육, 주유, 이동통신 요금 10만원 이상 결제 시 1.6% 청구 할인"
2844,할인
2844,X 긴급할인(선지급 포인트 서비스)
2844,"[비교] 현대카드ZERO Up vs Edition3, 내게 맞는 무실적x무제한 할인카드는?"
2844,2026 이마트 할인 신용카드 추천부터 이마트페이 사용법 및 SSG페이 신용카드 총정리
2844,현대카드ZERO Edition3(할인형)
2845,KB Pay/음식/OTT 10% 할인 · 온라인쇼핑/주유/병원 5% 할인 · KB국민카드 포인트리 2만점 적립
2845,KB Pay 10% 할인
2845,"음식점, 편의점 10% 할인"
2845,이동통신요금 10% 할인
2845,OTT 30% 할인
2845,할인
2845,"병원, 약국, 스포츠 5% 할인"
2845,할인
2845,"온라인쇼핑, 주유, 커피 5% 할인"
2845,"주차장, 세차장 10% 할인"
2846,클래시 트래블카드 · NH농협카드 · 라운지 이용권+연회비 캐시백
2846,국내가맹점 1.2% 적립 · 해외가맹점 3~4% 적립 · 국내·외 공항라운지 무료입장
2846,적립
2846,국내 가맹점 1.2% NH포인트 적립 (전월실적 무관)
2846,적립
2846,해외가맹점 3~4% NH포인트 적립
2846,적립
2846,[보너스 포인트] 연간 이용금액 1천만원 이상 시 NH포인트 적립
2846,zgm 할인카드
2847,"해외이용 수수료 면제 · 돈키호테, 스타벅스 50% 결제일 할인 · 일본 3대 편의점 5% 결제일 할인"
2847,[해외 이용 서비스] 국제 브랜드 수수료(1%) / 해외 서비스 수수료(0.2%) 면제
2847,[해외 이용 서비스] 해외 ATM 이용 인출 수수료(건당 ) 및 국제 브랜드 수수료(1%) 면제
2847,[해외 이용 서비스] 해외 대중교통 컨택리스 방식으로 이용 시 1% 결제일 할인
2847,[일본 여행 서비스] 돈키호테/스타벅스 50% 할인
2847,[국내 이용 서비스] 국내 4대 편의점 5% 결제일 할인
2847,[국내 이용 서비스] 국내 대중교통 1% 결제일 할인
2848,"국내외 가맹점 1.2% 할인 · 분기별 이용실적에 따라 최대 15,000원 청구할인"
2848,국내외 가맹점 1.2% 청구할인
2848,할인
2848,"분기별 이용 실적에 따라 최대 15,000원 청구할인"
2849,"[2025.05.17~2025.08.31] 매달 내 맘대로 5개 혜택, 최대 5천원 캐시백"
2850,국내 가맹점 0.5% 할인 · LIVING영역 1%~1.5% 할인 · MEMBERSHIP영역 5~7% 할인
2850,할인
2850,국내 가맹점 0.5% 할인
2850,[LIVING] 온라인쇼핑 1%~1.5% 할인
2850,[LIVING] 홈쇼핑 1%~1.5% 할인
2850,[LIVING] 배달앱 1%~1.5% 할인
2850,[LIVING] 대형마트 1%~1.5% 할인
2850,[LIVING] 커피 1%~1.5% 할인
2850,[LIVING] 편의점 1%~1.5% 할인
2850,"[LIVING] 대중교통, 택시 1%~1.5% 할인"
2850,"[LIVING] 주유, 충전 1%~1.5% 할인"
2850,"[LIVING] SKT, KT, LG U+ 통신요금 자동납부 1%~1.5% 할인"
2850,"[LIVING] 동물병원, 애완동물 업종 1%~1.5% 할인"
2850,[MEMBERSHIP] OTT 5%~7% 할인
2850,[MEMBESHIP] 온라인멤버십 5%~7% 할인
2851,"온라인쇼핑, 대형마트, 커피 10% 청구 할인 · 배달앱 10% 청구 할인 · 교육, 병원, 주유 10% 청구 할인"
2851,할인
2851,7대 생활영역 10% 청구할인
2851,"우리카드 7CORE, 생활비 연 최대 100만 8천원 할인!┃30대·40대 생활비 할인 신용카드 추천"
2851,"우리카드 7CORE 카드출시, 7대 생활 영역 10% 할인을 연간 약 100만원까지 받는다"
2852,KB 틴업 체크카드 · KB국민카드 · 3만원 캐시백
2852,"편의점 5% 할인 · 다이소, 올리브영 5% 할인 · 연령구간별 전월 실적 및 제공서비스 상이 유의사항 참조"
2852,[공통] KB Pay 오프라인 결제 2% 할인
2852,"[공통] CU, 세븐일레븐 5% 할인"
2852,"[공통] 다이소, 올리브영, KB Pay 쇼핑 5% 할인"
2852,할인
2852,[공통] 독서실 업종 5% 할인
2852,"[공통] 서점 업종, 문구점 업종 5% 할인"
2852,[놀이2-3구간] PC방 5% 할인
2852,할인
2852,"[놀이2-3구간] 구글 플레이스토어, 애플 앱스토어 5% 할인"
2852,[외식 3구간] 패밀리레스토랑 업종 10% 할인
2853,국내외가맹점 0.5% 포인트 적립 · 한국철도공사 5% 포인트 추가 적립 · 생활필수영역 0.5% 포인트 추가 적립
2853,적립
2853,국내외 가맹점 0.5% KTX 마일리지 포인트 적립
2853,적립
2853,한국철도공사 5% KTX 마일리지 포인트 추가 적립
2853,적립
2853,생활 필수 영역 0.5% KTX 마일리지 포인트 추가 적립
2853,2026 KTX 할인카드로 저렴하게 예매하는 법 (ft. ktx 마일리지 적립 꿀팁)
2853,"KTX 삼성카드 출시, 최대 10.5% KTX 마일리지 적립 받는다"
2854,쌀/즉석밥 정기배송 · 음식점 50% 청구할인 · 전 세계 공항 라운지 월 1회 / 연 2회 무료 이용
2854,오전 5시 ~ 오전 9시 음식점 50% 청구할인
2854,zgm 할인카드
2854,zgm 할인카드
2855,일본 이용 3.5% 적립 · 국내 이용 1% 적립 · 호시노리조트 계열 최대 30% 할인
2855,해외 이용 적립 서비스 (전월실적 30만원 이상)
2855,일본 이용 추가 적립 서비스 (전월실적 30만원 이상)
2855,적립
2855,국내 이용 적립 서비스 (전월실적 30만원 이상)
2855,역대급 일본여행 신용카드 추천…!? 호시노 리조트 할인 받는 ‘신한카드 하루(Haru)’ 혜택 분석
2855,"신한카드 Haru(Hoshino Resorts) 출시, 일본 결제 시 최대 3.5% 적립"
2856,국내 가맹점 0.2~0.5% 적립 · Life / Biz 영역 0.4~10% 적립 · 해외 가맹점 1.4% 적립
2856,적립
2856,[기본] 국내 가맹점 0.2 ~ 0.5% 적립
2856,[Life 영역] 0.4% ~ 1% 적립
2856,[Biz 1. 영역] 제약/의료기기 0.4 ~ 1% 적립
2856,[Biz 2. 영역] 4대 보험 10% 적립
2856,[해외이용] 해외 가맹점 1.4% 적립
2856,"월 최대 60만점 적립, KB국민카드 고소득 개인사업자 신용카드 KB Biz Prime 출시"
2858,카드 쓰면 1% 캐시백 · 카드값 바로내면 1% 캐시백
2858,캐시백
2858,'카드 쓰면 1% 캐시백' 서비스
2858,캐시백
2858,‘카드값 바로내면 1% 캐시백’ 서비스
2858,"카카오뱅크 첫 PLCC ‘카카오뱅크 줍줍 신한카드’ 출시, 실적조건 없이 월 최대 4만원 할인"
2859,전통시장가맹점 이용 최대 10% 청구할인 · 온누리상품권 차감 이용 최대 10% 환급할인 · KB Pay 쇼핑 이용 최대 10% 청구할인
2859,전통시장가맹점 이용 5~10% 청구할인
2859,할인
2859,온누리상품권 차감 이용 5~10% 환급할인
2859,KB Pay 쇼핑 이용 5~10% 청구할인
2859,"KB 전통시장온누리카드 출시, 전통시장에서 온누리상품권 차감 결제 시 최대 20% 할인"
2860,"통신비 5% 할인 · 커피전문점 5% 할인 · 자동납부, 편의/생활, 포토 5% 할인"
2860,자동납부 5% 할인
2860,통신비 5% 할인
2860,커피전문점 5% 할인
2860,편의/생활 5% 할인
2860,포토 5% 할인
2860,"새마을금고, 20대 & 30대 위한 라이프핏 체크카드 출시! 인생네컷·다이소·카페·통신비·공과금 5% 할인받는다"
2861,"트래블 포인트 1% 적립 · 충전 잔액, 충전 한도 부족 시 하이브리드 기능 · 해외 이용 수수료 면제 서비스"
2861,적립
2861,트래블 포인트 적립서비스
2862,간편결제 10% 청구할인 · 영상 스트리밍 50% 청구할인 · 디지털 멤버십 50% 청구할인
2862,간편결제 10% 청구할인
2862,영상 스트리밍 50% 청구할인
2862,디지털 멤버십 50% 청구할인
2862,2026 이마트 할인 신용카드 추천부터 이마트페이 사용법 및 SSG페이 신용카드 총정리
2863,기본적립 국내 1% 해외 1.2% 적립 · 특별적립 항공권 2% 호텔/렌터카 3% 적립 · 보너스적립 1.5만마일 적립 (연 1회)
2863,적립
2863,"[기본적립] 국내 1%, 해외 1.2% 트래블마일 적립"
2863,"[특별적립] 항공권 2%, 호텔/렌터카 3% 트래블마일 적립"
2863,적립
2863,"트래블마일 15,000마일 보너스 적립
(연 1회, 1년차 300만원 / 2년차 이후 1,200만원 이상 사용 시)"
2863,"전월실적 없는 적립형 신용카드, 해외여행에 특화된 롯데카드 디지로카 트래블 2종 출시"
2864,기본적립 국내 1.2% 해외 1.5% 적립 · 특별적립 항공권 3% 호텔/렌터카 5% 적립 · 보너스적립 7만마일 적립 (연 1회)
2864,적립
2864,"[기본적립] 국내 1.2%, 해외 1.5% 트래블마일 적립"
2864,"[특별적립] 항공권 3%, 호텔/렌터카 5% 트래블마일 적립"
2864,적립
2864,"트래블마일 70,000마일 보너스 적립
(연 1회, 1년차 600만원 / 2년차 이후 2,400만원 이상 사용 시)"
2864,"전월실적 없는 적립형 신용카드, 해외여행에 특화된 롯데카드 디지로카 트래블 2종 출시"
2865,"신세계백화점, 해외/항공/여행 하나머니 적립 · 전세계 공항라운지 무료 이용 · 해외 이용수수료 면제 서비스"
2865,적립
2865,신세계백화점 하나머니 적립
2865,적립
2865,"국내/외, 항공, 여행 가맹점 하나머니 적립"
2866,대한항공 마일리지 3천원당 1마일리지 적립 · 해외가맹점 이용 수수료 면제 · 해외ATM 인출 수수료 월 3회 면제
2866,[해외가맹점 이용] 국제브랜드수수료(1%) 및 해외이용 수수료(0.18%) 면제
2866,[해외ATM 인출] 국제브랜드수수료(1%) 및 해외ATM 이용 수수료(USD 3.0) 월 3회 면제
2866,[대한항공 마일리지] 건당 3만원 이상 결제 시 3천원당 1마일리지 적립
2867,갤러리아 백화점 5% 현장할인 · 갤러리아 백화점 / 갤러리아몰 5~7% 청구할인 · 생활 영역 3% 청구할인
2867,[갤러리아 기본 서비스] 갤러리아 백화점 5% 현장할인
2867,[갤러리아 기본 서비스] 갤러리아 백화점 문화센터 5% 현장할인
2867,[갤러리아 특별 서비스] 갤러리아 백화점 / 갤러리아몰 5~7% 청구할인
2867,[생활 서비스] 생활 영역 3% 청구할인
2867,[생활 서비스] 국내외 가맹점 1% 청구할인
2868,전통시장가맹점 이용 5% 환급할인 · 온누리상품권 차감 이용 5% 환급할인 · KB Pay 쇼핑 이용 5% 환급할인
2868,전통시장가맹점 이용 5% 환급할인
2868,할인
2868,온누리상품권 차감 이용 5% 환급할인
2868,KB Pay 쇼핑 이용 5% 환급할인
2869,E1 충전소 10% 청구할인 · 편의점 업종 10% 청구할인 · 커피 업종 10% 청구할인
2869,E1 충전소 10% 청구할인
2869,편의점 업종 10% 청구할인
2869,커피 업종 10% 청구할인
2870,넥센타이어 렌탈 최대 2만원 결제일 할인
2870,넥센타이어 렌탈 할인
2871,"편의점 10% 캐시백 · 간편결제, 간편식, 커피, 힐링, 열공 7% 캐시백 · 우체국예금 제휴보험3종(청년우대형) 무료가입 1년"
2871,[주요서비스] 편의점 10% 캐시백
2871,[주요서비스] 간편결제 7% 캐시백
2871,[주요서비스] 간편식 7% 캐시백
2871,[주요서비스] 커피 7% 캐시백
2871,[주요서비스] 힐링 7% 캐시백
2871,[주요서비스] 열공 7% 캐시백
2872,GS리테일 결제 최대 10% 적립 · GS Pay 결제 추가 2% 적립 · 국내외 가맹점 0.1% 적립
2872,GS리테일에서 결제 시 GS ALL 포인트 최대 10% 특별 적립
2872,GS Pay 결제 시 GS ALL 포인트 2% 추가 적립
2872,그 외 국내외 가맹점 이용 시 GS ALL 포인트 0.1% 기본 적립
2873,스타필드 10% 할인 · 신세계 계열사 5% 할인 · 라이프 5% 할인
2873,[스타필드] 스타필드 이용금액 10% 결제일 할인
2873,[신세계 계열사] 신세계백화점 5% 결제일 할인
2873,"[신세계 계열사] 할인점, 편의점 5% 결제일 할인"
2873,[신세계 계열사] 온라인쇼핑 5% 결제일 할인
2873,[신세계 계열사] 스타벅스 5% 결제일 할인
2873,[신세계 계열사] 까사미아 5% 결제일 할인
2873,[라이프] 동물병원 5% 결제일 할인
2873,[라이프] 배달앱 5% 결제일 할인
2873,[라이프] 영화관 5% 결제일 할인
2873,[라이프] 올리브영 5% 결제일 할인
2873,[라이프] 스몹 5% 결제일 할인
2874,전통시장 15% NH포인트 적립 · 국내외가맹점 0.2% NH포인트 적립 · 주요생활업종 0.3% NH포인트 적립
2874,[기본] 국내/외 가맹점 0.2% NH포인트 적립
2874,[전통시장] 15% NH포인트 적립
2874,[생활영역] 0.3% NH포인트 적립
2875,"전월 이용금액에 따라 3,000원 ~ 9,000원 할인 · 아파트 관리비·이동통신·4대 사회보험 5% 할인 · 의료 5% 할인"
2875,할인
2875,"전월 이용금액에 따라 3,000원 ~ 9,000원 할인"
2875,"보험 10,000원 할인"
2875,아파트 관리비·4대 사회보험 5% 할인
2875,이동통신 5% 할인
2875,의료 5% 할인
2876,"국내외 전 가맹점 0.5% 청구할인 · 대중교통, 편의점 5% 청구할인 · 슈퍼마켓, 주유, 생활요금 납부 시 5% 청구할인"
2876,국내외 전 가맹점 0.5% 청구할인
2876,대중교통 5% 청구할인
2876,"편의점, 슈퍼마켓 5% 청구할인"
2876,주유 5% 청구할인
2876,생활요금(자동납부) 5% 청구할인
2877,"프리미엄 바우처, 공항라운지 무료 이용 · 해외여행, 쇼핑, 골프 10% 청구할인 · 커피, 택시 50% 청구할인"
2877,해외여행 10% 청구할인
2877,쇼핑 10% 청구할인
2877,골프 10% 청구할인
2877,커피 50% 청구할인
2877,택시 50% 청구할인
2878,알파벳카드D · 현대카드 · 최대 71.5만원 캐시백
2878,"일반음식점, 배달 앱 10% 청구 할인 · 커피전문점, 편의점 5% 청구 할인 · 대중교통 5% 청구 할인"
2878,할인
2878,"[기본 혜택] 전월 이용 금액 40만원 이상 시 일반음식점, 배달 앱 10% 청구 할인"
2878,할인
2878,"[추가 혜택] 전월 이용 금액 40만원 이상 시 커피전문점, 편의점, 대중교통 5% 청구 할인"
2878,현대카드ZERO Edition3(할인형)
2879,알파벳카드H · 현대카드 · 최대 71.5만원 캐시백
2879,"교육 10% 청구 할인 · 병원 10% 청구 할인 · 이동통신 요금, 아파트 관리비, 도시가스 요금 5% 청구 할인"
2879,할인
2879,"[기본 혜택] 전월 이용 금액 40만원 이상 시 교육, 병원 10% 청구 할인"
2879,할인
2879,"[추가 혜택] 전월 이용 금액 40만원 이상 시 이동통신 요금, 아파트 관리비, 도시가스 요금 정기결제 5% 청구 할인"
2880,알파벳카드O · 현대카드 · 최대 71.5만원 캐시백
2880,"주유소, 충전소 10% 청구 할인 · 차량 정비소, 세차장 10% 청구 할인 · 이동통신 요금, 아파트 관리비, 도시가스 요금 5% 청구 할인"
2880,할인
2880,"[기본 혜택] 전월 이용 금액 40만원 이상 시 주유소, 충전소, 차량 정비소, 세차장 10% 청구 할인"
2880,할인
2880,"[추가 혜택] 전월 이용 금액 40만원 이상 시 이동통신 요금, 아파트 관리비, 도시가스 요금 정기결제 5% 청구 할인"
2880,"고유가시대, 알파벳카드O + 오토케어멤버십으로 기름값 2배 이상 할인받고 국내여행 하는 법"
2881,알파벳카드S · 현대카드 · 최대 71.5만원 캐시백
2881,"온라인몰, 대형마트, 슈퍼마켓 10% 청구 할인 · 백화점, 프리미엄 아울렛 10% 청구 할인 · 커피전문점, 편의점, 대중교통 5% 청구 할인"
2881,할인
2881,"[기본 혜택] 전월 이용 금액 40만원 이상 시 온라인몰, 대형마트, 슈퍼마켓, 백화점, 프리미엄 아울렛 10% 청구 할인"
2881,할인
2881,"[추가 혜택] 전월 이용 금액 40만원 이상 시 커피전문점, 편의점, 대중교통 5% 청구 할인"
2881,현대카드ZERO Edition3(할인형)
2882,알파벳카드T · 현대카드 · 1.5만원 캐시백
2882,국내 가맹점 0.7% 청구 할인 · 해외 온·오프라인 가맹점 2% 청구 할인 · 국제브랜드 및 해외서비스 수수료 100% 청구 할인
2882,할인
2882,[기본 혜택] 실적·한도 제한 없이 국내 가맹점 0.7% 청구 할인
2882,[추가 혜택] 실적·한도 제한 없이 해외 온·오프라인 가맹점 2% 청구 할인
2882,[우대 서비스] 해외 온·오프라인 가맹점 국제브랜드 수수료 및 해외서비스 수수료 100% 청구 할인
2882,현대카드ZERO Edition3(할인형)
2882,현대카드 ZERO Up(할인형)
2883,현대카드Z everyday · 현대카드 · 2만원 캐시백
2883,"이동통신 요금, 대중교통, 온라인몰 5% 청구 할인 · 커피전문점, 편의점, 배달 앱 5% 청구 할인 · 음식점, 주유소, 대형마트 최대 10% 청구 할인"
2883,할인
2883,[기본 혜택] 전월 이용 금액 50만원 이상 시 9개 영역 5% 청구 할인
2883,할인
2883,"[추가 혜택] 전월 이용 금액 50만원 이상 시 일반음식점, 주유, 대형마트
주말(토·일요일) 10% 청구 할인"
2883,현대카드 ZERO Up(할인형)
2884,배달의민족 5% 결제일 할인 · 국내 · 외 가맹점 1% 결제일 할인
2884,[배민 할인] 배달의민족 이용금액 5% 결제일 할인
2884,[배민 외 가맹점 할인] 국내 · 외 가맹점 이용금액 1% 결제일 할인
2884,배달의민족 주문할 때 총 10% 할인! 지금 놓치면 후회할 '배민 신한카드 밥친구' 혜택 총정리
2884,"배민 신한카드 밥친구 출시, 배달의민족 월 최대 6만원 할인받는다"
2885,선택 옵션에 따른 할인 혜택 (택 1) · 생활 편의 영역 5% 할인 · 디지털콘텐츠/멤버십 50% 할인
2885,[SELECT 1] 선택 옵션에 따른 할인 혜택 제공 (택 1)
2885,할인
2885,[SELECT 1] 국내 가맹점 0.7% 할인
2885,할인
2885,[SELECT 1] 아파트 관리비/통신 10% 할인
2885,할인
2885,[SELECT 1] 교육 10% 할인
2885,[SELECT 2] 선택 옵션에 따른 할인 혜택 제공 (택 1)
2885,할인
2885,[SELECT 2] 온라인쇼핑몰/의료/배달앱 7% 할인
2885,할인
2885,[SELECT 2] 음식점/편의점/할인점/주유 7% 할인
2885,[기본] 생활 편의 영역 5% 할인
2885,[기본] 디지털콘텐츠 멤버십 50% 할인
2885,[기본] 해외 2% 할인
2886,음식점 또는 온라인몰 금/토/일 10% 할인 · 생활 편의 영역 5% 할인 · 인앱 결제/디지털콘텐츠 50% 할인
2886,"[SELECT] 선택 옵션에 따른 할인 혜택 제공 (택 1)
음식점, 온라인몰(패션/쇼핑), 온라인 간편결제"
2886,[SELECT] 금/토/일엔 외식 2배 할인
2886,[SELECT] 금/토/일엔 쇼핑 2배 할인
2886,[SELECT] 온라인 간편결제 1% 할인
2886,생활 편의 영역 5% 할인
2886,인앱 결제/디지털콘텐츠 50 % 할인
2886,해외 2% 할인
2886,2026 유튜브 프리미엄 할인 신용카드 추천 BEST 4 : 반값 할인부터 통신사 할인까지 받는 법
2887,독서실·도서·문구 5% 적립 · 편의점·푸드·카페 5~7% 적립 · 사진/쇼핑 1천/3천 포인트 적립
2887,스터디 적립 서비스
2887,오늘도 적립 서비스
2887,일상 속 적립 서비스
2887,"10대 청소년 체크카드, 신한카드 처음 체크 출시! 인생네컷, 편의점, 카페에서 할인받는다"
2887,맥도날드 최대 45% 할인 받는 법! 2026 패스트푸드 & 맥도날드 할인카드 추천 BEST 5
2888,국내 1천원당 1M 적립 · 해외 1천원당 2M 적립
2888,DIGILOCA SKYPASS 마일리지 적립서비스
2889,독서실·도서·문구 5% 적립 · 편의점·푸드·카페 5~7% 적립 · 사진/쇼핑 1천/3천 포인트 적립
2889,스터디 적립 서비스
2889,오늘도 적립 서비스
2889,일상 속 적립 서비스
2889,맥도날드 최대 45% 할인 받는 법! 2026 패스트푸드 & 맥도날드 할인카드 추천 BEST 5
2890,일상생활비 0.2~1% 적립 · 주말 배달앱 포인트 적립 · 편의점 포인트 적립
2890,[일상 생활비 적립] 국내 건당 결제금액별 0.2~1% 포인트 적립
2890,[일상 생활비 적립] 해외 결제금액 1% 포인트 적립
2890,"[일상 생활비 적립] 가족행사월(5월, 12월) 적립 한도 5천 포인트 추가 제공"
2890,[필수 생활비 적립] 주말 배달앱 포인트 적립
2890,[필수 생활비 적립] 편의점 포인트 적립
2891,일상 서비스 최대 5천원 캐시백 · 간편결제 서비스 최대 5천원 캐시백 · 해외 이용서비스 1.2% 캐시백
2891,[일상 서비스] 대중교통 이용금액 5% 캐시백
2891,[일상 서비스] 이동통신요금 자동납부 시 2천원 캐시백
2891,[일상 서비스] CGV 영화 예매 5천원 캐시백
2891,[일상 서비스] 편의점 1천원 캐시백
2891,[일상 서비스] 카페 1천원 캐시백
2891,[일상 서비스] 패스트푸드 1천원 캐시백
2891,[일상 서비스] 배달앱 1천원 캐시백
2891,[일상 서비스] 생활 가맹점 1천원 캐시백
2891,[일상 서비스] OTT 1천원 캐시백
2891,[일상 서비스] 온라인 쇼핑 1천원 캐시백
2891,[간편결제 서비스] 간편결제(Pay)로 국내 이용 시 1% 캐시백
2891,"[해외 서비스] 해외 전 가맹점(온라인포함) 1.2% 캐시백
해외인출 1건 당 US  캐시백 제공"
2892,편의점/커피 10% 적립 · 놀이 영역 10% 적립 · One Pick 맛집 3천 포인트 적립
2892,[생활 영역] 4대 편의점 10% 적립
2892,[생활 영역] 커피 업종 10% 적립
2892,[생활 영역] 해외이용 1% 적립
2892,"[놀이 영역] 사진관, 볼링장, 테니스장, 스키장 10% 적립"
2892,[One Pick] 맛집 가맹점 최대 3천 포인트 적립
2893,편의점/커피 10% 적립 · 디지털 구독 영역 10% 적립 · One Pick 쇼핑몰 3천 포인트 적립
2893,[생활 영역] 4대 편의점 10% 적립
2893,[생활 영역] 커피 업종 10% 적립
2893,[생활 영역] 해외이용 1% 적립
2893,"[디지털 구독 영역] 음악, OTT, 도서 10% 적립"
2893,[One Pick] 온라인 쇼핑몰 최대 3천 포인트 적립
2894,토스/온라인 영역 15%/10% 할인 · 토스프라임/인앱 결제/디지털콘텐츠 50% 할인 · 스타벅스 50% 할인
2894,토스/온라인 영역 15%/10% 할인
2894,토스프라임/인앱 결제/디지털콘텐츠 50% 할인
2894,스타벅스 50% 할인
2894,해외 2% 할인
2894,"토스페이 15% 할인되는 토스 삼성카드 출시, 토스 제휴 신용카드와 혜택 비교 차이점은?"
2895,일상생활 및 여행 영역 5~10% 청구할인 · 외화 머니 수수료 면제 혜택 · 공항라운지 무료 이용 서비스
2895,할인
2895,온라인쇼핑·배달앱 10% 청구할인
2895,할인
2895,커피·편의점·생활용품 10% 청구할인
2895,할인
2895,이동통신·스트리밍 10% 청구할인
2895,여행플랫폼 · 면세점 5% 할인
2895,항공 5% 청구할인
2896,"KB라이프 건강보험료 자동납부 5~8천원 청구할인 · 병원, 약국업종 5% 청구할인"
2896,KB라이프 건강보험료 자동납부 할인
2896,병원/약국 5% 할인
2897,스타벅스 이용금액 1만원당 별 리워드 최대 5개 적립 · 스타벅스 선불카드 충전 이용시 스타벅스 별 리워드 적립 · 국내외 가맹점 이용 시 스타벅스 별 리워드 적립
2897,스타벅스 이용 시 스타벅스 별 리워드 적립
2897,스타벅스 선불카드 충전 이용 시 스타벅스 별 리워드 적립
2897,국내외 가맹점 이용 시 스타벅스 별 리워드 적립
2897,스타벅스 삼성카드 vs 현대카드 혜택 비교 차이점 정리┃2026 스타벅스 할인 신용카드 추천
2897,"스타벅스 삼성카드 출시, 1만원당 최대 별 5개 적립"
2898,"국내 이용 1,500원당 1마일리지 적립 · 해외 이용 1,500원당 최대 2마일리지 적립 · 항공 마일리지와 포인트 동시 적립"
2898,SKYPASS 최대 2마일리지 적립
2898,POINT 추가 적립 (전월실적 50만원 이상)
2898,인천공항 주차 할인 서비스 (전월실적 50만원 이상)
2898,"대한한공 마일리지와 카드 포인트 동시 적립, 우리카드 MILE&POINT(마일앤포인트) 출시"
2899,"주유, 쇼핑, 배달 최대 5% 적립 · OTT, 멤버십 최대 1만 5천원 적립 · 포인트박스 10% 추가 입금"
2899,적립
2900,국내 전 가맹점 최대 1.5% 무제한 적립
2900,적립
2900,사용 금액의 0.2% 또는 1.5% 랜덤 적립
2901,국내 전 가맹점 0.5% 무제한 적립
2901,적립
2901,사용 금액의 0.5% 적립
2902,프리미엄 바우처 최대 13만원 제공 · 항공/호텔/면세/골프/해외 3% 적립 · OTT/뷰티/여가 10% 할인
2902,적립
2902,[기본적립] 국내 가맹점 1% 적립
2902,적립
2902,"[특별적립Ⅰ] 백화점, 온라인 쇼핑 2% 적립"
2902,적립
2902,"[특별적립Ⅱ] 국내 항공권, 국내 특급호텔, 면세점, 골프장, 해외 3% 할인"
2902,[프리미엄] 인천공항 주차 할인 서비스
2902,[라이프] OTT/뷰티/여가 10% 할인
2902,골프장·골프연습장 할인 신용카드 & 골프 라운딩 준비물인 40대 프리미엄 카드 추천 BEST 6
2903,SK에너지·HD현대오일뱅크 리터당 150원 할인 · 경차 유류세 환급 지원
2903,"SK에너지·HD현대오일뱅크에서 주유 시 리터당 150원 청구 할인
모든 충전소(LPG) 이용 시 리터당 150원 청구 할인"
2903,적립
2903,국내 가맹점에서 0.2% M포인트 적립
2903,적립
2903,"현대자동차·기아 신차 구매 시 1.5% M포인트 적립
GS칼텍스 주유 시 리터당 60 M포인트 적립"
2903,현대카드 홈페이지를 통해 제휴 온라인쇼핑몰에 접속하여 결제 시 M포인트 추가 적립
2904,"관리비, 통신비 10% 할인 (월 최대 5만 원 할인) · 마트, 병원비, 학원업종 10% 할인 (월 최대 5만 원 할인) · 커피, 골프, 보험 10% 할인 (월 최대 5만 원 할인)"
2904,"8가지 생활영역에서 10% 청구할인
(병원/의원, 관리비, 통신, 쇼핑, 학원, 커피, 보험, 골프)"
2905,트래블러스 체크카드 · KB국민카드 · 3만원 캐시백
2905,"해외 이용 수수료 면제 · 철도 5,000원 할인 · 전국맛집 5,000원 할인"
2905,할인
2905,[국내 혜택] KB Pay 200원 추가 할인
2905,"[국내 혜택] 카페 1,000원 할인"
2905,"[국내 혜택] 빵집 2,000원 할인"
2905,"[국내 혜택] 철도 5,000원 할인"
2905,"[국내 혜택] 고속버스 2,000원 할인"
2905,[국내 혜택] 주차장 500원 할인
2905,"[국내 혜택] 전국맛집 5,000원 할인"
2906,국내외 가맹점 1% 캐시백 · 생활밀착 가맹점 1.7% 캐시백 · 온라인 영화 예매 최대 3천원 할인
2906,캐시백
2906,"국내외 가맹점 1% 캐시백
생활밀착 가맹점 추가 0.7% 캐시백 (총 1.7% 캐시백)"
2906,할인
2906,생활친화 가맹점 Coin-Save (잔돈할인)
2906,온라인 영화 예매 최대 3천원 할인
2906,테마파크 서울랜드 50% 할인
2907,일본 3대 편의점 50% 캐시백 · 일본 커피/패스트푸드 50% 캐시백 · 일본 오프라인 가맹점 10% 캐시백
2907,[일본 여행] 일본 3대 편의점 50% 캐시백
2907,[일본 여행] 일본 커피/패스트푸드 50% 캐시백
2907,[국내외 캐시백] 해외 10% 캐시백
2907,[국내외 캐시백] 국내 쇼핑 5% 캐시백
2907,[국내외 캐시백] 국내 푸드 5% 캐시백
2907,[국내외 캐시백] 국내 일상 5% 캐시백
2908,국내외가맹점 1% 번개포인트 적립 · 번개장터 2% 번개포인트 추가 적립
2908,적립
2908,국내외 가맹점 1% 번개포인트 적립
2908,적립
2908,번개장터 2% 번개포인트 추가 적립
2909,학원 5% 청구할인 · 병원/약국 5% 청구할인 · 여가생활 5% 청구할인
2909,학원 5% 청구할인
2909,병원/약국 5% 청구할인
2909,여가생활 5% 청구할인
2909,쇼핑 5% 청구할인
2911,해피메이트 IBK카드(신용) · IBK기업은행 · 최대 2만원 캐시백
2911,국내외 가맹점 1% 해피포인트 적립 · SPC 가맹점 10% 해피포인트 적립 · 해피포인트APP 10% 해피포인트 적립
2911,국내외 가맹점 1% 해피포인트 적립
2911,"파리바게뜨, 배스킨라빈스, 던킨 10% 해피포인트 적립"
2911,"해피포인트 앱 내 해피오더, 마켓, 선물하기 10% 해피포인트 적립"
2911,"쿠팡, 11번가 2% 해피포인트 적립"
2911,"해피포인트 적립하시나요? 파리바게트, 배스킨라빈스 결제는 해피메이트 IBK카드로 하면 이득인 이유"
2912,LG전자 구독요금 월 최대 2만원 결제일 할인 · LG전자 구독요금 1만 포인트 적립 (월 1회)
2912,할인
2912,LG전자 구독요금 결제일 할인
2912,적립
2912,LG전자 구독요금 포인트 적립
2913,"SK인텔릭스 구독료 1만 1천원 ~ 2만원 할인 · 메가박스/CGV 온라인 예매 3,500원 할인 · 캐리비안베이/롯데월드/에버랜드 30% ~ 50% 현장 할인"
2913,할인
2913,SK인텔릭스 구독료 자동이체 시 1만 1천원 ~ 2만원 청구할인
2913,"메가박스/CGV 온라인 영화 예매 시 3,500원 청구할인"
2913,롯데월드 어드벤처 종합이용권 50% 현장 할인
2913,에버랜드 페스티벌월드 자유이용권 50% 현장 할인
2913,캐리비안베이 입장권 30% 현장 할인
2914,"국내외 가맹점 0.5% ~ 3% 신백리워드 포인트 적립 · 이마트 6,000원 할인 · CGV 3,000원 할인"
2914,국내외 가맹점 0.5% ~ 3% 신백리워드 포인트 적립
2914,"이마트 6,000원 할인 (통합 월 1회, 전월 이용금액 20만원 이상 시 제공)"
2914,"CGV 3,000원 할인 (월 1회, 전월 이용금액 30만원 이상 시 제공)"
2914,"놀이공원 50% / 워터파크 30% 할인 (연 5회, 전월 이용금액 30만원 이상 시 제공)"
2915,프리미엄 영역 연간 최대 15만원 할인 기프트 · 국내외 가맹점 1~3% 빅포인트 적립 · 공항 라운지 연 3회 무료 이용
2915,프리미엄 영역 연간 최대 15만원 할인 기프트
2915,적립
2915,국내외 가맹점 1~3% 빅포인트 적립
2915,골프장·골프연습장 할인 신용카드 & 골프 라운딩 준비물인 40대 프리미엄 카드 추천 BEST 6
2915,"삼성카드, 최대 15만원 할인 기프트 제공하는 THE iD. 1st(디 아이디 퍼스트) 출시"
2916,Gift 옵션 7만 마이신한포인트 적립 (연 1회) · 국내/해외 1.5~5% 적립 · 평일 점심 요식업종 월 최대 2만원 할인
2916,적립
2916,국내/해외 이용 시 마이신한포인트 1.5~5% 적립 (전월실적 40만원 이상)
2916,평일(월~금) 점심시간 요식업종 이용시 5% 결제일 할인 (전월실적 40만원 이상)
2916,"신한카드, 원하는 곳에서 7만원 쓰면 7만포인트 적립하는 프리미엄카드 ‘The CLASSIC NEO’ 출시"
2917,대중교통 5% 할인 · 이동통신 5% 할인 · 다이소 5% 할인
2917,대중교통 5% 할인
2917,이동통신 5% 할인
2917,다이소 5% 할인
2917,쿠팡 5% 할인
2917,배달앱 5% 할인
2917,편의점 5% 할인
2918,음식·생활·패션 5% 적립 · 통신·구독·멤버십 최대 20% 적립 · 소비관리 보너스 매월 최대 1만P
2918,적립
2918,오늘도 5% 적립
2918,적립
2918,일상 속 5% 적립
2918,적립
2918,정기결제 최대 20% 적립
2918,적립
2918,[소비관리 보너스] ① 계획소비 적립
2918,적립
2918,[소비관리 보너스] ② 즉시결제 적립
2919,최대 1% 무제한 캐시백 · 교통카드 후불 기능 · ATM 이용수수료 무료
2919,캐시백
2919,최대 1% 무제한 캐시백
2920,국내 가맹점 매일 0.2% 청구할인 · 국내 가맹점 일요일 0.3% 청구할인 · 교통카드 후불 기능
2920,할인
2920,국내 가맹점 이용 시 0.2% ~ 0.3% 청구할인
2921,교통 10% 캐시백 · 편의점 10% 캐시백 · 배달앱 10% 캐시백
2921,캐시백
2921,"[필수 생활비 영역 캐시백] 대중교통, 이동통신요금 10% 캐시백"
2921,캐시백
2921,"[일상 생활비 영역 캐시백] 커피/편의점 10% 캐시백, 배달앱 10% 캐시백"
2922,교통/통신 10% 캐시백 · 마트/음식점 10% 캐시백 · 병원/약국 10% 캐시백
2922,할인
2922,"[필수 생활비 영역 캐시백] 대중교통, 이동통신요금 10% 캐시백"
2922,할인
2922,"[일상 생활비 영역 캐시백] 대형마트, 음식점, 병원/약국 10% 캐시백"
2923,신세계백화점 3% 할인 · 마이신한포인트 0.7% 적립 · 해외 가맹점 2% 할인
2923,신세계백화점 최대 3% 결제일 할인 서비스
2923,국내 가맹점 0.7% 마이신한포인트 적립 서비스
2923,해외 가맹점 2% 할인 서비스
2924,"국내 가맹점 0.7% 적립 · 해외/여행준비 최대 6% 적립 · 간편결제, 인앱결제 3% 청구할인"
2924,"[UniMile 적립 서비스] 국내 가맹점 0.7% 적립
해외/여행준비 6%~2% 적립 (전월실적 50만원 이상)"
2924,할인
2924,"[온라인 할인 서비스] 간편결제, 인앱결제 3% 청구할인 (전월실적 50만원 이상)"
2924,"우리카드, 국내 6개 LCC 포인트 통합 적립되는 우리카드 UniMile(유니마일) 출시"
2925,병원/한의원/약국/동물병원 20% 할인 · 음식점/배달앱/커피전문점 10% 할인 · 마트/편의점/온라인쇼핑 10% 할인
2925,병원/한의원/약국/동물병원 20% 청구할인
2925,음식점/커피전문점/편의점 10% 청구할인
2925,배달의 민족/요기요/쿠팡이츠 10% 청구할인
2925,"아파트관리비 또는 이동통신요금(SKT, KT, LG U+, 알뜰폰) 자동납부 10% 청구할인"
2925,이마트(트레이더스 포함)/롯데마트/홈플러스 10% 청구할인
2925,쿠팡/옥션/G마켓 10% 청구할인
2925,카카오T(택시) 10% 청구할인
2925,전 주유소 리터당 60원 청구할인(LPG포함)
2926,BC 바로 Air Master 카드 · BC 바로카드 · 연회비 100% 캐시백
2926,"[기본 적립] 1,500원당 1 스카이패스 마일리지"
2926,"[특별 적립] 1,500원당 1 스카이패스 마일리지 추가"
2926,[보너스 적립] 1백만원당 200 스카이패스 마일리지 추가
2927,"[기본 적립] 1,500원당 1 스카이패스 마일리지"
2927,"[Max 적립 #1] 1,500원당 1 스카이패스 마일리지 추가"
2927,"[Max 적립 #2] 아파트관리비 1,500원당 1 스카이패스 마일리지"
2927,[보너스 적립] 1백만원당 200 스카이패스 마일리지 추가
2927,"아파트관리비도 마일리지 적립된다, BC 바로 Air Max 카드┃대한항공 마일리지 적립 신용카드 추천"
2928,BC 바로 ZONE 카드 · BC 바로카드 · 연회비 100% 캐시백
2928,"커피, 간식, 배달앱 7% 할인 · 쿠팡, 다이소, 올리브영 7% 할인 · 디지털구독, 멤버십, 전통시장 7% 할인"
2928,"[EAT ZONE] 커피, 간식, 배달앱 7% 할인"
2928,"[LIFE ZONE] 온라인몰, 다이소, 올리브영 7% 할인"
2928,"[PLAY ZONE] 디지털구독, 쇼핑멤버십 7% 할인"
2928,[& ZONE] 전통시장 7% 할인
2928,"[해외 ZONE] 전월 실적, 한도 없이 1% 결제일 할인"
2928,"BC 바로 ZONE 카드, 연 최대 48만원 생활비 할인! ┃20대 자취생 할인 신용카드 추천"
2929,KB Youth Club 체크카드 · KB국민카드 · 3만원 캐시백
2929,"[A팩] 6개 영역(OTT, APP 등) 최대 50% 할인 · [B팩] 6개 영역(멤버십, 통신 등) 최대 50% 할인 · KB유스클럽체크카드 X 유스클럽프로모션"
2929,"[A팩] 6개 영역 최대 50% 할인
OTT, APP, 여가, 교통, 편의점, 영화관"
2929,"[B팩] 6개 영역 최대 50% 할인
쇼핑 멤버십, 통신요금, 패션/라이프, 배달, 편의점, 데이트"
2930,[일상팩] 주유/배달/통신 10% 할인 · [가족팩] 생활요금/온라인장보기/일상케어 10% 할인 · 해외 이용 수수료 면제 서비스
2930,"[일상팩] 6개 영역 최대 10% 청구할인
주유, 배달, 통신/보험/APP, 온라인쇼핑, 편의점, 취미/자기관리"
2930,"[가족팩] 6개 영역 최대 10% 청구할인
생활요금, 온라인장보기, 일상케어, 학원, 대형마트, 카페"
2931,전월실적에 따라 교육 관련 업종 1~3만원 할인
2931,교육 관련 업종 1만원/2만원/3만원 청구할인
2931,생활 영역 5천원 청구할인
2931,"KB국민카드, 교육비 할인카드 KB NEED Edu카드 출시"
2932,20만원 프리미엄 바우처 4종 제공(택1) · 건강/생활/쇼핑/여행 5% 할인 (택 1)
2932,[할인 서비스] 라이프스타일 패키지 업종 5% 할인
2933,군마트(P.X.) 20% 캐시백 · 군 체력단련장·휴양시설 20% 캐시백 · 시내버스·지하철 20% 캐시백
2933,캐시백
2933,캐시백
2933,할인
2934,하나 나라사랑카드 · 하나카드 · 최대 2만원 캐시백 이벤트
2934,군마트(P.X.) 최대 30% 캐시백 · 쿠팡/네이버플러스 스토어 20% 캐시백 · CU 최대 30% 현장할인
2934,할인
2934,2026 에버랜드 할인카드 추천 BEST 5ㅣ자유이용권 입장료부터 팀 에버랜드 멤버십 혜택까지 총정리
2934,맥도날드 최대 45% 할인 받는 법! 2026 패스트푸드 & 맥도날드 할인카드 추천 BEST 5
2935,해외 이용 수수료 1.3% 면제 · 해외 온라인 거래 최대 2.5% 적립 · 마이셀렉트샵 추가 캐시백
2935,해외 온라인 거래 포인트 적립 서비스
2935,할인
2935,캐시백
2935,마이셀렉트샵 추가 할인 프로모션 (~2026.12.31)
2935,"해외여행·직구 카드, 신한카드 SOL트립앤샵 체크 x VISA(비자) 쓰면 최대 91% 캐시백 받는다"
2936,RROUND PAY 2% 적립 (월한도 1만원) · RROUND PAY 외 1% 적립 (월한도 2만원) · 최대 30만P 미리적립서비스
2936,적립
2936,RR PAY 포인트 적립 서비스
2936,적립
2936,RR PAY 포인트 미리적립 서비스 (선지급 포인트 서비스)
2937,국내외 가맹점 최대 1.2% 결제일 할인 · 마트/슈퍼 3% 결제일 할인 · 커피/편의점 5% 결제일 할인
2937,할인
2937,할인
2937,캐시백
2937,[보너스 캐시백]
2937,"디지로카 Link, 함께 쓸수록 더 할인받는 신개념 롯데카드!┃커플·가족 생활비 신용카드 추천"
2938,현대카드MY BUSINESS M F&B · 현대카드 · 최대 62만원 캐시백
2938,"대형마트, 슈퍼마켓 5% 적립 · 전기・도시가스 요금, 4대 보험 5% 적립 · 국내외 가맹점 1.5% 적립"
2938,적립
2938,[기본 혜택] 국내외 가맹점 1.5% M포인트 적립(전월실적 50만원 이상)
2938,적립
2938,"[추가 혜택] 대형마트, 슈퍼마켓, 전기·도시가스 요금, 4대 보험 5% M포인트 적립
(월 2만 M포인트 한도, 전월실적 100만원 이상)"
2938,적립
2938,M 긴급적립(선지급 포인트 서비스)
2939,현대카드MY BUSINESS M Retail · 현대카드 · 최대 62만원 캐시백
2939,"주유/LPG, 전기차 충전, 이동통신 요금 5% 적립 · 전기・도시가스 요금, 4대 보험 5% 적립 · 국내외 가맹점 1.5% 적립"
2939,적립
2939,[기본 혜택] 국내외 가맹점 1.5% M포인트 적립(전월실적 50만원 이상)
2939,적립
2939,"[추가 혜택] 주유/LPG, 전기차 충전, 이동통신 요금, 전기·도시가스 요금, 4대 보험 5% M포인트 적립
(월 2만 M포인트 한도, 전월실적 100만원 이상)"
2939,적립
2939,M 긴급적립(선지급 포인트 서비스)
2940,현대카드MY BUSINESS M E-seller · 현대카드 · 최대 62만원 캐시백
2940,"온라인 쇼핑, 해외 가맹점 5% 적립 · 네이버 비즈머니 충전, 전기・도시가스 요금 5% 적립 · 국내외 가맹점 1.5% 적립"
2940,적립
2940,[기본 혜택] 국내외 가맹점 1.5% M포인트 적립(전월실적 50만원 이상)
2940,적립
2940,"[추가 혜택] 온라인 쇼핑, 해외 가맹점, 네이버 비즈머니 충전, 전기·도시가스 요금, 4대 보험 5% M포인트 적립
(월 2만 M포인트 한도, 전월실적 100만원 이상)"
2940,적립
2940,M 긴급적립(선지급 포인트 서비스)
2941,군마트(PX) 최대 50% 할인 · 대중교통 20% 할인 · 아웃백스테이크하우스 20% 할인
2941,할인
2941,할인
2941,할인
2941,할인
2941,할인
2942,에너지플러스 현대카드 · 현대카드 · 최대 60만원 캐시백
2942,GS칼텍스 반경 5km 최저가 주유 보장 · 에너지플러스 앱 '바로주유' 결제 시 추가 5% 청구 할인 · 주차·세차·정비 업종 5% 청구 할인
2942,[기본 혜택] GS칼텍스 이용 금액 청구 할인 (전월실적 40만원 이상)
2942,할인
2942,[추가 혜택] 차량유지관리영역 5% 청구 할인 (전월실적 40만원 이상)
2942,"현대카드와 GS칼텍스의 최저가 보장 신개념 주유할인카드, 에너지플러스 현대카드 출시"
2943,G마켓/옥션 5% 적립 · 편의점/배달앱/교통/주유 3% 적립 · 쇼핑/의료/학원 3% 적립
2943,G마켓/옥션 5% 빅포인트 적립
2943,적립
2943,편의점/배달앱/대중교통/택시/주유 3% 빅포인트 적립
2943,적립
2943,백화점/할인점/프리미엄아울렛/면세점/SPA 패션/의료/학원 3% 빅포인트 적립
2943,디지털콘텐츠 20% 빅포인트 적립
2943,이동통신 5% 빅포인트 적립
2943,해외 가맹점 2% 빅포인트 적립
2944,the Orange · 현대카드 · 20만원 캐시백
2944,국내외 가맹점 1% 적립 · 온라인몰·다이닝·웰니스·테크 10% 적립 · 쇼핑·호텔·여행 15만원권 바우처 제공
2944,적립
2944,[기본 혜택] 국내외 가맹점 1% M포인트 적립 (전월실적 50만원 이상)
2944,적립
2944,"[추가 혜택] 온라인몰, 다이닝, 웰니스, 테크 영역 10% M포인트 적립 (전월실적 100만원 이상)"
2944,적립
2944,[우대 서비스] M 긴급적립(선지급 포인트 서비스)
2947,100원당 1 넥슨 현대카드 M캐시 적립 · 월 500 넥슨 현대카드 M캐시 추가 적립
2947,적립
2947,마비노기 모바일팩 넥슨 현대카드 M캐시 적립
2947,적립
2947,넥슨 현대카드 M캐시 추가 적립
2947,현대카드ZERO Edition2(할인형)
2948,10% 넥슨 현대카드 포인트2 적립
2948,적립
2948,넥슨팩 10% 넥슨 현대카드 포인트2 적립
2950,실적·한도 없이 국내 1.5% 할인 · 실적·한도 없이 해외 2% 할인 · 마트/병원/주유 3만원 웰컴 캐시백
2950,할인
2950,심플 할인 서비스
2950,캐시백
2950,가족카드 캐시백 서비스
2950,캐시백
2950,웰컴 캐시백 서비스
2950,전월실적 조건 없이 할인 받는 신한카드 Simple Plan 2종 출시
2951,실적·한도 없이 국내 1% 할인 · 실적·한도 없이 해외 2% 할인 · 국내 2~3개월 무이자 할부
2951,할인
2951,심플 할인 서비스
2951,전월실적 조건 없이 할인 받는 신한카드 Simple Plan 2종 출시
2952,삼성 iD STATION 카드 (HD현대오일뱅크) · 삼성카드 · 온라인 신규 회원 연회비 100% 캐시백
2952,HD현대오일뱅크 10% 할인 · 통신 5% 할인 · 편의점 5% 할인
2952,HD현대오일뱅크 10% 할인
2952,통신 5% 할인
2952,편의점 5% 할인
2952,온라인쇼핑몰 5% 할인
2952,적립
2952,"주유비 할인카드 추천 ㅣ 피킹률 높은 신용카드, 삼성 iD STATION 카드 3종 혜택 및 총정리"
2953,스타벅스 리워드 별 1~3개 적립 · 국내 가맹점 2% 포인트 적립 · 해외 이용 수수료 면제 서비스
2953,국내 스타벅스 이용 시 2만원당 스타벅스 리워드 별 1개 적립
2953,해외 가맹점 이용 시 2만원당 스타벅스 리워드 별 3개 적립
2953,적립
2953,국내 가맹점 2% 포인트 적립
2953,"스타벅스, 트래블월렛과 손잡다! 별 적립에 해외수수료 면제 받는 ‘스타트래블 우리카드’ 출시"
2954,"LG트윈스 홈경기 티켓 3천원 할인 · LG트윈스 용품 최대 10% 적립 · 배달앱, 편의점 최대 5% 적립"
2954,LG트윈스 정규 시즌 홈경기 입장권 3천원 할인 (전월실적 없음)
2954,적립
2954,LG트윈스 홈경기장 내 구단 공식 매장에서 용품 구매 시 최대 10% 적립
2954,"배달앱 이용 시 최대 5% 적립(요기요, 배달의 민족, 쿠팡이츠, 땡겨요)"
2954,"편의점 이용 시 최대 5% 적립(GS25, CU, 세븐일레븐, 이마트24)"
2954,2026 KBO 프로야구 예매 필수! 구단별 야구 티켓 할인 신용카드 & 체크카드 추천
2955,삼성라이온즈 홈경기 입장권/팀스토어 50% 할인 · 대구삼성라이온즈파크 식음매장 10% 할인 · 디지털콘텐츠 50% 할인
2955,할인
2955,삼성라이온즈 홈경기 입장권/팀스토어 50% 할인
2955,할인
2955,대구삼성라이온즈파크 식음매장 10% 할인
2955,디지털콘텐츠 50% 할인
2955,할인
2955,커피전문점/편의점 10% 할인
2955,대중교통/택시 10% 할인
2955,철도 5% 할인
2955,할인
2955,온라인쇼핑몰/배달앱 5% 할인
2955,여행플랫폼 5% 할인
2955,2026 KBO 프로야구 예매 필수! 구단별 야구 티켓 할인 신용카드 & 체크카드 추천
2955,현대카드ZERO Edition3(할인형)
2956,두산베어스 특화 최대 3만원 할인 · 생활 영역 최대 2만원 할인
2956,두산베어스 특화할인
2956,할인
2956,생활 영역 할인
2956,2026 KBO 프로야구 예매 필수! 구단별 야구 티켓 할인 신용카드 & 체크카드 추천
2957,한화이글스 홈경기 5천원 할인 · 국내/외 가맹점 0.7% 캐시백 · 잔돈 월 10회 할인
2957,한화이글스 홈경기 야구 할인
2957,국내/외 가맹점 캐시백
2957,할인
2957,잔돈 할인
2957,영화 할인
2957,2026 KBO 프로야구 예매 필수! 구단별 야구 티켓 할인 신용카드 & 체크카드 추천
2958,국내·외 가맹점 1마일리지 기본적립 · 온라인/음식점/해외 2마일리지 특화적립 · 6가지 바우처 중 택 1 (연 1회)
2958,"[기본적립] 국내·외 가맹점 이용 시 1,500원당 1마일리지 적립"
2958,"[특화적립] 3개 영역 이용 시 1,500원당 2마일리지 적립"
2959,국내·외 가맹점 1% 기본적립 · 마트/주유 5% 특화적립 · 6가지 바우처 중 택 1 (연 1회)
2959,[기본적립] 국내·외 가맹점 이용 시 이용금액의 1% 적립
2959,적립
2959,[특화적립] 5개 영역 이용 시 이용금액의 2% 또는 5% 적립
2960,이마트 계열 15% 할인 · 국내외 가맹점 0.5% 적립
2960,할인
2960,이마트 계열 할인 서비스
2960,국내외 가맹점 포인트 적립 서비스
2960,"이마트 신한카드 출시, 스타벅스 등 이마트 계열 가맹점에서 최대 5만원 할인"
2961,국내외 가맹점 1% 적립 · 해외 가맹점 3% 적립 · 항공·면세점·여행 3% 적립
2961,적립
2961,하나머니 적립 서비스: 지난달 실적과 관계없이 서비스 제공
2961,트래블로그 플러스 신용카드 일본여행 사용법! 돈키호테 캐시백 및 전월실적 없는 3% 적립 가이드
2962,"더한섬, EQL,직영매장 5% 할인 · 더한섬 특별 적립처 3% 적립 · 그 외 국내외 가맹점 0.5% 적립"
2962,할인
2962,"더한섬닷컴, EQL, 한섬직영매장 최대 5% 결제일 할인 (전월실적 40만원 이상)"
2962,적립
2962,더한섬 특별 적립처 최대 3% 한섬마일리지 특별 적립 (전월실적 40만원 이상)
2962,그 외 국내외 가맹점 이용 시 최대 0.5% 한섬마일리지 적립 (전월실적 40만원 이상)
2962,더한섬 신한카드 2종 출시 │ 더한섬닷컴·EQL·더한섬하우스·청담 애비뉴 할인
2963,"Gift Option 마일리지 or 멤버십 제공 · 더한섬, EQL,직영매장 5% 할인 · 한섬 특별 적립처 5% 적립"
2963,할인
2963,"더한섬닷컴, EQL, 한섬직영매장 최대 5% 결제일 할인 (전월실적 40만원 이상)"
2963,적립
2963,더한섬 특별 적립처 최대 5% 한섬마일리지 특별 적립 (전월실적 40만원 이상)
2963,그 외 국내외 가맹점 이용 시 최대 0.5% 한섬마일리지 적립 (전월실적 40만원 이상)
2963,더한섬 신한카드 2종 출시 │ 더한섬닷컴·EQL·더한섬하우스·청담 애비뉴 할인
2964,간편결제 15%/10% 할인 (택 1) · 온라인패션몰 5% 할인 · 디지털콘텐츠/멤버십 30% 할인
2964,[국내 할인 서비스] 자주 쓰는 간편결제 15%/10% 할인
2964,[국내 할인 서비스] 온라인패션몰 5% 할인
2964,[국내 할인 서비스] 디지털콘텐츠/멤버십 30% 할인
2964,[특별 서비스] 해외 가맹점 2% 할인
2964,"네이버페이, 카카오페이, 토스페이, KB페이 최대 15% 할인!ㅣKB NEED Pay 카드 연회비 & 혜택 총정리"
2967,알파벳카드B · 현대카드 · 최대 71.5만원 캐시백
2967,"뷰티, 헬스, 패션 10% 청구 할인 · 커피전문점, 편의점 5% 청구 할인 · 대중교통 5% 청구 할인"
2967,할인
2967,"[기본 혜택] 뷰티, 헬스, 패션 10% 청구 할인 (전월실적 40만원 이상)"
2967,할인
2967,"[추가 혜택] 커피전문점, 편의점, 대중교통 5% 청구 할인 (전월실적 40만원 이상)"
2968,알파벳카드P · 현대카드 · 1.5만원 캐시백
2968,"온라인 간편결제 10% 청구 할인 · 커피전문점, 편의점 5% 청구 할인 · 대중교통 5% 청구 할인"
2968,할인
2968,[기본 혜택] 온라인 간편결제 10% 청구 할인 (전월실적 40만원 이상)
2968,할인
2968,"[추가 혜택] 커피전문점, 편의점, 대중교통 5% 청구 할인 (전월실적 40만원 이상)"
2969,알파벳카드R · 현대카드 · 최대 71.5만원 캐시백
2969,"생활 요금, 이동통신 요금 10% 청구 할인 · 디지털 콘텐츠, 온라인쇼핑 멤버십 10% 청구 할인 · 커피전문점, 편의점, 대중교통 5% 청구 할인"
2969,할인
2969,"[기본 혜택] 생활 요금, 이동통신 요금, 디지털 콘텐츠, 온라인쇼핑 멤버십 정기결제 10% 청구 할인
(전월실적 40만원 이상)"
2969,할인
2969,"[추가 혜택] 커피전문점, 편의점, 대중교통 5% 청구 할인 (전월실적 40만원 이상)"
2970,KB Pay 10% 할인 · 푸드/통신/OTT 10~30% 할인 · 배달/일상/관리 5~30% 선택 할인
2970,[위시 베이직] KB Pay 10% 할인
2970,할인
2970,"[위시 베이직] 음식점, 편의점 10% 할인"
2970,[위시 베이직] 이동통신요금 10% 할인
2970,[위시 베이직] OTT 30% 할인
2970,[위시 픽] 배달/커피 5% 할인 (배달/일상/관리 중 택 1)
2970,"[위시 픽] 택시/커피 5%, 영화관 30% 할인 (배달/일상/관리 중 택 1)"
2970,"[위시 픽] 미용실, 스포츠, 온라인서점, 올리브영 5% 할인 (배달/일상/관리 중 택 1)"
2971,무신사 10%/2% 무신사머니리워드 · 국내외 가맹점 1% 무신사머니리워드
2971,적립
2971,무신사 10%/2% 무신사머니리워드 적립
2971,국내외 가맹점 1% 무신사머니리워드 적립 (전월실적 없음)
2971,"무신사 삼성카드 출시, 무신사·29CM·솔드아웃 등 월 최대 4만원 할인"
2972,"국내외 가맹점 0.5% 적립 · 일반음식점, 배달 앱 5% 적립 · 편의점, 대중교통 5% 적립"
2972,[기본 혜택] 국내외 가맹점 0.5% M포인트 적립 (전월실적 없음)
2972,적립
2972,"[추가 혜택] 일반음식점, 배달 앱, 편의점, 대중교통 5% M포인트 적립 (전월실적 30만원 이상)"
2972,현대카드 하이브리드(캐시백형)
2973,현대카드 하이브리드(캐시백형)
2973,현대카드 하이브리드(캐시백형)
2973,현대카드 하이브리드(캐시백형) · 현대카드
2973,"국내외 가맹점 0.3% 캐시백 · 일반음식점, 배달 앱 3% 캐시백 · 편의점, 대중교통 3% 캐시백"
2973,[기본 혜택] 국내외 가맹점 0.3% 캐시백 (전월실적 없음)
2973,적립
2973,"[추가 혜택] 일반음식점, 배달 앱, 편의점, 대중교통 3% 캐시백 (전월실적 30만원 이상)"
2974,Apple Pay 이용 금액 10% 캐시백
2974,Apple Pay 이용 금액 10% 캐시백 (전월실적 30만원 이상)
2974,현대카드 하이브리드(캐시백형)
2975,국내 가맹점 0.8% 할인 · 해외 가맹점 1.5% 할인
2975,국내 가맹점 0.8% 결제일 할인
2975,해외 가맹점 1.5% 결제일 할인
2976,"[기본] 통신, 공과금 자동납부 3천원 캐시백 · [선택I] 음식&스포츠 or 배달&커피 7% 캐시백 · [선택II] OTT&운동 or 여행&쇼핑 7~10% 캐시백"
2976,캐시백
2976,"[기본서비스]
통신료 자동납부 3천원 / 약국, 보험료 7% / 공과금 자동납부 3천원 캐시백"
2976,"[선택서비스 I] 활동형 (활동형/일상형 중 택1)
음식점, 패밀리레스토랑, 스포츠, 영화, 전시·공연 7% 캐시백"
2976,"[선택서비스 I] 일상형 (활동형/일상형 중 택1)
배달앱, 편의점, 커피 7% 캐시백"
2976,"[선택서비스 II] 계획형 (계획형/힐링형 중 택1)
멤버십, OTT 10% 캐시백 / 운동, 교육 7% 캐시백"
2976,"[선택서비스 II] 힐링형 (계획형/힐링형 중 택1)
여행, 미용, 온라인쇼핑 7% 캐시백"
2976,"20대 체크카드 추천┃월 최대 3만원 캐시백 받는, 우체국 MY-TYPE 체크카드 혜택 완벽 분석"
2977,해외 이용 수수료 면제 · 일본 돈키호테/편의점 50% 할인 · 국내 편의점/대중교통 1~5% 할인
2977,"일본 돈키호테 50% 할인
일본 편의점 50% 할인"
2977,할인
2977,"국내 편의점 5% 할인
국내 대중교통 1% 할인"
2978,온·오프라인 쇼핑 10% 할인 · 주중 온라인/주말 오프라인 쇼핑 5% 추가 할인 · 온라인 쇼핑 멤버십 50% 할인
2978,온·오프라인 쇼핑 10% 청구할인
2978,주중 온라인/주말 오프라인 쇼핑 5% 추가 청구할인
2978,온라인 쇼핑 멤버십 50% 청구할인
2978,쇼핑 할인 신용카드 추천ㅣ카드의정석2 SHOPPER 혜택 및 온·오프라인 쇼핑 15% 할인 받는 법
2979,ECO 기부 포인트 0.2% 적립 · 교통·페이퍼리스 10% 할인 · 피트니스·올리브영 10% 할인
2979,적립
2979,ECO 기부 포인트 적립 서비스
2979,할인
2979,할인
2979,할인
2979,할인
2980,국내외 가맹점 2% 할인 · 2~3개월 무이자 할부 서비스 · 해외수수료 면제 서비스
2980,국내외 가맹점 2.0% 청구할인
2980,"전월실적 조건 없이 2% 할인, 우리카드 카드의정석2 SUPER 출시"
2981,해외 가맹점 3.5% 할인 · 국내 가맹점 0.5% 할인
2981,해외 가맹점 3.5% 청구할인
2981,국내 가맹점 0.5% 청구할인
2982,"국내외 가맹점 0.5% 적립 · 일반음식점, 배달 5% 적립 · 편의점, 대중교통 5% 적립"
2982,[기본 혜택] 국내외 가맹점 0.5% M포인트 적립 (전월실적 없음)
2982,적립
2982,"[추가 혜택] 일반음식점, 배달 앱, 편의점, 대중교통 5% M포인트 적립 (전월실적 30만원 이상)"
2982,현대카드 체크(캐시백형)
2983,현대카드 체크(캐시백형)
2983,현대카드 체크(캐시백형)
2983,현대카드 체크(캐시백형) · 현대카드
2983,"국내외 가맹점 0.3% 캐시백 · 일반음식점, 배달 3% 캐시백 · 편의점, 대중교통 3% 캐시백"
2983,[기본 혜택] 국내외 가맹점 0.3% 캐시백 (전월실적 없음)
2983,적립
2983,"[추가 혜택] 일반음식점, 배달 앱, 편의점, 대중교통 3% 캐시백 (전월실적 30만원 이상)"
2984,Apple Pay 이용 금액 10% 캐시백
2984,Apple Pay 이용 금액 10% 캐시백 (전월실적 30만원 이상)
2985,현대카드 ZERO Up(포인트형) · 현대카드 · 3만원 캐시백
2985,국내외 가맹점 1.2% 적립 · 온라인몰/대형마트 2.4% 적립 · 교육/주유/이동통신 2.4% 적립
2985,적립
2985,[기본 혜택] 실적·한도 제한 없이 국내외 가맹점 1.2% M포인트 적립
2985,적립
2985,"[추가 혜택] 온라인몰, 대형마트, 교육, 주유, 이동통신 요금 10만원 이상 결제 시 2.4% M포인트 적립"
2985,적립
2985,M 긴급적립(선지급 포인트 서비스)
2985,전월 실적 없는 신용카드 추천┃적립 혜택 2배 높은 현대카드 ZERO Up(포인트형)
2985,현대카드ZERO Edition3(할인형)
2986,선택 옵션에 따른 할인 혜택 (택 1) · 국내 가맹점 0.5% 할인 · 쇼핑 1% 할인
2986,[기본 서비스] 국내 가맹점 0.5% 할인
2986,[기본 서비스] 쇼핑 1% 할인
2986,할인
2986,[기본 서비스] 여가 2% 할인
2986,[기본 서비스] 해외수수료 할인
2986,[SELECT 서비스] 선택 옵션에 따른 할인 혜택 제공(택 1)
2986,할인
2986,[SELECT 서비스] 의료 20% 할인 (전월실적 50만원 이상)
2986,할인
2986,[SELECT 서비스] 생활 영역 10% 할인 (전월실적 50만원 이상)
2986,병원비 할인카드부터 생활비 할인카드까지… 2030 직장인이 말하는 '삼성 iD SELECT UP 카드' 활용법
2987,국내 가맹점 1.2% 할인 · 해외 가맹점 2.0% 할인 · 국내 가맹점 2~3개월 무이자 할부
2987,국내 가맹점 1.2% 결제일 할인
2987,해외 가맹점 2.0% 결제일 할인
2988,해피오더/F&B 20% 할인 · hy 정기결제/일반결제 20% 할인 · 아모레퍼시픽 온라인몰 10% 적립
2988,할인
2988,해피오더/F&B 20% 할인
2988,할인
2988,hy 정기결제/일반결제 20% 할인
2988,적립
2988,아모레퍼시픽 온라인몰 10% 뷰티포인트 적립
2988,적립
2988,해피오더/F&B서비스/hy 1%·그 외 국내 가맹점 0.1% 뷰티포인트 적립
2988,할인
2988,많이 쓸수록 5%~20% 추가 할인
2988,할인
2988,아파트 관리비/통신 5% 할인
2988,할인
2988,온라인쇼핑몰/할인점 5% 할인
2988,할인
2988,교육/온라인서점 5% 할인
2988,해외 가맹점 1% 할인
2989,알파벳카드D BOLD · 현대카드 · 5만원 캐시백
2989,"일반음식점, 배달 앱 10% 청구 할인 · 커피전문점, 편의점, 대중교통 5% 청구 할인 · 일반음식점, 배달 앱 연간 6만원 보너스 할인"
2989,"[기본 혜택] 일반음식점, 배달 앱 10% 청구 할인 (전월실적 40만원 이상)"
2989,할인
2989,"[추가 혜택] 커피전문점, 편의점, 대중교통 5% 청구 할인 (전월실적 40만원 이상)"
2989,할인
2989,"[연간 보너스] 일반음식점, 배달 앱 연간 5만원 보너스 할인 (서비스 실적 조건 확인)"
2990,알파벳카드S BOLD · 현대카드 · 5만원 캐시백
2990,"온·오프라인 쇼핑 10% 청구 할인 · 커피전문점, 편의점, 대중교통 5% 청구 할인 · 온·오프라인 쇼핑 연간 5만원 보너스 할인"
2990,할인
2990,"[기본 혜택] 온라인몰, 대형마트, 슈퍼마켓, 백화점, 프리미엄 아울렛 10% 청구 할인 (전월실적 40만원 이상)"
2990,할인
2990,"[추가 혜택] 커피전문점, 편의점, 대중교통 5% 청구 할인 (전월실적 40만원 이상)"
2990,할인
2990,"[연간 보너스] 온라인몰, 대형마트, 슈퍼마켓, 백화점, 프리미엄 아울렛 연간 5만원 보너스 할인
(서비스 실적 조건 확인)"
2991,알파벳카드T BOLD · 현대카드 · 5만원 캐시백
2991,국내 가맹점 0.7% 청구 할인 · 해외 온·오프라인 가맹점 2% 청구 할인 · 해외 온·오프라인 가맹점 연간 5만원 보너스 할인
2991,할인
2991,[기본 혜택] 실적·한도 제한 없이 국내 가맹점 0.7% 청구 할인
2991,[추가 혜택] 실적·한도 제한 없이 해외 온·오프라인 가맹점 2% 청구 할인
2991,할인
2991,[연간 보너스] 해외 온·오프라인 가맹점 연간 5만원 보너스 할인
2991,[우대 서비스] 해외 온·오프라인 가맹점 국제브랜드 수수료 및 해외서비스 수수료 100% 청구 할인
2992,국내외 가맹점 1% 할인 · 고정소비 영역 5% 할인 · 정기결제 50% 할인
2992,[기본할인] 국내외 가맹점 1% 청구할인
2992,할인
2992,[특별할인] 고정소비 영역 5% 청구할인
2992,할인
2992,[특별할인] 정기결제 50% 청구할인
2993,생활/통신 15% 할인 · 디지털구독 30% 할인 · 2~3개월 무이자 할부 서비스
2993,할인
2993,정기결제 15~30% 청구할인
2993,간편결제 청구할인
2993,해외 청구할인
2994,국내외 가맹점 1% 할인 · 쇼핑/생활/건강 1.5% 할인 · 보험/여가/주유/해외 2.5% 할인
2994,할인
2994,기본할인
2994,할인
2994,특별할인
2997,3일 연속 이용시 60%~20% 하나머니 적립 · 디지털 구독 30% 하나머니 적립 · 온라인쇼핑/딜리버리/패션 10% 하나머니 적립
2997,3일 쓰면 2배 적립
2997,"영역별 3일 연속 이용시 60%~20% 하나머니 적립 제공
(지난달 실적 조건 50만원 이상, 일 실적 조건 1원 이상)"
2997,PLAY 적립
2997,"영역별 30%~10% 하나머니 적립 제공
(지난달 실적 조건 50만원 이상)"
2998,3일 연속 이용시 20% 하나머니 적립 · 의료/학원 10% 하나머니 적립 · 생활요금/주유 10% 하나머니 적립
2998,3일 쓰면 2배 적립
2998,"영역별 3일 연속 이용시 20% 하나머니 적립 제공
(지난달 실적 조건 50만원 이상, 일 실적 조건 1원 이상)"
2998,LIFE 적립
2998,"영역별 30%~10% 하나머니 적립 제공
(지난달 실적 조건 50만원 이상)"
3000,국내외 가맹점 0.5% 적립 · 의료·온라인몰·교육 5% 적립 · 통신 요금·렌탈 요금·코스트코 5% 적립
3000,국내외 가맹점 0.5% M포인트 적립 (전월실적 30만원 이상)
3000,"의료, 온라인몰, 교육, 통신 요금, 렌탈 요금, 코스트코 5% M포인트 적립 (전월실적 30만원 이상)"
3000,M 긴급적립(선지급 포인트 서비스)
3016,국내외 가맹점 1% 적립 · 사업성 경비 영역 10% 적립
3016,국내외 가맹점 1% M포인트 적립 (전월실적 50만원 이상)
3016,사업성 경비 영역 10% M포인트 적립 (전월실적 50만원 이상)
3016,M 긴급적립(선지급 포인트 서비스)
3016,현대카드ZERO Edition3(할인형)
