source_id,source_url,card_id,original_card_name,final_card_name
1,https://www.card-gorilla.com/card/detail/1,1,신한카드 Hi-Point,신한카드 Hi-Point
2,https://www.card-gorilla.com/card/detail/2,2,신한카드 Love,신한카드 Love
3,https://www.card-gorilla.com/card/detail/3,3,신한카드 Lady,신한카드 Lady
8,https://www.card-gorilla.com/card/detail/8,4,신한카드 The CLASSIC-Y,신한카드 The CLASSIC-Y
10,https://www.card-gorilla.com/card/detail/10,5,신한카드 B.Big(삑),신한카드 B.Big(삑)
11,https://www.card-gorilla.com/card/detail/11,6,신한카드 Simple+,신한카드 Simple+
12,https://www.card-gorilla.com/card/detail/12,7,신한카드 Air Platinum#,신한카드 Air Platinum#
13,https://www.card-gorilla.com/card/detail/13,8,신한카드 Mr.Life,신한카드 Mr.Life
14,https://www.card-gorilla.com/card/detail/14,9,신한카드 YOLO ⓘ,신한카드 YOLO ⓘ
15,https://www.card-gorilla.com/card/detail/15,10,신한카드 The CLASSIC+,신한카드 The CLASSIC+
16,https://www.card-gorilla.com/card/detail/16,11,신한카드 RPM+ Platinum#,신한카드 RPM+ Platinum#
18,https://www.card-gorilla.com/card/detail/18,12,신한카드 Shopping,신한카드 Shopping
21,https://www.card-gorilla.com/card/detail/21,13,신한카드 Simple Platinum#,신한카드 Simple Platinum#
26,https://www.card-gorilla.com/card/detail/26,14,신한카드 Edu,신한카드 Edu
28,https://www.card-gorilla.com/card/detail/28,15,신세계 신한카드,신세계 신한카드
35,https://www.card-gorilla.com/card/detail/35,16,GS칼텍스 신한카드 Shine,GS칼텍스 신한카드 Shine
36,https://www.card-gorilla.com/card/detail/36,17,신한카드 Cube Platinum#,신한카드 Cube Platinum#
37,https://www.card-gorilla.com/card/detail/37,18,신한카드 The BEST-F,신한카드 The BEST-F
38,https://www.card-gorilla.com/card/detail/38,19,신한카드 Lesson Platinum#,신한카드 Lesson Platinum#
39,https://www.card-gorilla.com/card/detail/39,20,신한카드 Deep Oil,신한카드 Deep Oil
41,https://www.card-gorilla.com/card/detail/41,21,신한카드 Deep On Platinum+,신한카드 Deep On Platinum+
42,https://www.card-gorilla.com/card/detail/42,22,SOCAR 제휴 SOCAR 신한카드,SOCAR 제휴 SOCAR 신한카드
43,https://www.card-gorilla.com/card/detail/43,23,신한카드 Deep Store,신한카드 Deep Store
45,https://www.card-gorilla.com/card/detail/45,24,American Express Blue,American Express Blue
46,https://www.card-gorilla.com/card/detail/46,25,삼성카앤모아카드,삼성카앤모아카드
49,https://www.card-gorilla.com/card/detail/49,26,삼성카드 & MILEAGE PLATINUM (스카이패스),삼성카드 & MILEAGE PLATINUM (스카이패스)
50,https://www.card-gorilla.com/card/detail/50,27,아시아나 삼성지엔미플래티늄카드,아시아나 삼성지엔미플래티늄카드
51,https://www.card-gorilla.com/card/detail/51,28,삼성카드 taptap O,삼성카드 taptap O
52,https://www.card-gorilla.com/card/detail/52,29,삼성카드 taptap S,삼성카드 taptap S
53,https://www.card-gorilla.com/card/detail/53,30,아시아나 삼성애니패스플래티늄카드,아시아나 삼성애니패스플래티늄카드
54,https://www.card-gorilla.com/card/detail/54,31,삼성카드 스페셜마일리지(스카이패스),삼성카드 스페셜마일리지(스카이패스)
55,https://www.card-gorilla.com/card/detail/55,32,CU·배달의민족 삼성카드 taptap,CU·배달의민족 삼성카드 taptap
56,https://www.card-gorilla.com/card/detail/56,33,삼성카드 지엔미+,삼성카드 지엔미+
57,https://www.card-gorilla.com/card/detail/57,34,삼성카드 애니패스+,삼성카드 애니패스+
58,https://www.card-gorilla.com/card/detail/58,35,카라이프 삼성카드 DISCOUNT+,카라이프 삼성카드 DISCOUNT+
59,https://www.card-gorilla.com/card/detail/59,36,삼성카드 taptap I,삼성카드 taptap I
61,https://www.card-gorilla.com/card/detail/61,37,스카이패스 삼성아멕스카드,스카이패스 삼성아멕스카드
62,https://www.card-gorilla.com/card/detail/62,38,글로벌쇼핑 삼성카드 5 V2,글로벌쇼핑 삼성카드 5 V2
63,https://www.card-gorilla.com/card/detail/63,39,삼성페이 삼성카드 taptap,삼성페이 삼성카드 taptap
64,https://www.card-gorilla.com/card/detail/64,40,신세계이마트 삼성카드7,신세계이마트 삼성카드7
72,https://www.card-gorilla.com/card/detail/72,41,트레이더스신세계 삼성카드,트레이더스신세계 삼성카드
73,https://www.card-gorilla.com/card/detail/73,42,카드의정석 NEW우리V카드,카드의정석 NEW우리V카드
74,https://www.card-gorilla.com/card/detail/74,43,All For Me카드,All For Me카드
77,https://www.card-gorilla.com/card/detail/77,44,위비멤버스카드,위비멤버스카드
80,https://www.card-gorilla.com/card/detail/80,45,썸(SUM) 페이 카드,썸(SUM) 페이 카드
81,https://www.card-gorilla.com/card/detail/81,46,위메프 우리카드,위메프 우리카드
82,https://www.card-gorilla.com/card/detail/82,47,우리 XGOLF 카드,우리 XGOLF 카드
83,https://www.card-gorilla.com/card/detail/83,48,ONLY 나만의카드,ONLY 나만의카드
84,https://www.card-gorilla.com/card/detail/84,49,카드의정석 POINT,카드의정석 POINT
85,https://www.card-gorilla.com/card/detail/85,50,카드의정석 SHOPPING,카드의정석 SHOPPING
86,https://www.card-gorilla.com/card/detail/86,51,카드의정석 DISCOUNT,카드의정석 DISCOUNT
87,https://www.card-gorilla.com/card/detail/87,52,DA@카드의정석,DA@카드의정석
88,https://www.card-gorilla.com/card/detail/88,53,D4@카드의정석,D4@카드의정석
89,https://www.card-gorilla.com/card/detail/89,54,우리Most카드,우리Most카드
90,https://www.card-gorilla.com/card/detail/90,55,카드의정석 위비온 플러스,카드의정석 위비온 플러스
91,https://www.card-gorilla.com/card/detail/91,56,카드의정석 PREMIUM POINT,카드의정석 PREMIUM POINT
92,https://www.card-gorilla.com/card/detail/92,57,카드의정석 PREMIUM MILEAGE(SKYPASS),카드의정석 PREMIUM MILEAGE(SKYPASS)
93,https://www.card-gorilla.com/card/detail/93,58,카드의정석 PREMIUM MILEAGE(AsianaClub),카드의정석 PREMIUM MILEAGE(AsianaClub)
94,https://www.card-gorilla.com/card/detail/94,59,LoL CHAMPIONS KOREA 우리카드,LoL CHAMPIONS KOREA 우리카드
106,https://www.card-gorilla.com/card/detail/106,60,굿데이카드,굿데이카드
107,https://www.card-gorilla.com/card/detail/107,61,SK LPG SAVE KB국민카드,SK LPG SAVE KB국민카드
108,https://www.card-gorilla.com/card/detail/108,62,와이즈카드,와이즈카드
109,https://www.card-gorilla.com/card/detail/109,63,SK에너지 러브유 KB국민카드,SK에너지 러브유 KB국민카드
112,https://www.card-gorilla.com/card/detail/112,64,GS행복가득카드,GS행복가득카드
113,https://www.card-gorilla.com/card/detail/113,65,마일리지 가온카드(대한항공),마일리지 가온카드(대한항공)
114,https://www.card-gorilla.com/card/detail/114,66,마일리지 가온카드(아시아나),마일리지 가온카드(아시아나)
115,https://www.card-gorilla.com/card/detail/115,67,굿데이올림카드,굿데이올림카드
116,https://www.card-gorilla.com/card/detail/116,68,청춘대로카드,청춘대로카드
120,https://www.card-gorilla.com/card/detail/120,69,ONE카드,ONE카드
121,https://www.card-gorilla.com/card/detail/121,70,다담카드,다담카드
122,https://www.card-gorilla.com/card/detail/122,71,모바일101카드,모바일101카드
125,https://www.card-gorilla.com/card/detail/125,72,E1 LPG KB국민카드,E1 LPG KB국민카드
126,https://www.card-gorilla.com/card/detail/126,73,아시아나 올림카드,아시아나 올림카드
127,https://www.card-gorilla.com/card/detail/127,74,청춘대로 매니아i카드,청춘대로 매니아i카드
129,https://www.card-gorilla.com/card/detail/129,75,청춘대로 톡톡카드,청춘대로 톡톡카드
130,https://www.card-gorilla.com/card/detail/130,76,BeV V카드(포인트형),BeV V카드(포인트형)
131,https://www.card-gorilla.com/card/detail/131,77,BeV V카드(스카이패스형),BeV V카드(스카이패스형)
132,https://www.card-gorilla.com/card/detail/132,78,청춘대로 1코노미 카드,청춘대로 1코노미 카드
133,https://www.card-gorilla.com/card/detail/133,79,BeV Ⅲ 카드,BeV Ⅲ 카드
134,https://www.card-gorilla.com/card/detail/134,80,탄탄대로 온리유카드,탄탄대로 온리유카드
136,https://www.card-gorilla.com/card/detail/136,81,가온 워킹업카드,가온 워킹업카드
138,https://www.card-gorilla.com/card/detail/138,82,스카이패스 KB국민카드,스카이패스 KB국민카드
139,https://www.card-gorilla.com/card/detail/139,83,아시아나항공 KB국민카드,아시아나항공 KB국민카드
140,https://www.card-gorilla.com/card/detail/140,84,S-OIL LPG KB국민카드,S-OIL LPG KB국민카드
141,https://www.card-gorilla.com/card/detail/141,85,KB국민 펫코노미 카드,KB국민 펫코노미 카드
142,https://www.card-gorilla.com/card/detail/142,86,톡톡 Pay카드,톡톡 Pay카드
143,https://www.card-gorilla.com/card/detail/143,87,청춘대로 꿀맛α카드,청춘대로 꿀맛α카드
144,https://www.card-gorilla.com/card/detail/144,88,청춘대로 꿀잠α카드,청춘대로 꿀잠α카드
145,https://www.card-gorilla.com/card/detail/145,89,청춘대로 꿀잼α카드,청춘대로 꿀잼α카드
146,https://www.card-gorilla.com/card/detail/146,90,The Easy카드,The Easy카드
148,https://www.card-gorilla.com/card/detail/148,91,삼성페이 KB국민카드,삼성페이 KB국민카드
152,https://www.card-gorilla.com/card/detail/152,92,에듀카드,에듀카드
156,https://www.card-gorilla.com/card/detail/156,93,Shopping Save카드,Shopping Save카드
162,https://www.card-gorilla.com/card/detail/162,94,#ing(샵핑)카드,#ing(샵핑)카드
163,https://www.card-gorilla.com/card/detail/163,95,#ing+(샵핑플러스)카드,#ing+(샵핑플러스)카드
164,https://www.card-gorilla.com/card/detail/164,96,ME+(미플러스)카드,ME+(미플러스)카드
166,https://www.card-gorilla.com/card/detail/166,97,BAZIC(베이직)카드,BAZIC(베이직)카드
167,https://www.card-gorilla.com/card/detail/167,98,BAZIC+(베이직플러스)카드,BAZIC+(베이직플러스)카드
174,https://www.card-gorilla.com/card/detail/174,99,국민행복카드(신용),국민행복카드(신용)
175,https://www.card-gorilla.com/card/detail/175,100,NH올원 하나로카드,NH올원 하나로카드
176,https://www.card-gorilla.com/card/detail/176,101,부자되세요 HomeShopping카드(비씨),부자되세요 HomeShopping카드(비씨)
185,https://www.card-gorilla.com/card/detail/185,102,NH농협 부자되세요 아파트카드(비씨),NH농협 부자되세요 아파트카드(비씨)
186,https://www.card-gorilla.com/card/detail/186,103,NH농협 콕카드,NH농협 콕카드
191,https://www.card-gorilla.com/card/detail/191,104,T라이트카드,T라이트카드
192,https://www.card-gorilla.com/card/detail/192,105,KT수퍼할부카드(비씨),KT수퍼할부카드(비씨)
193,https://www.card-gorilla.com/card/detail/193,106,NH올원 LGU+카드,NH올원 LGU+카드
194,https://www.card-gorilla.com/card/detail/194,107,롯데포인트 플러스 카드,롯데포인트 플러스 카드
197,https://www.card-gorilla.com/card/detail/197,108,올마이쇼핑 카드 (교통),올마이쇼핑 카드 (교통)
198,https://www.card-gorilla.com/card/detail/198,109,올마이쇼핑 카드 (통신),올마이쇼핑 카드 (통신)
199,https://www.card-gorilla.com/card/detail/199,110,올마이쇼핑 카드 (점심),올마이쇼핑 카드 (점심)
200,https://www.card-gorilla.com/card/detail/200,111,올마이쇼핑 카드 (해외),올마이쇼핑 카드 (해외)
201,https://www.card-gorilla.com/card/detail/201,112,롯데백화점 롯데카드,롯데백화점 롯데카드
203,https://www.card-gorilla.com/card/detail/203,113,ALL MY DC,ALL MY DC
204,https://www.card-gorilla.com/card/detail/204,114,ALL MY POINT,ALL MY POINT
205,https://www.card-gorilla.com/card/detail/205,115,ALL MY LIVING,ALL MY LIVING
206,https://www.card-gorilla.com/card/detail/206,116,ALL MY DRIVING,ALL MY DRIVING
207,https://www.card-gorilla.com/card/detail/207,117,경차 smart 롯데카드,경차 smart 롯데카드
214,https://www.card-gorilla.com/card/detail/214,118,I’m GREAT,I’m GREAT
215,https://www.card-gorilla.com/card/detail/215,119,I’m CHEERFUL,I’m CHEERFUL
217,https://www.card-gorilla.com/card/detail/217,120,I’m JOYFUL,I’m JOYFUL
227,https://www.card-gorilla.com/card/detail/227,121,CLUB SK 카드,CLUB SK 카드
228,https://www.card-gorilla.com/card/detail/228,122,Smart Any 카드(스마트애니),Smart Any 카드(스마트애니)
231,https://www.card-gorilla.com/card/detail/231,123,하나멤버스 1Q(원큐) 카드 Living,하나멤버스 1Q(원큐) 카드 Living
232,https://www.card-gorilla.com/card/detail/232,124,하나멤버스 1Q(원큐) 카드 Shopping,하나멤버스 1Q(원큐) 카드 Shopping
234,https://www.card-gorilla.com/card/detail/234,125,하나멤버스 1Q(원큐) 카드 Daily,하나멤버스 1Q(원큐) 카드 Daily
237,https://www.card-gorilla.com/card/detail/237,126,하나멤버스 1Q카드 내맘대로,하나멤버스 1Q카드 내맘대로
238,https://www.card-gorilla.com/card/detail/238,127,1Q Daily+,1Q Daily+
239,https://www.card-gorilla.com/card/detail/239,128,1Q Shopping+,1Q Shopping+
240,https://www.card-gorilla.com/card/detail/240,129,1Q Living+,1Q Living+
241,https://www.card-gorilla.com/card/detail/241,130,1Q Special+,1Q Special+
242,https://www.card-gorilla.com/card/detail/242,131,Mile 1.6 대한항공,Mile 1.6 대한항공
243,https://www.card-gorilla.com/card/detail/243,132,Mile 1.6 아시아나,Mile 1.6 아시아나
244,https://www.card-gorilla.com/card/detail/244,133,Mile 1.8 대한항공,Mile 1.8 대한항공
245,https://www.card-gorilla.com/card/detail/245,134,Mile 1.8 아시아나,Mile 1.8 아시아나
246,https://www.card-gorilla.com/card/detail/246,135,통커 카드,통커 카드
247,https://www.card-gorilla.com/card/detail/247,136,#tag1카드 Orange,#tag1카드 Orange
248,https://www.card-gorilla.com/card/detail/248,137,#tag1카드 Navy,#tag1카드 Navy
250,https://www.card-gorilla.com/card/detail/250,138,my pass 마패 카드,my pass 마패 카드
251,https://www.card-gorilla.com/card/detail/251,139,1Q Global VIVA,1Q Global VIVA
252,https://www.card-gorilla.com/card/detail/252,140,Any PLUS 카드,Any PLUS 카드
254,https://www.card-gorilla.com/card/detail/254,141,1Q My Lunch,1Q My Lunch
270,https://www.card-gorilla.com/card/detail/270,142,아모레퍼시픽 IBK카드,아모레퍼시픽 IBK카드
279,https://www.card-gorilla.com/card/detail/279,143,CJ ONE 신한카드 체크,CJ ONE 신한카드 체크
281,https://www.card-gorilla.com/card/detail/281,144,신한카드 Deep Dream 체크,신한카드 Deep Dream 체크
282,https://www.card-gorilla.com/card/detail/282,145,신세계 신한카드 체크,신세계 신한카드 체크
284,https://www.card-gorilla.com/card/detail/284,146,신한카드 주거래 체크,신한카드 주거래 체크
286,https://www.card-gorilla.com/card/detail/286,147,카카오페이 신한 체크카드,카카오페이 신한 체크카드
294,https://www.card-gorilla.com/card/detail/294,148,신한카드 S-Line 체크,신한카드 S-Line 체크
296,https://www.card-gorilla.com/card/detail/296,149,신한 S-Choice체크카드,신한 S-Choice체크카드
300,https://www.card-gorilla.com/card/detail/300,150,SOCAR 제휴 SOCAR 신한카드 체크,SOCAR 제휴 SOCAR 신한카드 체크
301,https://www.card-gorilla.com/card/detail/301,151,KT 신한카드 체크,KT 신한카드 체크
302,https://www.card-gorilla.com/card/detail/302,152,LG U+ 신한카드 Smart 체크,LG U+ 신한카드 Smart 체크
303,https://www.card-gorilla.com/card/detail/303,153,GS칼텍스 신한카드 경차사랑 체크,GS칼텍스 신한카드 경차사랑 체크
306,https://www.card-gorilla.com/card/detail/306,154,리디 신한카드 체크,리디 신한카드 체크
307,https://www.card-gorilla.com/card/detail/307,155,더본 신한카드 체크,더본 신한카드 체크
309,https://www.card-gorilla.com/card/detail/309,156,EDIYA 신한카드 체크,EDIYA 신한카드 체크
311,https://www.card-gorilla.com/card/detail/311,157,몰테일 신한카드 체크,몰테일 신한카드 체크
312,https://www.card-gorilla.com/card/detail/312,158,카드의정석 COOKIE CHECK,카드의정석 COOKIE CHECK
313,https://www.card-gorilla.com/card/detail/313,159,LoL CHAMPIONS KOREA 우리체크카드,LoL CHAMPIONS KOREA 우리체크카드
315,https://www.card-gorilla.com/card/detail/315,160,카카오페이 체크카드,카카오페이 체크카드
316,https://www.card-gorilla.com/card/detail/316,161,카드의정석 L.POINT CHECK,카드의정석 L.POINT CHECK
317,https://www.card-gorilla.com/card/detail/317,162,카드의정석 POINT CHECK,카드의정석 POINT CHECK
318,https://www.card-gorilla.com/card/detail/318,163,위메프 우리체크,위메프 우리체크
320,https://www.card-gorilla.com/card/detail/320,164,롯데마트 라서 즐거운 체크카드,롯데마트 라서 즐거운 체크카드
322,https://www.card-gorilla.com/card/detail/322,165,우리 아이행복체크카드,우리 아이행복체크카드
323,https://www.card-gorilla.com/card/detail/323,166,우리국민행복체크카드,우리국민행복체크카드
324,https://www.card-gorilla.com/card/detail/324,167,우리 YG 체크카드,우리 YG 체크카드
325,https://www.card-gorilla.com/card/detail/325,168,그랑블루 체크카드,그랑블루 체크카드
326,https://www.card-gorilla.com/card/detail/326,169,해피포인트 우리체크카드,해피포인트 우리체크카드
328,https://www.card-gorilla.com/card/detail/328,170,라떼 우리체크카드,라떼 우리체크카드
329,https://www.card-gorilla.com/card/detail/329,171,갤러리아 체크카드,갤러리아 체크카드
330,https://www.card-gorilla.com/card/detail/330,172,카드의정석 CREAM TEENS CHECK,카드의정석 CREAM TEENS CHECK
331,https://www.card-gorilla.com/card/detail/331,173,New 현대백화점 체크카드,New 현대백화점 체크카드
332,https://www.card-gorilla.com/card/detail/332,174,카카오페이 KB국민 체크카드,카카오페이 KB국민 체크카드
333,https://www.card-gorilla.com/card/detail/333,175,Liiv Mate 체크카드,Liiv Mate 체크카드
334,https://www.card-gorilla.com/card/detail/334,176,아시아나 체크카드,아시아나 체크카드
335,https://www.card-gorilla.com/card/detail/335,177,청춘대로 싱글 체크카드,청춘대로 싱글 체크카드
336,https://www.card-gorilla.com/card/detail/336,178,가온체크카드,가온체크카드
338,https://www.card-gorilla.com/card/detail/338,179,누리체크카드,누리체크카드
339,https://www.card-gorilla.com/card/detail/339,180,음 체크카드,음 체크카드
340,https://www.card-gorilla.com/card/detail/340,181,락스타 체크카드,락스타 체크카드
341,https://www.card-gorilla.com/card/detail/341,182,훈 체크카드,훈 체크카드
342,https://www.card-gorilla.com/card/detail/342,183,해피노리체크카드,해피노리체크카드
343,https://www.card-gorilla.com/card/detail/343,184,포인트리체크카드,포인트리체크카드
344,https://www.card-gorilla.com/card/detail/344,185,아이행복 체크카드,아이행복 체크카드
345,https://www.card-gorilla.com/card/detail/345,186,정 체크카드,정 체크카드
346,https://www.card-gorilla.com/card/detail/346,187,민 체크카드,민 체크카드
347,https://www.card-gorilla.com/card/detail/347,188,비트윈체크카드,비트윈체크카드
348,https://www.card-gorilla.com/card/detail/348,189,노리체크카드,노리체크카드
349,https://www.card-gorilla.com/card/detail/349,190,해피락스타 체크카드,해피락스타 체크카드
350,https://www.card-gorilla.com/card/detail/350,191,직장인보너스체크카드,직장인보너스체크카드
351,https://www.card-gorilla.com/card/detail/351,192,스타체크카드,스타체크카드
353,https://www.card-gorilla.com/card/detail/353,193,해피CU포인트 체크카드,해피CU포인트 체크카드
354,https://www.card-gorilla.com/card/detail/354,194,LG U+ 체크카드,LG U+ 체크카드
355,https://www.card-gorilla.com/card/detail/355,195,H.Point 체크카드,H.Point 체크카드
357,https://www.card-gorilla.com/card/detail/357,196,AK KB국민 체크카드,AK KB국민 체크카드
359,https://www.card-gorilla.com/card/detail/359,197,아모레퍼시픽 체크카드,아모레퍼시픽 체크카드
364,https://www.card-gorilla.com/card/detail/364,198,국민행복체크카드(비씨),국민행복체크카드(비씨)
366,https://www.card-gorilla.com/card/detail/366,199,jumjum(점점) 체크카드(비씨),jumjum(점점) 체크카드(비씨)
369,https://www.card-gorilla.com/card/detail/369,200,아이행복체크카드(비씨),아이행복체크카드(비씨)
372,https://www.card-gorilla.com/card/detail/372,201,NC다이노스체크카드,NC다이노스체크카드
378,https://www.card-gorilla.com/card/detail/378,202,VIVA+ 체크카드,VIVA+ 체크카드
380,https://www.card-gorilla.com/card/detail/380,203,하나멤버스 1Q 체크카드,하나멤버스 1Q 체크카드
382,https://www.card-gorilla.com/card/detail/382,204,카카오페이 체크카드,카카오페이 체크카드
383,https://www.card-gorilla.com/card/detail/383,205,해피포인트 체크카드,해피포인트 체크카드
388,https://www.card-gorilla.com/card/detail/388,206,하나멤버스 Mega 체크카드,하나멤버스 Mega 체크카드
389,https://www.card-gorilla.com/card/detail/389,207,시코르 체크카드,시코르 체크카드
390,https://www.card-gorilla.com/card/detail/390,208,신세계 하나 체크카드,신세계 하나 체크카드
391,https://www.card-gorilla.com/card/detail/391,209,신한카드 하이패스(전용) 체크,신한카드 하이패스(전용) 체크
392,https://www.card-gorilla.com/card/detail/392,210,국민행복 삼성체크카드,국민행복 삼성체크카드
393,https://www.card-gorilla.com/card/detail/393,211,삼성체크카드 & POINT,삼성체크카드 & POINT
394,https://www.card-gorilla.com/card/detail/394,212,삼성체크카드 & CASHBACK,삼성체크카드 & CASHBACK
400,https://www.card-gorilla.com/card/detail/400,213,롯데포인트플러스 체크카드,롯데포인트플러스 체크카드
402,https://www.card-gorilla.com/card/detail/402,214,롯데 플래티넘 체크카드,롯데 플래티넘 체크카드
403,https://www.card-gorilla.com/card/detail/403,215,롯데체크카드,롯데체크카드
404,https://www.card-gorilla.com/card/detail/404,216,롯데 국민행복 체크카드,롯데 국민행복 체크카드
406,https://www.card-gorilla.com/card/detail/406,217,부자되세요 더 마일리지 체크카드,부자되세요 더 마일리지 체크카드
407,https://www.card-gorilla.com/card/detail/407,218,현대카드M CHECK,현대카드M CHECK
408,https://www.card-gorilla.com/card/detail/408,219,현대카드X CHECK,현대카드X CHECK
410,https://www.card-gorilla.com/card/detail/410,220,현대카드ZERO(할인형),현대카드ZERO(할인형)
414,https://www.card-gorilla.com/card/detail/414,221,현대카드M HYBRID,현대카드M HYBRID
415,https://www.card-gorilla.com/card/detail/415,222,현대카드X HYBRID,현대카드X HYBRID
418,https://www.card-gorilla.com/card/detail/418,223,현대카드ZERO MOBILE(포인트형),현대카드ZERO MOBILE(포인트형)
419,https://www.card-gorilla.com/card/detail/419,224,현대카드ZERO MOBILE(할인형),현대카드ZERO MOBILE(할인형)
420,https://www.card-gorilla.com/card/detail/420,225,현대카드ZERO(포인트형),현대카드ZERO(포인트형)
421,https://www.card-gorilla.com/card/detail/421,226,현대카드M-경차전용카드(유류세 환급),현대카드M-경차전용카드(유류세 환급)
422,https://www.card-gorilla.com/card/detail/422,227,the Green,the Green
423,https://www.card-gorilla.com/card/detail/423,228,the Red Edition3,the Red Edition3
424,https://www.card-gorilla.com/card/detail/424,229,the Purple Edition2,the Purple Edition2
425,https://www.card-gorilla.com/card/detail/425,230,코스트코 리워드 현대카드,코스트코 리워드 현대카드
426,https://www.card-gorilla.com/card/detail/426,231,알파원카드,알파원카드
430,https://www.card-gorilla.com/card/detail/430,232,아시아나클럽 롯데 플래티넘 카드,아시아나클럽 롯데 플래티넘 카드
432,https://www.card-gorilla.com/card/detail/432,233,SKYPASS 롯데 아멕스카드,SKYPASS 롯데 아멕스카드
434,https://www.card-gorilla.com/card/detail/434,234,SSG카드,SSG카드
439,https://www.card-gorilla.com/card/detail/439,235,케이뱅크X해피포인트 체크카드,케이뱅크X해피포인트 체크카드
444,https://www.card-gorilla.com/card/detail/444,236,참! 좋은 글로벌 체크카드,참! 좋은 글로벌 체크카드
447,https://www.card-gorilla.com/card/detail/447,237,CLUB Premier (Travel 형),CLUB Premier (Travel 형)
448,https://www.card-gorilla.com/card/detail/448,238,CLUB Premier (Hotel형),CLUB Premier (Hotel형)
449,https://www.card-gorilla.com/card/detail/449,239,CLUB Signature SKYPASS 카드,CLUB Signature SKYPASS 카드
450,https://www.card-gorilla.com/card/detail/450,240,CLUB Signature Asiana Club 카드,CLUB Signature Asiana Club 카드
451,https://www.card-gorilla.com/card/detail/451,241,CLUB Primus Point 카드,CLUB Primus Point 카드
452,https://www.card-gorilla.com/card/detail/452,242,CLUB Primus Skypass 카드,CLUB Primus Skypass 카드
453,https://www.card-gorilla.com/card/detail/453,243,CLUB Primus Asiana Club 카드,CLUB Primus Asiana Club 카드
454,https://www.card-gorilla.com/card/detail/454,244,가온 올포인트 체크카드,가온 올포인트 체크카드
455,https://www.card-gorilla.com/card/detail/455,245,롯데 국민행복카드,롯데 국민행복카드
457,https://www.card-gorilla.com/card/detail/457,246,썸타는 우리 체크,썸타는 우리 체크
458,https://www.card-gorilla.com/card/detail/458,247,네이버페이 taptap,네이버페이 taptap
459,https://www.card-gorilla.com/card/detail/459,248,카드의정석 WOWRI,카드의정석 WOWRI
465,https://www.card-gorilla.com/card/detail/465,249,K리그 축덕 하나멤버스 1Q Play1 카드,K리그 축덕 하나멤버스 1Q Play1 카드
466,https://www.card-gorilla.com/card/detail/466,250,신한카드 Air One,신한카드 Air One
469,https://www.card-gorilla.com/card/detail/469,251,Easy pick카드,Easy pick카드
470,https://www.card-gorilla.com/card/detail/470,252,Easy on카드,Easy on카드
471,https://www.card-gorilla.com/card/detail/471,253,LOTTE ONers 롯데카드,LOTTE ONers 롯데카드
473,https://www.card-gorilla.com/card/detail/473,254,카드의정석 UniMile,카드의정석 UniMile
476,https://www.card-gorilla.com/card/detail/476,255,신한카드 Deep Making,신한카드 Deep Making
477,https://www.card-gorilla.com/card/detail/477,256,신한카드 Deep Taking,신한카드 Deep Taking
478,https://www.card-gorilla.com/card/detail/478,257,마이 홈플러스 신한카드,마이 홈플러스 신한카드
479,https://www.card-gorilla.com/card/detail/479,258,마이 홈플러스 체크카드,마이 홈플러스 체크카드
480,https://www.card-gorilla.com/card/detail/480,259,카카오 T 하나카드,카카오 T 하나카드
481,https://www.card-gorilla.com/card/detail/481,260,카드의정석 댕댕냥이(강아지),카드의정석 댕댕냥이(강아지)
482,https://www.card-gorilla.com/card/detail/482,261,카드의정석 댕댕냥이(고양이),카드의정석 댕댕냥이(고양이)
486,https://www.card-gorilla.com/card/detail/486,262,CJ ONE 우리카드 체크,CJ ONE 우리카드 체크
487,https://www.card-gorilla.com/card/detail/487,263,신한카드 B.Big(마이펫 스노우볼 삑),신한카드 B.Big(마이펫 스노우볼 삑)
488,https://www.card-gorilla.com/card/detail/488,264,Easy auto 티타늄카드,Easy auto 티타늄카드
489,https://www.card-gorilla.com/card/detail/489,265,Easy fly 티타늄카드,Easy fly 티타늄카드
490,https://www.card-gorilla.com/card/detail/490,266,11번가 신한카드,11번가 신한카드
491,https://www.card-gorilla.com/card/detail/491,267,11번가 신한카드 체크,11번가 신한카드 체크
498,https://www.card-gorilla.com/card/detail/498,268,농부의마음 Farmers Heart 체크카드,농부의마음 Farmers Heart 체크카드
500,https://www.card-gorilla.com/card/detail/500,269,신세계면세점 SSG카드,신세계면세점 SSG카드
501,https://www.card-gorilla.com/card/detail/501,270,이마트에브리데이 SSG카드,이마트에브리데이 SSG카드
502,https://www.card-gorilla.com/card/detail/502,271,네이버페이 플래티넘 롯데카드,네이버페이 플래티넘 롯데카드
507,https://www.card-gorilla.com/card/detail/507,272,쇼핑조아카드,쇼핑조아카드
508,https://www.card-gorilla.com/card/detail/508,273,올바른 Edu 카드,올바른 Edu 카드
516,https://www.card-gorilla.com/card/detail/516,274,올바른 BAZIC+ 카드,올바른 BAZIC+ 카드
517,https://www.card-gorilla.com/card/detail/517,275,NH1934 체크카드,NH1934 체크카드
521,https://www.card-gorilla.com/card/detail/521,276,카드의정석 베트남여행,카드의정석 베트남여행
522,https://www.card-gorilla.com/card/detail/522,277,Liiv M 카드,Liiv M 카드
523,https://www.card-gorilla.com/card/detail/523,278,Liiv M 체크카드,Liiv M 체크카드
529,https://www.card-gorilla.com/card/detail/529,279,the Red Edition4,the Red Edition4
533,https://www.card-gorilla.com/card/detail/533,280,I’m DRIVING,I’m DRIVING
534,https://www.card-gorilla.com/card/detail/534,281,인터파크 롯데카드,인터파크 롯데카드
535,https://www.card-gorilla.com/card/detail/535,282,샤롯데 플래티넘 스타 카드,샤롯데 플래티넘 스타 카드
536,https://www.card-gorilla.com/card/detail/536,283,신한카드 Deep Once,신한카드 Deep Once
537,https://www.card-gorilla.com/card/detail/537,284,신한카드 Deep Once Plus,신한카드 Deep Once Plus
538,https://www.card-gorilla.com/card/detail/538,285,Easy study 티타늄카드,Easy study 티타늄카드
539,https://www.card-gorilla.com/card/detail/539,286,샤롯데 비앤 롯데카드,샤롯데 비앤 롯데카드
540,https://www.card-gorilla.com/card/detail/540,287,I’m ACTIVE,I’m ACTIVE
541,https://www.card-gorilla.com/card/detail/541,288,I’m Wonderful Plus,I’m Wonderful Plus
542,https://www.card-gorilla.com/card/detail/542,289,갤러리아 우리카드,갤러리아 우리카드
543,https://www.card-gorilla.com/card/detail/543,290,카드의정석 APT,카드의정석 APT
544,https://www.card-gorilla.com/card/detail/544,291,카드의정석 APT Platinum,카드의정석 APT Platinum
545,https://www.card-gorilla.com/card/detail/545,292,카드의정석 APT CHECK,카드의정석 APT CHECK
546,https://www.card-gorilla.com/card/detail/546,293,다둥이 행복카드,다둥이 행복카드
548,https://www.card-gorilla.com/card/detail/548,294,카드의정석 MILEAGE SKYPASS,카드의정석 MILEAGE SKYPASS
551,https://www.card-gorilla.com/card/detail/551,295,Easy link 티타늄카드,Easy link 티타늄카드
558,https://www.card-gorilla.com/card/detail/558,296,카드의정석 MILEAGE Asiana Club,카드의정석 MILEAGE Asiana Club
559,https://www.card-gorilla.com/card/detail/559,297,펭수 노리 체크카드(펭카),펭수 노리 체크카드(펭카)
561,https://www.card-gorilla.com/card/detail/561,298,펭수 노리 체크카드(펭모티콘),펭수 노리 체크카드(펭모티콘)
568,https://www.card-gorilla.com/card/detail/568,299,부릉 삼성카드 BIZ,부릉 삼성카드 BIZ
569,https://www.card-gorilla.com/card/detail/569,300,현대카드 DIGITAL LOVER,현대카드 DIGITAL LOVER
578,https://www.card-gorilla.com/card/detail/578,301,금융포인트리카드,금융포인트리카드
579,https://www.card-gorilla.com/card/detail/579,302,I’m YOLO 플래티넘,I’m YOLO 플래티넘
580,https://www.card-gorilla.com/card/detail/580,303,Easy pick 티타늄 카드,Easy pick 티타늄 카드
581,https://www.card-gorilla.com/card/detail/581,304,I’m Powerful,I’m Powerful
582,https://www.card-gorilla.com/card/detail/582,305,I’m WONDERFUL platinum,I’m WONDERFUL platinum
583,https://www.card-gorilla.com/card/detail/583,306,우리 K-패스(신용),우리 K-패스(신용)
584,https://www.card-gorilla.com/card/detail/584,307,우리 K-패스 (COOKIE CHECK),우리 K-패스 (COOKIE CHECK)
587,https://www.card-gorilla.com/card/detail/587,308,모두의 쇼핑,모두의 쇼핑
588,https://www.card-gorilla.com/card/detail/588,309,네이버페이 우리카드 체크,네이버페이 우리카드 체크
589,https://www.card-gorilla.com/card/detail/589,310,토스 신용카드,토스 신용카드
591,https://www.card-gorilla.com/card/detail/591,311,카카오뱅크 KB국민카드,카카오뱅크 KB국민카드
592,https://www.card-gorilla.com/card/detail/592,312,카카오뱅크 삼성카드,카카오뱅크 삼성카드
594,https://www.card-gorilla.com/card/detail/594,313,카드의정석 삼성디지털프라자,카드의정석 삼성디지털프라자
595,https://www.card-gorilla.com/card/detail/595,314,아이파킹 크레딧 카,아이파킹 크레딧 카
596,https://www.card-gorilla.com/card/detail/596,315,셀리턴 우리카드,셀리턴 우리카드
597,https://www.card-gorilla.com/card/detail/597,316,AK우리카드,AK우리카드
598,https://www.card-gorilla.com/card/detail/598,317,AK우리카드 VIP,AK우리카드 VIP
599,https://www.card-gorilla.com/card/detail/599,318,AK우리카드 체크,AK우리카드 체크
600,https://www.card-gorilla.com/card/detail/600,319,대한항공카드 030,대한항공카드 030
601,https://www.card-gorilla.com/card/detail/601,320,대한항공카드 070,대한항공카드 070
602,https://www.card-gorilla.com/card/detail/602,321,대한항공카드 150,대한항공카드 150
603,https://www.card-gorilla.com/card/detail/603,322,대한항공카드 the First,대한항공카드 the First
606,https://www.card-gorilla.com/card/detail/606,323,카드의정석 UNTACT,카드의정석 UNTACT
607,https://www.card-gorilla.com/card/detail/607,324,카드의정석 UNTACT PLATINUM,카드의정석 UNTACT PLATINUM
608,https://www.card-gorilla.com/card/detail/608,325,현대카드ZERO Edition2(할인형),현대카드ZERO Edition2(할인형)
609,https://www.card-gorilla.com/card/detail/609,326,현대카드ZERO MOBILE Edition2(할인형),현대카드ZERO MOBILE Edition2(할인형)
610,https://www.card-gorilla.com/card/detail/610,327,현대카드ZERO Edition2(포인트형),현대카드ZERO Edition2(포인트형)
611,https://www.card-gorilla.com/card/detail/611,328,현대카드ZERO MOBILE Edition2(포인트형),현대카드ZERO MOBILE Edition2(포인트형)
613,https://www.card-gorilla.com/card/detail/613,329,신한카드 YaY,신한카드 YaY
614,https://www.card-gorilla.com/card/detail/614,330,위글위글 첵첵 체크카드,위글위글 첵첵 체크카드
615,https://www.card-gorilla.com/card/detail/615,331,Easy ring 티타늄카드,Easy ring 티타늄카드
616,https://www.card-gorilla.com/card/detail/616,332,다이소 삼성카드,다이소 삼성카드
617,https://www.card-gorilla.com/card/detail/617,333,카드의정석 UniMile in JEJU,카드의정석 UniMile in JEJU
618,https://www.card-gorilla.com/card/detail/618,334,신한카드 Hey Young 체크,신한카드 Hey Young 체크
620,https://www.card-gorilla.com/card/detail/620,335,LOCA CLASSIC,LOCA CLASSIC
621,https://www.card-gorilla.com/card/detail/621,336,LOCA for Auto,LOCA for Auto
622,https://www.card-gorilla.com/card/detail/622,337,LOCA for Coffee,LOCA for Coffee
623,https://www.card-gorilla.com/card/detail/623,338,LOCA for Edu,LOCA for Edu
624,https://www.card-gorilla.com/card/detail/624,339,LOCA for Health,LOCA for Health
625,https://www.card-gorilla.com/card/detail/625,340,LOCA for Shopping,LOCA for Shopping
626,https://www.card-gorilla.com/card/detail/626,341,LOCA PLATINUM 할인형,LOCA PLATINUM 할인형
627,https://www.card-gorilla.com/card/detail/627,342,LOCA PLATINUM 마일리지형,LOCA PLATINUM 마일리지형
628,https://www.card-gorilla.com/card/detail/628,343,카드의정석 POINT CHECK x 아기상어,카드의정석 POINT CHECK x 아기상어
630,https://www.card-gorilla.com/card/detail/630,344,Easy all 카드,Easy all 카드
634,https://www.card-gorilla.com/card/detail/634,345,Easy all 티타늄카드,Easy all 티타늄카드
638,https://www.card-gorilla.com/card/detail/638,346,신한 슈퍼SOL 체크,신한 슈퍼SOL 체크
644,https://www.card-gorilla.com/card/detail/644,347,JYP Fan’s EDM 체크,JYP Fan’s EDM 체크
645,https://www.card-gorilla.com/card/detail/645,348,L.pay 신한카드 체크,L.pay 신한카드 체크
646,https://www.card-gorilla.com/card/detail/646,349,신한카드 Deep Dream 체크(미니언즈),신한카드 Deep Dream 체크(미니언즈)
647,https://www.card-gorilla.com/card/detail/647,350,신한카드 S-Line 체크(마이펫),신한카드 S-Line 체크(마이펫)
649,https://www.card-gorilla.com/card/detail/649,351,마이핏카드(적립형),마이핏카드(적립형)
650,https://www.card-gorilla.com/card/detail/650,352,마이핏카드(할인형),마이핏카드(할인형)
651,https://www.card-gorilla.com/card/detail/651,353,네이버페이 라인프렌즈 신한카드,네이버페이 라인프렌즈 신한카드
652,https://www.card-gorilla.com/card/detail/652,354,올바른 OIL&PASS,올바른 OIL&PASS
656,https://www.card-gorilla.com/card/detail/656,355,카드의 정석 SSO3 NEW-TRO CHECK,카드의 정석 SSO3 NEW-TRO CHECK
657,https://www.card-gorilla.com/card/detail/657,356,taptap DIGITAL,taptap DIGITAL
658,https://www.card-gorilla.com/card/detail/658,357,taptap DRIVE,taptap DRIVE
659,https://www.card-gorilla.com/card/detail/659,358,taptap SHOPPING,taptap SHOPPING
661,https://www.card-gorilla.com/card/detail/661,359,카드의정석 UNTACT AIR,카드의정석 UNTACT AIR
662,https://www.card-gorilla.com/card/detail/662,360,삼성페이카드,삼성페이카드
663,https://www.card-gorilla.com/card/detail/663,361,롤라카드,롤라카드
664,https://www.card-gorilla.com/card/detail/664,362,New PAYCO 롯데카드,New PAYCO 롯데카드
667,https://www.card-gorilla.com/card/detail/667,363,모두의 건강,모두의 건강
673,https://www.card-gorilla.com/card/detail/673,364,스타벅스 현대카드,스타벅스 현대카드
677,https://www.card-gorilla.com/card/detail/677,365,배달의민족 비장의카드 V.2,배달의민족 비장의카드 V.2
679,https://www.card-gorilla.com/card/detail/679,366,샘 쏘영 체크카드,샘 쏘영 체크카드
680,https://www.card-gorilla.com/card/detail/680,367,쏘영 체크카드,쏘영 체크카드
681,https://www.card-gorilla.com/card/detail/681,368,SSG.COM 삼성카드,SSG.COM 삼성카드
684,https://www.card-gorilla.com/card/detail/684,369,리틀프렌즈 체크카드,리틀프렌즈 체크카드
685,https://www.card-gorilla.com/card/detail/685,370,하이틴즈 체크카드,하이틴즈 체크카드
687,https://www.card-gorilla.com/card/detail/687,371,신한카드 Unboxing,신한카드 Unboxing
688,https://www.card-gorilla.com/card/detail/688,372,카드의정석 POINT CHECK x 핑크퐁,카드의정석 POINT CHECK x 핑크퐁
689,https://www.card-gorilla.com/card/detail/689,373,해외에선 체크카드,해외에선 체크카드
690,https://www.card-gorilla.com/card/detail/690,374,모두의 일상 체크카드,모두의 일상 체크카드
691,https://www.card-gorilla.com/card/detail/691,375,요기요 삼성카드,요기요 삼성카드
692,https://www.card-gorilla.com/card/detail/692,376,요기요 신한카드,요기요 신한카드
693,https://www.card-gorilla.com/card/detail/693,377,신한카드 MY CAR,신한카드 MY CAR
694,https://www.card-gorilla.com/card/detail/694,378,배민현대카드,배민현대카드
695,https://www.card-gorilla.com/card/detail/695,379,롯데백화점 FLEX카드,롯데백화점 FLEX카드
696,https://www.card-gorilla.com/card/detail/696,380,카드의정석 US,카드의정석 US
697,https://www.card-gorilla.com/card/detail/697,381,탄탄대로 Biz 카드,탄탄대로 Biz 카드
699,https://www.card-gorilla.com/card/detail/699,382,톡톡 with카드,톡톡 with카드
700,https://www.card-gorilla.com/card/detail/700,383,현대카드 M BOOST,현대카드 M BOOST
701,https://www.card-gorilla.com/card/detail/701,384,현대카드 X BOOST,현대카드 X BOOST
702,https://www.card-gorilla.com/card/detail/702,385,현대카드 M2 BOOST,현대카드 M2 BOOST
703,https://www.card-gorilla.com/card/detail/703,386,현대카드 M3 BOOST,현대카드 M3 BOOST
704,https://www.card-gorilla.com/card/detail/704,387,현대카드 X2 BOOST,현대카드 X2 BOOST
705,https://www.card-gorilla.com/card/detail/705,388,현대카드 X3 BOOST,현대카드 X3 BOOST
706,https://www.card-gorilla.com/card/detail/706,389,LOCA MONEY,LOCA MONEY
707,https://www.card-gorilla.com/card/detail/707,390,LOCA 100,LOCA 100
708,https://www.card-gorilla.com/card/detail/708,391,쏘카카드,쏘카카드
712,https://www.card-gorilla.com/card/detail/712,392,신한카드 국민행복,신한카드 국민행복
713,https://www.card-gorilla.com/card/detail/713,393,신한카드 국민행복 체크,신한카드 국민행복 체크
716,https://www.card-gorilla.com/card/detail/716,394,메리어트 본보이™ 더 베스트 신한카드,메리어트 본보이™ 더 베스트 신한카드
717,https://www.card-gorilla.com/card/detail/717,395,그랑블루 1st,그랑블루 1st
718,https://www.card-gorilla.com/card/detail/718,396,국민행복 삼성카드 V2,국민행복 삼성카드 V2
719,https://www.card-gorilla.com/card/detail/719,397,WON DISCOUNT(원 디스카운트) AIR,WON DISCOUNT(원 디스카운트) AIR
720,https://www.card-gorilla.com/card/detail/720,398,WON POINT(원 포인트) AIR,WON POINT(원 포인트) AIR
721,https://www.card-gorilla.com/card/detail/721,399,국민행복카드 S2,국민행복카드 S2
722,https://www.card-gorilla.com/card/detail/722,400,국민행복 체크카드 S2,국민행복 체크카드 S2
724,https://www.card-gorilla.com/card/detail/724,401,the Purple osée,the Purple osée
725,https://www.card-gorilla.com/card/detail/725,402,새로이 체크카드,새로이 체크카드
726,https://www.card-gorilla.com/card/detail/726,403,알뜰폰 Hub 카드,알뜰폰 Hub 카드
727,https://www.card-gorilla.com/card/detail/727,404,알뜰폰 Hub Ⅱ 카드,알뜰폰 Hub Ⅱ 카드
728,https://www.card-gorilla.com/card/detail/728,405,언택트 L 하나카드,언택트 L 하나카드
729,https://www.card-gorilla.com/card/detail/729,406,삼성스토어 BENEFIT 삼성카드,삼성스토어 BENEFIT 삼성카드
730,https://www.card-gorilla.com/card/detail/730,407,현대카드Z family,현대카드Z family
731,https://www.card-gorilla.com/card/detail/731,408,현대카드Z work,현대카드Z work
732,https://www.card-gorilla.com/card/detail/732,409,현대카드Z ontact,현대카드Z ontact
733,https://www.card-gorilla.com/card/detail/733,410,무신사 현대카드,무신사 현대카드
735,https://www.card-gorilla.com/card/detail/735,411,커피빈 신용카드,커피빈 신용카드
736,https://www.card-gorilla.com/card/detail/736,412,American Express® Reserve,American Express® Reserve
738,https://www.card-gorilla.com/card/detail/738,413,신한카드 혼디모앙,신한카드 혼디모앙
739,https://www.card-gorilla.com/card/detail/739,414,나라사랑체크카드,나라사랑체크카드
740,https://www.card-gorilla.com/card/detail/740,415,Hyundai Mobility(모빌리티) 카드,Hyundai Mobility(모빌리티) 카드
741,https://www.card-gorilla.com/card/detail/741,416,Hyundai Mobility(모빌리티) Platinum,Hyundai Mobility(모빌리티) Platinum
744,https://www.card-gorilla.com/card/detail/744,417,IKEA(이케아) Family with 신한카드,IKEA(이케아) Family with 신한카드
745,https://www.card-gorilla.com/card/detail/745,418,알뜰교통 my pass 마패 신용카드(Hana-BC),알뜰교통 my pass 마패 신용카드(Hana-BC)
746,https://www.card-gorilla.com/card/detail/746,419,알뜰교통 비바 e 플래티늄 체크카드,알뜰교통 비바 e 플래티늄 체크카드
747,https://www.card-gorilla.com/card/detail/747,420,Liiv M Ⅱ 카드,Liiv M Ⅱ 카드
749,https://www.card-gorilla.com/card/detail/749,421,VIVA X 체크카드,VIVA X 체크카드
750,https://www.card-gorilla.com/card/detail/750,422,하나 국민행복 체크카드,하나 국민행복 체크카드
751,https://www.card-gorilla.com/card/detail/751,423,KB국민 국민행복카드,KB국민 국민행복카드
752,https://www.card-gorilla.com/card/detail/752,424,KB국민 국민행복체크,KB국민 국민행복체크
753,https://www.card-gorilla.com/card/detail/753,425,아모레퍼시픽 신한카드,아모레퍼시픽 신한카드
754,https://www.card-gorilla.com/card/detail/754,426,국민행복 삼성체크카드 V2,국민행복 삼성체크카드 V2
755,https://www.card-gorilla.com/card/detail/755,427,LIKIT fun 체크카드,LIKIT fun 체크카드
756,https://www.card-gorilla.com/card/detail/756,428,LIKIT all 체크카드,LIKIT all 체크카드
757,https://www.card-gorilla.com/card/detail/757,429,LIKIT on 체크카드,LIKIT on 체크카드
758,https://www.card-gorilla.com/card/detail/758,430,다이소 신한카드,다이소 신한카드
760,https://www.card-gorilla.com/card/detail/760,431,Young Youth 체크카드,Young Youth 체크카드
761,https://www.card-gorilla.com/card/detail/761,432,Hole In:WON(홀인원) 카드,Hole In:WON(홀인원) 카드
762,https://www.card-gorilla.com/card/detail/762,433,NU 오하쳌(오늘하루체크),NU 오하쳌(오늘하루체크)
763,https://www.card-gorilla.com/card/detail/763,434,the Pink,the Pink
764,https://www.card-gorilla.com/card/detail/764,435,카카오페이 신용카드,카카오페이 신용카드
768,https://www.card-gorilla.com/card/detail/768,436,Green Wave 1.5℃카드,Green Wave 1.5℃카드
769,https://www.card-gorilla.com/card/detail/769,437,KB ALL point 카드,KB ALL point 카드
770,https://www.card-gorilla.com/card/detail/770,438,그린재킷 체크카드,그린재킷 체크카드
771,https://www.card-gorilla.com/card/detail/771,439,L.pay 롯데카드 Ⅱ,L.pay 롯데카드 Ⅱ
774,https://www.card-gorilla.com/card/detail/774,440,쿠팡 롯데카드,쿠팡 롯데카드
775,https://www.card-gorilla.com/card/detail/775,441,해피포인트 우리체크 V.2,해피포인트 우리체크 V.2
776,https://www.card-gorilla.com/card/detail/776,442,홈플러스 삼성카드,홈플러스 삼성카드
777,https://www.card-gorilla.com/card/detail/777,443,카드의정석 L.POINT,카드의정석 L.POINT
778,https://www.card-gorilla.com/card/detail/778,444,GS SHOP KB국민카드,GS SHOP KB국민카드
779,https://www.card-gorilla.com/card/detail/779,445,위메프페이 신용카드,위메프페이 신용카드
780,https://www.card-gorilla.com/card/detail/780,446,삼성카드 BIZ LEADERS,삼성카드 BIZ LEADERS
783,https://www.card-gorilla.com/card/detail/783,447,SSG.COM카드,SSG.COM카드
784,https://www.card-gorilla.com/card/detail/784,448,LG U+ 삼성카드,LG U+ 삼성카드
785,https://www.card-gorilla.com/card/detail/785,449,KT 삼성카드,KT 삼성카드
788,https://www.card-gorilla.com/card/detail/788,450,CJ ONE 삼성카드,CJ ONE 삼성카드
789,https://www.card-gorilla.com/card/detail/789,451,이마트 e카드 Edition2,이마트 e카드 Edition2
791,https://www.card-gorilla.com/card/detail/791,452,코스트코 리워드 비즈니스 현대카드,코스트코 리워드 비즈니스 현대카드
816,https://www.card-gorilla.com/card/detail/816,453,단디체크카드,단디체크카드
852,https://www.card-gorilla.com/card/detail/852,454,SmileCard Edition2,SmileCard Edition2
853,https://www.card-gorilla.com/card/detail/853,455,SmileCard the Club,SmileCard the Club
854,https://www.card-gorilla.com/card/detail/854,456,Kia Members 경차전용카드,Kia Members 경차전용카드
859,https://www.card-gorilla.com/card/detail/859,457,Kia Members 경차전용카드(유류세 환급),Kia Members 경차전용카드(유류세 환급)
865,https://www.card-gorilla.com/card/detail/865,458,홈플러스 스페셜 신한카드,홈플러스 스페셜 신한카드
881,https://www.card-gorilla.com/card/detail/881,459,IBK-Syrup카드[신용],IBK-Syrup카드[신용]
884,https://www.card-gorilla.com/card/detail/884,460,신한카드 후불하이패스+ (하이패스 전용),신한카드 후불하이패스+ (하이패스 전용)
889,https://www.card-gorilla.com/card/detail/889,461,신한카드 집,신한카드 집
890,https://www.card-gorilla.com/card/detail/890,462,e플래티넘 롯데카드,e플래티넘 롯데카드
895,https://www.card-gorilla.com/card/detail/895,463,신한카드 주거래 신용,신한카드 주거래 신용
905,https://www.card-gorilla.com/card/detail/905,464,메가쇼핑 신한카드,메가쇼핑 신한카드
906,https://www.card-gorilla.com/card/detail/906,465,메가쇼핑 신한카드 체크,메가쇼핑 신한카드 체크
912,https://www.card-gorilla.com/card/detail/912,466,Easy shopping 티타늄카드,Easy shopping 티타늄카드
916,https://www.card-gorilla.com/card/detail/916,467,위비 알뜰주유소 할인카드,위비 알뜰주유소 할인카드
940,https://www.card-gorilla.com/card/detail/940,468,CHALLENGE BAG KB국민카드,CHALLENGE BAG KB국민카드
942,https://www.card-gorilla.com/card/detail/942,469,AK KB국민카드,AK KB국민카드
945,https://www.card-gorilla.com/card/detail/945,470,신한카드 The CLASSIC-S,신한카드 The CLASSIC-S
949,https://www.card-gorilla.com/card/detail/949,471,1st카드 (캐시백형),1st카드 (캐시백형)
951,https://www.card-gorilla.com/card/detail/951,472,넥센타이어 우리카드,넥센타이어 우리카드
952,https://www.card-gorilla.com/card/detail/952,473,SK Oil 400 우리카드,SK Oil 400 우리카드
953,https://www.card-gorilla.com/card/detail/953,474,마이카 우리카드,마이카 우리카드
993,https://www.card-gorilla.com/card/detail/993,475,신한카드 The BEST+,신한카드 The BEST+
1002,https://www.card-gorilla.com/card/detail/1002,476,Mobile x LOCA 롯데카드,Mobile x LOCA 롯데카드
1003,https://www.card-gorilla.com/card/detail/1003,477,신한카드 Love Platinum#,신한카드 Love Platinum#
1006,https://www.card-gorilla.com/card/detail/1006,478,신한카드 LABE,신한카드 LABE
1007,https://www.card-gorilla.com/card/detail/1007,479,Clip카드,Clip카드
1010,https://www.card-gorilla.com/card/detail/1010,480,EVO 티타늄카드,EVO 티타늄카드
1018,https://www.card-gorilla.com/card/detail/1018,481,리디 신한카드,리디 신한카드
1019,https://www.card-gorilla.com/card/detail/1019,482,더본 신한카드,더본 신한카드
1032,https://www.card-gorilla.com/card/detail/1032,483,후불하이패스 카드,후불하이패스 카드
1035,https://www.card-gorilla.com/card/detail/1035,484,한화손해보험 카드,한화손해보험 카드
1073,https://www.card-gorilla.com/card/detail/1073,485,KT 카드의정석 SUPER DC Ⅱ,KT 카드의정석 SUPER DC Ⅱ
1155,https://www.card-gorilla.com/card/detail/1155,486,Easy shopping 카드,Easy shopping 카드
1165,https://www.card-gorilla.com/card/detail/1165,487,골프존 롯데카드,골프존 롯데카드
1169,https://www.card-gorilla.com/card/detail/1169,488,교보문고 롯데체크카드,교보문고 롯데체크카드
1171,https://www.card-gorilla.com/card/detail/1171,489,H.Point KB국민카드,H.Point KB국민카드
1172,https://www.card-gorilla.com/card/detail/1172,490,하나로마트 하나카드,하나로마트 하나카드
1174,https://www.card-gorilla.com/card/detail/1174,491,하나 원큐 카드,하나 원큐 카드
1180,https://www.card-gorilla.com/card/detail/1180,492,풀무원 하나카드,풀무원 하나카드
1184,https://www.card-gorilla.com/card/detail/1184,493,Z:IN 인테리어 신한카드,Z:IN 인테리어 신한카드
1186,https://www.card-gorilla.com/card/detail/1186,494,포켓몬을 사랑하는 고객용 하나멤버스 1Q 체크카드,포켓몬을 사랑하는 고객용 하나멤버스 1Q 체크카드
1188,https://www.card-gorilla.com/card/detail/1188,495,펫 사랑 카드,펫 사랑 카드
1198,https://www.card-gorilla.com/card/detail/1198,496,IKEA for Business with 신한카드,IKEA for Business with 신한카드
1202,https://www.card-gorilla.com/card/detail/1202,497,부산 동백전 체크카드,부산 동백전 체크카드
1213,https://www.card-gorilla.com/card/detail/1213,498,펫(PET)카드,펫(PET)카드
1215,https://www.card-gorilla.com/card/detail/1215,499,아모레퍼시픽 카드,아모레퍼시픽 카드
1225,https://www.card-gorilla.com/card/detail/1225,500,KB국민 윙크카드,KB국민 윙크카드
1229,https://www.card-gorilla.com/card/detail/1229,501,kt M mobile카드,kt M mobile카드
1233,https://www.card-gorilla.com/card/detail/1233,502,LG전자 KB국민카드,LG전자 KB국민카드
1243,https://www.card-gorilla.com/card/detail/1243,503,U＋ 알뜰모바일카드,U＋ 알뜰모바일카드
1246,https://www.card-gorilla.com/card/detail/1246,504,소노시즌 하나카드,소노시즌 하나카드
1248,https://www.card-gorilla.com/card/detail/1248,505,바디프랜드 하나카드,바디프랜드 하나카드
1253,https://www.card-gorilla.com/card/detail/1253,506,랭킹닭컴 하나카드,랭킹닭컴 하나카드
1256,https://www.card-gorilla.com/card/detail/1256,507,카드의정석 U+알뜰모바일 CHECK,카드의정석 U+알뜰모바일 CHECK
1258,https://www.card-gorilla.com/card/detail/1258,508,OK캐쉬백 썸(SUM)타는 우리체크카드,OK캐쉬백 썸(SUM)타는 우리체크카드
1259,https://www.card-gorilla.com/card/detail/1259,509,LGU+ 라서즐거운 체크카드,LGU+ 라서즐거운 체크카드
1260,https://www.card-gorilla.com/card/detail/1260,510,우리성당 체크카드,우리성당 체크카드
1278,https://www.card-gorilla.com/card/detail/1278,511,국민행복카드,국민행복카드
1285,https://www.card-gorilla.com/card/detail/1285,512,넥슨 메이플스토리 하나BC 체크카드,넥슨 메이플스토리 하나BC 체크카드
1286,https://www.card-gorilla.com/card/detail/1286,513,The CJ KB국민카드,The CJ KB국민카드
1288,https://www.card-gorilla.com/card/detail/1288,514,toss KB국민카드,toss KB국민카드
1289,https://www.card-gorilla.com/card/detail/1289,515,T-Premium KB국민카드,T-Premium KB국민카드
1290,https://www.card-gorilla.com/card/detail/1290,516,넥슨 던전앤파이터 체크카드,넥슨 던전앤파이터 체크카드
1294,https://www.card-gorilla.com/card/detail/1294,517,가온 Biz카드,가온 Biz카드
1298,https://www.card-gorilla.com/card/detail/1298,518,청소년 후불교통 체크카드,청소년 후불교통 체크카드
1299,https://www.card-gorilla.com/card/detail/1299,519,가온 플래티늄바우처카드,가온 플래티늄바우처카드
1302,https://www.card-gorilla.com/card/detail/1302,520,제주도 삼성체크카드,제주도 삼성체크카드
1309,https://www.card-gorilla.com/card/detail/1309,521,가온글로벌카드,가온글로벌카드
1311,https://www.card-gorilla.com/card/detail/1311,522,BNK 프렌즈 체크카드,BNK 프렌즈 체크카드
1315,https://www.card-gorilla.com/card/detail/1315,523,골든라이프올림카드,골든라이프올림카드
1323,https://www.card-gorilla.com/card/detail/1323,524,카카오페이 체크카드,카카오페이 체크카드
1339,https://www.card-gorilla.com/card/detail/1339,525,골프존 KB국민카드,골프존 KB국민카드
1340,https://www.card-gorilla.com/card/detail/1340,526,New Happy 하나카드,New Happy 하나카드
1360,https://www.card-gorilla.com/card/detail/1360,527,삼성포인트체크카드,삼성포인트체크카드
1379,https://www.card-gorilla.com/card/detail/1379,528,굿데이 플래티늄카드,굿데이 플래티늄카드
1380,https://www.card-gorilla.com/card/detail/1380,529,넥센타이어 KB국민카드,넥센타이어 KB국민카드
1381,https://www.card-gorilla.com/card/detail/1381,530,모두투어 투어마일리지 KB국민카드,모두투어 투어마일리지 KB국민카드
1382,https://www.card-gorilla.com/card/detail/1382,531,몰테일 KB국민카드,몰테일 KB국민카드
1383,https://www.card-gorilla.com/card/detail/1383,532,반려愛카드(강아지),반려愛카드(강아지)
1390,https://www.card-gorilla.com/card/detail/1390,533,LG U+ Bora 신한카드 Big Plus,LG U+ Bora 신한카드 Big Plus
1394,https://www.card-gorilla.com/card/detail/1394,534,현대백화점 체크카드,현대백화점 체크카드
1433,https://www.card-gorilla.com/card/detail/1433,535,후불 하이패스카드,후불 하이패스카드
1438,https://www.card-gorilla.com/card/detail/1438,536,해피포인트 체크카드,해피포인트 체크카드
1443,https://www.card-gorilla.com/card/detail/1443,537,에버랜드 판다카드,에버랜드 판다카드
1446,https://www.card-gorilla.com/card/detail/1446,538,웅진씽크빅 카드,웅진씽크빅 카드
1451,https://www.card-gorilla.com/card/detail/1451,539,우리V외국인체크카드,우리V외국인체크카드
1468,https://www.card-gorilla.com/card/detail/1468,540,제주항공 Refresh Point KB국민카드,제주항공 Refresh Point KB국민카드
1519,https://www.card-gorilla.com/card/detail/1519,541,LG전자 렌탈 플러스 하나카드,LG전자 렌탈 플러스 하나카드
1523,https://www.card-gorilla.com/card/detail/1523,542,L.PAY 하나 체크카드,L.PAY 하나 체크카드
1526,https://www.card-gorilla.com/card/detail/1526,543,K리그 축덕 Young Hana 체크카드 with OKcashbag,K리그 축덕 Young Hana 체크카드 with OKcashbag
1529,https://www.card-gorilla.com/card/detail/1529,544,KT Super DC,KT Super DC
1532,https://www.card-gorilla.com/card/detail/1532,545,LGU+ 카드의정석 Ⅱ,LGU+ 카드의정석 Ⅱ
1544,https://www.card-gorilla.com/card/detail/1544,546,해피포인트 KB국민카드,해피포인트 KB국민카드
1549,https://www.card-gorilla.com/card/detail/1549,547,하나투어 KB국민카드,하나투어 KB국민카드
1555,https://www.card-gorilla.com/card/detail/1555,548,SKT 우리카드,SKT 우리카드
1558,https://www.card-gorilla.com/card/detail/1558,549,탄탄대로 웰컴카드,탄탄대로 웰컴카드
1572,https://www.card-gorilla.com/card/detail/1572,550,탐나는전 체크카드,탐나는전 체크카드
1573,https://www.card-gorilla.com/card/detail/1573,551,티머니 체크카드,티머니 체크카드
1577,https://www.card-gorilla.com/card/detail/1577,552,New후불하이패스카드,New후불하이패스카드
1584,https://www.card-gorilla.com/card/detail/1584,553,신협-신한카드 Hi-Point,신협-신한카드 Hi-Point
1586,https://www.card-gorilla.com/card/detail/1586,554,신협-신한카드 Shopping,신협-신한카드 Shopping
1592,https://www.card-gorilla.com/card/detail/1592,555,신협-신한카드 B.Big(삑),신협-신한카드 B.Big(삑)
1593,https://www.card-gorilla.com/card/detail/1593,556,신협-신한카드 RPM+Platinum#,신협-신한카드 RPM+Platinum#
1595,https://www.card-gorilla.com/card/detail/1595,557,신협-신한카드 Love Platinum#,신협-신한카드 Love Platinum#
1597,https://www.card-gorilla.com/card/detail/1597,558,신협-신한카드 Air One,신협-신한카드 Air One
1599,https://www.card-gorilla.com/card/detail/1599,559,신협-신한카드 The CLASSIC+,신협-신한카드 The CLASSIC+
1608,https://www.card-gorilla.com/card/detail/1608,560,SK 7mobile카드,SK 7mobile카드
1610,https://www.card-gorilla.com/card/detail/1610,561,KB국민 티머니 노리 학생증체크카드(퍼플),KB국민 티머니 노리 학생증체크카드(퍼플)
1611,https://www.card-gorilla.com/card/detail/1611,562,PlayStation® - 현대카드M,PlayStation® - 현대카드M
1615,https://www.card-gorilla.com/card/detail/1615,563,KB국민 티머니노리학생증 체크카드(세로형_퍼플),KB국민 티머니노리학생증 체크카드(세로형_퍼플)
1616,https://www.card-gorilla.com/card/detail/1616,564,KB국민 티머니노리학생증 체크카드(블루_세로형),KB국민 티머니노리학생증 체크카드(블루_세로형)
1617,https://www.card-gorilla.com/card/detail/1617,565,KB국민 티머니노리학생증 체크카드(그린_세로형),KB국민 티머니노리학생증 체크카드(그린_세로형)
1618,https://www.card-gorilla.com/card/detail/1618,566,KB국민 티머니노리학생증 체크카드(그린),KB국민 티머니노리학생증 체크카드(그린)
1619,https://www.card-gorilla.com/card/detail/1619,567,KB국민 티머니노리학생증 체크카드(블루),KB국민 티머니노리학생증 체크카드(블루)
1623,https://www.card-gorilla.com/card/detail/1623,568,삼성빅보너스체크카드,삼성빅보너스체크카드
1630,https://www.card-gorilla.com/card/detail/1630,569,한화생명 Family카드 (골프형),한화생명 Family카드 (골프형)
1648,https://www.card-gorilla.com/card/detail/1648,570,NH올원 Direct&DB손해보험카드,NH올원 Direct&DB손해보험카드
1673,https://www.card-gorilla.com/card/detail/1673,571,S-OIL 삼성카드 & POINT,S-OIL 삼성카드 & POINT
1695,https://www.card-gorilla.com/card/detail/1695,572,한화생명 Family 카드 (문화형),한화생명 Family 카드 (문화형)
1699,https://www.card-gorilla.com/card/detail/1699,573,한화생명 Family 체크카드,한화생명 Family 체크카드
1702,https://www.card-gorilla.com/card/detail/1702,574,FC EXPRESS 체크,FC EXPRESS 체크
1710,https://www.card-gorilla.com/card/detail/1710,575,카드의정석 HEROES,카드의정석 HEROES
1714,https://www.card-gorilla.com/card/detail/1714,576,세븐일레븐 멤버십롯데체크카드,세븐일레븐 멤버십롯데체크카드
1731,https://www.card-gorilla.com/card/detail/1731,577,로얄블루1000카드 [SKYPASS],로얄블루1000카드 [SKYPASS]
1741,https://www.card-gorilla.com/card/detail/1741,578,ROYAL BLUE POINT,ROYAL BLUE POINT
1754,https://www.card-gorilla.com/card/detail/1754,579,뉴GS칼텍스 롯데카드,뉴GS칼텍스 롯데카드
1758,https://www.card-gorilla.com/card/detail/1758,580,올바른SAFE카드,올바른SAFE카드
1759,https://www.card-gorilla.com/card/detail/1759,581,SC제일은행 아시아나 삼성지엔미카드,SC제일은행 아시아나 삼성지엔미카드
1763,https://www.card-gorilla.com/card/detail/1763,582,올바른SAFE Platinum카드,올바른SAFE Platinum카드
1768,https://www.card-gorilla.com/card/detail/1768,583,ROYAL BLUE MILEAGE[SKYPASS],ROYAL BLUE MILEAGE[SKYPASS]
1787,https://www.card-gorilla.com/card/detail/1787,584,NU 후불하이패스,NU 후불하이패스
1807,https://www.card-gorilla.com/card/detail/1807,585,LineageM 신한카드 체크,LineageM 신한카드 체크
1809,https://www.card-gorilla.com/card/detail/1809,586,카드의정석 UniMile CHECK,카드의정석 UniMile CHECK
1816,https://www.card-gorilla.com/card/detail/1816,587,카드의정석 시니어플러스,카드의정석 시니어플러스
1818,https://www.card-gorilla.com/card/detail/1818,588,카드의정석 삼성화재 당신에게 좋은보험,카드의정석 삼성화재 당신에게 좋은보험
1829,https://www.card-gorilla.com/card/detail/1829,589,바디프랜드 카드,바디프랜드 카드
1839,https://www.card-gorilla.com/card/detail/1839,590,AIA생명 롯데 리얼체크카드,AIA생명 롯데 리얼체크카드
1854,https://www.card-gorilla.com/card/detail/1854,591,ALL 다모아카드,ALL 다모아카드
1856,https://www.card-gorilla.com/card/detail/1856,592,카드의정석 하이마트,카드의정석 하이마트
1859,https://www.card-gorilla.com/card/detail/1859,593,OK캐쉬백 위비할인카드,OK캐쉬백 위비할인카드
1860,https://www.card-gorilla.com/card/detail/1860,594,RAUME O,RAUME O
1861,https://www.card-gorilla.com/card/detail/1861,595,롭스 롯데카드,롭스 롯데카드
1865,https://www.card-gorilla.com/card/detail/1865,596,RAUME O (스카이패스),RAUME O (스카이패스)
1866,https://www.card-gorilla.com/card/detail/1866,597,RAUME O (아시아나),RAUME O (아시아나)
1868,https://www.card-gorilla.com/card/detail/1868,598,라이나생명 라서즐거운카드,라이나생명 라서즐거운카드
1882,https://www.card-gorilla.com/card/detail/1882,599,삼성스토어 삼성카드,삼성스토어 삼성카드
1883,https://www.card-gorilla.com/card/detail/1883,600,PAYCO taptap,PAYCO taptap
1884,https://www.card-gorilla.com/card/detail/1884,601,라이프파트너 삼성카드,라이프파트너 삼성카드
1887,https://www.card-gorilla.com/card/detail/1887,602,넷마블 신한카드,넷마블 신한카드
1889,https://www.card-gorilla.com/card/detail/1889,603,Toss taptap S,Toss taptap S
1899,https://www.card-gorilla.com/card/detail/1899,604,New LG전자 베스트샵 PLUS 신한카드,New LG전자 베스트샵 PLUS 신한카드
1906,https://www.card-gorilla.com/card/detail/1906,605,후불하이패스카드(비씨),후불하이패스카드(비씨)
1909,https://www.card-gorilla.com/card/detail/1909,606,THE 1 (스카이패스),THE 1 (스카이패스)
1926,https://www.card-gorilla.com/card/detail/1926,607,E1 LPG 롯데카드,E1 LPG 롯데카드
1932,https://www.card-gorilla.com/card/detail/1932,608,E1 LPG 롯데 체크카드,E1 LPG 롯데 체크카드
1944,https://www.card-gorilla.com/card/detail/1944,609,엘포인트카드(비씨),엘포인트카드(비씨)
1977,https://www.card-gorilla.com/card/detail/1977,610,SB 팝 체크카드,SB 팝 체크카드
1980,https://www.card-gorilla.com/card/detail/1980,611,LG전자 베스트렌탈 우리카드,LG전자 베스트렌탈 우리카드
1984,https://www.card-gorilla.com/card/detail/1984,612,동양생명 우리카드,동양생명 우리카드
1987,https://www.card-gorilla.com/card/detail/1987,613,롯데마트 롯데카드,롯데마트 롯데카드
1990,https://www.card-gorilla.com/card/detail/1990,614,엉 카드,엉 카드
1991,https://www.card-gorilla.com/card/detail/1991,615,BeV Ⅸ 토탈마일 카드,BeV Ⅸ 토탈마일 카드
1993,https://www.card-gorilla.com/card/detail/1993,616,롯데백화점 AVENUEL 카드,롯데백화점 AVENUEL 카드
1996,https://www.card-gorilla.com/card/detail/1996,617,NH올원 LG전자BEST카드,NH올원 LG전자BEST카드
2005,https://www.card-gorilla.com/card/detail/2005,618,GS&POINT 롯데카드,GS&POINT 롯데카드
2007,https://www.card-gorilla.com/card/detail/2007,619,LG전자 라서즐거운 카드,LG전자 라서즐거운 카드
2016,https://www.card-gorilla.com/card/detail/2016,620,Jin Air - 롯데카드,Jin Air - 롯데카드
2019,https://www.card-gorilla.com/card/detail/2019,621,NH올원 Rental&넥센타이어카드,NH올원 Rental&넥센타이어카드
2021,https://www.card-gorilla.com/card/detail/2021,622,NH올원 Rental&바디프랜드카드,NH올원 Rental&바디프랜드카드
2023,https://www.card-gorilla.com/card/detail/2023,623,NH올원 Rental&코웨이카드,NH올원 Rental&코웨이카드
2026,https://www.card-gorilla.com/card/detail/2026,624,카카오페이 체크카드,카카오페이 체크카드 v2
2060,https://www.card-gorilla.com/card/detail/2060,625,롯데체크카드,롯데체크카드
2070,https://www.card-gorilla.com/card/detail/2070,626,뱅크샐러드 빨대카드,뱅크샐러드 빨대카드
2071,https://www.card-gorilla.com/card/detail/2071,627,삼성페이 롯데카드,삼성페이 롯데카드
2072,https://www.card-gorilla.com/card/detail/2072,628,시장愛 체크카드,시장愛 체크카드
2076,https://www.card-gorilla.com/card/detail/2076,629,WITH 후불교통 체크카드,WITH 후불교통 체크카드
2078,https://www.card-gorilla.com/card/detail/2078,630,ON 후불교통 체크카드,ON 후불교통 체크카드
2079,https://www.card-gorilla.com/card/detail/2079,631,부자되세요 홈쇼핑 체크카드,부자되세요 홈쇼핑 체크카드
2080,https://www.card-gorilla.com/card/detail/2080,632,PEACH 체크카드,PEACH 체크카드
2082,https://www.card-gorilla.com/card/detail/2082,633,IN 체크카드,IN 체크카드
2083,https://www.card-gorilla.com/card/detail/2083,634,ForU(油) 체크카드,ForU(油) 체크카드
2084,https://www.card-gorilla.com/card/detail/2084,635,MG Life 체크카드,MG Life 체크카드
2090,https://www.card-gorilla.com/card/detail/2090,636,신한카드 The PREMIER GOLD EDITION (스카이패스),신한카드 The PREMIER GOLD EDITION (스카이패스)
2091,https://www.card-gorilla.com/card/detail/2091,637,CLUB1카드 200,CLUB1카드 200
2093,https://www.card-gorilla.com/card/detail/2093,638,L.CLASS L60 (스카이패스형),L.CLASS L60 (스카이패스형)
2094,https://www.card-gorilla.com/card/detail/2094,639,카카오페이 체크카드,카카오페이 체크카드 v3
2097,https://www.card-gorilla.com/card/detail/2097,640,신한카드 The PREMIER GOLD EDITION (아시아나클럽),신한카드 The PREMIER GOLD EDITION (아시아나클럽)
2104,https://www.card-gorilla.com/card/detail/2104,641,L.CLASS L60 (L.POINT형),L.CLASS L60 (L.POINT형)
2106,https://www.card-gorilla.com/card/detail/2106,642,L.CLASS L60 (아시아나클럽형),L.CLASS L60 (아시아나클럽형)
2132,https://www.card-gorilla.com/card/detail/2132,643,제주 삼다수카드(신용),제주 삼다수카드(신용)
2139,https://www.card-gorilla.com/card/detail/2139,644,세븐일레븐 멤버쉽롯데카드,세븐일레븐 멤버쉽롯데카드
2140,https://www.card-gorilla.com/card/detail/2140,645,쇼퍼홀릭 롯데홈쇼핑 롯데체크카드,쇼퍼홀릭 롯데홈쇼핑 롯데체크카드
2147,https://www.card-gorilla.com/card/detail/2147,646,위클리 VISA 롯데체크카드,위클리 VISA 롯데체크카드
2149,https://www.card-gorilla.com/card/detail/2149,647,이랜드리테일 롯데카드,이랜드리테일 롯데카드
2150,https://www.card-gorilla.com/card/detail/2150,648,국민행복카드,국민행복카드 v2
2151,https://www.card-gorilla.com/card/detail/2151,649,제주그린카드,제주그린카드
2172,https://www.card-gorilla.com/card/detail/2172,650,탐나는J체크카드,탐나는J체크카드
2175,https://www.card-gorilla.com/card/detail/2175,651,SK OIL&LPG 카드,SK OIL&LPG 카드
2178,https://www.card-gorilla.com/card/detail/2178,652,1st TRIPLE 카드,1st TRIPLE 카드
2179,https://www.card-gorilla.com/card/detail/2179,653,1st 카드(레드),1st 카드(레드)
2189,https://www.card-gorilla.com/card/detail/2189,654,1st TRIPLE 체크카드,1st TRIPLE 체크카드
2190,https://www.card-gorilla.com/card/detail/2190,655,해피포인트 체크카드,해피포인트 체크카드 v2
2191,https://www.card-gorilla.com/card/detail/2191,656,Smart Cashback 체크카드,Smart Cashback 체크카드
2192,https://www.card-gorilla.com/card/detail/2192,657,국민행복 체크카드,국민행복 체크카드
2194,https://www.card-gorilla.com/card/detail/2194,658,유안타 Daily+ 체크카드,유안타 Daily+ 체크카드
2195,https://www.card-gorilla.com/card/detail/2195,659,Kia Members 신용카드 Edition2,Kia Members 신용카드 Edition2
2196,https://www.card-gorilla.com/card/detail/2196,660,Kia Members 전기차 신용카드,Kia Members 전기차 신용카드
2197,https://www.card-gorilla.com/card/detail/2197,661,현대카드M CHECK-경차전용카드(유류세 환급),현대카드M CHECK-경차전용카드(유류세 환급)
2198,https://www.card-gorilla.com/card/detail/2198,662,캐롯손해보험-현대카드M Edition3,캐롯손해보험-현대카드M Edition3
2199,https://www.card-gorilla.com/card/detail/2199,663,산림조합-현대카드M(청구할인형),산림조합-현대카드M(청구할인형)
2214,https://www.card-gorilla.com/card/detail/2214,664,Syrup Membership Wealth 마이카드(체크),Syrup Membership Wealth 마이카드(체크)
2215,https://www.card-gorilla.com/card/detail/2215,665,LUNCH 체크카드,LUNCH 체크카드
2218,https://www.card-gorilla.com/card/detail/2218,666,NAMUH 체크카드,NAMUH 체크카드
2219,https://www.card-gorilla.com/card/detail/2219,667,able 카드 Ⅱ,able 카드 Ⅱ
2220,https://www.card-gorilla.com/card/detail/2220,668,DB금융투자 해피플러스 체크카드,DB금융투자 해피플러스 체크카드
2221,https://www.card-gorilla.com/card/detail/2221,669,DB 캐쉬백 3.1 체크카드,DB 캐쉬백 3.1 체크카드
2224,https://www.card-gorilla.com/card/detail/2224,670,able 시럽카드,able 시럽카드
2225,https://www.card-gorilla.com/card/detail/2225,671,able Premier Members 카드,able Premier Members 카드
2226,https://www.card-gorilla.com/card/detail/2226,672,카카오뱅크 롯데카드,카카오뱅크 롯데카드
2228,https://www.card-gorilla.com/card/detail/2228,673,LOCA LIKIT,LOCA LIKIT
2230,https://www.card-gorilla.com/card/detail/2230,674,LOCA 100 Life,LOCA 100 Life
2232,https://www.card-gorilla.com/card/detail/2232,675,1Q Daily+[40주년 에디션],1Q Daily+[40주년 에디션]
2233,https://www.card-gorilla.com/card/detail/2233,676,네이버 현대카드,네이버 현대카드
2234,https://www.card-gorilla.com/card/detail/2234,677,삼성 iD ALL 카드,삼성 iD ALL 카드
2235,https://www.card-gorilla.com/card/detail/2235,678,삼성 iD ON 카드,삼성 iD ON 카드
2236,https://www.card-gorilla.com/card/detail/2236,679,신한카드 My TeenS,신한카드 My TeenS
2237,https://www.card-gorilla.com/card/detail/2237,680,하나 스카이패스 아멕스 플래티늄 카드,하나 스카이패스 아멕스 플래티늄 카드
2238,https://www.card-gorilla.com/card/detail/2238,681,롯데월드카드,롯데월드카드
2240,https://www.card-gorilla.com/card/detail/2240,682,위버스 신한카드(BTS),위버스 신한카드(BTS)
2241,https://www.card-gorilla.com/card/detail/2241,683,Kakaopage 롯데카드,Kakaopage 롯데카드
2242,https://www.card-gorilla.com/card/detail/2242,684,에너지플러스카드 Edition2,에너지플러스카드 Edition2
2243,https://www.card-gorilla.com/card/detail/2243,685,GS Prime 신한카드,GS Prime 신한카드
2244,https://www.card-gorilla.com/card/detail/2244,686,위버스 신한카드 체크(BTS),위버스 신한카드 체크(BTS)
2245,https://www.card-gorilla.com/card/detail/2245,687,위버스 신한카드 체크(TXT),위버스 신한카드 체크(TXT)
2246,https://www.card-gorilla.com/card/detail/2246,688,위버스 신한카드 체크(ENHYPEN),위버스 신한카드 체크(ENHYPEN)
2247,https://www.card-gorilla.com/card/detail/2247,689,위버스 신한카드 체크(SEVENTEEN),위버스 신한카드 체크(SEVENTEEN)
2248,https://www.card-gorilla.com/card/detail/2248,690,위버스 신한카드(ENHYPEN),위버스 신한카드(ENHYPEN)
2249,https://www.card-gorilla.com/card/detail/2249,691,위버스 신한카드(SEVENTEEN),위버스 신한카드(SEVENTEEN)
2250,https://www.card-gorilla.com/card/detail/2250,692,위버스 신한카드(TXT),위버스 신한카드(TXT)
2251,https://www.card-gorilla.com/card/detail/2251,693,오케이몰 우리카드,오케이몰 우리카드
2255,https://www.card-gorilla.com/card/detail/2255,694,KB Pay 챌린지카드,KB Pay 챌린지카드
2256,https://www.card-gorilla.com/card/detail/2256,695,KB Pay 챌린지+카드,KB Pay 챌린지+카드
2257,https://www.card-gorilla.com/card/detail/2257,696,삼성 모바일플러스카드,삼성 모바일플러스카드
2258,https://www.card-gorilla.com/card/detail/2258,697,#Pay 신한카드,#Pay 신한카드
2259,https://www.card-gorilla.com/card/detail/2259,698,the Red Edition5,the Red Edition5
2260,https://www.card-gorilla.com/card/detail/2260,699,the Green Edition2,the Green Edition2
2261,https://www.card-gorilla.com/card/detail/2261,700,LOCA LIKIT 1.2,LOCA LIKIT 1.2
2262,https://www.card-gorilla.com/card/detail/2262,701,LOCA LIKIT Eat,LOCA LIKIT Eat
2263,https://www.card-gorilla.com/card/detail/2263,702,LOCA LIKIT Play,LOCA LIKIT Play
2264,https://www.card-gorilla.com/card/detail/2264,703,LOCA LIKIT Shop,LOCA LIKIT Shop
2265,https://www.card-gorilla.com/card/detail/2265,704,롯데홈쇼핑 벨리곰 카드,롯데홈쇼핑 벨리곰 카드
2267,https://www.card-gorilla.com/card/detail/2267,705,L.PAY 신한카드,L.PAY 신한카드
2270,https://www.card-gorilla.com/card/detail/2270,706,하나은행 밀리언달러 카드,하나은행 밀리언달러 카드
2272,https://www.card-gorilla.com/card/detail/2272,707,신한 Meme(밈) 카드,신한 Meme(밈) 카드
2277,https://www.card-gorilla.com/card/detail/2277,708,요기패스 신용카드,요기패스 신용카드
2278,https://www.card-gorilla.com/card/detail/2278,709,NS홈쇼핑 삼성카드,NS홈쇼핑 삼성카드
2279,https://www.card-gorilla.com/card/detail/2279,710,신세계 아울렛 BENEFIT 삼성카드,신세계 아울렛 BENEFIT 삼성카드
2280,https://www.card-gorilla.com/card/detail/2280,711,American Express The Platinum Card®,American Express The Platinum Card®
2281,https://www.card-gorilla.com/card/detail/2281,712,American Express® Gold Card,American Express® Gold Card
2282,https://www.card-gorilla.com/card/detail/2282,713,American Express® Green Card,American Express® Green Card
2283,https://www.card-gorilla.com/card/detail/2283,714,롯데렌터카 신차장 EV+ 우리카드,롯데렌터카 신차장 EV+ 우리카드
2285,https://www.card-gorilla.com/card/detail/2285,715,Voluntas 자원봉사자 우리체크,Voluntas 자원봉사자 우리체크
2286,https://www.card-gorilla.com/card/detail/2286,716,NU Uniq point,NU Uniq point
2287,https://www.card-gorilla.com/card/detail/2287,717,현대카드 MX Black,현대카드 MX Black
2288,https://www.card-gorilla.com/card/detail/2288,718,모두의 신세계 하나카드,모두의 신세계 하나카드
2289,https://www.card-gorilla.com/card/detail/2289,719,삼성 iD EV 카드,삼성 iD EV 카드
2290,https://www.card-gorilla.com/card/detail/2290,720,삼성 iD ENERGY 카드,삼성 iD ENERGY 카드
2291,https://www.card-gorilla.com/card/detail/2291,721,메리어트 본보이™ 더 클래식 신한카드,메리어트 본보이™ 더 클래식 신한카드
2292,https://www.card-gorilla.com/card/detail/2292,722,현대카드 MY BUSINESS ZERO Food&Drink,현대카드 MY BUSINESS ZERO Food&Drink
2293,https://www.card-gorilla.com/card/detail/2293,723,현대카드 MY BUSINESS ZERO Retail&Service,현대카드 MY BUSINESS ZERO Retail&Service
2294,https://www.card-gorilla.com/card/detail/2294,724,현대카드 MY BUSINESS ZERO Online Seller,현대카드 MY BUSINESS ZERO Online Seller
2296,https://www.card-gorilla.com/card/detail/2296,725,톡톡M 카드,톡톡M 카드
2297,https://www.card-gorilla.com/card/detail/2297,726,톡톡F 카드,톡톡F 카드
2298,https://www.card-gorilla.com/card/detail/2298,727,톡톡O 카드,톡톡O 카드
2299,https://www.card-gorilla.com/card/detail/2299,728,톡톡D 카드,톡톡D 카드
2300,https://www.card-gorilla.com/card/detail/2300,729,내맘대로 쁨 카드,내맘대로 쁨 카드
2301,https://www.card-gorilla.com/card/detail/2301,730,원스토어 1 하나카드,원스토어 1 하나카드
2302,https://www.card-gorilla.com/card/detail/2302,731,T우주 신한카드,T우주 신한카드
2304,https://www.card-gorilla.com/card/detail/2304,732,신한카드 Eats More(이츠모아),신한카드 Eats More(이츠모아)
2306,https://www.card-gorilla.com/card/detail/2306,733,L.PAY by 롤라카드(신용),L.PAY by 롤라카드(신용)
2307,https://www.card-gorilla.com/card/detail/2307,734,L.PAY by 롤라카드(체크),L.PAY by 롤라카드(체크)
2308,https://www.card-gorilla.com/card/detail/2308,735,로스트아크 카드,로스트아크 카드
2309,https://www.card-gorilla.com/card/detail/2309,736,톡톡 구독카드,톡톡 구독카드
2311,https://www.card-gorilla.com/card/detail/2311,737,럭키 더블카드,럭키 더블카드
2312,https://www.card-gorilla.com/card/detail/2312,738,럭키 유카드,럭키 유카드
2315,https://www.card-gorilla.com/card/detail/2315,739,한패스카드,한패스카드
2316,https://www.card-gorilla.com/card/detail/2316,740,차이 신용카드,차이 신용카드
2317,https://www.card-gorilla.com/card/detail/2317,741,차이 체크카드,차이 체크카드
2318,https://www.card-gorilla.com/card/detail/2318,742,핀크카드,핀크카드
2322,https://www.card-gorilla.com/card/detail/2322,743,티니패스 카드,티니패스 카드
2323,https://www.card-gorilla.com/card/detail/2323,744,아이부자 카드,아이부자 카드
2324,https://www.card-gorilla.com/card/detail/2324,745,삼성 BIZ iD BENEFIT카드,삼성 BIZ iD BENEFIT카드
2325,https://www.card-gorilla.com/card/detail/2325,746,프레딧 하나카드,프레딧 하나카드
2326,https://www.card-gorilla.com/card/detail/2326,747,해피포인트 해피리워드 카드,해피포인트 해피리워드 카드
2327,https://www.card-gorilla.com/card/detail/2327,748,스카이패스 티타늄 카드,스카이패스 티타늄 카드
2329,https://www.card-gorilla.com/card/detail/2329,749,핀트 카드,핀트 카드
2330,https://www.card-gorilla.com/card/detail/2330,750,LOCA 365 카드,LOCA 365 카드
2331,https://www.card-gorilla.com/card/detail/2331,751,땡겨요 신한카드,땡겨요 신한카드
2332,https://www.card-gorilla.com/card/detail/2332,752,KB국민 우리동네 체크카드,KB국민 우리동네 체크카드
2333,https://www.card-gorilla.com/card/detail/2333,753,땡겨요 신한카드 체크,땡겨요 신한카드 체크
2334,https://www.card-gorilla.com/card/detail/2334,754,땡겨요 신한카드 체크(라이더형),땡겨요 신한카드 체크(라이더형)
2335,https://www.card-gorilla.com/card/detail/2335,755,해피리워드 체크카드,해피리워드 체크카드
2338,https://www.card-gorilla.com/card/detail/2338,756,신한카드 Way 체크,신한카드 Way 체크
2340,https://www.card-gorilla.com/card/detail/2340,757,쇼핑& 카드,쇼핑& 카드
2342,https://www.card-gorilla.com/card/detail/2342,758,투썸플레이스 신한카드 체크,투썸플레이스 신한카드 체크
2343,https://www.card-gorilla.com/card/detail/2343,759,신한카드 On 체크,신한카드 On 체크
2349,https://www.card-gorilla.com/card/detail/2349,760,모니모카드,모니모카드
2352,https://www.card-gorilla.com/card/detail/2352,761,&POP 카드,&POP 카드
2353,https://www.card-gorilla.com/card/detail/2353,762,NU Blanc,NU Blanc
2354,https://www.card-gorilla.com/card/detail/2354,763,NU Uniq,NU Uniq
2355,https://www.card-gorilla.com/card/detail/2355,764,레고랜드카드,레고랜드카드
2356,https://www.card-gorilla.com/card/detail/2356,765,레고랜드 체크카드,레고랜드 체크카드
2357,https://www.card-gorilla.com/card/detail/2357,766,레고랜드매니아카드,레고랜드매니아카드
2358,https://www.card-gorilla.com/card/detail/2358,767,삼성 iD EDU 카드,삼성 iD EDU 카드
2359,https://www.card-gorilla.com/card/detail/2359,768,Hyundai Mobilty카드(상용차),Hyundai Mobilty카드(상용차)
2360,https://www.card-gorilla.com/card/detail/2360,769,LOCA in MEGACITY,LOCA in MEGACITY
2361,https://www.card-gorilla.com/card/detail/2361,770,케이뱅크 롯데카드,케이뱅크 롯데카드
2363,https://www.card-gorilla.com/card/detail/2363,771,wavve카드,wavve카드
2364,https://www.card-gorilla.com/card/detail/2364,772,iD MOVE카드,iD MOVE카드
2365,https://www.card-gorilla.com/card/detail/2365,773,닥터구디 T&R(티앤알) 카드,닥터구디 T&R(티앤알) 카드
2369,https://www.card-gorilla.com/card/detail/2369,774,Happy 디지털카드,Happy 디지털카드
2370,https://www.card-gorilla.com/card/detail/2370,775,NU Uniq Check,NU Uniq Check
2371,https://www.card-gorilla.com/card/detail/2371,776,신한카드 플리,신한카드 플리
2372,https://www.card-gorilla.com/card/detail/2372,777,신한카드 플리(체크),신한카드 플리(체크)
2373,https://www.card-gorilla.com/card/detail/2373,778,신한카드 On 체크(쥬라기),신한카드 On 체크(쥬라기)
2374,https://www.card-gorilla.com/card/detail/2374,779,신한카드 Way 체크(쥬라기),신한카드 Way 체크(쥬라기)
2376,https://www.card-gorilla.com/card/detail/2376,780,삼성 iD SIMPLE 카드,삼성 iD SIMPLE 카드
2377,https://www.card-gorilla.com/card/detail/2377,781,톡톡 my point카드,톡톡 my point카드
2378,https://www.card-gorilla.com/card/detail/2378,782,톡톡 my living카드,톡톡 my living카드
2379,https://www.card-gorilla.com/card/detail/2379,783,신한카드 On 체크(잔망루피),신한카드 On 체크(잔망루피)
2385,https://www.card-gorilla.com/card/detail/2385,784,Flex카드 몽블랑 에디션,Flex카드 몽블랑 에디션
2386,https://www.card-gorilla.com/card/detail/2386,785,티머니 Pay & GO 신한카드,티머니 Pay & GO 신한카드
2388,https://www.card-gorilla.com/card/detail/2388,786,넥슨 현대카드 UNLIMITED,넥슨 현대카드 UNLIMITED
2389,https://www.card-gorilla.com/card/detail/2389,787,넥슨 현대카드,넥슨 현대카드
2390,https://www.card-gorilla.com/card/detail/2390,788,넥슨 현대카드Check,넥슨 현대카드Check
2392,https://www.card-gorilla.com/card/detail/2392,789,CJ 삼성 iD 카드,CJ 삼성 iD 카드
2393,https://www.card-gorilla.com/card/detail/2393,790,SSG.COM 카드 Edition2,SSG.COM 카드 Edition2
2394,https://www.card-gorilla.com/card/detail/2394,791,트래블로그 체크카드,트래블로그 체크카드
2395,https://www.card-gorilla.com/card/detail/2395,792,LOCA 나누기 카드,LOCA 나누기 카드
2396,https://www.card-gorilla.com/card/detail/2396,793,Diners Club POINT,Diners Club POINT
2397,https://www.card-gorilla.com/card/detail/2397,794,Diners Club MILEAGE,Diners Club MILEAGE
2398,https://www.card-gorilla.com/card/detail/2398,795,신세계 더 마일리지 삼성카드 (스카이패스),신세계 더 마일리지 삼성카드 (스카이패스)
2399,https://www.card-gorilla.com/card/detail/2399,796,리브 NEXT카드,리브 NEXT카드
2400,https://www.card-gorilla.com/card/detail/2400,797,밥바라밥 페이북머니 체크카드,밥바라밥 페이북머니 체크카드
2401,https://www.card-gorilla.com/card/detail/2401,798,NU Nature,NU Nature
2402,https://www.card-gorilla.com/card/detail/2402,799,GS리테일 NH농협카드,GS리테일 NH농협카드
2403,https://www.card-gorilla.com/card/detail/2403,800,NU I&U,NU I&U
2404,https://www.card-gorilla.com/card/detail/2404,801,코오롱몰 우리카드,코오롱몰 우리카드
2405,https://www.card-gorilla.com/card/detail/2405,802,#any 하나카드,#any 하나카드
2406,https://www.card-gorilla.com/card/detail/2406,803,하나 CLUB H 아메리칸 익스프레스 리저브 카드,하나 CLUB H 아메리칸 익스프레스 리저브 카드
2407,https://www.card-gorilla.com/card/detail/2407,804,삼성 iD PET 카드,삼성 iD PET 카드
2409,https://www.card-gorilla.com/card/detail/2409,805,#MY WAY 카드,#MY WAY 카드
2410,https://www.card-gorilla.com/card/detail/2410,806,New 제주항공 하나카드,New 제주항공 하나카드
2411,https://www.card-gorilla.com/card/detail/2411,807,슈퍼쇼퍼카드,슈퍼쇼퍼카드
2412,https://www.card-gorilla.com/card/detail/2412,808,아멕스 플래티넘 아시아나클럽 롯데카드,아멕스 플래티넘 아시아나클럽 롯데카드
2414,https://www.card-gorilla.com/card/detail/2414,809,인플카 현대카드,인플카 현대카드
2416,https://www.card-gorilla.com/card/detail/2416,810,이마트II KB국민카드(옐로우),이마트II KB국민카드(옐로우)
2417,https://www.card-gorilla.com/card/detail/2417,811,인플카 현대카드 CHECK,인플카 현대카드 CHECK
2418,https://www.card-gorilla.com/card/detail/2418,812,始發(시발)카드,始發(시발)카드
2419,https://www.card-gorilla.com/card/detail/2419,813,삼성 iD POCKET 카드,삼성 iD POCKET 카드
2420,https://www.card-gorilla.com/card/detail/2420,814,카카오뱅크 개인사업자 삼성카드,카카오뱅크 개인사업자 삼성카드
2421,https://www.card-gorilla.com/card/detail/2421,815,카카오뱅크 개인사업자 체크카드,카카오뱅크 개인사업자 체크카드
2422,https://www.card-gorilla.com/card/detail/2422,816,노리2 체크카드(KB Pay),노리2 체크카드(KB Pay)
2423,https://www.card-gorilla.com/card/detail/2423,817,노리2 체크카드(Global),노리2 체크카드(Global)
2424,https://www.card-gorilla.com/card/detail/2424,818,LOCA X 구독,LOCA X 구독
2429,https://www.card-gorilla.com/card/detail/2429,819,삼프로TV 하나카드,삼프로TV 하나카드
2430,https://www.card-gorilla.com/card/detail/2430,820,SC제일은행-현대카드 M CHECK,SC제일은행-현대카드 M CHECK
2431,https://www.card-gorilla.com/card/detail/2431,821,SC제일은행-현대카드 X CHECK,SC제일은행-현대카드 X CHECK
2432,https://www.card-gorilla.com/card/detail/2432,822,네이버페이 머니 하나 체크카드,네이버페이 머니 하나 체크카드
2433,https://www.card-gorilla.com/card/detail/2433,823,네이버페이 쇼핑엔로카,네이버페이 쇼핑엔로카
2434,https://www.card-gorilla.com/card/detail/2434,824,갤러리아 KB국민카드,갤러리아 KB국민카드
2435,https://www.card-gorilla.com/card/detail/2435,825,신한카드 EVerywhere,신한카드 EVerywhere
2436,https://www.card-gorilla.com/card/detail/2436,826,the Red Stripe,the Red Stripe
2437,https://www.card-gorilla.com/card/detail/2437,827,GS리테일 NH농협체크카드,GS리테일 NH농협체크카드
2440,https://www.card-gorilla.com/card/detail/2440,828,KB ALL 카드,KB ALL 카드
2441,https://www.card-gorilla.com/card/detail/2441,829,KB국민 My WE:SH 카드,KB국민 My WE:SH 카드
2442,https://www.card-gorilla.com/card/detail/2442,830,KB YOU With 카드,KB YOU With 카드
2443,https://www.card-gorilla.com/card/detail/2443,831,GOODGAME 체크카드,GOODGAME 체크카드
2444,https://www.card-gorilla.com/card/detail/2444,832,롯데마트&MAXX 카드,롯데마트&MAXX 카드
2445,https://www.card-gorilla.com/card/detail/2445,833,원더카드 2.0 DAILY,원더카드 2.0 DAILY
2446,https://www.card-gorilla.com/card/detail/2446,834,원더카드 FREE,원더카드 FREE
2447,https://www.card-gorilla.com/card/detail/2447,835,원더카드 2.0 LIVING,원더카드 2.0 LIVING
2448,https://www.card-gorilla.com/card/detail/2448,836,원더카드 HAPPY,원더카드 HAPPY
2449,https://www.card-gorilla.com/card/detail/2449,837,원더카드 2.0 T,원더카드 2.0 T
2450,https://www.card-gorilla.com/card/detail/2450,838,HERITAGE Smart [할인형],HERITAGE Smart [할인형]
2451,https://www.card-gorilla.com/card/detail/2451,839,HERITAGE Smart [대한항공 마일리지형],HERITAGE Smart [대한항공 마일리지형]
2452,https://www.card-gorilla.com/card/detail/2452,840,카카오뱅크 하나카드,카카오뱅크 하나카드
2453,https://www.card-gorilla.com/card/detail/2453,841,신한카드 구독 좋아요,신한카드 구독 좋아요
2455,https://www.card-gorilla.com/card/detail/2455,842,카카오뱅크 우리카드,카카오뱅크 우리카드
2457,https://www.card-gorilla.com/card/detail/2457,843,캐롯손해보험 롯데카드,캐롯손해보험 롯데카드
2459,https://www.card-gorilla.com/card/detail/2459,844,삼성 iD NOMAD 카드,삼성 iD NOMAD 카드
2460,https://www.card-gorilla.com/card/detail/2460,845,THE iD. PLATINUM(포인트),THE iD. PLATINUM(포인트)
2461,https://www.card-gorilla.com/card/detail/2461,846,THE iD. TITANIUM(포인트),THE iD. TITANIUM(포인트)
2463,https://www.card-gorilla.com/card/detail/2463,847,LOCA Mobility 반띵 카드,LOCA Mobility 반띵 카드
2465,https://www.card-gorilla.com/card/detail/2465,848,신세계 the Mile 하나카드,신세계 the Mile 하나카드
2466,https://www.card-gorilla.com/card/detail/2466,849,이디야 하나카드,이디야 하나카드
2467,https://www.card-gorilla.com/card/detail/2467,850,신한카드 알뜰More(알뜰모아),신한카드 알뜰More(알뜰모아)
2468,https://www.card-gorilla.com/card/detail/2468,851,KMVNO 알뜰폰 카드,KMVNO 알뜰폰 카드
2469,https://www.card-gorilla.com/card/detail/2469,852,나무 롯데카드,나무 롯데카드
2470,https://www.card-gorilla.com/card/detail/2470,853,TRADERS CLUB 삼성카드,TRADERS CLUB 삼성카드
2471,https://www.card-gorilla.com/card/detail/2471,854,신한카드 Way 체크(최고심),신한카드 Way 체크(최고심)
2472,https://www.card-gorilla.com/card/detail/2472,855,SKT-현대카드M Edition3(라이트할부형2.0),SKT-현대카드M Edition3(라이트할부형2.0)
2473,https://www.card-gorilla.com/card/detail/2473,856,MY RENTAL+ 롯데카드,MY RENTAL+ 롯데카드
2474,https://www.card-gorilla.com/card/detail/2474,857,T-economy KB국민카드,T-economy KB국민카드
2475,https://www.card-gorilla.com/card/detail/2475,858,하나로 전자카드 메가캐쉬백 더드림 체크카드,하나로 전자카드 메가캐쉬백 더드림 체크카드
2476,https://www.card-gorilla.com/card/detail/2476,859,NU AUTO 우리카드,NU AUTO 우리카드
2477,https://www.card-gorilla.com/card/detail/2477,860,T나는혜택 삼성카드,T나는혜택 삼성카드
2479,https://www.card-gorilla.com/card/detail/2479,861,제주신화월드 신한카드,제주신화월드 신한카드
2481,https://www.card-gorilla.com/card/detail/2481,862,신한 햇살론카드,신한 햇살론카드
2483,https://www.card-gorilla.com/card/detail/2483,863,IBK DC히어로즈 카드(신용),IBK DC히어로즈 카드(신용)
2484,https://www.card-gorilla.com/card/detail/2484,864,kt SUPER+ 카드,kt SUPER+ 카드
2486,https://www.card-gorilla.com/card/detail/2486,865,LFmall 신용카드,LFmall 신용카드
2487,https://www.card-gorilla.com/card/detail/2487,866,CGV 우리카드,CGV 우리카드
2488,https://www.card-gorilla.com/card/detail/2488,867,베베쿡 신한카드,베베쿡 신한카드
2489,https://www.card-gorilla.com/card/detail/2489,868,K-FIRST (모바일전용),K-FIRST (모바일전용)
2491,https://www.card-gorilla.com/card/detail/2491,869,신한카드 플리(산리오캐릭터즈),신한카드 플리(산리오캐릭터즈)
2492,https://www.card-gorilla.com/card/detail/2492,870,신한카드 플리 체크(산리오캐릭터즈),신한카드 플리 체크(산리오캐릭터즈)
2494,https://www.card-gorilla.com/card/detail/2494,871,H.Point 우리카드,H.Point 우리카드
2495,https://www.card-gorilla.com/card/detail/2495,872,신세계 The BLOSSOM 신한카드,신세계 The BLOSSOM 신한카드
2496,https://www.card-gorilla.com/card/detail/2496,873,신세계사이먼 프리미엄 아울렛 신한카드,신세계사이먼 프리미엄 아울렛 신한카드
2497,https://www.card-gorilla.com/card/detail/2497,874,LG BEST SHOP 486 신한카드,LG BEST SHOP 486 신한카드
2511,https://www.card-gorilla.com/card/detail/2511,875,신한카드 봄,신한카드 봄
2512,https://www.card-gorilla.com/card/detail/2512,876,신한카드 봄(체크),신한카드 봄(체크)
2514,https://www.card-gorilla.com/card/detail/2514,877,미래에셋 현대카드 Silver,미래에셋 현대카드 Silver
2515,https://www.card-gorilla.com/card/detail/2515,878,미래에셋 현대카드 Gold,미래에셋 현대카드 Gold
2516,https://www.card-gorilla.com/card/detail/2516,879,미래에셋 현대카드 Diamond,미래에셋 현대카드 Diamond
2517,https://www.card-gorilla.com/card/detail/2517,880,네이버웹툰 삼성 iD 카드,네이버웹툰 삼성 iD 카드
2519,https://www.card-gorilla.com/card/detail/2519,881,개이득 체크카드,개이득 체크카드
2521,https://www.card-gorilla.com/card/detail/2521,882,NOL 카드,NOL 카드
2522,https://www.card-gorilla.com/card/detail/2522,883,KT NU우리카드,KT NU우리카드
2523,https://www.card-gorilla.com/card/detail/2523,884,LG U+ 우리카드,LG U+ 우리카드
2525,https://www.card-gorilla.com/card/detail/2525,885,만나 우리카드,만나 우리카드
2526,https://www.card-gorilla.com/card/detail/2526,886,LG트윈스 신한카드,LG트윈스 신한카드
2527,https://www.card-gorilla.com/card/detail/2527,887,신한카드 Pick I 체크,신한카드 Pick I 체크
2528,https://www.card-gorilla.com/card/detail/2528,888,신한카드 Pick E 체크,신한카드 Pick E 체크
2529,https://www.card-gorilla.com/card/detail/2529,889,트래블로그 신용카드,트래블로그 신용카드
2530,https://www.card-gorilla.com/card/detail/2530,890,총무 체크카드,총무 체크카드
2532,https://www.card-gorilla.com/card/detail/2532,891,신한카드 Globus,신한카드 Globus
2533,https://www.card-gorilla.com/card/detail/2533,892,에너지 더블 카드,에너지 더블 카드
2534,https://www.card-gorilla.com/card/detail/2534,893,삼성 iD VITA 카드,삼성 iD VITA 카드
2537,https://www.card-gorilla.com/card/detail/2537,894,LOCA for 롯데마트,LOCA for 롯데마트
2538,https://www.card-gorilla.com/card/detail/2538,895,LOCA CLASSIC 롯데마트,LOCA CLASSIC 롯데마트
2539,https://www.card-gorilla.com/card/detail/2539,896,MY S-OIL 삼성카드,MY S-OIL 삼성카드
2540,https://www.card-gorilla.com/card/detail/2540,897,HERITAGE Exclusive,HERITAGE Exclusive
2541,https://www.card-gorilla.com/card/detail/2541,898,HERITAGE Reserve(스카이패스형),HERITAGE Reserve(스카이패스형)
2542,https://www.card-gorilla.com/card/detail/2542,899,HERITAGE Reserve(포인트형),HERITAGE Reserve(포인트형)
2543,https://www.card-gorilla.com/card/detail/2543,900,신세계 THE S VIP,신세계 THE S VIP
2546,https://www.card-gorilla.com/card/detail/2546,901,신한카드 Pick E 선불,신한카드 Pick E 선불
2547,https://www.card-gorilla.com/card/detail/2547,902,신한카드 Pick I 선불,신한카드 Pick I 선불
2548,https://www.card-gorilla.com/card/detail/2548,903,e hi-pass 카드(현대차),e hi-pass 카드(현대차)
2549,https://www.card-gorilla.com/card/detail/2549,904,신한카드 KaPick,신한카드 KaPick
2550,https://www.card-gorilla.com/card/detail/2550,905,노리2 체크카드(Play),노리2 체크카드(Play)
2551,https://www.card-gorilla.com/card/detail/2551,906,카드의정석 EVERY 1,카드의정석 EVERY 1
2552,https://www.card-gorilla.com/card/detail/2552,907,카드의정석 EVERY CHECK,카드의정석 EVERY CHECK
2553,https://www.card-gorilla.com/card/detail/2553,908,카드의정석 EVERY MILE SKYPASS,카드의정석 EVERY MILE SKYPASS
2554,https://www.card-gorilla.com/card/detail/2554,909,밀리언달러 하나카드,밀리언달러 하나카드
2555,https://www.card-gorilla.com/card/detail/2555,910,K-패스카드,K-패스카드
2556,https://www.card-gorilla.com/card/detail/2556,911,K-패스체크카드,K-패스체크카드
2558,https://www.card-gorilla.com/card/detail/2558,912,K-패스 삼성카드,K-패스 삼성카드
2563,https://www.card-gorilla.com/card/detail/2563,913,K-패스 삼성체크카드,K-패스 삼성체크카드
2565,https://www.card-gorilla.com/card/detail/2565,914,I-PET,I-PET
2566,https://www.card-gorilla.com/card/detail/2566,915,Trip to 로카,Trip to 로카
2567,https://www.card-gorilla.com/card/detail/2567,916,우리동네GS 삼성카드,우리동네GS 삼성카드
2568,https://www.card-gorilla.com/card/detail/2568,917,TMAP & LOGI 행복 체크카드,TMAP & LOGI 행복 체크카드
2569,https://www.card-gorilla.com/card/detail/2569,918,트래블월렛 우리카드,트래블월렛 우리카드
2570,https://www.card-gorilla.com/card/detail/2570,919,카드의정석 오하CHECK,카드의정석 오하CHECK
2571,https://www.card-gorilla.com/card/detail/2571,920,엠베스트 엘리하이 삼성카드,엠베스트 엘리하이 삼성카드
2572,https://www.card-gorilla.com/card/detail/2572,921,Mile1 하나카드,Mile1 하나카드
2583,https://www.card-gorilla.com/card/detail/2583,922,PAYCO 36 우리카드,PAYCO 36 우리카드
2585,https://www.card-gorilla.com/card/detail/2585,923,신한카드 Way 체크(미니언즈 여름),신한카드 Way 체크(미니언즈 여름)
2586,https://www.card-gorilla.com/card/detail/2586,924,티니 카드,티니 카드
2587,https://www.card-gorilla.com/card/detail/2587,925,카드의정석 EVERY 1 (망그러진곰 Edition),카드의정석 EVERY 1 (망그러진곰 Edition)
2588,https://www.card-gorilla.com/card/detail/2588,926,스타플러스 체크카드,스타플러스 체크카드
2589,https://www.card-gorilla.com/card/detail/2589,927,GS Prime 신한카드 체크,GS Prime 신한카드 체크
2590,https://www.card-gorilla.com/card/detail/2590,928,BC 바로 에어 플러스 아시아나,BC 바로 에어 플러스 아시아나
2592,https://www.card-gorilla.com/card/detail/2592,929,싱가포르항공 크리스플라이어 더 베스트 신한카드,싱가포르항공 크리스플라이어 더 베스트 신한카드
2594,https://www.card-gorilla.com/card/detail/2594,930,아시아나 듀얼마일리지 롯데카드,아시아나 듀얼마일리지 롯데카드
2595,https://www.card-gorilla.com/card/detail/2595,931,랭킹닭컴 신용카드,랭킹닭컴 신용카드
2596,https://www.card-gorilla.com/card/detail/2596,932,신한카드 봄(도구리),신한카드 봄(도구리)
2597,https://www.card-gorilla.com/card/detail/2597,933,신한카드 봄 체크(도구리),신한카드 봄 체크(도구리)
2598,https://www.card-gorilla.com/card/detail/2598,934,CJ ONE 프리즘 신한카드,CJ ONE 프리즘 신한카드
2602,https://www.card-gorilla.com/card/detail/2602,935,SPOTV NOW 신한카드 구독 좋아요,SPOTV NOW 신한카드 구독 좋아요
2603,https://www.card-gorilla.com/card/detail/2603,936,KB차차차 신용카드,KB차차차 신용카드
2604,https://www.card-gorilla.com/card/detail/2604,937,토심이 첵첵 체크카드,토심이 첵첵 체크카드
2605,https://www.card-gorilla.com/card/detail/2605,938,TMAP KB국민카드,TMAP KB국민카드
2606,https://www.card-gorilla.com/card/detail/2606,939,신한라이프 THE PRIDE 신한카드,신한라이프 THE PRIDE 신한카드
2608,https://www.card-gorilla.com/card/detail/2608,940,대성학원 신한카드,대성학원 신한카드
2609,https://www.card-gorilla.com/card/detail/2609,941,쿠팡 와우카드,쿠팡 와우카드
2611,https://www.card-gorilla.com/card/detail/2611,942,신한카드 Applus,신한카드 Applus
2612,https://www.card-gorilla.com/card/detail/2612,943,ALL 우리카드 Premium,ALL 우리카드 Premium
2613,https://www.card-gorilla.com/card/detail/2613,944,ALL 우리카드 Infinite,ALL 우리카드 Infinite
2614,https://www.card-gorilla.com/card/detail/2614,945,KB Pay 머니백카드,KB Pay 머니백카드
2618,https://www.card-gorilla.com/card/detail/2618,946,삼성 iD AUTO 카드,삼성 iD AUTO 카드
2619,https://www.card-gorilla.com/card/detail/2619,947,DGB어디로든그린카드,DGB어디로든그린카드
2623,https://www.card-gorilla.com/card/detail/2623,948,American Express Rose Gold KB Kookmin Card,American Express Rose Gold KB Kookmin Card
2624,https://www.card-gorilla.com/card/detail/2624,949,American Express Blue KB Kookmin Card,American Express Blue KB Kookmin Card
2625,https://www.card-gorilla.com/card/detail/2625,950,토스 USS NEXT 체크카드,토스 USS NEXT 체크카드
2627,https://www.card-gorilla.com/card/detail/2627,951,TWO CHAIRS,TWO CHAIRS
2629,https://www.card-gorilla.com/card/detail/2629,952,Smilecard Edition3,Smilecard Edition3
2630,https://www.card-gorilla.com/card/detail/2630,953,에버랜드 판다카드(푸바오 에디션),에버랜드 판다카드(푸바오 에디션)
2631,https://www.card-gorilla.com/card/detail/2631,954,모니모A 카드,모니모A 카드
2632,https://www.card-gorilla.com/card/detail/2632,955,디지로카 London,디지로카 London
2633,https://www.card-gorilla.com/card/detail/2633,956,디지로카 Paris,디지로카 Paris
2634,https://www.card-gorilla.com/card/detail/2634,957,디지로카 Monaco,디지로카 Monaco
2635,https://www.card-gorilla.com/card/detail/2635,958,Triple in LOCA,Triple in LOCA
2636,https://www.card-gorilla.com/card/detail/2636,959,LOCA Professional,LOCA Professional
2637,https://www.card-gorilla.com/card/detail/2637,960,카카오페이 신한 라이언 체크,카카오페이 신한 라이언 체크
2638,https://www.card-gorilla.com/card/detail/2638,961,카카오페이 신한 춘식이 체크,카카오페이 신한 춘식이 체크
2639,https://www.card-gorilla.com/card/detail/2639,962,카드의정석 DON CHECK,카드의정석 DON CHECK
2640,https://www.card-gorilla.com/card/detail/2640,963,코스트코 리워드 현대카드 Edition2,코스트코 리워드 현대카드 Edition2
2641,https://www.card-gorilla.com/card/detail/2641,964,어디로든 그린카드 X LOCA,어디로든 그린카드 X LOCA
2642,https://www.card-gorilla.com/card/detail/2642,965,에너지플러스카드 Edition3,에너지플러스카드 Edition3
2643,https://www.card-gorilla.com/card/detail/2643,966,MULTI Any 체크카드,MULTI Any 체크카드
2645,https://www.card-gorilla.com/card/detail/2645,967,ZipL 신용카드,ZipL 신용카드
2646,https://www.card-gorilla.com/card/detail/2646,968,현대카드ZERO Edition3(할인형),현대카드ZERO Edition3(할인형)
2647,https://www.card-gorilla.com/card/detail/2647,969,현대카드ZERO Edition3(포인트형),현대카드ZERO Edition3(포인트형)
2651,https://www.card-gorilla.com/card/detail/2651,970,W컨셉 삼성카드,W컨셉 삼성카드
2652,https://www.card-gorilla.com/card/detail/2652,971,에버랜드 삼성카드,에버랜드 삼성카드
2653,https://www.card-gorilla.com/card/detail/2653,972,010PAY 우리카드,010PAY 우리카드
2654,https://www.card-gorilla.com/card/detail/2654,973,원더카드 2.0 LIFE,원더카드 2.0 LIFE
2655,https://www.card-gorilla.com/card/detail/2655,974,DA카드의정석Ⅱ,DA카드의정석Ⅱ
2656,https://www.card-gorilla.com/card/detail/2656,975,춘식이 모바일 로카,춘식이 모바일 로카
2657,https://www.card-gorilla.com/card/detail/2657,976,JADE Classic,JADE Classic
2658,https://www.card-gorilla.com/card/detail/2658,977,I-나눔,I-나눔
2659,https://www.card-gorilla.com/card/detail/2659,978,보험엔로카,보험엔로카
2661,https://www.card-gorilla.com/card/detail/2661,979,삼성 iD PLUG-IN 카드,삼성 iD PLUG-IN 카드
2662,https://www.card-gorilla.com/card/detail/2662,980,American Express® Green Card Edition2,American Express® Green Card Edition2
2663,https://www.card-gorilla.com/card/detail/2663,981,American Express® Gold Card Edition2,American Express® Gold Card Edition2
2664,https://www.card-gorilla.com/card/detail/2664,982,American Express The Platinum Card®Edition2,American Express The Platinum Card®Edition2
2665,https://www.card-gorilla.com/card/detail/2665,983,폼 체크카드,폼 체크카드
2666,https://www.card-gorilla.com/card/detail/2666,984,신한카드 Point Plan,신한카드 Point Plan
2667,https://www.card-gorilla.com/card/detail/2667,985,신한카드 SOL트래블 체크,신한카드 SOL트래블 체크
2668,https://www.card-gorilla.com/card/detail/2668,986,탐나는전 체크카드,탐나는전 체크카드
2669,https://www.card-gorilla.com/card/detail/2669,987,현대카드 M,현대카드 M
2670,https://www.card-gorilla.com/card/detail/2670,988,현대카드 MM,현대카드 MM
2671,https://www.card-gorilla.com/card/detail/2671,989,원더 K리그 축덕카드,원더 K리그 축덕카드
2673,https://www.card-gorilla.com/card/detail/2673,990,신한카드 Point Plan 체크,신한카드 Point Plan 체크
2676,https://www.card-gorilla.com/card/detail/2676,991,삼성 iD GLOBAL 카드,삼성 iD GLOBAL 카드
2677,https://www.card-gorilla.com/card/detail/2677,992,"카드의정석 Dear, Shopper(디어쇼퍼)","카드의정석 Dear, Shopper(디어쇼퍼)"
2678,https://www.card-gorilla.com/card/detail/2678,993,"카드의정석 Dear, Traveler(디어트래블러)","카드의정석 Dear, Traveler(디어트래블러)"
2679,https://www.card-gorilla.com/card/detail/2679,994,현대카드 X,현대카드 X
2680,https://www.card-gorilla.com/card/detail/2680,995,현대카드Z work Edition2,현대카드Z work Edition2
2681,https://www.card-gorilla.com/card/detail/2681,996,K-패스 하나 신용카드,K-패스 하나 신용카드
2682,https://www.card-gorilla.com/card/detail/2682,997,K-패스 하나 체크카드,K-패스 하나 체크카드
2683,https://www.card-gorilla.com/card/detail/2683,998,현대카드Z family Edition2,현대카드Z family Edition2
2684,https://www.card-gorilla.com/card/detail/2684,999,현대카드Z play,현대카드Z play
2685,https://www.card-gorilla.com/card/detail/2685,1000,WE:SH Travel,WE:SH Travel
2686,https://www.card-gorilla.com/card/detail/2686,1001,D4카드의정석Ⅱ,D4카드의정석Ⅱ
2687,https://www.card-gorilla.com/card/detail/2687,1002,카드의정석 SHOPPING+,카드의정석 SHOPPING+
2688,https://www.card-gorilla.com/card/detail/2688,1003,카드의정석 I&U+,카드의정석 I&U+
2689,https://www.card-gorilla.com/card/detail/2689,1004,카드의정석2 EVERY POINT,카드의정석2 EVERY POINT
2690,https://www.card-gorilla.com/card/detail/2690,1005,K-패스 신한카드,K-패스 신한카드
2691,https://www.card-gorilla.com/card/detail/2691,1006,트래블러스 체크카드(토심이),트래블러스 체크카드(토심이)
2692,https://www.card-gorilla.com/card/detail/2692,1007,현대카드 Summit,현대카드 Summit
2693,https://www.card-gorilla.com/card/detail/2693,1008,K-패스 신한카드 체크,K-패스 신한카드 체크
2694,https://www.card-gorilla.com/card/detail/2694,1009,신한카드 처음,신한카드 처음
2697,https://www.card-gorilla.com/card/detail/2697,1010,현대카드 MX Black Edition2,현대카드 MX Black Edition2
2699,https://www.card-gorilla.com/card/detail/2699,1011,카드의정석 TEN,카드의정석 TEN
2700,https://www.card-gorilla.com/card/detail/2700,1012,위비트래블 체크카드,위비트래블 체크카드
2701,https://www.card-gorilla.com/card/detail/2701,1013,하나투어 삼성카드,하나투어 삼성카드
2702,https://www.card-gorilla.com/card/detail/2702,1014,삼성 iD CLASSY 카드,삼성 iD CLASSY 카드
2703,https://www.card-gorilla.com/card/detail/2703,1015,JADE Prime,JADE Prime
2704,https://www.card-gorilla.com/card/detail/2704,1016,JADE First,JADE First
2705,https://www.card-gorilla.com/card/detail/2705,1017,JADE First Centum,JADE First Centum
2707,https://www.card-gorilla.com/card/detail/2707,1018,디지로카 Las Vegas,디지로카 Las Vegas
2708,https://www.card-gorilla.com/card/detail/2708,1019,WE:SH Daily 카드,WE:SH Daily 카드
2709,https://www.card-gorilla.com/card/detail/2709,1020,대한항공카드 060,대한항공카드 060
2710,https://www.card-gorilla.com/card/detail/2710,1021,대한항공카드 120,대한항공카드 120
2711,https://www.card-gorilla.com/card/detail/2711,1022,대한항공카드 300,대한항공카드 300
2712,https://www.card-gorilla.com/card/detail/2712,1023,대한항공카드 the First Edition2,대한항공카드 the First Edition2
2713,https://www.card-gorilla.com/card/detail/2713,1024,디지로카 Pet,디지로카 Pet
2714,https://www.card-gorilla.com/card/detail/2714,1025,디지로카 Edu,디지로카 Edu
2715,https://www.card-gorilla.com/card/detail/2715,1026,디지로카 Wellness,디지로카 Wellness
2716,https://www.card-gorilla.com/card/detail/2716,1027,디지로카 Golf,디지로카 Golf
2717,https://www.card-gorilla.com/card/detail/2717,1028,디지로카 Auto,디지로카 Auto
2718,https://www.card-gorilla.com/card/detail/2718,1029,모바일엔디지로카,모바일엔디지로카
2719,https://www.card-gorilla.com/card/detail/2719,1030,카드의정석2 EVERY DISCOUNT,카드의정석2 EVERY DISCOUNT
2721,https://www.card-gorilla.com/card/detail/2721,1031,당근머니 하나 체크카드,당근머니 하나 체크카드
2722,https://www.card-gorilla.com/card/detail/2722,1032,신한카드 SOL트래블,신한카드 SOL트래블
2723,https://www.card-gorilla.com/card/detail/2723,1033,롯데카드 KaPick,롯데카드 KaPick
2725,https://www.card-gorilla.com/card/detail/2725,1034,배민 한그릇카드,배민 한그릇카드
2726,https://www.card-gorilla.com/card/detail/2726,1035,배민 곱빼기카드,배민 곱빼기카드
2729,https://www.card-gorilla.com/card/detail/2729,1036,트래블로그 SKYPASS 신용카드,트래블로그 SKYPASS 신용카드
2730,https://www.card-gorilla.com/card/detail/2730,1037,트래블로그 PRESTIGE 신용카드,트래블로그 PRESTIGE 신용카드
2731,https://www.card-gorilla.com/card/detail/2731,1038,신한카드 Point Plan+,신한카드 Point Plan+
2732,https://www.card-gorilla.com/card/detail/2732,1039,토스뱅크 하나카드 Wide,토스뱅크 하나카드 Wide
2733,https://www.card-gorilla.com/card/detail/2733,1040,원더 Co brand(집업) 제휴 카드,원더 Co brand(집업) 제휴 카드
2734,https://www.card-gorilla.com/card/detail/2734,1041,코웨이 IBK카드,코웨이 IBK카드
2735,https://www.card-gorilla.com/card/detail/2735,1042,신한카드 Edu Plan+,신한카드 Edu Plan+
2736,https://www.card-gorilla.com/card/detail/2736,1043,현대홈쇼핑 현대카드,현대홈쇼핑 현대카드
2737,https://www.card-gorilla.com/card/detail/2737,1044,the Red (항공 마일리지형),the Red (항공 마일리지형)
2738,https://www.card-gorilla.com/card/detail/2738,1045,SILVER FOR LOTTE DEPARTMENT STORE,SILVER FOR LOTTE DEPARTMENT STORE
2739,https://www.card-gorilla.com/card/detail/2739,1046,GOLD FOR LOTTE DEPARTMENT STORE,GOLD FOR LOTTE DEPARTMENT STORE
2740,https://www.card-gorilla.com/card/detail/2740,1047,트래블GO 체크카드,트래블GO 체크카드
2741,https://www.card-gorilla.com/card/detail/2741,1048,KT 가족만족 할부 신한카드,KT 가족만족 할부 신한카드
2742,https://www.card-gorilla.com/card/detail/2742,1049,카드의정석 EVERYDAY CHECK,카드의정석 EVERYDAY CHECK
2743,https://www.card-gorilla.com/card/detail/2743,1050,3 Body-A 현대카드,3 Body-A 현대카드
2744,https://www.card-gorilla.com/card/detail/2744,1051,EV 카드,EV 카드
2746,https://www.card-gorilla.com/card/detail/2746,1052,삼성 iD ONE 카드,삼성 iD ONE 카드
2747,https://www.card-gorilla.com/card/detail/2747,1053,신한카드 The Pet,신한카드 The Pet
2748,https://www.card-gorilla.com/card/detail/2748,1054,신한카드 The Premium Pet,신한카드 The Premium Pet
2750,https://www.card-gorilla.com/card/detail/2750,1055,달달 하나 체크카드,달달 하나 체크카드
2751,https://www.card-gorilla.com/card/detail/2751,1056,the Red (M포인트형),the Red (M포인트형)
2752,https://www.card-gorilla.com/card/detail/2752,1057,the Pink Edition2,the Pink Edition2
2753,https://www.card-gorilla.com/card/detail/2753,1058,the Green Edition3,the Green Edition3
2755,https://www.card-gorilla.com/card/detail/2755,1059,the Red Stripe Edition2,the Red Stripe Edition2
2756,https://www.card-gorilla.com/card/detail/2756,1060,the Purple,the Purple
2757,https://www.card-gorilla.com/card/detail/2757,1061,the black,the black
2759,https://www.card-gorilla.com/card/detail/2759,1062,신한카드 처음(ANNIVERSE),신한카드 처음(ANNIVERSE)
2760,https://www.card-gorilla.com/card/detail/2760,1063,카드의정석 칼퇴 CHECK,카드의정석 칼퇴 CHECK
2761,https://www.card-gorilla.com/card/detail/2761,1064,KB국민카드 KaPick,KB국민카드 KaPick
2762,https://www.card-gorilla.com/card/detail/2762,1065,THE iD. TITANIUM (아시아나),THE iD. TITANIUM (아시아나)
2763,https://www.card-gorilla.com/card/detail/2763,1066,CU Npay 카드,CU Npay 카드
2764,https://www.card-gorilla.com/card/detail/2764,1067,올리브영 현대카드,올리브영 현대카드
2765,https://www.card-gorilla.com/card/detail/2765,1068,LOCA X 기후동행카드,LOCA X 기후동행카드
2766,https://www.card-gorilla.com/card/detail/2766,1069,신한 후불 기후동행 신용카드,신한 후불 기후동행 신용카드
2767,https://www.card-gorilla.com/card/detail/2767,1070,신한 후불 기후동행 체크카드,신한 후불 기후동행 체크카드
2768,https://www.card-gorilla.com/card/detail/2768,1071,하나 기후동행체크카드,하나 기후동행체크카드
2769,https://www.card-gorilla.com/card/detail/2769,1072,KB국민 기후동행카드,KB국민 기후동행카드
2770,https://www.card-gorilla.com/card/detail/2770,1073,KB국민 기후동행체크카드,KB국민 기후동행체크카드
2771,https://www.card-gorilla.com/card/detail/2771,1074,기후동행 삼성카드,기후동행 삼성카드
2775,https://www.card-gorilla.com/card/detail/2775,1075,카카오페이 트래블로그 체크카드,카카오페이 트래블로그 체크카드
2776,https://www.card-gorilla.com/card/detail/2776,1076,이마트 e카드 Plus,이마트 e카드 Plus
2777,https://www.card-gorilla.com/card/detail/2777,1077,이마트 e카드 Basic,이마트 e카드 Basic
2779,https://www.card-gorilla.com/card/detail/2779,1078,IBK포인트(신용),IBK포인트(신용)
2780,https://www.card-gorilla.com/card/detail/2780,1079,HERITAGE Classic [할인형],HERITAGE Classic [할인형]
2781,https://www.card-gorilla.com/card/detail/2781,1080,HERITAGE Classic [스카이패스형],HERITAGE Classic [스카이패스형]
2782,https://www.card-gorilla.com/card/detail/2782,1081,현대카드 Teens,현대카드 Teens
2784,https://www.card-gorilla.com/card/detail/2784,1082,K-패스 우리카드,K-패스 우리카드
2785,https://www.card-gorilla.com/card/detail/2785,1083,힐튼 아너스 아멕스,힐튼 아너스 아멕스
2786,https://www.card-gorilla.com/card/detail/2786,1084,힐튼 아너스 아멕스 프리미엄,힐튼 아너스 아멕스 프리미엄
2787,https://www.card-gorilla.com/card/detail/2787,1085,LGE.COM 신한카드,LGE.COM 신한카드
2788,https://www.card-gorilla.com/card/detail/2788,1086,신한카드 The ACE BLUE LABEL,신한카드 The ACE BLUE LABEL
2789,https://www.card-gorilla.com/card/detail/2789,1087,에버온 EV 카드,에버온 EV 카드
2790,https://www.card-gorilla.com/card/detail/2790,1088,현대카드 Summit CE,현대카드 Summit CE
2791,https://www.card-gorilla.com/card/detail/2791,1089,현대카드 Boutique - Velvet,현대카드 Boutique - Velvet
2792,https://www.card-gorilla.com/card/detail/2792,1090,현대카드 Boutique - Satin,현대카드 Boutique - Satin
2793,https://www.card-gorilla.com/card/detail/2793,1091,현대카드 Boutique - Copper,현대카드 Boutique - Copper
2794,https://www.card-gorilla.com/card/detail/2794,1092,네이버 현대카드 Edition2,네이버 현대카드 Edition2
2795,https://www.card-gorilla.com/card/detail/2795,1093,올라운드카드,올라운드카드
2799,https://www.card-gorilla.com/card/detail/2799,1094,K-패스엔로카,K-패스엔로카
2805,https://www.card-gorilla.com/card/detail/2805,1095,토스페이 플러스 신한카드,토스페이 플러스 신한카드
2806,https://www.card-gorilla.com/card/detail/2806,1096,토스페이 플러스 KB카드,토스페이 플러스 KB카드
2807,https://www.card-gorilla.com/card/detail/2807,1097,신한카드 The BEST-XO,신한카드 The BEST-XO
2809,https://www.card-gorilla.com/card/detail/2809,1098,Young Hana+ 체크카드,Young Hana+ 체크카드
2810,https://www.card-gorilla.com/card/detail/2810,1099,더 심플 체크카드,더 심플 체크카드
2811,https://www.card-gorilla.com/card/detail/2811,1100,더 심플 하나카드,더 심플 하나카드
2814,https://www.card-gorilla.com/card/detail/2814,1101,카카오뱅크 모임 체크카드,카카오뱅크 모임 체크카드
2817,https://www.card-gorilla.com/card/detail/2817,1102,iM K-패스 체크카드,iM K-패스 체크카드
2820,https://www.card-gorilla.com/card/detail/2820,1103,원더카드 2.0 FREE+,원더카드 2.0 FREE+
2821,https://www.card-gorilla.com/card/detail/2821,1104,원더카드 2.0 HAPPY+,원더카드 2.0 HAPPY+
2822,https://www.card-gorilla.com/card/detail/2822,1105,쿠쿠 X LOCA,쿠쿠 X LOCA
2823,https://www.card-gorilla.com/card/detail/2823,1106,롯데멤버스 카드,롯데멤버스 카드
2824,https://www.card-gorilla.com/card/detail/2824,1107,롯데멤버스 카드 프리미엄,롯데멤버스 카드 프리미엄
2825,https://www.card-gorilla.com/card/detail/2825,1108,우리 기후동행카드(신용),우리 기후동행카드(신용)
2826,https://www.card-gorilla.com/card/detail/2826,1109,우리 기후동행카드(체크),우리 기후동행카드(체크)
2827,https://www.card-gorilla.com/card/detail/2827,1110,삼성 iD STATION 카드 (GS칼텍스),삼성 iD STATION 카드 (GS칼텍스)
2828,https://www.card-gorilla.com/card/detail/2828,1111,삼성 iD STATION 카드 (SK에너지),삼성 iD STATION 카드 (SK에너지)
2830,https://www.card-gorilla.com/card/detail/2830,1112,Point Plan 체크(SOL 모임),Point Plan 체크(SOL 모임)
2831,https://www.card-gorilla.com/card/detail/2831,1113,알리익스프레스 신한카드,알리익스프레스 신한카드
2832,https://www.card-gorilla.com/card/detail/2832,1114,제주항공 트래블제로카드,제주항공 트래블제로카드
2835,https://www.card-gorilla.com/card/detail/2835,1115,신한카드 Discount Plan+,신한카드 Discount Plan+
2836,https://www.card-gorilla.com/card/detail/2836,1116,신한카드 Discount Plan,신한카드 Discount Plan
2837,https://www.card-gorilla.com/card/detail/2837,1117,WE:SH All+ 카드,WE:SH All+ 카드
2840,https://www.card-gorilla.com/card/detail/2840,1118,오일모아카드,오일모아카드
2841,https://www.card-gorilla.com/card/detail/2841,1119,에듀플러스카드,에듀플러스카드
2842,https://www.card-gorilla.com/card/detail/2842,1120,현대카드 X Cut,현대카드 X Cut
2843,https://www.card-gorilla.com/card/detail/2843,1121,현대카드 X Save,현대카드 X Save
2844,https://www.card-gorilla.com/card/detail/2844,1122,현대카드 ZERO Up(할인형),현대카드 ZERO Up(할인형)
2845,https://www.card-gorilla.com/card/detail/2845,1123,KB YOU Wish up 카드,KB YOU Wish up 카드
2847,https://www.card-gorilla.com/card/detail/2847,1124,신한카드 SOL트래블 J체크,신한카드 SOL트래블 J체크
2848,https://www.card-gorilla.com/card/detail/2848,1125,카드의정석2,카드의정석2
2851,https://www.card-gorilla.com/card/detail/2851,1126,우리카드 7CORE,우리카드 7CORE
2852,https://www.card-gorilla.com/card/detail/2852,1127,KB 틴업 체크카드,KB 틴업 체크카드
2853,https://www.card-gorilla.com/card/detail/2853,1128,KTX 삼성카드,KTX 삼성카드
2855,https://www.card-gorilla.com/card/detail/2855,1129,Haru(Hoshino Resorts),Haru(Hoshino Resorts)
2856,https://www.card-gorilla.com/card/detail/2856,1130,Biz Prime 카드,Biz Prime 카드
2857,https://www.card-gorilla.com/card/detail/2857,1131,신한카드 처음(선불),신한카드 처음(선불)
2858,https://www.card-gorilla.com/card/detail/2858,1132,카카오뱅크 줍줍 신한카드,카카오뱅크 줍줍 신한카드
2859,https://www.card-gorilla.com/card/detail/2859,1133,KB 전통시장온누리카드,KB 전통시장온누리카드
2861,https://www.card-gorilla.com/card/detail/2861,1134,트래블월렛 하이브리드 롯데카드,트래블월렛 하이브리드 롯데카드
2862,https://www.card-gorilla.com/card/detail/2862,1135,MG+ S 하나카드,MG+ S 하나카드
2863,https://www.card-gorilla.com/card/detail/2863,1136,디지로카 Travel,디지로카 Travel
2864,https://www.card-gorilla.com/card/detail/2864,1137,디지로카 Travel 프리미엄,디지로카 Travel 프리미엄
2865,https://www.card-gorilla.com/card/detail/2865,1138,신세계 트래블GO 하나카드,신세계 트래블GO 하나카드
2867,https://www.card-gorilla.com/card/detail/2867,1139,갤러리아 Platinum 우리카드,갤러리아 Platinum 우리카드
2868,https://www.card-gorilla.com/card/detail/2868,1140,KB 전통시장온누리체크카드,KB 전통시장온누리체크카드
2869,https://www.card-gorilla.com/card/detail/2869,1141,E1 우리카드,E1 우리카드
2870,https://www.card-gorilla.com/card/detail/2870,1142,넥센타이어 신한카드,넥센타이어 신한카드
2872,https://www.card-gorilla.com/card/detail/2872,1143,GS ALL 신한카드,GS ALL 신한카드
2873,https://www.card-gorilla.com/card/detail/2873,1144,스타필드 신한카드,스타필드 신한카드
2875,https://www.card-gorilla.com/card/detail/2875,1145,삼성 iD CARE 카드,삼성 iD CARE 카드
2876,https://www.card-gorilla.com/card/detail/2876,1146,MG+ 신용카드 Primo 하나카드,MG+ 신용카드 Primo 하나카드
2877,https://www.card-gorilla.com/card/detail/2877,1147,MG+ BLACK 하나카드,MG+ BLACK 하나카드
2878,https://www.card-gorilla.com/card/detail/2878,1148,알파벳카드D,알파벳카드D
2879,https://www.card-gorilla.com/card/detail/2879,1149,알파벳카드H,알파벳카드H
2880,https://www.card-gorilla.com/card/detail/2880,1150,알파벳카드O,알파벳카드O
2881,https://www.card-gorilla.com/card/detail/2881,1151,알파벳카드S,알파벳카드S
2882,https://www.card-gorilla.com/card/detail/2882,1152,알파벳카드T,알파벳카드T
2883,https://www.card-gorilla.com/card/detail/2883,1153,현대카드Z everyday,현대카드Z everyday
2884,https://www.card-gorilla.com/card/detail/2884,1154,배민 신한카드 밥친구,배민 신한카드 밥친구
2885,https://www.card-gorilla.com/card/detail/2885,1155,삼성 iD SELECT ALL 카드,삼성 iD SELECT ALL 카드
2886,https://www.card-gorilla.com/card/detail/2886,1156,삼성 iD SELECT ON 카드,삼성 iD SELECT ON 카드
2887,https://www.card-gorilla.com/card/detail/2887,1157,신한카드 처음 체크,신한카드 처음 체크
2888,https://www.card-gorilla.com/card/detail/2888,1158,DIGILOCA SKYPASS,DIGILOCA SKYPASS
2889,https://www.card-gorilla.com/card/detail/2889,1159,신한카드 처음 체크(냐한남자),신한카드 처음 체크(냐한남자)
2890,https://www.card-gorilla.com/card/detail/2890,1160,신한카드 Point Plan 체크 캐릭터형(짱구),신한카드 Point Plan 체크 캐릭터형(짱구)
2891,https://www.card-gorilla.com/card/detail/2891,1161,신한카드 Hey Young 체크(잔망루피),신한카드 Hey Young 체크(잔망루피)
2892,https://www.card-gorilla.com/card/detail/2892,1162,신한카드 Pick E 체크 캐릭터형(신의탑),신한카드 Pick E 체크 캐릭터형(신의탑)
2893,https://www.card-gorilla.com/card/detail/2893,1163,신한카드 Pick I 체크 캐릭터형(한교동),신한카드 Pick I 체크 캐릭터형(한교동)
2894,https://www.card-gorilla.com/card/detail/2894,1164,토스 삼성카드,토스 삼성카드
2896,https://www.card-gorilla.com/card/detail/2896,1165,KB라이프 딱좋은 요즘 건강 KB카드,KB라이프 딱좋은 요즘 건강 KB카드
2897,https://www.card-gorilla.com/card/detail/2897,1166,스타벅스 삼성카드,스타벅스 삼성카드
2898,https://www.card-gorilla.com/card/detail/2898,1167,우리카드 MILE&POINT,우리카드 MILE&POINT
2899,https://www.card-gorilla.com/card/detail/2899,1168,신한카드 SOL Plan,신한카드 SOL Plan
2902,https://www.card-gorilla.com/card/detail/2902,1169,the OPUS silver,the OPUS silver
2903,https://www.card-gorilla.com/card/detail/2903,1170,현대카드M-경차전용카드 Edition2 (유류세환급),현대카드M-경차전용카드 Edition2 (유류세환급)
2904,https://www.card-gorilla.com/card/detail/2904,1171,토스뱅크 하나카드 Day,토스뱅크 하나카드 Day
2905,https://www.card-gorilla.com/card/detail/2905,1172,트래블러스 체크카드,트래블러스 체크카드
2906,https://www.card-gorilla.com/card/detail/2906,1173,신한카드 Simple Platinum# Splendor Plus,신한카드 Simple Platinum# Splendor Plus
2907,https://www.card-gorilla.com/card/detail/2907,1174,위비트래블 J 체크카드,위비트래블 J 체크카드
2908,https://www.card-gorilla.com/card/detail/2908,1175,번개장터 삼성카드,번개장터 삼성카드
2909,https://www.card-gorilla.com/card/detail/2909,1176,MG+ W 하나카드,MG+ W 하나카드
2912,https://www.card-gorilla.com/card/detail/2912,1177,LG전자 The 구독케어 신한카드,LG전자 The 구독케어 신한카드
2913,https://www.card-gorilla.com/card/detail/2913,1178,SK인텔릭스 올림 KB국민카드,SK인텔릭스 올림 KB국민카드
2914,https://www.card-gorilla.com/card/detail/2914,1179,신세계 신백리워드 삼성카드,신세계 신백리워드 삼성카드
2915,https://www.card-gorilla.com/card/detail/2915,1180,THE iD. 1st,THE iD. 1st
2916,https://www.card-gorilla.com/card/detail/2916,1181,The CLASSIC NEO,The CLASSIC NEO
2918,https://www.card-gorilla.com/card/detail/2918,1182,E9pay 신한카드 처음,E9pay 신한카드 처음
2919,https://www.card-gorilla.com/card/detail/2919,1183,웰컴 외국인 올인원 체크카드,웰컴 외국인 올인원 체크카드
2921,https://www.card-gorilla.com/card/detail/2921,1184,신한카드 SOL글로벌U 체크,신한카드 SOL글로벌U 체크
2922,https://www.card-gorilla.com/card/detail/2922,1185,신한카드 SOL글로벌 체크,신한카드 SOL글로벌 체크
2923,https://www.card-gorilla.com/card/detail/2923,1186,신세계 신한카드 Best Fit,신세계 신한카드 Best Fit
2924,https://www.card-gorilla.com/card/detail/2924,1187,우리카드 UniMile,우리카드 UniMile
2929,https://www.card-gorilla.com/card/detail/2929,1188,KB Youth Club 체크카드,KB Youth Club 체크카드
2930,https://www.card-gorilla.com/card/detail/2930,1189,KB YOU Prime 카드,KB YOU Prime 카드
2931,https://www.card-gorilla.com/card/detail/2931,1190,KB NEED Edu카드,KB NEED Edu카드
2933,https://www.card-gorilla.com/card/detail/2933,1191,신한카드 나라사랑카드 체크,신한카드 나라사랑카드 체크
2934,https://www.card-gorilla.com/card/detail/2934,1192,하나 나라사랑카드,하나 나라사랑카드
2935,https://www.card-gorilla.com/card/detail/2935,1193,신한카드 SOL트립앤샵 체크,신한카드 SOL트립앤샵 체크
2936,https://www.card-gorilla.com/card/detail/2936,1194,RROUND PAY X 디지로카,RROUND PAY X 디지로카
2937,https://www.card-gorilla.com/card/detail/2937,1195,디지로카 Link,디지로카 Link
2938,https://www.card-gorilla.com/card/detail/2938,1196,현대카드MY BUSINESS M F&B,현대카드MY BUSINESS M F&B
2939,https://www.card-gorilla.com/card/detail/2939,1197,현대카드MY BUSINESS M Retail,현대카드MY BUSINESS M Retail
2940,https://www.card-gorilla.com/card/detail/2940,1198,현대카드MY BUSINESS M E-seller,현대카드MY BUSINESS M E-seller
2942,https://www.card-gorilla.com/card/detail/2942,1199,에너지플러스 현대카드,에너지플러스 현대카드
2943,https://www.card-gorilla.com/card/detail/2943,1200,G마켓 삼성카드,G마켓 삼성카드
2944,https://www.card-gorilla.com/card/detail/2944,1201,the Orange,the Orange
2947,https://www.card-gorilla.com/card/detail/2947,1202,넥슨 현대카드 Edition2 마비노기 모바일팩,넥슨 현대카드 Edition2 마비노기 모바일팩
2948,https://www.card-gorilla.com/card/detail/2948,1203,넥슨 현대카드 Edition2 넥슨팩,넥슨 현대카드 Edition2 넥슨팩
2950,https://www.card-gorilla.com/card/detail/2950,1204,신한카드 Simple Plan+,신한카드 Simple Plan+
2951,https://www.card-gorilla.com/card/detail/2951,1205,신한카드 Simple Plan,신한카드 Simple Plan
2952,https://www.card-gorilla.com/card/detail/2952,1206,삼성 iD STATION 카드 (HD현대오일뱅크),삼성 iD STATION 카드 (HD현대오일뱅크)
2953,https://www.card-gorilla.com/card/detail/2953,1207,스타트래블 우리카드,스타트래블 우리카드
2954,https://www.card-gorilla.com/card/detail/2954,1208,LG트윈스 신한카드 체크,LG트윈스 신한카드 체크
2955,https://www.card-gorilla.com/card/detail/2955,1209,삼성라이온즈카드,삼성라이온즈카드
2956,https://www.card-gorilla.com/card/detail/2956,1210,두산베어스 KB카드,두산베어스 KB카드
2957,https://www.card-gorilla.com/card/detail/2957,1211,한화이글스 신한카드,한화이글스 신한카드
2960,https://www.card-gorilla.com/card/detail/2960,1212,이마트 신한카드,이마트 신한카드
2961,https://www.card-gorilla.com/card/detail/2961,1213,트래블로그+(플러스) 신용카드,트래블로그+(플러스) 신용카드
2962,https://www.card-gorilla.com/card/detail/2962,1214,더한섬 신한카드,더한섬 신한카드
2963,https://www.card-gorilla.com/card/detail/2963,1215,더한섬 신한카드 플래티늄,더한섬 신한카드 플래티늄
2964,https://www.card-gorilla.com/card/detail/2964,1216,KB NEED Pay 카드,KB NEED Pay 카드
2967,https://www.card-gorilla.com/card/detail/2967,1217,알파벳카드B,알파벳카드B
2968,https://www.card-gorilla.com/card/detail/2968,1218,알파벳카드P,알파벳카드P
2969,https://www.card-gorilla.com/card/detail/2969,1219,알파벳카드R,알파벳카드R
2970,https://www.card-gorilla.com/card/detail/2970,1220,KB YOU Wish 카드,KB YOU Wish 카드
2971,https://www.card-gorilla.com/card/detail/2971,1221,무신사 삼성카드,무신사 삼성카드
2972,https://www.card-gorilla.com/card/detail/2972,1222,현대카드 하이브리드(포인트형),현대카드 하이브리드(포인트형)
2973,https://www.card-gorilla.com/card/detail/2973,1223,현대카드 하이브리드(캐시백형),현대카드 하이브리드(캐시백형)
2974,https://www.card-gorilla.com/card/detail/2974,1224,현대카드 하이브리드(Apple Pay Rewards),현대카드 하이브리드(Apple Pay Rewards)
2975,https://www.card-gorilla.com/card/detail/2975,1225,LOCA LIKIT 1.5,LOCA LIKIT 1.5
2977,https://www.card-gorilla.com/card/detail/2977,1226,신한카드 SOL트립앤J 체크,신한카드 SOL트립앤J 체크
2978,https://www.card-gorilla.com/card/detail/2978,1227,카드의정석2 SHOPPER,카드의정석2 SHOPPER
2979,https://www.card-gorilla.com/card/detail/2979,1228,신한카드 ECO Plan,신한카드 ECO Plan
2980,https://www.card-gorilla.com/card/detail/2980,1229,카드의정석2 SUPER,카드의정석2 SUPER
2981,https://www.card-gorilla.com/card/detail/2981,1230,KB NEED Global 카드,KB NEED Global 카드
2982,https://www.card-gorilla.com/card/detail/2982,1231,현대카드 체크(포인트형),현대카드 체크(포인트형)
2983,https://www.card-gorilla.com/card/detail/2983,1232,현대카드 체크(캐시백형),현대카드 체크(캐시백형)
2984,https://www.card-gorilla.com/card/detail/2984,1233,현대카드 체크(Apple Pay Rewards),현대카드 체크(Apple Pay Rewards)
2985,https://www.card-gorilla.com/card/detail/2985,1234,현대카드 ZERO Up(포인트형),현대카드 ZERO Up(포인트형)
2986,https://www.card-gorilla.com/card/detail/2986,1235,삼성 iD SELECT UP 카드,삼성 iD SELECT UP 카드
2987,https://www.card-gorilla.com/card/detail/2987,1236,LOCA LIKIT 2.0,LOCA LIKIT 2.0
2988,https://www.card-gorilla.com/card/detail/2988,1237,트라이플러스 삼성카드,트라이플러스 삼성카드
2989,https://www.card-gorilla.com/card/detail/2989,1238,알파벳카드D BOLD,알파벳카드D BOLD
2990,https://www.card-gorilla.com/card/detail/2990,1239,알파벳카드S BOLD,알파벳카드S BOLD
2991,https://www.card-gorilla.com/card/detail/2991,1240,알파벳카드T BOLD,알파벳카드T BOLD
2992,https://www.card-gorilla.com/card/detail/2992,1241,카드의정석2 DAILY,카드의정석2 DAILY
2993,https://www.card-gorilla.com/card/detail/2993,1242,카드의정석2 ROUTINE,카드의정석2 ROUTINE
2994,https://www.card-gorilla.com/card/detail/2994,1243,카드의정석2 원더라이프,카드의정석2 원더라이프
2997,https://www.card-gorilla.com/card/detail/2997,1244,MOVING카드 PLAY모드,MOVING카드 PLAY모드
2998,https://www.card-gorilla.com/card/detail/2998,1245,MOVING카드 LIFE모드,MOVING카드 LIFE모드
3000,https://www.card-gorilla.com/card/detail/3000,1246,국민행복 현대카드,국민행복 현대카드
3016,https://www.card-gorilla.com/card/detail/3016,1247,케이뱅크 BUSINESS 현대카드,케이뱅크 BUSINESS 현대카드
