source_url,condition_id,category_name,group_name,rate,fixed_amount,raw_text
https://www.card-gorilla.com/card/detail/1,1,적립,쇼핑,5.0,,백화점/할인점/홈쇼핑·온라인몰 1.0~5.0% 적립
https://www.card-gorilla.com/card/detail/1,1,적립,모든가맹점,2.0,,"전국 가맹점 0.2~2.0% 적립
해외 가맹점 1~5% 적립"
https://www.card-gorilla.com/card/detail/1,1,적립,주유,,60,"S-OIL, 에이치디현대오일뱅크 주유 시 리터 당 60원 적립"
https://www.card-gorilla.com/card/detail/1,1,적립,금융,0.2,,"신한투자증권 CMA 결제계좌 0.2% 추가 적립
마이신한포인트 가맹점 추가 적립"
https://www.card-gorilla.com/card/detail/1,1,적립,통신,5.0,,SK텔레콤/KT/LG U+ 이동통신요금 1.0~5.0% 적립
https://www.card-gorilla.com/card/detail/1,1,무이자할부,기타,,,무이자/영화/테마파크
https://www.card-gorilla.com/card/detail/1,1,적립,적립,,,포인트 적립상세 및 포인트 사용 안내
https://www.card-gorilla.com/card/detail/2,2,할인,백화점,5.0,,"국내 유명 백화점, 할인점, 온라인 쇼핑몰 최대 5% 할인"
https://www.card-gorilla.com/card/detail/2,2,할인,패밀리레스토랑,30.0,,"국내 유명 패밀리레스토랑, 커피 20~30% 할인"
https://www.card-gorilla.com/card/detail/2,2,할인,주유소,,60,GS칼텍스 리터당 60원 할인
https://www.card-gorilla.com/card/detail/2,2,할인,영화,,7000,"CGV, YES24 영화 예매시 최대 7,000원 할인"
https://www.card-gorilla.com/card/detail/2,2,적립,적립,,,신한카드 Love포인트 적립 및 사용
https://www.card-gorilla.com/card/detail/2,2,할인,테마파크,50.0,,주요 놀이공원 30~50% 할인 및 스포츠 할인 서비스
https://www.card-gorilla.com/card/detail/2,2,할인,경기관람,,,"프로야구, 프로농구 할인 서비스"
https://www.card-gorilla.com/card/detail/2,2,할인,기타,,,통합할인한도
https://www.card-gorilla.com/card/detail/3,3,할인,쇼핑,5.0,,"3대 백화점(롯데,신세계,현대) 및 롯데마트 5% 결제일 할인"
https://www.card-gorilla.com/card/detail/3,3,할인,푸드,20.0,,국내 유명 패밀리 레스토랑 및 커피 최대 20% 할인
https://www.card-gorilla.com/card/detail/3,3,할인,영화,,1500,"맥스무비, 인터파크 YES24 예매시 1,500원 할인"
https://www.card-gorilla.com/card/detail/3,3,적립,주유소,,60,S-OIL 주유 시 리터 당 60원 적립
https://www.card-gorilla.com/card/detail/3,3,할인,교육/육아,15.0,,"베이비 프리미엄 제품 전문쇼핑몰 「쁘띠엘린스토어」
오프라인 매장 15%, 온라인몰 20% 할인"
https://www.card-gorilla.com/card/detail/3,3,할인,테마파크,50.0,,주요 놀이공원 최대 50% 할인
https://www.card-gorilla.com/card/detail/3,3,할인,통신,2.0,,"이동통신요금 자동이체 시 2% 결제일 할인(SKT, KT, LGT)"
https://www.card-gorilla.com/card/detail/3,3,할인,경기관람,,,스포츠 관람 할인 서비스
https://www.card-gorilla.com/card/detail/8,4,기타,선택형,,,Gift Option Service - 매년 1회 옵션 품목 중 한 가지를 선택하여 이용
https://www.card-gorilla.com/card/detail/8,4,적립,국내외가맹점,0.7,,"일시불/할부 이용금액의 0.7% 마이신한포인트 적립
해외, 명품 아울렛(신세계/롯데), 면세점, 골프 업종 이용 시 5% 마이신한포인트 적립"
https://www.card-gorilla.com/card/detail/8,4,할인,주유소,,60,GS칼텍스 주유 시 리터당 60원 결제일 할인
https://www.card-gorilla.com/card/detail/8,4,할인,생활,5.0,,커피/제과/택시/화장품/영화 5% 할인
https://www.card-gorilla.com/card/detail/8,4,할인,면세점,8.0,,제주 JDC 면세점 이용 시 8% 할인
https://www.card-gorilla.com/card/detail/8,4,할인,진에어,,,진에어 국제선 항공권 결제일 할인
https://www.card-gorilla.com/card/detail/8,4,무료서비스,공연/전시,,,오디오 가이드 및 오페라 글라스 무료 이용 서비스
https://www.card-gorilla.com/card/detail/8,4,기타,프리미엄,,,국제브랜드사 서비스 공통사항 안내
https://www.card-gorilla.com/card/detail/10,5,할인,대중교통,,200,"버스, 지하철 후불 교통 이용 금액 일 200원 ~ 일 600원 할인"
https://www.card-gorilla.com/card/detail/10,5,할인,택시,10.0,,택시/KTX 이용 금액 10% 할인
https://www.card-gorilla.com/card/detail/10,5,할인,백화점,5.0,,4대 백화점 5% 할인
https://www.card-gorilla.com/card/detail/10,5,할인,카페,10.0,,커피전문점 10% 할인
https://www.card-gorilla.com/card/detail/10,5,할인,편의점,5.0,,편의점 5% 할인
https://www.card-gorilla.com/card/detail/10,5,할인,통신,5.0,,이동통신요금 5% 할인
https://www.card-gorilla.com/card/detail/10,5,기타,영화,,,"CGV, 메가박스"
https://www.card-gorilla.com/card/detail/10,5,캐시백,캐시백,5.0,,"전기요금, 통신요금, 해외이용금액 5% 캐시백 제공 (전년도 1천만원 이상)"
https://www.card-gorilla.com/card/detail/11,6,캐시백,모든가맹점,0.7,,"전가맹점 0.7% 캐시백, 이동통신요금 자동이체 건 추가 0.7% 캐시백"
https://www.card-gorilla.com/card/detail/11,6,할인,생활,,,"생활친화가맹점 잔돈할인 서비스, Coin-Save"
https://www.card-gorilla.com/card/detail/11,6,할인,영화,,,온라인 영화 예매 할인
https://www.card-gorilla.com/card/detail/12,7,마일리지,항공마일리지,0.0667,,"대한항공 1,500원당 1마일/아시아나항공 1,000원당 1마일"
https://www.card-gorilla.com/card/detail/12,7,적립,생활,,,마이신한포인트 추가 적립
https://www.card-gorilla.com/card/detail/12,7,기타,프리미엄,,,특급 호텔 발렛파킹/면세점 우대 서비스 (전월실적 30만원 이상)
https://www.card-gorilla.com/card/detail/13,8,할인,공과금,10.0,,월납요금(공과금) 10% 할인서비스 (전월실적 30만원 이상)
https://www.card-gorilla.com/card/detail/13,8,할인,편의점,10.0,,편의점 10% 할인 (전월실적 30만원 이상)
https://www.card-gorilla.com/card/detail/13,8,할인,병원/약국,10.0,,병원/약국업종 10% 할인 (전월실적 30만원 이상)
https://www.card-gorilla.com/card/detail/13,8,할인,생활,10.0,,세탁소 업종 10% 할인 (전월실적 30만원 이상)
https://www.card-gorilla.com/card/detail/13,8,할인,온라인쇼핑,10.0,,온라인 쇼핑 10% 할인 (전월실적 30만원 이상)
https://www.card-gorilla.com/card/detail/13,8,할인,택시,10.0,,택시 10% 할인 (전월실적 30만원 이상)
https://www.card-gorilla.com/card/detail/13,8,할인,푸드,10.0,,식음료 10% 할인 (전월실적 30만원 이상)
https://www.card-gorilla.com/card/detail/13,8,할인,대형마트,10.0,,3대 마트 10% 할인 (전월실적 30만원 이상)
https://www.card-gorilla.com/card/detail/13,8,할인,주유소,,60,4대 정유사 리터당 60원 할인 (전월실적 30만원 이상)
https://www.card-gorilla.com/card/detail/13,8,할인,온라인쇼핑,20.0,,인테이크몰 20% 할인 (전월실적 30만원 이상)
https://www.card-gorilla.com/card/detail/14,9,할인,선택형,,,할인율 선택 서비스
https://www.card-gorilla.com/card/detail/14,9,기타,카페,,,"스타벅스, 커피빈"
https://www.card-gorilla.com/card/detail/14,9,기타,편의점,,,"GS25, 세븐일레븐, CU"
https://www.card-gorilla.com/card/detail/14,9,기타,소셜커머스,,,소셜커머스
https://www.card-gorilla.com/card/detail/14,9,기타,택시,,,택시
https://www.card-gorilla.com/card/detail/14,9,기타,베이커리,,,"파리바게트, 뚜레쥬르"
https://www.card-gorilla.com/card/detail/14,9,기타,영화,,,"CGV, 롯데시네마"
https://www.card-gorilla.com/card/detail/14,9,기타,카페,,,스타벅스 모바일쿠폰 보너스 리워드 (분기별 실적 250만원 이상)
https://www.card-gorilla.com/card/detail/15,10,기타,바우처,,,Gift Option
https://www.card-gorilla.com/card/detail/15,10,마일리지,항공마일리지,,,항공 마일리지 적립 서비스
https://www.card-gorilla.com/card/detail/15,10,할인,면세점,8.0,,제주 JDC 면세점 8% 결제일 할인
https://www.card-gorilla.com/card/detail/15,10,무료서비스,공항라운지,,,더라운지
https://www.card-gorilla.com/card/detail/15,10,할인,주유소,,40,GS칼텍스 주유 시 리터당 40원 결제일 할인
https://www.card-gorilla.com/card/detail/15,10,할인,카페,,3000,"스타벅스 3,000원 할인"
https://www.card-gorilla.com/card/detail/16,11,적립,주유,,,국내 주유소 리터당 40~150포인트/충전소 리터당 10~50포인트 적립
https://www.card-gorilla.com/card/detail/16,11,적립,쇼핑,5.0,,1~5% 특별적립
https://www.card-gorilla.com/card/detail/16,11,적립,마트/편의점,5.0,,1~5% 특별적립
https://www.card-gorilla.com/card/detail/16,11,적립,택시,5.0,,1~5% 특별적립
https://www.card-gorilla.com/card/detail/16,11,적립,정비,5.0,,1~5% 특별적립
https://www.card-gorilla.com/card/detail/16,11,적립,국내외가맹점,2.0,,국내/외 가맹점 0.2~2.0% 적립
https://www.card-gorilla.com/card/detail/16,11,기타,프리미엄,,,Platinum # 서비스(전월실적 30만원 이상)
https://www.card-gorilla.com/card/detail/18,12,할인,쇼핑,10.0,,"[쇼핑 할인] 오프라인 쇼핑(백화점, 프리미엄 아울렛, 마트, 창고형 할인매장) 10% 할인
· 온라인 쇼핑(홈쇼핑, 소셜커머스) 10% 할인 (전월실적 50만원 이상)"
https://www.card-gorilla.com/card/detail/18,12,할인,생활,10.0,,"[생활 할인] 커피전문점·잡화·온라인서점 10% 할인
· 주유 60원/L 할인 (전월실적 50만원 이상)"
https://www.card-gorilla.com/card/detail/18,12,캐시백,해외,5.0,,[해외이용 캐시백] 해외이용금액 5% 캐시백 (연간실적 1천만원 이상)
https://www.card-gorilla.com/card/detail/18,12,할인,푸드,10.0,,"[제휴 할인] 마켓컬리, 프레딧, 집반찬연구소 10% 할인서비스 (전월실적 30만원 이상)"
https://www.card-gorilla.com/card/detail/21,13,캐시백,국내외가맹점,1.0,,"국내외 가맹점 1%, 생활밀착 가맹점 추가 0.7% 캐시백"
https://www.card-gorilla.com/card/detail/21,13,할인,생활,,,잔돈 할인 서비스(Coin-Save)
https://www.card-gorilla.com/card/detail/21,13,할인,영화,,,온라인 영화 예매 할인 (전월실적 30만원 이상)
https://www.card-gorilla.com/card/detail/21,13,할인,테마파크,50.0,,서울랜드 50% 할인 (전월실적 30만원 이상)
https://www.card-gorilla.com/card/detail/21,13,기타,프리미엄,,,Platinum# 서비스 및 국제브랜드사 서비스 (전월실적 30만원 이상)
https://www.card-gorilla.com/card/detail/26,14,캐시백,교육/육아,,,"일반전문학원, 학습지, 유치원 업종 캐시백 (전월실적 50만원 이상)"
https://www.card-gorilla.com/card/detail/26,14,캐시백,공과금,,5000,"아파트 관리비 자동이체 매월 5,000원 캐시백 (전월실적 50만원 이상)"
https://www.card-gorilla.com/card/detail/26,14,캐시백,생활,1.0,,주요 생활업종 이용시 1% 캐시백 (전월실적 50만원 이상)
https://www.card-gorilla.com/card/detail/28,15,할인,백화점,5.0,,신세계백화점 5% 결제일 할인
https://www.card-gorilla.com/card/detail/28,15,할인,생활,5.0,,Life Care가맹점 5% 결제일 할인
https://www.card-gorilla.com/card/detail/28,15,할인,테마파크,50.0,,"롯데월드, 서울랜드 자유이용권 50% 할인"
https://www.card-gorilla.com/card/detail/28,15,캐시백,해외,5.0,,해외 매출 5% 캐시백
https://www.card-gorilla.com/card/detail/35,16,할인,주유,,100,GS칼텍스 주유 시 리터당 60~100원 할인
https://www.card-gorilla.com/card/detail/35,16,할인,교통,7.0,,"버스, 지하철, 택시 3~7% 할인"
https://www.card-gorilla.com/card/detail/35,16,할인,영화,,,"맥스무비, 인터파크, YES24 예매 시 할인"
https://www.card-gorilla.com/card/detail/35,16,할인,테마파크,,,주요 놀이공원 할인 서비스
https://www.card-gorilla.com/card/detail/36,17,할인,선택형,5.0,,"Cube 선택서비스 - 선택서비스 5개, 5% 할인"
https://www.card-gorilla.com/card/detail/36,17,할인,할인,,,Coin-Save(잔돈할인) 서비스 - 잔돈은 할인
https://www.card-gorilla.com/card/detail/36,17,기타,프리미엄 서비스,,,Platinum# 서비스 및 국제브랜드사 서비스
https://www.card-gorilla.com/card/detail/36,17,기타,[2020 소비 트렌드] 국내 할인 한도 1위 '10만 원'에 주목하라,,,신한카드 Mr.Life
https://www.card-gorilla.com/card/detail/37,18,기타,바우처,,,Gift Option Service
https://www.card-gorilla.com/card/detail/37,18,마일리지,선택형,,,"캐시백(캐시백형 선택 시)
마일리지 적립(마일리지 적립형 선택 시)"
https://www.card-gorilla.com/card/detail/37,18,할인,여행/숙박,,,JEJU 할인
https://www.card-gorilla.com/card/detail/37,18,무료서비스,공항라운지,,,공항라운지
https://www.card-gorilla.com/card/detail/37,18,할인,카페,,,커피 할인
https://www.card-gorilla.com/card/detail/37,18,할인,베이커리,,,베이커리 할인
https://www.card-gorilla.com/card/detail/37,18,할인,쇼핑,,,쇼핑 할인
https://www.card-gorilla.com/card/detail/37,18,할인,생활,,,생활 할인
https://www.card-gorilla.com/card/detail/38,19,할인,학원,5.0,,자녀교육에 필요한 가맹점에서 5% 할인
https://www.card-gorilla.com/card/detail/38,19,할인,문화센터,5.0,,자녀 감성발달에 필요한 가맹점에서 5% 할인
https://www.card-gorilla.com/card/detail/38,19,할인,도서,5.0,,자녀 도서 구매에도 5% 할인
https://www.card-gorilla.com/card/detail/38,19,할인,생활,,,COIN-SAVE 잔돈 할인
https://www.card-gorilla.com/card/detail/38,19,기타,프리미엄,,,Platinum# 서비스 및 국제브랜드사 서비스
https://www.card-gorilla.com/card/detail/39,20,할인,주유,10.0,,4개의 정유사 중 직접 고른 1개 정유사 주유 이용금액 10% 결제일 할인 (전월실적 30만원 이상)
https://www.card-gorilla.com/card/detail/39,20,할인,자동차/하이패스,10.0,,"정비소(스피드메이트), 주차장 이용금액 10% 결제일 할인 (전월실적 30만원 이상)"
https://www.card-gorilla.com/card/detail/39,20,할인,편의점,5.0,,"GS25, CU 5% 결제일 할인 (전월실적 30만원 이상)"
https://www.card-gorilla.com/card/detail/39,20,할인,카페,5.0,,"스타벅스, 이디야 5% 결제일 할인 (전월실적 30만원 이상)"
https://www.card-gorilla.com/card/detail/39,20,할인,택시,5.0,,택시 5% 결제일 할인 (전월실적 30만원 이상)
https://www.card-gorilla.com/card/detail/39,20,할인,영화,,,롯데시네마 일반관 5천원 현장 할인 (전월실적 30만원 이상)
https://www.card-gorilla.com/card/detail/41,21,할인,간편결제,10.0,,"국내 온라인 이용 건, 온라인 배달/온라인 슈퍼 10% 할인 (전월실적 30만원 이상)"
https://www.card-gorilla.com/card/detail/41,21,할인,생활,20.0,,"4대 편의점, 생활/잡화, 커피, 월납 20% 할인 (전월실적 30만원 이상)"
https://www.card-gorilla.com/card/detail/41,21,할인,프리미엄 서비스,10.0,,"제주항공, 에어부산 10% 할인 (전월실적 30만원 이상)"
https://www.card-gorilla.com/card/detail/42,22,할인,렌터카,30.0,,SOCAR 결제 시 30% 결제일 할인
https://www.card-gorilla.com/card/detail/42,22,할인,기차,10.0,,"KTX, SRT 포함 철도 이용 시 10% 결제일 할인"
https://www.card-gorilla.com/card/detail/42,22,할인,카페,20.0,,커피전문점 20% 결제일 할인
https://www.card-gorilla.com/card/detail/42,22,할인,편의점,5.0,,"GS25, CU, 세븐일레븐 편의점 5% 결제일 할인"
https://www.card-gorilla.com/card/detail/42,22,할인,대형마트,3.0,,"홈플러스, 이마트, 롯데마트 3대 할인점 3% 결제일 할인"
https://www.card-gorilla.com/card/detail/43,23,할인,쇼핑,15.0,,생활쇼핑 최대 15% 결제일 할인
https://www.card-gorilla.com/card/detail/43,23,할인,카페/디저트,10.0,,커피전문점/제과점 업종 10% 결제일 할인
https://www.card-gorilla.com/card/detail/43,23,할인,기타,10.0,,주말 복합쇼핑몰 10% 결제일 할인
https://www.card-gorilla.com/card/detail/43,23,할인,대형마트,10.0,,주말 3대 할인점 10% 결제일 할인
https://www.card-gorilla.com/card/detail/43,23,할인,영화,,5000,"주말 롯데시네마 현장 예매 시 5,000원 결제일 할인"
https://www.card-gorilla.com/card/detail/45,24,적립,생활,7.0,,편의점·배달앱 7% 멤버십리워즈 적립
https://www.card-gorilla.com/card/detail/45,24,할인,디지털구독,20.0,,스트리밍서비스 20% 결제일 할인
https://www.card-gorilla.com/card/detail/45,24,할인,카페,20.0,,스타벅스·이디야 20% 결제일 할인
https://www.card-gorilla.com/card/detail/45,24,적립,통신,5.0,,교통·통신 5% 멤버십리워즈 적립
https://www.card-gorilla.com/card/detail/45,24,적립,쇼핑,1.5,,쇼핑 1.5% 멤버십리워즈 적립
https://www.card-gorilla.com/card/detail/45,24,적립,해외이용,5.0,,해외 5% 멤버십리워즈 적립
https://www.card-gorilla.com/card/detail/46,25,적립,주유,0.2,,국내외 모든 가맹점에서 0.2%·0.4% 주유포인트 적립
https://www.card-gorilla.com/card/detail/46,25,할인,주유,,60,전국 주유소 리터당 60원 결제일할인(청구할인) (LPG 30원)
https://www.card-gorilla.com/card/detail/46,25,할인,영화,50.0,,CGV 동반 1인 50% 할인
https://www.card-gorilla.com/card/detail/46,25,할인,카페/디저트,,1000,"스타벅스 1,000원 할인"
https://www.card-gorilla.com/card/detail/46,25,무료서비스,자동차/하이패스,,,프라이버시콜(안심 주자번호서비스) 무료 제공
https://www.card-gorilla.com/card/detail/49,26,마일리지,대한항공,0.1,,"국내외 가맹점 이용금액 1,000원당 1마일리지 기본적립"
https://www.card-gorilla.com/card/detail/49,26,마일리지,백화점,0.1,,"(특별적립) 국내형: 백화점 이용금액 1,000원당 (스카이패스) 1 마일리지 추가 적립"
https://www.card-gorilla.com/card/detail/49,26,마일리지,주유소,0.1,,"(특별적립) 국내형: 주유 이용금액 1,000원당 (스카이패스) 1 마일리지 추가 적립"
https://www.card-gorilla.com/card/detail/49,26,마일리지,카페,0.1,,"(특별적립) 국내형: 커피 이용금액 1,000원당 (스카이패스) 1 마일리지 추가 적립"
https://www.card-gorilla.com/card/detail/49,26,마일리지,편의점,0.1,,"(특별적립) 국내형: 편의점 이용금액 1,000원당 (스카이패스) 1 마일리지 추가 적립"
https://www.card-gorilla.com/card/detail/49,26,마일리지,택시,0.1,,"(특별적립) 국내형: 택시 이용금액 1,000원당 (스카이패스) 1 마일리지 추가 적립"
https://www.card-gorilla.com/card/detail/49,26,마일리지,해외,0.1,,"(특별적립) 해외형: 해외 가맹점 및 해외 직접구매 이용건 1,000원당 (스카이패스) 1 마일리지 추가 적립"
https://www.card-gorilla.com/card/detail/49,26,무료서비스,공항라운지,,,인천공항 라운지 본인 무료 이용
https://www.card-gorilla.com/card/detail/49,26,무료서비스,공항,,,인천공항 발렛파킹 무료 이용
https://www.card-gorilla.com/card/detail/49,26,기타,공항,,,공항 커피 서비스
https://www.card-gorilla.com/card/detail/49,26,기타,프리미엄 서비스,,,아멕스 PLATINUM 등급 서비스
https://www.card-gorilla.com/card/detail/49,26,마일리지,선택형,,,여행의 설레임을 담은 디자인으로 리뉴얼 된 삼성카드 & MILEAGE PLATINUM
https://www.card-gorilla.com/card/detail/50,27,마일리지,아시아나항공,0.1,,"1,000원당 아시아나 1마일리지 적립"
https://www.card-gorilla.com/card/detail/50,27,적립,주유소,,,S-OIL 리터당 40 보너스포인트 적립
https://www.card-gorilla.com/card/detail/50,27,할인,패밀리레스토랑,10.0,,아웃백스테이크하우스 10% 할인
https://www.card-gorilla.com/card/detail/50,27,할인,카페,,1000,"스타벅스 1,000원 결제일할인"
https://www.card-gorilla.com/card/detail/50,27,할인,영화,,3000,"메가박스, CGV, 인터파크 영화 3,000원 할인"
https://www.card-gorilla.com/card/detail/50,27,할인,테마파크,,,놀이공원 할인 서비스
https://www.card-gorilla.com/card/detail/50,27,기타,정비,,,닥터카서비스
https://www.card-gorilla.com/card/detail/50,27,무이자할부,무이자할부,,,백화점·할인점 2~3개월 무이자할부
https://www.card-gorilla.com/card/detail/50,27,무이자할부,무이자할부,,,의료점 2~3개월 무이자할부
https://www.card-gorilla.com/card/detail/50,27,기타,경기관람,,,프로스포츠 프로모션 서비스
https://www.card-gorilla.com/card/detail/51,28,기타,선택형,,,라이프스타일 패키지 선택
https://www.card-gorilla.com/card/detail/51,28,할인,대중교통,10.0,,대중교통·택시 10% 결제일할인
https://www.card-gorilla.com/card/detail/51,28,할인,통신,10.0,,이동통신요금 10% 결제일할인
https://www.card-gorilla.com/card/detail/51,28,할인,영화,,5000,"CGV 및 롯데시네마 5,000원 결제일할인"
https://www.card-gorilla.com/card/detail/51,28,적립,해외,1.3,,해외 1.3% 적립
https://www.card-gorilla.com/card/detail/52,29,적립,모든가맹점,1.0,,모든 가맹점 1% 빅포인트 적립
https://www.card-gorilla.com/card/detail/52,29,할인,주유,,2000,"모든 주유소 및 LPG 충전소 2,000원 결제일 할인"
https://www.card-gorilla.com/card/detail/52,29,할인,영화,,5000,"모든 영화관 5,000원 결제일 할인"
https://www.card-gorilla.com/card/detail/53,30,마일리지,아시아나항공,0.1,,"이용금액 1,000원당 아시아나 1~5마일리지 적립"
https://www.card-gorilla.com/card/detail/53,30,적립,주유소,,,"S-OIL 주유소에서 휘발유, 경유, 등유 주유시 리터당 40보너스포인트 적립"
https://www.card-gorilla.com/card/detail/53,30,할인,카페,,1000,"스타벅스 1,000원 결제일 할인"
https://www.card-gorilla.com/card/detail/53,30,할인,영화,,,"메가박스, CGV, 무비존 영화 할인"
https://www.card-gorilla.com/card/detail/53,30,할인,테마파크,50.0,,"놀이공원 자유이용권 50%, 워터파크 입장권 30% 현장할인"
https://www.card-gorilla.com/card/detail/53,30,할인,정비,,15000,"엔진오일 교환 시 15,000원 현장할인"
https://www.card-gorilla.com/card/detail/54,31,마일리지,대한항공,,,[기본 적립] 모든 가맹점 스카이패스 1 마일리지 적립
https://www.card-gorilla.com/card/detail/54,31,마일리지,선택형,,,[특별 적립] 옵션 적립처에 따라 스카이패스 2 마일리지 적립
https://www.card-gorilla.com/card/detail/54,31,할인,패밀리레스토랑,,30000,"아웃백스테이크하우스 30,000원 결제일 할인 [전월 실적 50만원 이상]"
https://www.card-gorilla.com/card/detail/54,31,기타,프리미엄 서비스,,,아멕스 PLATINUM 등급 서비스 [전월 실적 30만원 이상]
https://www.card-gorilla.com/card/detail/55,32,할인,편의점,13.3333,,"CU 1,500원당 200원 결제일할인"
https://www.card-gorilla.com/card/detail/55,32,할인,배달앱,,2000,"배달의민족 2,000원 결제일할인"
https://www.card-gorilla.com/card/detail/55,32,할인,교통,10.0,,"대중교통 1,000원당 100원 결제일할인"
https://www.card-gorilla.com/card/detail/55,32,할인,푸드,,1000,"음식점·주점 1,000원 결제일할인"
https://www.card-gorilla.com/card/detail/56,33,할인,카페,10.0,,커피전문점 10% 결제일할인
https://www.card-gorilla.com/card/detail/56,33,할인,영화,,5000,"모든 영화관 5,000원 결제일할인"
https://www.card-gorilla.com/card/detail/56,33,할인,패밀리레스토랑,,20000,"VIPS·계절밥상 20,000원 결제일할인"
https://www.card-gorilla.com/card/detail/56,33,할인,모든가맹점,0.5,,모든 가맹점 기본 0.5% 청구할인
https://www.card-gorilla.com/card/detail/56,33,할인,생활,1.5,,교육·할인점·이동통신·병원·약국 1.5% 결제일할인
https://www.card-gorilla.com/card/detail/56,33,할인,테마파크,,,놀이공원 할인 서비스
https://www.card-gorilla.com/card/detail/56,33,기타,정비,,,닥터카 서비스
https://www.card-gorilla.com/card/detail/56,33,기타,프리미엄,,,브랜드사 서비스
https://www.card-gorilla.com/card/detail/57,34,할인,영화,,5000,"모든 영화관 5,000원 결제일할인"
https://www.card-gorilla.com/card/detail/57,34,할인,카페,10.0,,커피전문점 10% 결제일할인
https://www.card-gorilla.com/card/detail/57,34,할인,푸드,,20000,"VIPS·계절밥상 20,000원 결제일할인"
https://www.card-gorilla.com/card/detail/57,34,할인,모든가맹점,0.5,,모든 가맹점 기본 0.5% 청구할인
https://www.card-gorilla.com/card/detail/57,34,할인,생활,1.5,,음식점·주점·편의점·주유·택시 1.5% 결제일할인
https://www.card-gorilla.com/card/detail/57,34,할인,테마파크,50.0,,놀이공원 자유이용권 50%·워터파크 입장권 30% 현장할인
https://www.card-gorilla.com/card/detail/57,34,할인,정비,,20000,"엔진오일 교환 시 20,000원 현장할인"
https://www.card-gorilla.com/card/detail/57,34,기타,프리미엄,,,MASTER/UnionPay 서비스
https://www.card-gorilla.com/card/detail/58,35,할인,주유,,90,모든 주유소에서 주유 시 리터당 90원 결제일할인
https://www.card-gorilla.com/card/detail/58,35,할인,자동차,,,"삼성화재 자동차보험료, 엔진오일 교환, 카카오드라이버 할인"
https://www.card-gorilla.com/card/detail/58,35,할인,모든가맹점,0.5,,모든 가맹점 기본 0.5% 결제일할인
https://www.card-gorilla.com/card/detail/58,35,할인,생활,,,"할인점, 소셜커머스, 커피전문점, 편의점, 영화 할인"
https://www.card-gorilla.com/card/detail/58,35,기타,프리미엄,,,(해외겸용카드 전용) MASTER PLATINUM 등급 서비스
https://www.card-gorilla.com/card/detail/59,36,기타,선택형,,,라이프스타일 패키지(옵션 패키지 중 택1)
https://www.card-gorilla.com/card/detail/59,36,무료서비스,더라운지,,,여가패키지: 해외 공항 라운지(Lounge Key) 본인 이용 무료
https://www.card-gorilla.com/card/detail/59,36,할인,여행/숙박,3.0,,여가패키지: 해외·여행 3% 결제일할인
https://www.card-gorilla.com/card/detail/59,36,할인,쇼핑,3.0,,일상패키지: 슈퍼마켓·프리미엄 아울렛 등 3% 결제일할인
https://www.card-gorilla.com/card/detail/59,36,할인,카페/디저트,30.0,,일상패키지: 10대 커피전문점·제과점 30% 결제일할인
https://www.card-gorilla.com/card/detail/59,36,할인,푸드,20.0,,일상패키지: 음식점·신선식품 배송 20% 결제일할인
https://www.card-gorilla.com/card/detail/59,36,할인,영화,,6000,"일상패키지: 모든 영화관에서 6,000원 이상 결제 시 6,000원 결제일할인"
https://www.card-gorilla.com/card/detail/59,36,할인,도서,,50000,"일상패키지: 서점·인터파크 티켓·동물병원에서 건별 50,000원 이상 결제 시 10,000원 결제일할인"
https://www.card-gorilla.com/card/detail/59,36,할인,기차,,30000,"여가패키지: KTX, SRT 포함 철도 건별 30,000원 이상 결제 시 5,000원 결제일할인 (청구할인)"
https://www.card-gorilla.com/card/detail/59,36,기타,프리미엄,,,mastercard PLATINUM 등급 서비스
https://www.card-gorilla.com/card/detail/59,36,캐시백,캐시백,0.2,,"국내외 연간 누적 이용금액 1,500만원당 30,000원 캐시백"
https://www.card-gorilla.com/card/detail/61,37,마일리지,대한항공,0.0667,,"국내외 이용금액 1,500원당 스카이패스 1~2마일리지 적립"
https://www.card-gorilla.com/card/detail/61,37,적립,주유,,,S-OIL 주유소 주유 시 리터당 40 보너스포인트 적립
https://www.card-gorilla.com/card/detail/61,37,할인,테마파크,50.0,,놀이공원 자유이용권 50%·워터파크 입장권 30% 현장할인
https://www.card-gorilla.com/card/detail/61,37,할인,정비,,20000,"엔진오일 교환 시 20,000원 현장할인"
https://www.card-gorilla.com/card/detail/61,37,기타,프리미엄,,,American Express Selects 서비스
https://www.card-gorilla.com/card/detail/62,38,적립,해외,,,해외 쇼핑 빅포인트 적립
https://www.card-gorilla.com/card/detail/62,38,기타,수수료우대,,,국제브랜드수수료 면제
https://www.card-gorilla.com/card/detail/62,38,할인,해외직구,,,해외 직구 배송비 할인
https://www.card-gorilla.com/card/detail/62,38,적립,적립,1.0,,백화점·할인점·온라인 쇼핑몰 등 1% 빅포인트 적립
https://www.card-gorilla.com/card/detail/62,38,할인,도서,5.0,,서점·학습지 등 5% 할인
https://www.card-gorilla.com/card/detail/62,38,할인,카페/디저트,10.0,,커피전문점·파리바게뜨·배스킨라빈스·던킨도너츠 10% 할인
https://www.card-gorilla.com/card/detail/62,38,할인,영화,,3000,"CGV 3,000원 할인"
https://www.card-gorilla.com/card/detail/62,38,할인,테마파크,50.0,,놀이공원 50%·워터파크 30% 할인
https://www.card-gorilla.com/card/detail/62,38,할인,테마파크,,,어린이 직업체험 테마파크 할인
https://www.card-gorilla.com/card/detail/63,39,할인,삼성페이,10.0,,삼성 페이 10% 결제일할인
https://www.card-gorilla.com/card/detail/63,39,할인,모든가맹점,0.3,,국내외 가맹점 0.3% 결제일 할인
https://www.card-gorilla.com/card/detail/63,39,할인,통신,10.0,,이동통신요금 10% 결제일할인
https://www.card-gorilla.com/card/detail/63,39,할인,영화,,5000,"CGV·롯데시네마 5,000원 결제일할인"
https://www.card-gorilla.com/card/detail/64,40,기타,쇼핑,,,신세계백화점·이마트 제휴 혜택
https://www.card-gorilla.com/card/detail/64,40,적립,적립,,,"국내 가맹점, 주유, 삼성전자 등 빅포인트 적립"
https://www.card-gorilla.com/card/detail/64,40,할인,할인,,,"영화, 세콤홈즈, 삼성미술관리움 등 할인"
https://www.card-gorilla.com/card/detail/64,40,무이자할부,무이자할부,,,주말 5만원 이상 결제 시 2~3개월 무이자할부
https://www.card-gorilla.com/card/detail/72,41,할인,대형마트,,,트레이더스 결제일할인
https://www.card-gorilla.com/card/detail/72,41,할인,교육/육아,5.0,,학원·서점·학습지·인터넷강의 5% 결제일할인
https://www.card-gorilla.com/card/detail/72,41,할인,통신,5.0,,이동통신 5% 결제일할인
https://www.card-gorilla.com/card/detail/72,41,할인,카페,5.0,,커피전문점 5% 결제일할인
https://www.card-gorilla.com/card/detail/72,41,기타,백화점,,,신세계백화점 제휴 서비스
https://www.card-gorilla.com/card/detail/72,41,할인,병원/약국,5.0,,병원·약국 5% 결제일할인(청구할인)
https://www.card-gorilla.com/card/detail/73,42,할인,생활,5.0,,"대형마트, 백화점, 주유 등 5% 청구할인"
https://www.card-gorilla.com/card/detail/73,42,할인,패밀리레스토랑,25.0,,"아웃백, 애슐리, TGIF 등 25% 청구할인"
https://www.card-gorilla.com/card/detail/73,42,할인,카페/디저트,20.0,,"탐앤탐스, 스타벅스 20% 청구할인"
https://www.card-gorilla.com/card/detail/73,42,할인,프리미엄 서비스,,,"통신, 영화, 놀이공원, 호텔 할인"
https://www.card-gorilla.com/card/detail/73,42,기타,금융,,,우리은행 수수료 면제서비스
https://www.card-gorilla.com/card/detail/73,42,무이자할부,무이자할부,,,할부전환서비스 / 무이자할부
https://www.card-gorilla.com/card/detail/74,43,할인,생활,5.0,,주요 7대 업종 10~5% 청구할인
https://www.card-gorilla.com/card/detail/74,43,할인,영화,,3000,"전국 영화관 3,000원 청구할인"
https://www.card-gorilla.com/card/detail/74,43,할인,카페,20.0,,커피 20% 청구할인
https://www.card-gorilla.com/card/detail/74,43,할인,테마파크,50.0,,주요 놀이공원 자유이용권 50% 현장할인
https://www.card-gorilla.com/card/detail/74,43,할인,패스트푸드,10.0,,"치킨, 피자 10% 청구할인"
https://www.card-gorilla.com/card/detail/77,44,적립,모든가맹점,0.7,,국내 가맹점 0.7% 위비꿀머니 적립
https://www.card-gorilla.com/card/detail/77,44,적립,쇼핑,1.5,,"대형할인점, 면세점 1.5% 및 위비마켓 2% 위비꿀머니 적립"
https://www.card-gorilla.com/card/detail/77,44,적립,학원,1.5,,학원 1.5% 위비꿀머니 적립
https://www.card-gorilla.com/card/detail/77,44,적립,통신,1.5,,이동통신 1.5% 위비꿀머니 적립
https://www.card-gorilla.com/card/detail/77,44,적립,병원,1.5,,병의원 1.5% 위비꿀머니 적립
https://www.card-gorilla.com/card/detail/77,44,적립,해외,1.5,,해외 이용금액 1.5% 위비꿀머니 적립
https://www.card-gorilla.com/card/detail/77,44,할인,패스트푸드,10.0,,치킨/피자 10% 청구할인
https://www.card-gorilla.com/card/detail/77,44,할인,영화,,,전국 영화관 청구할인
https://www.card-gorilla.com/card/detail/77,44,할인,카페,10.0,,"스타벅스, 이디야, 폴바셋 10% 청구할인"
https://www.card-gorilla.com/card/detail/77,44,기타,여행/숙박,,,프리미엄 투어 서비스
https://www.card-gorilla.com/card/detail/77,44,기타,멤버십포인트,,,위비멤버스 서비스
https://www.card-gorilla.com/card/detail/80,45,할인,간편결제,7.0,,PAY(간편결제 서비스) 결제 시 7% 할인
https://www.card-gorilla.com/card/detail/80,45,할인,생활,5.0,,PAY 외 결제 시 5% 할인
https://www.card-gorilla.com/card/detail/80,45,할인,영화,,,전국 영화관 3천원 청구할인
https://www.card-gorilla.com/card/detail/80,45,할인,푸드,10.0,,치킨/피자 10% 청구할인
https://www.card-gorilla.com/card/detail/80,45,기타,기타,,,"카드 ""Touching"" 서비스 안내"
https://www.card-gorilla.com/card/detail/80,45,기타,해외,,,해외이용 시 이용수수료 면제
https://www.card-gorilla.com/card/detail/81,46,적립,소셜커머스,5.0,,위메프 포인트 5% 적립
https://www.card-gorilla.com/card/detail/81,46,할인,카페,50.0,,스타벅스(사이렌오더 포함) 50% 청구 할인
https://www.card-gorilla.com/card/detail/81,46,할인,편의점,10.0,,편의점 업종 10% 청구 할인
https://www.card-gorilla.com/card/detail/82,47,적립,쇼핑,1.0,,"Well Living: 백화점, 온라인 쇼핑, 대형할인점 모아포인트 1% 적립"
https://www.card-gorilla.com/card/detail/82,47,적립,통신,1.5,,Well Living: 이동통신 모아포인트 1.5% 적립
https://www.card-gorilla.com/card/detail/82,47,적립,병원,1.5,,Well Living: 병원(동물병원 포함) 모아포인트 1.5% 적립
https://www.card-gorilla.com/card/detail/82,47,적립,여행/숙박,1.8,,"Enjoy Living: 해외, 면세점, 여행사 ,항공사 모아포인트 1.8% 적립"
https://www.card-gorilla.com/card/detail/82,47,적립,골프,3.0,,Enjoy Living: 골프 업종 3% 적립
https://www.card-gorilla.com/card/detail/82,47,무료서비스,프리미엄,,,프리미엄 골프/라이프 서비스 제공
https://www.card-gorilla.com/card/detail/84,49,적립,모든가맹점,0.8,,모아포인트 0.8%~5% 적립
https://www.card-gorilla.com/card/detail/84,49,적립,통신,5.0,,이동통신 업종 모아포인트 5% 적립
https://www.card-gorilla.com/card/detail/84,49,적립,대중교통,5.0,,대중교통 업종 모아포인트 5% 적립
https://www.card-gorilla.com/card/detail/84,49,적립,자동차,5.0,,전기차 충전 모아포인트 5% 적립
https://www.card-gorilla.com/card/detail/84,49,적립,카페,3.0,,"스타벅스, 엔제리너스, 이디야 모아포인트 3% 적립"
https://www.card-gorilla.com/card/detail/84,49,적립,영화,3.0,,"CGV, 롯데시네마 모아포인트 3% 적립"
https://www.card-gorilla.com/card/detail/84,49,적립,쇼핑,1.0,,"백화점, 할인점, 온라인쇼핑 모아포인트 1% 적립"
https://www.card-gorilla.com/card/detail/84,49,적립,주유,1.0,,주유 모아포인트 1% 적립
https://www.card-gorilla.com/card/detail/84,49,적립,해외,1.0,,해외 가맹점 1% 적립
https://www.card-gorilla.com/card/detail/84,49,적립,간편결제,3.0,,주요 간편결제 모아포인트 3% 추가적립
https://www.card-gorilla.com/card/detail/85,50,할인,쇼핑,10.0,,온·오프라인 쇼핑 10% 청구할인
https://www.card-gorilla.com/card/detail/85,50,할인,간편결제,5.0,,온라인 업종 4대 PAY 결제 시 5% 추가할인
https://www.card-gorilla.com/card/detail/85,50,할인,주유,,60,4대 주유소 주말 주유시 리터당 60원 청구할인
https://www.card-gorilla.com/card/detail/85,50,할인,카페,10.0,,"스타벅스, 폴바셋 10% 청구할인"
https://www.card-gorilla.com/card/detail/85,50,기타,금융,,,Two-in-One 결제서비스
https://www.card-gorilla.com/card/detail/86,51,할인,모든가맹점,1.0,,모든 국내 가맹점 0.7~1% 청구할인
https://www.card-gorilla.com/card/detail/86,51,할인,주유,,100,"S-OIL, 현대오일뱅크 리터당 60~100원 청구할인"
https://www.card-gorilla.com/card/detail/86,51,할인,대중교통,10.0,,대중교통 10% 청구할인
https://www.card-gorilla.com/card/detail/86,51,할인,카페,10.0,,"스타벅스, 폴바셋 10% 청구할인"
https://www.card-gorilla.com/card/detail/86,51,기타,금융,,,Two-in-One 결제서비스
https://www.card-gorilla.com/card/detail/87,52,할인,모든가맹점,1.3,,국내외 가맹점 1.3%~0.8% 청구할인
https://www.card-gorilla.com/card/detail/87,52,무료서비스,공항라운지/PP,,,인천/김포/김해공항라운지 무료 이용 서비스 (MasterCard 브랜드로 발급 시 제공)
https://www.card-gorilla.com/card/detail/87,52,할인,카페/디저트,1.3,,제과점 1.3% 청구할인
https://www.card-gorilla.com/card/detail/87,52,할인,편의점,1.3,,편의점 1.3% 청구할인
https://www.card-gorilla.com/card/detail/87,52,할인,대형마트,1.3,,수퍼마켓 1.3% 청구할인
https://www.card-gorilla.com/card/detail/87,52,할인,병원/약국,1.3,,"병원, 약국 1.3% 청구할인"
https://www.card-gorilla.com/card/detail/87,52,할인,쇼핑,1.3,,"면세점, 해외이용금액 1.3% 청구할인"
https://www.card-gorilla.com/card/detail/87,52,할인,뷰티/피트니스,1.3,,뷰티 1.3% 청구할인
https://www.card-gorilla.com/card/detail/87,52,할인,대중교통,1.3,,대중교통 1.3% 청구할인
https://www.card-gorilla.com/card/detail/87,52,할인,항공권,1.3,,항공사 1.3% 청구할인
https://www.card-gorilla.com/card/detail/87,52,할인,일반음식점,1.3,,음식점 1.3% 청구할인
https://www.card-gorilla.com/card/detail/87,52,할인,렌탈,0.8,,렌탈관련 이용금액 0.8% 청구할인
https://www.card-gorilla.com/card/detail/87,52,할인,교육/육아,0.8,,"교육관련 이용금액 0.8% 청구할인
육아관련 이용금액 0.8% 청구할인"
https://www.card-gorilla.com/card/detail/87,52,할인,OTT/영화/문화,0.8,,"영화관련 이용금액 0.8% 청구할인
문화관련 이용금액 0.8% 청구할인"
https://www.card-gorilla.com/card/detail/87,52,할인,주유,0.8,,주유관련 이용금액 0.8% 청구할인
https://www.card-gorilla.com/card/detail/87,52,할인,통신,0.8,,통신관련 이용금액 0.8% 청구할인
https://www.card-gorilla.com/card/detail/88,53,할인,교통,33.0,,대중교통 33% 청구할인
https://www.card-gorilla.com/card/detail/88,53,할인,카페,55.0,,"커피 4대 브랜드 통합 (스타벅스, 투썸플레이스, 커피빈, 폴바셋) 55% 청구할인"
https://www.card-gorilla.com/card/detail/88,53,할인,편의점,11.0,,편의점 11% 청구할인
https://www.card-gorilla.com/card/detail/88,53,할인,영화,,5500,"영화관 5,500원 할인"
https://www.card-gorilla.com/card/detail/89,54,할인,주유,,200,SK네트웍스 Most 주유소 리터당 최대 200원 청구할인
https://www.card-gorilla.com/card/detail/89,54,무료서비스,자동차,,2000,"CLUB Most 멤버십 서비스 제공 및 주차장 2,000원 청구할인"
https://www.card-gorilla.com/card/detail/89,54,할인,영화,,5000,"영화관 업종 5,000원 청구할인"
https://www.card-gorilla.com/card/detail/89,54,할인,테마파크,50.0,,놀이공원 본인 자유이용권 50% 현장할인
https://www.card-gorilla.com/card/detail/91,56,적립,적립,2.0,,전월이용 실적조건 없이 모아포인트 0.8~2% 적립
https://www.card-gorilla.com/card/detail/91,56,무료서비스,공항라운지/PP,,,국내외 공항라운지 무료 이용 서비스
https://www.card-gorilla.com/card/detail/91,56,바우처,바우처,,,"프리미엄 기프트 서비스(연 1회, 택1)"
https://www.card-gorilla.com/card/detail/91,56,기타,프리미엄,,,프리미엄 투어 서비스
https://www.card-gorilla.com/card/detail/91,56,할인,주유,,60,"현대오일뱅크, S-OIL 주유 및 충전 시 리터당 60원 청구할인"
https://www.card-gorilla.com/card/detail/92,57,마일리지,대한항공,0.1,,"이용금액 1,000원당 대한항공 1~2 마일리지 적립"
https://www.card-gorilla.com/card/detail/92,57,무료서비스,공항라운지/PP,,,국내외 공항라운지 무료 이용 서비스
https://www.card-gorilla.com/card/detail/92,57,바우처,바우처,,,"프리미엄 기프트 서비스(연 1회, 택1)"
https://www.card-gorilla.com/card/detail/92,57,기타,프리미엄,,,프리미엄 투어 서비스
https://www.card-gorilla.com/card/detail/92,57,할인,주유,,60,"현대오일뱅크, S-OIL 주유 및 충전 시 리터당 60원 청구할인"
https://www.card-gorilla.com/card/detail/93,58,마일리지,아시아나항공,0.15,,"이용금액 1,000원당 아시아나항공 1.5~3 마일리지 적립"
https://www.card-gorilla.com/card/detail/93,58,무료서비스,공항라운지/PP,,,국내외 공항라운지 무료 이용 서비스
https://www.card-gorilla.com/card/detail/93,58,바우처,바우처,,,"프리미엄 기프트 서비스(연 1회, 택1)"
https://www.card-gorilla.com/card/detail/93,58,기타,프리미엄,,,프리미엄 투어 서비스
https://www.card-gorilla.com/card/detail/93,58,할인,주유,,60,"현대오일뱅크, S-OIL 주유 및 충전 시 리터당 60원 청구할인"
https://www.card-gorilla.com/card/detail/94,59,할인,모든가맹점,0.7,,모든 국내 가맹점 0.7%~1.0% 청구할인
https://www.card-gorilla.com/card/detail/94,59,할인,주유,,100,"S-OIL, 현대오일뱅크 리터당 60~100원 청구할인"
https://www.card-gorilla.com/card/detail/94,59,할인,대중교통,10.0,,대중교통 10% 청구할인
https://www.card-gorilla.com/card/detail/94,59,할인,카페,10.0,,"스타벅스, 폴바셋 10% 청구할인"
https://www.card-gorilla.com/card/detail/106,60,할인,주유,,60,"주유소, 충전소 업종 리터당 60원 청구할인 (전월실적 30만원 이상)"
https://www.card-gorilla.com/card/detail/106,60,할인,통신,10.0,,"전화요금, 인터넷이용료, 케이블TV 업종 10% 청구할인 (전월실적 30만원 이상)"
https://www.card-gorilla.com/card/detail/106,60,할인,교통,10.0,,"버스, 지하철, 택시 업종 10% 청구할인 (전월실적 30만원 이상)"
https://www.card-gorilla.com/card/detail/106,60,할인,생활,10.0,,"음식점, 커피전문점, 편의점, 약국 업종 10% 추가 청구할인 (전월실적 60만원 이상)"
https://www.card-gorilla.com/card/detail/106,60,할인,학원,10.0,,"학원, 휘트니스센터 업종 10% 추가 청구할인 (전월실적 120만원 이상)"
https://www.card-gorilla.com/card/detail/107,61,할인,충전소,,1500,"SK 충전소에서 건당 3만원이상 충전 시 1,500원 정액 청구할인"
https://www.card-gorilla.com/card/detail/107,61,할인,정비,,,스피드메이트 차량정비 현장할인 서비스
https://www.card-gorilla.com/card/detail/107,61,할인,패밀리레스토랑,10.0,,"3대 패밀리레스토랑(아웃백,VIPS,TGIF) 이용 시 10% 청구할인"
https://www.card-gorilla.com/card/detail/107,61,무이자할부,무이자할부,,,"백화점, 대형마트, 정비, 손해보험 업종 2~3개월 무이자할부 서비스"
https://www.card-gorilla.com/card/detail/108,62,적립,생활,,,특별 포인트리
https://www.card-gorilla.com/card/detail/108,62,적립,모든가맹점,,,기본 포인트리
https://www.card-gorilla.com/card/detail/108,62,적립,적립,,,보너스 포인트리
https://www.card-gorilla.com/card/detail/109,63,할인,주유소,,100,SK에너지 주유시 리터당 100원 청구할인
https://www.card-gorilla.com/card/detail/109,63,무료서비스,정비,,,"스피드메이트 엔진오일 무료교환, 차량정비 현장할인 서비스"
https://www.card-gorilla.com/card/detail/109,63,할인,대중교통,10.0,,"버스, 지하철 10% 청구할인"
https://www.card-gorilla.com/card/detail/112,64,할인,주유,,100,GS칼텍스 리터당 100원 현장할인
https://www.card-gorilla.com/card/detail/112,64,무료서비스,자동차/하이패스,,,GS오토오아시스 엔진오일 무료교환 및 정비 할인 서비스
https://www.card-gorilla.com/card/detail/112,64,할인,교통,10.0,,버스/지하철 10% 청구할인
https://www.card-gorilla.com/card/detail/112,64,적립,멤버십포인트,,,제휴서비스 및 제휴포인트
https://www.card-gorilla.com/card/detail/113,65,마일리지,항공마일리지,,,대한항공 마일리지 1~2마일 적립
https://www.card-gorilla.com/card/detail/114,66,마일리지,항공마일리지,,,아시아나 마일리지 1~2마일 적립
https://www.card-gorilla.com/card/detail/115,67,할인,주유,,60,"주유소, 충전소 업종 리터당 60원 청구할인 (전월실적 30만원 이상)"
https://www.card-gorilla.com/card/detail/115,67,할인,대형마트,10.0,,대형마트 10% 청구할인 (전월실적 30만원 이상)
https://www.card-gorilla.com/card/detail/115,67,할인,통신,10.0,,"전화요금, 인터넷이용료, 케이블TV 업종 10% 청구할인 (전월실적 30만원 이상)"
https://www.card-gorilla.com/card/detail/115,67,할인,교통,10.0,,"버스, 지하철, 택시 업종 10% 청구할인 (전월실적 30만원 이상)"
https://www.card-gorilla.com/card/detail/115,67,캐시백,해외,5.0,,해외이용(해외직구) 5% 할인 캐시백 (전월실적 30만원 이상)
https://www.card-gorilla.com/card/detail/115,67,할인,푸드,10.0,,"음식점, 커피전문점, 편의점, 약국 업종 10% 추가 청구할인 (전월실적 60만원 이상)"
https://www.card-gorilla.com/card/detail/115,67,할인,학원,10.0,,학원/피트니스 업종 10% 추가 청구할인 (전월실적 120만원 이상)
https://www.card-gorilla.com/card/detail/116,68,기타,선택형,,,홀릭's Choice (쇼핑홀릭 또는 푸드홀릭 중 택1)
https://www.card-gorilla.com/card/detail/116,68,할인,카페/디저트,10.0,,커피/제과/아이스크림 5~10% 할인
https://www.card-gorilla.com/card/detail/116,68,할인,뷰티/피트니스,10.0,,뷰티업종 최대 10% 할인
https://www.card-gorilla.com/card/detail/116,68,할인,교통,10.0,,"대중교통, 택시 10% 할인"
https://www.card-gorilla.com/card/detail/116,68,할인,APP,5.0,,앱카드 결제 시 5% 할인
https://www.card-gorilla.com/card/detail/116,68,할인,OTT/영화/문화,50.0,,"맥스무비 3,500원 할인 및 주요놀이공원 50%할인"
https://www.card-gorilla.com/card/detail/116,68,적립,기타,,,연간 리워드 1만점 적립
https://www.card-gorilla.com/card/detail/120,69,적립,적립,,,기본적립/생활속 추가적립 서비스
https://www.card-gorilla.com/card/detail/120,69,캐시백,해외,2.0,,해외이용 2.0% 할인 캐시백
https://www.card-gorilla.com/card/detail/120,69,할인,OTT/영화/문화,,3500,"맥스무비 영화 3,500원 현장할인"
https://www.card-gorilla.com/card/detail/120,69,할인,레저/스포츠,50.0,,놀이공원 30~50% 현장할인
https://www.card-gorilla.com/card/detail/121,70,할인,대중교통,10.0,,"버스, 지하철 10% 청구할인"
https://www.card-gorilla.com/card/detail/121,70,할인,통신,10.0,,"SKT, KT Olleh, LG U+ 10% 청구할인"
https://www.card-gorilla.com/card/detail/121,70,할인,주유소,,60,SK주유소(충전소) 리터당 60원 청구할인
https://www.card-gorilla.com/card/detail/121,70,할인,영화,,3500,"CGV/메가박스 온라인 영화예매시 승인건당 3,500원 청구 할인"
https://www.card-gorilla.com/card/detail/121,70,할인,테마파크,50.0,,"롯데월드, 에버랜드, 캐리비안베이 30~50% 할인"
https://www.card-gorilla.com/card/detail/121,70,캐시백,해외,5.0,,해외가맹점 5% 할인캐시백
https://www.card-gorilla.com/card/detail/121,70,할인,해외,,,KB투어할인 서비스
https://www.card-gorilla.com/card/detail/121,70,적립,선택형,,,선택 적립 서비스팩 - 생활/교육/쇼핑/직장인/레저팩 중 택 1
https://www.card-gorilla.com/card/detail/121,70,기타,기타,,,"연간 이용에 따른 다담리워드 서비스,
함께하는 기부 서비스"
https://www.card-gorilla.com/card/detail/122,71,할인,간편결제,5.0,,"삼성페이, Kmotion 오프라인 모바일결제 5% 청구할인"
https://www.card-gorilla.com/card/detail/122,71,할인,소셜커머스,5.0,,"위메프, 쿠팡, 티몬 3대 소셜커머스 5% 청구할인"
https://www.card-gorilla.com/card/detail/122,71,할인,통신,,3000,"SKT, KT, LGU+ 이동통신요금 최대 3,000원 청구할인"
https://www.card-gorilla.com/card/detail/122,71,할인,대중교통,5.0,,티머니 후불교통(버스/지하철) 5% 환급할인
https://www.card-gorilla.com/card/detail/125,72,할인,주유,,100,E1 LPG충전소 리터당 100원 청구할인
https://www.card-gorilla.com/card/detail/125,72,할인,레저/스포츠,10.0,,"골프장, 골프연습장 이용금액 10% 청구할인"
https://www.card-gorilla.com/card/detail/125,72,할인,쇼핑,10.0,,인터넷 쇼핑몰/소셜커머스 10% 청구할인
https://www.card-gorilla.com/card/detail/125,72,할인,푸드,10.0,,패밀리레스토랑 이용금액 10% 청구할인
https://www.card-gorilla.com/card/detail/125,72,할인,OTT/영화/문화,10.0,,CGV 영화관 이용금액 10% 청구할인
https://www.card-gorilla.com/card/detail/125,72,할인,교통,10.0,,대중교통 이용금액 10% 청구할인
https://www.card-gorilla.com/card/detail/126,73,마일리지,아시아나항공,0.1333,,"국내 가맹점 이용 시 1,500원당 2마일 적립
해외 가맹점 이용 시 1,500원당 3마일 적립"
https://www.card-gorilla.com/card/detail/127,74,적립,교통,5.0,,"대중교통, 택시 5% 적립"
https://www.card-gorilla.com/card/detail/127,74,적립,통신,5.0,,이동통신요금 5% 적립
https://www.card-gorilla.com/card/detail/127,74,적립,주유,,,"SK, GS칼텍스 주유소 리터당 100점 적립"
https://www.card-gorilla.com/card/detail/127,74,적립,카페/디저트,10.0,,"커피, 디저트 10% 적립"
https://www.card-gorilla.com/card/detail/127,74,적립,쇼핑,20.0,,SPA 패션 20% 적립
https://www.card-gorilla.com/card/detail/127,74,적립,OTT/영화/문화,20.0,,미술관 20% 적립
https://www.card-gorilla.com/card/detail/127,74,할인,테마파크,,,영화/놀이공원 현장할인
https://www.card-gorilla.com/card/detail/127,74,캐시백,해외이용,3.0,,해외이용금액 3% 할인 캐시백
https://www.card-gorilla.com/card/detail/127,74,적립,기타,,,플러스 O2O 적립 서비스
https://www.card-gorilla.com/card/detail/127,74,무료서비스,기타,,,서비스 제공 조건 및 적립한도
https://www.card-gorilla.com/card/detail/129,75,할인,카페/디저트,50.0,,[Great 서비스] 스타벅스 50% 청구할인
https://www.card-gorilla.com/card/detail/129,75,할인,패스트푸드,20.0,,[Enjoy 서비스] 버거/패스트푸드 업종 20% 청구할인
https://www.card-gorilla.com/card/detail/129,75,할인,간편결제,10.0,,[Check 서비스] 간편결제(Pay) 10% 청구할인
https://www.card-gorilla.com/card/detail/129,75,할인,생활,10.0,,"[Basic 서비스] 대중교통, 택시/이동통신요금 10% 청구할인"
https://www.card-gorilla.com/card/detail/130,76,기타,바우처,,,"쿠폰서비스
(카드 발급 첫해:100만원이상 이용 시, 다음해 이후:전년도 1000만원 이상 이용 시)"
https://www.card-gorilla.com/card/detail/130,76,적립,적립,,,포인트리 적립
https://www.card-gorilla.com/card/detail/130,76,기타,프리미엄,,,BeV Ⅴ카드 공통 서비스
https://www.card-gorilla.com/card/detail/131,77,기타,바우처,,,"쿠폰서비스
(카드 발급 첫해:100만원이상 이용 시, 다음해 이후:전년도 1000만원 이상 이용 시)"
https://www.card-gorilla.com/card/detail/131,77,마일리지,항공마일리지,,,대한항공 마일리지 적립
https://www.card-gorilla.com/card/detail/131,77,기타,프리미엄,,,BeV Ⅴ카드 공통 서비스
https://www.card-gorilla.com/card/detail/132,78,적립,편의점,20.0,,편의점 20% 포인트리 적립
https://www.card-gorilla.com/card/detail/132,78,적립,푸드,5.0,,음식점 5% 포인트리 적립
https://www.card-gorilla.com/card/detail/132,78,적립,택시,5.0,,택시 이용금액 5% 포인트리 적립
https://www.card-gorilla.com/card/detail/132,78,적립,통신,5.0,,이동통신요금 5% 포인트리 적립
https://www.card-gorilla.com/card/detail/132,78,적립,공과금,5.0,,"도시가스, 수도, 전기요금 등 생활요금 5% 포인트리 적립"
https://www.card-gorilla.com/card/detail/132,78,적립,온라인쇼핑,5.0,,인터넷쇼핑몰 5% 포인트리 적립
https://www.card-gorilla.com/card/detail/132,78,적립,여행/숙박,5.0,,"숙박앱, 렌트앱 이용 시 5% 포인트리 적립"
https://www.card-gorilla.com/card/detail/132,78,적립,배달앱,5.0,,배달앱 이용 시 5% 포인트리 적립
https://www.card-gorilla.com/card/detail/132,78,할인,영화,,3500,"맥스무비 영화 예매 시 1매당 3,500원 현장할인"
https://www.card-gorilla.com/card/detail/132,78,적립,기타,5.0,,카카오프렌즈 캐릭터샵 이용 시 5% 포인트리 적립
https://www.card-gorilla.com/card/detail/133,79,기타,바우처,,,쿠폰서비스
https://www.card-gorilla.com/card/detail/133,79,할인,주유,,,주유 할인
https://www.card-gorilla.com/card/detail/133,79,적립,적립,,,포인트리 적립
https://www.card-gorilla.com/card/detail/133,79,기타,프리미엄,,,BeV Ⅲ카드 우대 서비스
https://www.card-gorilla.com/card/detail/134,80,적립,주유,,,전 주유소 및 충전소 110~150점/L 적립
https://www.card-gorilla.com/card/detail/134,80,할인,보험,,,다이렉트 자동차보험 1만원 할인
https://www.card-gorilla.com/card/detail/134,80,적립,정비,5.0,,"차량정비, 주차장, 세차장 업종 5% 적립"
https://www.card-gorilla.com/card/detail/134,80,적립,통신,5.0,,이동통신 3사 자동납부 5% 적립
https://www.card-gorilla.com/card/detail/134,80,적립,기타,5.0,,플러스 O2O 이용금액 5% 적립
https://www.card-gorilla.com/card/detail/134,80,할인,OTT/영화/문화,,3500,"맥스무비 영화 예매 시 3,500원 현장할인"
https://www.card-gorilla.com/card/detail/134,80,할인,테마파크,50.0,,놀이공원 30~50% 현장할인
https://www.card-gorilla.com/card/detail/136,81,적립,모든가맹점,0.7,,국내 전 가맹점 0.7% 기본적립
https://www.card-gorilla.com/card/detail/136,81,캐시백,해외,3.0,,해외이용금액 3% 할인 캐시백
https://www.card-gorilla.com/card/detail/138,82,마일리지,대한항공,0.0667,,"[대한항공 마일리지]
가맹점 신판입금액 1,500원당 1마일 적립"
https://www.card-gorilla.com/card/detail/138,82,마일리지,대한항공,,,대한항공 마일리지 적립기준
https://www.card-gorilla.com/card/detail/139,83,마일리지,아시아나항공,0.1,,"[아시아나 마일리지]
가맹점 신판입금액 1,000원당 1마일 적립"
https://www.card-gorilla.com/card/detail/139,83,마일리지,아시아나항공,,,아시아나 마일리지 운영기준
https://www.card-gorilla.com/card/detail/139,83,적립,적립,,,포인트리 적립
https://www.card-gorilla.com/card/detail/140,84,할인,충전소,,1800,"3만원 이상 충전 시 건당 1,800원 정액 청구할인"
https://www.card-gorilla.com/card/detail/140,84,할인,정비,,,스피드메이트 차량정비 현장할인 서비스
https://www.card-gorilla.com/card/detail/140,84,할인,패밀리레스토랑,10.0,,"3대 패밀리레스토랑(아웃백,VIPS,TGIF) 이용 시 10% 청구할인"
https://www.card-gorilla.com/card/detail/140,84,할인,영화,,3500,"맥스무비 1매당 3,500원 할인(본인회원 한정)"
https://www.card-gorilla.com/card/detail/140,84,무이자할부,무이자할부,,,"백화점, 대형마트, 정비, 손해보험 업종 2~3개월 무이자할부 서비스"
https://www.card-gorilla.com/card/detail/141,85,할인,애완동물,30.0,,반려동물 업종 10~30% 청구할인
https://www.card-gorilla.com/card/detail/141,85,할인,대형마트,5.0,,"이마트, 홈플러스, 롯데마트 5% 청구할인"
https://www.card-gorilla.com/card/detail/141,85,무료서비스,애완동물,,,반려견 단체보험 무료 가입
https://www.card-gorilla.com/card/detail/142,86,할인,간편결제,40.0,,간편결제(Pay) 20~40% 청구할인
https://www.card-gorilla.com/card/detail/142,86,할인,대중교통,10.0,,"대중교통(버스, 지하철) 10% 청구할인"
https://www.card-gorilla.com/card/detail/142,86,할인,편의점,10.0,,"편의점(GS25, CU) 10% 청구할인"
https://www.card-gorilla.com/card/detail/143,87,기타,APP,,,실물 없는 모바일 단독카드
https://www.card-gorilla.com/card/detail/143,87,할인,푸드,,,"[꿀맛α Food 할인서비스]
음식업종 건당 2천원 청구할인"
https://www.card-gorilla.com/card/detail/143,87,할인,배달앱,,,"[꿀맛α Food 할인서비스]
배달 App 건당 2천원 청구할인"
https://www.card-gorilla.com/card/detail/143,87,할인,카페/디저트,,,"[꿀맛α Food 할인서비스]
커피/제과 업종 건당 1천원 청구할인"
https://www.card-gorilla.com/card/detail/143,87,할인,할인,5.0,,알파원 오토체인지 해시태그 가맹점 5% 청구할인
https://www.card-gorilla.com/card/detail/144,88,기타,APP,,,실물 없는 모바일 단독카드
https://www.card-gorilla.com/card/detail/144,88,할인,여행/숙박,20.0,,"[꿀잠α Relax 할인서비스]
숙박/숙박App 20% 청구할인"
https://www.card-gorilla.com/card/detail/144,88,할인,교통,20.0,,"[꿀잠α Relax 할인서비스]
여객/운송 20% 청구할인"
https://www.card-gorilla.com/card/detail/144,88,할인,인테리어,20.0,,"[꿀잠α Relax 할인서비스]
인테리어 20% 청구할인"
https://www.card-gorilla.com/card/detail/144,88,캐시백,캐시백,3.0,,꿀잠α 해외 가맹점 3% 캐시백
https://www.card-gorilla.com/card/detail/144,88,할인,할인,5.0,,알파원 오토체인지 해시태그 가맹점 5% 청구할인
https://www.card-gorilla.com/card/detail/145,89,기타,APP,,,실물 없는 모바일 단독카드
https://www.card-gorilla.com/card/detail/145,89,할인,레저/스포츠,50.0,,"[꿀잼α Fun 할인서비스]
놀이업종 50%, 스포츠/레저 20% 청구할인"
https://www.card-gorilla.com/card/detail/145,89,할인,공연/전시,20.0,,"[꿀잼α Fun 할인서비스]
공연/음악 20% 청구할인"
https://www.card-gorilla.com/card/detail/145,89,할인,영화,,,"[꿀잼α Fun 할인서비스]
영화 건당 4천원 청구할인"
https://www.card-gorilla.com/card/detail/145,89,할인,할인,5.0,,알파원 오토체인지 해시태그 가맹점 5% 청구할인
https://www.card-gorilla.com/card/detail/146,90,적립,선택형,0.7,,"[적립형] 국내/외 전 가맹점 0.7% 기본적립, 7대 영역 중 월간 이용횟수가 가장 높은 2개 영역 3% 추가적립"
https://www.card-gorilla.com/card/detail/146,90,할인,선택형,0.7,,"[할인형] 국내/외 전 가맹점 0.7% 기본할인, 7대 영역 중 월간 이용횟수가 가장 높은 2개 영역 5% 추가할인"
https://www.card-gorilla.com/card/detail/146,90,적립,선택형,,,추가 적립/할인 7대 영역 안내
https://www.card-gorilla.com/card/detail/148,91,할인,삼성페이,10.0,,삼성페이 10% 할인서비스
https://www.card-gorilla.com/card/detail/148,91,할인,생활,5.0,,주요 생활영역 5% 할인서비스
https://www.card-gorilla.com/card/detail/152,92,할인,학원,7.0,,"교육 업종(학원, 학습지 등) 5~7% 청구할인"
https://www.card-gorilla.com/card/detail/152,92,할인,약국,10.0,,약국 이용 시 10% 청구할인
https://www.card-gorilla.com/card/detail/156,93,적립,쇼핑,10.0,,쇼핑서비스 대상 가맹점 5~10% 적립
https://www.card-gorilla.com/card/detail/156,93,적립,통신,5.0,,이동통신요금 자동이체 시 5% 적립
https://www.card-gorilla.com/card/detail/156,93,적립,대중교통,5.0,,"버스, 지하철 이용시 5% 적립"
https://www.card-gorilla.com/card/detail/156,93,기타,은행사,,,금융 수수료 면제
https://www.card-gorilla.com/card/detail/156,93,기타,기타,,,기타서비스
https://www.card-gorilla.com/card/detail/162,94,할인,쇼핑,5.0,,"전국 주요 쇼핑업종, 모든 해외가맹점 청구할인 5% 할인(월5천원~2만5천원)"
https://www.card-gorilla.com/card/detail/162,94,할인,테마파크,,,전국 주요 놀이공원 할인
https://www.card-gorilla.com/card/detail/163,95,할인,쇼핑,7.0,,"전국 주요 쇼핑업종, 모든 해외가맹점 청구할인 7% 할인(월5천원~5만원)"
https://www.card-gorilla.com/card/detail/163,95,할인,카페,,,"스타벅스(사이렌오더 포함), 카페베네, 커피빈, 탐앤탐스 4천원 할인"
https://www.card-gorilla.com/card/detail/163,95,할인,테마파크,,,전국 주요 놀이공원 할인
https://www.card-gorilla.com/card/detail/164,96,할인,푸드,7.0,,전국 음식점 7% 청구할인(해외포함)
https://www.card-gorilla.com/card/detail/164,96,할인,교통,7.0,,전국 대중교통 7% 청구할인(해외포함)
https://www.card-gorilla.com/card/detail/164,96,할인,온라인쇼핑,7.0,,국내외 온라인쇼핑 7% 청구할인
https://www.card-gorilla.com/card/detail/164,96,할인,카페,30.0,,국내외 커피전문점 30% 청구할인
https://www.card-gorilla.com/card/detail/164,96,할인,테마파크,,,전국 주요 놀이공원 할인
https://www.card-gorilla.com/card/detail/166,97,할인,모든가맹점,1.0,,국내·외 전 가맹점 0.7~1% 청구할인
https://www.card-gorilla.com/card/detail/167,98,할인,모든가맹점,1.4,,국내·외 전 가맹점 0.7~1.4% 청구할인
https://www.card-gorilla.com/card/detail/167,98,할인,교통,5.0,,대중교통 및 통신요금 5% 청구할인
https://www.card-gorilla.com/card/detail/167,98,기타,프리미엄,,,프리미엄 서비스
https://www.card-gorilla.com/card/detail/174,99,기타,국민행복,,,"임신출산, 보육료/유아학비 등 지원"
https://www.card-gorilla.com/card/detail/174,99,기타,멤버십포인트,,,그린카드 멤버십 서비스 (공통 서비스)
https://www.card-gorilla.com/card/detail/174,99,기타,기타,,,공통서비스
https://www.card-gorilla.com/card/detail/174,99,바우처,바우처,,,각종 바우처 제공
https://www.card-gorilla.com/card/detail/175,100,적립,모든가맹점,10.0,,농협판매장 이용 시 10% NH포인트 적립
https://www.card-gorilla.com/card/detail/175,100,기타,멤버십포인트,,,"제휴서비스(OK Cashbag, GS&Point, POP)"
https://www.card-gorilla.com/card/detail/176,101,할인,홈쇼핑,6.0,,6대 홈쇼핑 이용액 6% 할인
https://www.card-gorilla.com/card/detail/176,101,할인,생활,,,"패밀리레스토랑, 커피, 영화 등 할인"
https://www.card-gorilla.com/card/detail/185,102,할인,생활,,,아파트관리비 최대 1만원 할인
https://www.card-gorilla.com/card/detail/185,102,할인,쇼핑,,,쇼핑 최대 1만원 할인
https://www.card-gorilla.com/card/detail/185,102,할인,학원,5.0,,학원 업종 5% 할인
https://www.card-gorilla.com/card/detail/185,102,할인,카페,5.0,,"커피, 베이커리 5% 할인"
https://www.card-gorilla.com/card/detail/186,103,할인,마트/편의점,10.0,,농협 판매장 10% 할인
https://www.card-gorilla.com/card/detail/186,103,할인,생활,10.0,,생활 업종 10% 할인
https://www.card-gorilla.com/card/detail/186,103,할인,온라인쇼핑,10.0,,농협몰 10% 할인
https://www.card-gorilla.com/card/detail/186,103,할인,통신,10.0,,통신요금 10% 할인
https://www.card-gorilla.com/card/detail/186,103,적립,기타,,,에코머니 포인트 적립
https://www.card-gorilla.com/card/detail/191,104,할인,SKT,,,SKT라이트할부 및 통신료 할인 서비스
https://www.card-gorilla.com/card/detail/191,104,할인,카페/디저트,,,생활 할인 서비스
https://www.card-gorilla.com/card/detail/191,104,무료서비스,테마파크,,,전국 주요 놀이공원 무료입장 또는 할인
https://www.card-gorilla.com/card/detail/192,105,할인,KT,,,"KT라이트할부 서비스
KT통신요금(자동이체) 할인 서비스"
https://www.card-gorilla.com/card/detail/192,105,할인,생활,10.0,,"커피, 베이커리, 아이스크림 10% 청구할인
영화 CGV 1천원 청구할인"
https://www.card-gorilla.com/card/detail/192,105,할인,테마파크,,,전국 주요 놀이공원 할인
https://www.card-gorilla.com/card/detail/193,106,할인,LGU+,,17000,"LGU+ 라이트할부 및 통신료 자동이체 최대 17,000원 할인"
https://www.card-gorilla.com/card/detail/193,106,할인,생활,10.0,,"커피, 베이커리 10% 청구할인 및 CGV 1,000원 청구할인"
https://www.card-gorilla.com/card/detail/193,106,할인,테마파크,50.0,,전국 주요 놀이공원 30~50% 할인
https://www.card-gorilla.com/card/detail/194,107,적립,적립,,,더블포인트 적립 서비스
https://www.card-gorilla.com/card/detail/194,107,무이자할부,무이자할부,,,6개월 슬림할부(부분 무이자할부) 서비스
https://www.card-gorilla.com/card/detail/197,108,할인,할인,5.0,,쇼핑업종 5% + 대중교통 10% 할인
https://www.card-gorilla.com/card/detail/198,109,할인,할인,5.0,,쇼핑업종 5% + 이동통신 10% 할인
https://www.card-gorilla.com/card/detail/199,110,할인,할인,5.0,,쇼핑업종 5% + 점심시간(12~14시) 음식점 10% 할인
https://www.card-gorilla.com/card/detail/199,110,기타,NEW 씨티 클리어,,,씨티카드
https://www.card-gorilla.com/card/detail/200,111,할인,쇼핑,,,쇼핑+해외이용금액 할인
https://www.card-gorilla.com/card/detail/201,112,할인,백화점,15.0,,롯데백화점 15% 결제일할인
https://www.card-gorilla.com/card/detail/201,112,할인,백화점,5.0,,롯데백화점 5% 현장할인 e-쿠폰 제공
https://www.card-gorilla.com/card/detail/201,112,기타,무이자할부,,,롯데백화점 12개월 할부서비스
https://www.card-gorilla.com/card/detail/201,112,기타,멤버십포인트,,,L.POINT
https://www.card-gorilla.com/card/detail/203,113,할인,모든가맹점,1.0,,[다 할인 서비스] 모든 가맹점 1% 청구할인
https://www.card-gorilla.com/card/detail/203,113,할인,대중교통,1.5,,[더 할인 서비스] 교통 1.5% 청구할인
https://www.card-gorilla.com/card/detail/203,113,할인,통신,1.5,,[더 할인 서비스] 통신 1.5% 청구할인
https://www.card-gorilla.com/card/detail/203,113,할인,대형마트,1.5,,[더 할인 서비스] 마트 1.5% 청구할인
https://www.card-gorilla.com/card/detail/203,113,할인,주유소,1.5,,[더 할인 서비스] 주유 1.5% 청구할인
https://www.card-gorilla.com/card/detail/203,113,할인,해외이용,1.5,,[더 할인 서비스] 해외 1.5% 청구할인
https://www.card-gorilla.com/card/detail/204,114,적립,모든가맹점,1.0,,[다 적립 서비스] 모든 가맹점 1% 적립
https://www.card-gorilla.com/card/detail/204,114,적립,대중교통,1.5,,[더 적립 서비스] 교통 1.5% 적립
https://www.card-gorilla.com/card/detail/204,114,적립,통신,1.5,,[더 적립 서비스] 통신 1.5% 적립
https://www.card-gorilla.com/card/detail/204,114,적립,대형마트,1.5,,[더 적립 서비스] 마트 1.5% 적립
https://www.card-gorilla.com/card/detail/204,114,적립,주유소,1.5,,[더 적립 서비스] 주유 1.5% 적립
https://www.card-gorilla.com/card/detail/204,114,적립,해외이용,1.5,,[더 적립 서비스] 해외 1.5% 적립
https://www.card-gorilla.com/card/detail/205,115,할인,공과금,5.0,,"통신비, 주거비, 교육비 5% 할인"
https://www.card-gorilla.com/card/detail/205,115,할인,대형마트,5.0,,주말 식료품비 5% 할인
https://www.card-gorilla.com/card/detail/205,115,할인,생활,5.0,,"의료비, 교통비, 편의점 5% 할인"
https://www.card-gorilla.com/card/detail/206,116,할인,주유,,80,주유소(가스충전소) 리터당 80원 할인
https://www.card-gorilla.com/card/detail/206,116,할인,정비,,,스피드메이트 엔진오일 할인 제공
https://www.card-gorilla.com/card/detail/206,116,할인,교통,10.0,,"시내버스, 지하철, 택시 10% 할인"
https://www.card-gorilla.com/card/detail/206,116,할인,쇼핑,10.0,,롯데마트 10% 할인
https://www.card-gorilla.com/card/detail/207,117,기타,기타,,,경차 유류세 환급
https://www.card-gorilla.com/card/detail/207,117,할인,주유소,,,주유 할인 서비스
https://www.card-gorilla.com/card/detail/207,117,할인,대중교통,,,교통 할인 서비스
https://www.card-gorilla.com/card/detail/207,117,할인,쇼핑,,,쇼핑 할인 서비스
https://www.card-gorilla.com/card/detail/207,117,할인,정비,,,정비(엔진오일) 할인 서비스
https://www.card-gorilla.com/card/detail/207,117,할인,헤어,20.0,,미용실 최대 20% 할인
https://www.card-gorilla.com/card/detail/207,117,할인,테마파크,,,놀이공원 할인
https://www.card-gorilla.com/card/detail/207,117,할인,경기관람,20.0,,롯데 자이언츠 20% 할인
https://www.card-gorilla.com/card/detail/207,117,할인,영화,30.0,,"뮤지컬, 연극 등 공연 10~30% 할인"
https://www.card-gorilla.com/card/detail/207,117,할인,패밀리레스토랑,,,외식 할인
https://www.card-gorilla.com/card/detail/214,118,할인,공과금,10.0,,"월납생활비 - 이동통신, 공과금, 교육, 보험 5~10% 결제일 할인"
https://www.card-gorilla.com/card/detail/214,118,할인,대형마트,10.0,,주말생활비 - 마트/슈퍼 5~10% 결제일 할인
https://www.card-gorilla.com/card/detail/214,118,할인,생활,10.0,,"일상생활비 - 의료, 교통, 편의점 5~10% 결제일 할인"
https://www.card-gorilla.com/card/detail/215,119,할인,일반음식점,5.0,,언제나 할인 - 음식점 5% 결제일 할인
https://www.card-gorilla.com/card/detail/215,119,할인,대중교통,10.0,,"출퇴근 할인 - 시내버스, 지하철 10% 결제일 할인"
https://www.card-gorilla.com/card/detail/215,119,할인,점심,10.0,,"점심 할인 - 음식점 10%, 커피 30% 결제일 할인"
https://www.card-gorilla.com/card/detail/215,119,할인,온라인쇼핑,,,퇴근 후 할인 - 온라인쇼핑 10만원 이상 결제 시 5천원 결제일 할인
https://www.card-gorilla.com/card/detail/215,119,할인,영화,,,"주말 할인 - 롯데시네마, CGV 1만원 이상 결제 시 3천원 결제일 할인"
https://www.card-gorilla.com/card/detail/217,120,할인,주유,,60,주말 주유 리터당 60원 할인
https://www.card-gorilla.com/card/detail/217,120,할인,푸드,10.0,,야간요식 5~10% 결제일 할인
https://www.card-gorilla.com/card/detail/217,120,할인,쇼핑,10.0,,"쇼핑(소셜커머스, SPA브랜드, 편의점) 5~10% 결제일 할인"
https://www.card-gorilla.com/card/detail/217,120,할인,병원/약국,10.0,,"헬스케어(병원, 약국, 동물병원) 5~10% 결제일 할인"
https://www.card-gorilla.com/card/detail/217,120,할인,교통,10.0,,"대중교통(시내버스, 지하철, 택시) 5~10% 결제일 할인"
https://www.card-gorilla.com/card/detail/227,121,할인,SKT,,15000,"SK텔레콤 이동통신 요금 최대 15,000원 청구할인"
https://www.card-gorilla.com/card/detail/227,121,할인,주유소,,150,"SK주유소 리터당 최대 150원 청구할인
SK충전소 리터당 최대 70원 청구할인"
https://www.card-gorilla.com/card/detail/227,121,할인,생활,10.0,,"교통, 영화, 외식, 커피 등 최대 10% 청구할인"
https://www.card-gorilla.com/card/detail/227,121,할인,대형마트,10.0,,"이마트, 홈플러스, 롯데마트 최대 10% 청구할인"
https://www.card-gorilla.com/card/detail/227,121,할인,학원,10.0,,학원 업종 최대 10% 청구할인
https://www.card-gorilla.com/card/detail/227,121,기타,멤버십포인트,,,SK멤버십 서비스
https://www.card-gorilla.com/card/detail/227,121,기타,프리미엄 서비스,,,브랜드 서비스
https://www.card-gorilla.com/card/detail/227,121,기타,기타,,,"면세점/여행 관련 서비스,
하나은행 결제 계좌 고객 우대 서비스"
https://www.card-gorilla.com/card/detail/228,122,할인,모든가맹점,0.8,,모든 가맹점 0.8% 청구할인
https://www.card-gorilla.com/card/detail/228,122,할인,온라인쇼핑,1.3,,온라인 가맹점 1.3% 청구할인
https://www.card-gorilla.com/card/detail/228,122,할인,APP,1.4,,1Q Pay 이용시 온라인 가맹점 1.4% 청구할인
https://www.card-gorilla.com/card/detail/231,123,적립,공과금,,,국내 특화가맹점/해외 모든가맹점 하나머니 적립
https://www.card-gorilla.com/card/detail/231,123,할인,카페,,,"스타벅스, 커피빈 할인"
https://www.card-gorilla.com/card/detail/231,123,적립,생활,,,아파트관리비 자동이체 시 하나머니 적립
https://www.card-gorilla.com/card/detail/231,123,기타,기타,,,하나멤버스 서비스
https://www.card-gorilla.com/card/detail/232,124,적립,쇼핑,,,국내 특화가맹점/해외 모든가맹점 하나머니 적립
https://www.card-gorilla.com/card/detail/232,124,할인,카페,,,"스타벅스, 커피빈 할인"
https://www.card-gorilla.com/card/detail/232,124,적립,생활,,,아파트관리비 자동이체 시 하나머니 적립
https://www.card-gorilla.com/card/detail/232,124,기타,기타,,,하나멤버스 서비스
https://www.card-gorilla.com/card/detail/234,125,적립,모든가맹점,,,Daily/Monthly 하나머니 적립
https://www.card-gorilla.com/card/detail/234,125,할인,카페,,,"스타벅스, 커피빈 할인"
https://www.card-gorilla.com/card/detail/234,125,적립,생활,,,아파트관리비 자동이체 시 하나머니 적립
https://www.card-gorilla.com/card/detail/234,125,기타,기타,,,하나멤버스 서비스
https://www.card-gorilla.com/card/detail/237,126,적립,선택형,,,6개 영역 중 선택한 3개 영역 하나머니 적립
https://www.card-gorilla.com/card/detail/237,126,적립,온라인쇼핑,,,온라인쇼핑 적립(공통서비스)
https://www.card-gorilla.com/card/detail/237,126,적립,통신,,,통신요금 적립(공통서비스)
https://www.card-gorilla.com/card/detail/237,126,적립,교통,,,대중교통 적립(공통서비스)
https://www.card-gorilla.com/card/detail/237,126,적립,영화,,,영화 적립(공통서비스)
https://www.card-gorilla.com/card/detail/237,126,기타,프리미엄 서비스,,,옵션서비스(프리미엄 부가서비스)
https://www.card-gorilla.com/card/detail/238,127,적립,적립,0.3,,"[데일리 적립]
전월실적에 따라 0.3%~1.0% 하나머니 적립(적립한도 없음)"
https://www.card-gorilla.com/card/detail/238,127,적립,적립,,,"[플러스 적립]
온라인쇼핑, 통신/교통/자동이체, 해외영역별 이번달 합산 이용금액 10만원 이상시 5천 하나머니 적립"
https://www.card-gorilla.com/card/detail/238,127,할인,주유,,,SK주유소 월 최대 6천원 청구할인
https://www.card-gorilla.com/card/detail/238,127,할인,카페,,,스타벅스/커피빈 4천원 이상 결제시 4천원 청구할인
https://www.card-gorilla.com/card/detail/238,127,적립,공과금,,,"이번달 아파트관리비 / 4대보험 자동이체 금액
합산 10만원 이상일 때 5천 하나머니 적립"
https://www.card-gorilla.com/card/detail/239,128,적립,적립,,,"[쇼핑 적립]
마트, 백화점 이용금액 하나머니 적립(월 최대 4만 머니)"
https://www.card-gorilla.com/card/detail/239,128,적립,적립,,,"[플러스 적립]
온라인쇼핑, 통신/교통/자동이체, 해외영역별 이번달 합산 이용금액 10만원 이상시 5천 하나머니 적립"
https://www.card-gorilla.com/card/detail/239,128,할인,주유,,,SK주유소 월 최대 6천원 청구할인
https://www.card-gorilla.com/card/detail/239,128,할인,카페,,,스타벅스/커피빈 4천원 이상 결제시 4천원 청구할인
https://www.card-gorilla.com/card/detail/239,128,적립,공과금,,,"이번달 아파트관리비 / 4대보험 자동이체 금액
합산 10만원 이상일 때 5천 하나머니 적립"
https://www.card-gorilla.com/card/detail/240,129,적립,생활,,,"[리빙 적립]
주유, 학원 이용금액 하나머니 적립(월 최대 4만 머니)"
https://www.card-gorilla.com/card/detail/240,129,적립,적립,,,"[플러스 적립]
온라인쇼핑, 통신/교통/자동이체, 해외영역별 이번달 합산 이용금액 10만원 이상시 5천 하나머니 적립"
https://www.card-gorilla.com/card/detail/240,129,할인,SSM,,,국내 SSM 1만원 이상 결제할 때마다 1천원 청구할인
https://www.card-gorilla.com/card/detail/240,129,할인,카페,,,스타벅스/커피빈 4천원 이상 결제시 4천원 청구할인
https://www.card-gorilla.com/card/detail/240,129,적립,공과금,,,"이번달 아파트관리비 / 4대보험 자동이체 금액
합산 10만원 이상일 때 5천 하나머니 적립"
https://www.card-gorilla.com/card/detail/241,130,적립,쇼핑,,,쇼핑 또는 주유 이용금액 스페셜 적립
https://www.card-gorilla.com/card/detail/241,130,적립,생활,,,"온라인쇼핑, 통신/교통/자동이체, 해외 이용금액 플러스적립"
https://www.card-gorilla.com/card/detail/241,130,할인,일반음식점,,,국내 음식업종 할인
https://www.card-gorilla.com/card/detail/241,130,할인,카페,,4000,"스타벅스, 커피빈 4,000원 할인"
https://www.card-gorilla.com/card/detail/241,130,적립,공과금/렌탈,,,"아파트관리비, 4대보험 적립"
https://www.card-gorilla.com/card/detail/242,131,적립,항공마일리지,,,HANA Mile 적립
https://www.card-gorilla.com/card/detail/242,131,할인,카페,,4000,"스타벅스 4,000원 청구할인"
https://www.card-gorilla.com/card/detail/242,131,할인,영화,,4000,"CGV, 롯데시네마 4,000원 청구할인"
https://www.card-gorilla.com/card/detail/243,132,적립,항공마일리지,,,HANA Mile 적립
https://www.card-gorilla.com/card/detail/243,132,할인,카페,,4000,"스타벅스 4,000원 청구할인"
https://www.card-gorilla.com/card/detail/243,132,할인,영화,,4000,"CGV, 롯데시네마 4,000원 청구할인"
https://www.card-gorilla.com/card/detail/244,133,적립,항공마일리지,,,HANA Mile 적립
https://www.card-gorilla.com/card/detail/244,133,무료서비스,공항라운지/PP,,,Priority Pass카드 무료 제공
https://www.card-gorilla.com/card/detail/244,133,할인,카페/디저트,,4000,"스타벅스 4,000원 청구할인"
https://www.card-gorilla.com/card/detail/244,133,할인,OTT/영화/문화,,4000,"CGV, 롯데시네마 4,000원 청구할인"
https://www.card-gorilla.com/card/detail/245,134,적립,항공마일리지,,,HANA Mile 적립
https://www.card-gorilla.com/card/detail/245,134,무료서비스,공항라운지/PP,,,Priority Pass카드 무료 제공
https://www.card-gorilla.com/card/detail/245,134,할인,카페/디저트,,4000,"스타벅스 4,000원 청구할인"
https://www.card-gorilla.com/card/detail/245,134,할인,OTT/영화/문화,,4000,"CGV, 롯데시네마 4,000원 청구할인"
https://www.card-gorilla.com/card/detail/246,135,할인,카페,50.0,,스타벅스 30~50% 청구할인
https://www.card-gorilla.com/card/detail/246,135,할인,통신,10.0,,이동통신요금 자동이체 시 10% 청구할인
https://www.card-gorilla.com/card/detail/246,135,할인,온라인쇼핑,5.0,,"온라인쇼핑, 소셜커머스 5% 청구할인"
https://www.card-gorilla.com/card/detail/247,136,할인,생활,,,"기본서비스(커피, 편의점, 통신, 영화할인)"
https://www.card-gorilla.com/card/detail/247,136,할인,선택형,,,"선택서비스(쇼핑, 주유할인)"
https://www.card-gorilla.com/card/detail/247,136,할인,대중교통,,,"우대PLUS서비스(대중교통, 외식할인)"
https://www.card-gorilla.com/card/detail/247,136,할인,테마파크,,,주요 놀이공원 현장할인
https://www.card-gorilla.com/card/detail/248,137,할인,생활,,,"기본서비스(교육, 아파트관리비, 통신, 영화할인)"
https://www.card-gorilla.com/card/detail/248,137,할인,선택형,,,"선택서비스(쇼핑, 주유할인)"
https://www.card-gorilla.com/card/detail/248,137,할인,대형마트,,,"우대PLUS서비스(대형마트, 외식할인)"
https://www.card-gorilla.com/card/detail/248,137,할인,테마파크,,,주요 놀이공원 현장할인
https://www.card-gorilla.com/card/detail/250,138,할인,대중교통,,,대중교통 청구할인
https://www.card-gorilla.com/card/detail/250,138,할인,편의점,,,편의점 청구할인
https://www.card-gorilla.com/card/detail/250,138,할인,카페,,,커피 청구할인
https://www.card-gorilla.com/card/detail/251,139,적립,해외,1.0,,"해외가맹점 결제 시 국제브랜드 수수료 1% 면제
해외이용 및 해외직구 이용금액 하나머니 적립"
https://www.card-gorilla.com/card/detail/251,139,적립,여행/숙박,,,"저가항공(LCC), 면세점 이용금액 하나머니 적립"
https://www.card-gorilla.com/card/detail/251,139,적립,적립,,,"온라인쇼핑, 통신/교통/자동이체 이용금액 하나머니 적립"
https://www.card-gorilla.com/card/detail/251,139,할인,영화,,,국내 영화관 영화표 1만원 이상 결제하면 5천원 청구할인
https://www.card-gorilla.com/card/detail/252,140,할인,모든가맹점,0.7,,국내 가맹점 0.7% 청구할인
https://www.card-gorilla.com/card/detail/252,140,할인,온라인쇼핑,1.7,,국내 온라인 가맹점 1.7% 청구할인
https://www.card-gorilla.com/card/detail/252,140,할인,해외,1.7,,해외 가맹점 1.7% 청구할인
https://www.card-gorilla.com/card/detail/254,141,적립,점심,10.0,,점심시간 국내 일반음식점에서 10% 적립
https://www.card-gorilla.com/card/detail/254,141,적립,적립,,,국내 적립대상 가맹점 일시불/할부 이용 금액에 따라 하나머니 적립
https://www.card-gorilla.com/card/detail/254,141,적립,선택형,5.0,,6가지 옵션 중 선택한 적립대상 가맹점에서 5% 적립
https://www.card-gorilla.com/card/detail/270,142,할인,화장품,,,아모레퍼시픽 할인
https://www.card-gorilla.com/card/detail/270,142,할인,영화,,,영화 할인
https://www.card-gorilla.com/card/detail/270,142,할인,카페,,,커피전문점 할인
https://www.card-gorilla.com/card/detail/270,142,할인,대중교통,,,대중교통 할인
https://www.card-gorilla.com/card/detail/270,142,할인,주유소,,,주유소 할인
https://www.card-gorilla.com/card/detail/270,142,할인,편의점,,,편의점 할인
https://www.card-gorilla.com/card/detail/270,142,할인,드럭스토어,,,올리브영 할인
https://www.card-gorilla.com/card/detail/270,142,할인,대형마트,,,마트 할인
https://www.card-gorilla.com/card/detail/270,142,할인,테마파크,,,놀이공원 할인
https://www.card-gorilla.com/card/detail/279,143,캐시백,영화,,7000,"CGV 영화 예매 시 최대 7,000원 캐시백"
https://www.card-gorilla.com/card/detail/279,143,캐시백,드럭스토어,10.0,,올리브영 10% 캐시백
https://www.card-gorilla.com/card/detail/279,143,적립,CJ ONE,5.0,,CJ ONE 5% 포인트 추가 적립
https://www.card-gorilla.com/card/detail/279,143,캐시백,온라인쇼핑,5.0,,CJ mall 5% 캐시백
https://www.card-gorilla.com/card/detail/279,143,캐시백,푸드,10.0,,VIPS / 계절밥상 10% 캐시백
https://www.card-gorilla.com/card/detail/279,143,캐시백,카페/디저트,10.0,,투썸플레이스 / 뚜레쥬르 10% 캐시백
https://www.card-gorilla.com/card/detail/281,144,적립,적립,,,기본 포인트 적립
https://www.card-gorilla.com/card/detail/281,144,적립,생활,,,추가 포인트 적립
https://www.card-gorilla.com/card/detail/281,144,적립,생활,,,추가 포인트 적립
https://www.card-gorilla.com/card/detail/281,144,적립,주유소,,,주유소 적립
https://www.card-gorilla.com/card/detail/281,144,할인,택시,,,택시 할인
https://www.card-gorilla.com/card/detail/281,144,적립,적립,,,추가 포인트 적립
https://www.card-gorilla.com/card/detail/281,144,기타,금융,,,수수료 우대
https://www.card-gorilla.com/card/detail/282,145,캐시백,영화,,,"신세계백화점 입점영화관 토,일요일 2천원 캐시백"
https://www.card-gorilla.com/card/detail/282,145,캐시백,카페,,,스타벅스 사이즈업 지원 캐시백
https://www.card-gorilla.com/card/detail/282,145,적립,생활,0.5,,주요 업종 0.5% ~ 1% 마이신한포인트 적립
https://www.card-gorilla.com/card/detail/282,145,할인,테마파크,50.0,,"롯데월드, 서울랜드 50% 할인"
https://www.card-gorilla.com/card/detail/284,146,적립,모든가맹점,0.3,,모든 가맹점 0.3% 포인트 적립
https://www.card-gorilla.com/card/detail/284,146,적립,쇼핑,,,신한은행 결제 계좌 연결 제공 서비스(추가 포인트 적립)
https://www.card-gorilla.com/card/detail/284,146,기타,은행사,,,주거래Package
https://www.card-gorilla.com/card/detail/286,147,기타,선택형,,,플레이트 디자인 선택 가능
https://www.card-gorilla.com/card/detail/286,147,적립,카카오페이,2.0,,카카오페이 결제 시 2% 적립
https://www.card-gorilla.com/card/detail/286,147,적립,대중교통,3.0,,대중교통 3% 적립
https://www.card-gorilla.com/card/detail/286,147,적립,통신,3.0,,이동통신요금 3% 적립
https://www.card-gorilla.com/card/detail/286,147,적립,영화,,,CGV 영화 최대 3천원 적립
https://www.card-gorilla.com/card/detail/286,147,적립,해외,1.0,,"해외 전가맹점(온라인 포함) 이용금액 1% 적립,
해외 인출 1건당 US  적립 제공"
https://www.card-gorilla.com/card/detail/286,147,기타,프리미엄 서비스,,,Master 플래티늄 서비스
https://www.card-gorilla.com/card/detail/294,148,적립,적립,0.2,,전 가맹점 이용금액의 0.2% ~ 0.5% 마이신한포인트 적립
https://www.card-gorilla.com/card/detail/294,148,할인,푸드,5.0,,요식업종 이용금액의 5% 할인
https://www.card-gorilla.com/card/detail/294,148,할인,교통,5.0,,"버스, 지하철 이용금액의 5% 할인(후불교통 카드 선택 시)
SK주유소 주유 시 리터당 40원 할인(후불교통카드 미 선택 시)"
https://www.card-gorilla.com/card/detail/294,148,할인,쇼핑,5.0,,"홈쇼핑 이용금액의 5% 할인
해외 이용금액의 5% 할인"
https://www.card-gorilla.com/card/detail/294,148,기타,금융,,,금융 우대 서비스
https://www.card-gorilla.com/card/detail/294,148,할인,할인,,,신한카드 S-Line 체크 할인한도
https://www.card-gorilla.com/card/detail/296,149,캐시백,교통,10.0,,"버스,지하철,택시 이용금액의 10% 할인 (캐시백)"
https://www.card-gorilla.com/card/detail/296,149,캐시백,카페,20.0,,모든 커피 전문점 이용 금액의 20% 할인 (캐시백)
https://www.card-gorilla.com/card/detail/296,149,캐시백,백화점,10.0,,4대 백화점 및 3대 할인점 이용 금액의 10% 할인 (캐시백)
https://www.card-gorilla.com/card/detail/300,150,캐시백,렌터카,10.0,,SOCAR 결제 시 10% 할인(캐시백)
https://www.card-gorilla.com/card/detail/300,150,캐시백,영화,10.0,,영화 이용 시 10% 할인(캐시백)
https://www.card-gorilla.com/card/detail/300,150,캐시백,기차,5.0,,"KTX, SRT 포함 철도 이용 시 5% 할인(캐시백)"
https://www.card-gorilla.com/card/detail/300,150,할인,캐시백,,,통합할인한도
https://www.card-gorilla.com/card/detail/301,151,캐시백,KT,,,KT 통신요금 월 최대 5천원 캐시백
https://www.card-gorilla.com/card/detail/301,151,캐시백,편의점,5.0,,GS25 5% 캐시백
https://www.card-gorilla.com/card/detail/301,151,캐시백,영화,10.0,,CGV 10% 캐시백
https://www.card-gorilla.com/card/detail/302,152,캐시백,LGU+,,,LG U+ 통신요금 자동이체 시 최대 3천원 캐시백
https://www.card-gorilla.com/card/detail/302,152,캐시백,편의점,5.0,,GS25 편의점 5% 캐시백
https://www.card-gorilla.com/card/detail/302,152,캐시백,영화,,,맥스무비 최대 2천원 캐시백
https://www.card-gorilla.com/card/detail/302,152,할인,테마파크,50.0,,롯데월드/서울랜드 50% 현장할인
https://www.card-gorilla.com/card/detail/303,153,기타,자동차,,,경차 유류세 환급 서비스
https://www.card-gorilla.com/card/detail/303,153,할인,주유,,,GS칼텍스 주유할인 서비스(LPG포함)
https://www.card-gorilla.com/card/detail/303,153,할인,보험,,,DB손해보험 다이렉트 자동차보험 할인
https://www.card-gorilla.com/card/detail/306,154,캐시백,도서,10.0,,리디북스 이용 시 10% 할인(캐시백)
https://www.card-gorilla.com/card/detail/306,154,캐시백,영화,10.0,,영화 예매시 10% 할인(캐시백)
https://www.card-gorilla.com/card/detail/306,154,캐시백,패스트푸드,10.0,,KFC 이용 시 10% 할인(캐시백)
https://www.card-gorilla.com/card/detail/307,155,캐시백,푸드,20.0,,"빽다방 이용시 20% 결제일 할인(캐시백)
더본(theborn) 모든 매장 이용 시 5% 결제일 할인(캐시백)"
https://www.card-gorilla.com/card/detail/307,155,할인,영화,10.0,,CGV 예매시 10% 할인
https://www.card-gorilla.com/card/detail/309,156,할인,카페,,,EDIYA 특화 할인 서비스
https://www.card-gorilla.com/card/detail/309,156,기타,NU 오하쳌(오늘하루체크),,,우리카드
https://www.card-gorilla.com/card/detail/311,157,캐시백,해외직구,5.0,,"몰테일(malltail) 배송비 결제 시 3천원 캐시백
테일리스트(taillist), 비타트라(Vitatra) 5% 즉시 할인 (최대 US  할인)"
https://www.card-gorilla.com/card/detail/311,157,캐시백,해외이용,1.2,,해외 전 가맹점 이용액 (온라인 포함) 1.2% 캐시백
https://www.card-gorilla.com/card/detail/311,157,캐시백,수수료우대,,,해외 인출 1건당 US  캐시백
https://www.card-gorilla.com/card/detail/311,157,캐시백,소셜커머스,9.0,,"쿠팡, 티몬 9% 캐시백"
https://www.card-gorilla.com/card/detail/311,157,캐시백,편의점,9.0,,CU 9% 캐시백
https://www.card-gorilla.com/card/detail/311,157,캐시백,카페,9.0,,스타벅스 9% 캐시백
https://www.card-gorilla.com/card/detail/312,158,무료서비스,공항라운지/PP,,,"전세계 1,000여개 공항라운지 무료 입장 서비스"
https://www.card-gorilla.com/card/detail/312,158,캐시백,해외이용,2.0,,해외가맹점(해외직구 포함) 이용금액의 1~2% 캐시백
https://www.card-gorilla.com/card/detail/312,158,캐시백,생활,,,"쇼핑, 커피, 영화, 편의점, 교통 등 국내 캐시백 서비스"
https://www.card-gorilla.com/card/detail/312,158,캐시백,간편결제,,,"네이버페이, 카카오페이, PAYCO 1천원 추가 캐시백"
https://www.card-gorilla.com/card/detail/312,158,캐시백,CJ ONE,,,"멀티 멤버십 서비스(OK캐시백, CJ ONE)"
https://www.card-gorilla.com/card/detail/313,159,기타,수수료우대,,,[해외서비스] 해외이용수수료 면제
https://www.card-gorilla.com/card/detail/313,159,캐시백,해외이용,2.0,,[해외서비스] 해외가맹점(해외직구 포함) 이용금액의 1~2% 캐시백
https://www.card-gorilla.com/card/detail/313,159,무료서비스,공항라운지,,,[해외서비스] 인천 공항라운지 무료이용 서비스
https://www.card-gorilla.com/card/detail/313,159,할인,생활,,,"[국내서비스] 쇼핑, 커피, 영화 등 다양한 국내 가맹점 할인 서비스"
https://www.card-gorilla.com/card/detail/315,160,할인,카카오페이,5.0,,카카오페이 가맹점 이용금액 5% 캐쉬백
https://www.card-gorilla.com/card/detail/315,160,할인,온라인쇼핑,5.0,,온라인 쇼핑몰 이용금액 5% 캐쉬백
https://www.card-gorilla.com/card/detail/315,160,할인,편의점,5.0,,오프라인 쇼핑 이용금액 5% 캐쉬백
https://www.card-gorilla.com/card/detail/315,160,기타,기타,,,월간 통합 캐쉬백 한도
https://www.card-gorilla.com/card/detail/316,161,적립,모든가맹점,1.0,,L.POINT 0.3 ~ 1% 적립
https://www.card-gorilla.com/card/detail/316,161,할인,테마파크,50.0,,롯데월드 아쿠아리움 입장권 및 놀이공원 자유이용권 50% 현장할인
https://www.card-gorilla.com/card/detail/317,162,적립,모든가맹점,1.5,,모아포인트 0.3 ~ 1.5% 적립
https://www.card-gorilla.com/card/detail/317,162,할인,테마파크,50.0,,롯데아쿠아리움 및 주요 놀이공원 50% 현장할인
https://www.card-gorilla.com/card/detail/318,163,적립,소셜커머스,5.0,,위메프 이용금액의 5%적립
https://www.card-gorilla.com/card/detail/318,163,캐시백,카페,30.0,,"스타벅스 30%, 편의점 5% 캐시백할인"
https://www.card-gorilla.com/card/detail/320,164,캐시백,대형마트,10.0,,롯데마트 매장 및 롯데마트몰 10% 캐시백 할인
https://www.card-gorilla.com/card/detail/320,164,캐시백,카페,20.0,,"스타벅스, 투썸플레이스 20% 캐시백 할인"
https://www.card-gorilla.com/card/detail/320,164,캐시백,패밀리레스토랑,10.0,,"아웃백, TGIF 10% 캐시백 할인"
https://www.card-gorilla.com/card/detail/320,164,캐시백,영화,,3000,"모든 영화관 3,000원 캐시백 할인"
https://www.card-gorilla.com/card/detail/320,164,할인,대중교통,,1500,"시내버스, 지하철 1,500원 청구할인"
https://www.card-gorilla.com/card/detail/320,164,캐시백,주유소,,40,GS칼텍스 리터당 40원 캐시백 할인
https://www.card-gorilla.com/card/detail/320,164,할인,테마파크,50.0,,주요 놀이공원 자유이용권 50% 현장할인
https://www.card-gorilla.com/card/detail/322,165,할인,병원/약국,5.0,,"모든 병원(동물병원 포함), 약국업종 5% 청구할인"
https://www.card-gorilla.com/card/detail/322,165,할인,대중교통,5.0,,"전국 시내버스, 지하철 5% 청구할인"
https://www.card-gorilla.com/card/detail/322,165,할인,패밀리레스토랑,10.0,,"아웃백, TGIF 10% 청구할인"
https://www.card-gorilla.com/card/detail/322,165,할인,카페,20.0,,"스타벅스, 투썸플레이스 20% 청구할인"
https://www.card-gorilla.com/card/detail/322,165,할인,테마파크,50.0,,주요 놀이공원 자유이용권 50% 현장할인
https://www.card-gorilla.com/card/detail/322,165,기타,멤버십포인트,,,그린카드 멤버십 혜택
https://www.card-gorilla.com/card/detail/323,166,기타,국민행복,,,국민행복카드란?
https://www.card-gorilla.com/card/detail/323,166,기타,병원/약국,,,for Baby Service [ A-TYPE ]
https://www.card-gorilla.com/card/detail/323,166,기타,학원,,,for Children Service [ B-Type ]
https://www.card-gorilla.com/card/detail/323,166,기타,멤버십포인트,,,for Green Life Service [ C-Type ]
https://www.card-gorilla.com/card/detail/323,166,기타,기타,,,공통서비스
https://www.card-gorilla.com/card/detail/324,167,할인,공연/전시,,,"YG 엔터테인먼트 공연티켓, 온라인몰 할인"
https://www.card-gorilla.com/card/detail/324,167,할인,기타,,,YG 엔터테인먼트 운영 쇼핑몰 할인
https://www.card-gorilla.com/card/detail/324,167,할인,생활,,,"커피, 영화, 외식 등 다양한 국내 가맹점 할인 서비스"
https://www.card-gorilla.com/card/detail/325,168,기타,바우처,,,"GIFT VOUCHER (연 1회, 택1회)"
https://www.card-gorilla.com/card/detail/325,168,적립,모든가맹점,1.0,,사용업종 또는 결제건당 금액에 따라 0.3~1% 모아포인트 적립
https://www.card-gorilla.com/card/detail/325,168,무료서비스,공항라운지/PP,,,체크 브랜드별 공항라운지 이용 서비스
https://www.card-gorilla.com/card/detail/325,168,무료서비스,여행/숙박,,,[Travel Service] 국내외 여행 관련 서비스 제공
https://www.card-gorilla.com/card/detail/325,168,할인,푸드,10.0,,"치킨, 피자 10% 청구할인"
https://www.card-gorilla.com/card/detail/325,168,할인,영화,,3000,"전국 영화관 3,000원 청구할인"
https://www.card-gorilla.com/card/detail/325,168,무료서비스,레저/스포츠,,,골프 우대 서비스 및 자전거 무료 세척 서비스
https://www.card-gorilla.com/card/detail/325,168,할인,주유소,,60,SK주유 및 충전 시 리터당 60원 청구할인
https://www.card-gorilla.com/card/detail/326,169,캐시백,해피포인트,20.0,,해피포인트 가맹점 20% 캐시백할인 및 5%적립
https://www.card-gorilla.com/card/detail/326,169,할인,마트/편의점,5.0,,주요할인점 5%할인
https://www.card-gorilla.com/card/detail/326,169,기타,기타,,,공통서비스
https://www.card-gorilla.com/card/detail/328,170,캐시백,카페,,1000,"커피전문점 1회당 1,000원 할인 캐시백"
https://www.card-gorilla.com/card/detail/329,171,할인,백화점,5.0,,"갤러리아 백화점, Mall 5% 현장할인"
https://www.card-gorilla.com/card/detail/329,171,적립,모든가맹점,1.5,,업종별 0.3~1.5% 모아포인트 적립
https://www.card-gorilla.com/card/detail/329,171,캐시백,해외이용,1.0,,해외 가맹점(해외직구 포함) 1% 캐시백 할인
https://www.card-gorilla.com/card/detail/329,171,할인,테마파크,50.0,,주요 놀이공원 50% 현장할인
https://www.card-gorilla.com/card/detail/330,172,캐시백,마트/편의점,,,편의점/올리브영 캐시백
https://www.card-gorilla.com/card/detail/330,172,캐시백,도서,,,서점 캐시백
https://www.card-gorilla.com/card/detail/330,172,캐시백,패스트푸드,,,베이커리/패스트푸드 캐시백
https://www.card-gorilla.com/card/detail/330,172,캐시백,교통,,,티머니 충전 캐시백
https://www.card-gorilla.com/card/detail/330,172,캐시백,CJ ONE,,,"멀티 멤버십 서비스(OK캐시백, CJ ONE)"
https://www.card-gorilla.com/card/detail/330,172,캐시백,기타,,,통합 월 캐시백 한도
https://www.card-gorilla.com/card/detail/331,173,할인,백화점,5.0,,현대백화점 및 현대아울렛 5% 할인
https://www.card-gorilla.com/card/detail/331,173,캐시백,진에어,5.0,,진에어 5% 캐시백 할인
https://www.card-gorilla.com/card/detail/331,173,캐시백,카페,20.0,,"스타벅스, 커피빈 20% 캐시백 할인"
https://www.card-gorilla.com/card/detail/331,173,캐시백,패밀리레스토랑,10.0,,"아웃백스테이크하우스, TGIF, VIPS, 우노 10% 캐시백 할인"
https://www.card-gorilla.com/card/detail/331,173,캐시백,영화,,6000,"CGV, 메가박스, 롯데시네마 최대 6,000원 캐시백 할인"
https://www.card-gorilla.com/card/detail/331,173,캐시백,도서,,3000,"인터넷교보문고, 인터넷영풍문고, Yes24 3,000원 캐시백 할인"
https://www.card-gorilla.com/card/detail/331,173,캐시백,주유소,,40,S-OIL 주유소 리터당 40원 캐시백 할인
https://www.card-gorilla.com/card/detail/331,173,무료서비스,테마파크,50.0,,놀이공원 무료입장 및 자유이용권 최대 50% 현장할인
https://www.card-gorilla.com/card/detail/331,173,캐시백,기타,,3000,"TOEIC 응시료 3,000원 캐시백 할인"
https://www.card-gorilla.com/card/detail/332,174,적립,카카오페이,2.0,,카카오페이결제 2%적립
https://www.card-gorilla.com/card/detail/332,174,적립,카페,1.0,,커피전문점 업종 이용 시 카카오페이머니 1% 적립
https://www.card-gorilla.com/card/detail/332,174,적립,베이커리,1.0,,제과/아이스크림 업종 이용시 카카오페이머니 1% 적립
https://www.card-gorilla.com/card/detail/332,174,적립,편의점,1.0,,CU편의점 이용 시 카카오페이머니 1% 적립
https://www.card-gorilla.com/card/detail/332,174,적립,대중교통,1.0,,"대중교통(버스,지하철) 이용 시 카카오페이머니 1% 적립"
https://www.card-gorilla.com/card/detail/333,175,적립,모든가맹점,,,국내외 가맹점 기본적립
https://www.card-gorilla.com/card/detail/333,175,적립,카페/디저트,,,커피/제과아이스크림 업종 추가적립
https://www.card-gorilla.com/card/detail/333,175,적립,영화,,,영화관 업종 추가적립
https://www.card-gorilla.com/card/detail/333,175,적립,통신,,,"이동통신요금(SKT, KT, LG U+) 자동이체 시 추가적립"
https://www.card-gorilla.com/card/detail/333,175,적립,대중교통,,,"대중교통(버스, 지하철) 추가적립"
https://www.card-gorilla.com/card/detail/333,175,적립,소셜커머스,,,"소셜커머스(티몬, 쿠팡, 위메프) 추가적립"
https://www.card-gorilla.com/card/detail/333,175,적립,편의점,,,GS25 편의점 추가적립
https://www.card-gorilla.com/card/detail/334,176,마일리지,아시아나항공,0.04,,"전가맹점 2,500원당 1마일 적립"
https://www.card-gorilla.com/card/detail/334,176,할인,소셜커머스,5.0,,"소셜커머스, 스타벅스, 파리바게뜨 5% 환급할인"
https://www.card-gorilla.com/card/detail/335,177,할인,편의점,10.0,,편의점 업종 5~10% 환급할인
https://www.card-gorilla.com/card/detail/335,177,할인,소셜커머스,10.0,,다이소/소셜커머스 5~10% 환급할인
https://www.card-gorilla.com/card/detail/335,177,할인,교통,5.0,,"대중교통, 택시 5% 환급할인"
https://www.card-gorilla.com/card/detail/335,177,할인,애완동물,10.0,,올리브영·박승철헤어스투디오/동물병원 10% 환급할인
https://www.card-gorilla.com/card/detail/335,177,캐시백,해외이용,,,해외이용/해외직구 할인캐시백
https://www.card-gorilla.com/card/detail/335,177,할인,여행/숙박,3.0,,라이프샵 여행 해외패키지 3% 현장할인
https://www.card-gorilla.com/card/detail/336,178,적립,모든가맹점,,,모든 가맹점 포인트리 기본적립
https://www.card-gorilla.com/card/detail/336,178,적립,푸드,,,"음식점, 커피전문점 업종 포인트리 추가적립"
https://www.card-gorilla.com/card/detail/336,178,적립,교통,,,"대중교통, 택시 포인트리 추가적립"
https://www.card-gorilla.com/card/detail/336,178,적립,통신,,,이동통신요금 포인트리 추가적립
https://www.card-gorilla.com/card/detail/338,179,할인,모든가맹점,,,모든 가맹점 기본 환급할인 및 주말·공휴일 추가 환급할인
https://www.card-gorilla.com/card/detail/338,179,할인,푸드,,,"음식점, 커피전문점 업종 추가 환급할인"
https://www.card-gorilla.com/card/detail/338,179,할인,교통,,,"대중교통(버스·지하철), 택시 추가 환급할인"
https://www.card-gorilla.com/card/detail/338,179,할인,통신,,,이동통신요금 추가 환급할인
https://www.card-gorilla.com/card/detail/338,179,캐시백,해외,1.0,,해외이용 1% 할인캐시백
https://www.card-gorilla.com/card/detail/339,180,할인,일반음식점,5.0,,한식 업종 5% 평일 환급할인
https://www.card-gorilla.com/card/detail/339,180,할인,카페,5.0,,"커피전문점, 베이커리, 아이스크림전문점 5% 평일 환급할인"
https://www.card-gorilla.com/card/detail/339,180,할인,교통,5.0,,버스·지하철 5% 청구할인
https://www.card-gorilla.com/card/detail/340,181,할인,대중교통,10.0,,버스·지하철 10% 청구할인
https://www.card-gorilla.com/card/detail/340,181,할인,통신,,2500,"이동통신요금 2,500원 환급할인"
https://www.card-gorilla.com/card/detail/340,181,할인,영화,35.0,,CGV 35% 환급할인
https://www.card-gorilla.com/card/detail/340,181,할인,푸드,20.0,,"아웃백, VIPS / 스타벅스 20% 환급할인"
https://www.card-gorilla.com/card/detail/340,181,할인,테마파크,50.0,,에버랜드·롯데월드 50% 환급할인
https://www.card-gorilla.com/card/detail/340,181,기타,금융,,,금융수수료 면제 서비스
https://www.card-gorilla.com/card/detail/340,181,할인,생활,5.0,,GS25/교보문고 5% 환급할인
https://www.card-gorilla.com/card/detail/340,181,할인,기타,,,통합할인한도
https://www.card-gorilla.com/card/detail/341,182,할인,학원,7.0,,문리계·외국어학원 7% 환급할인
https://www.card-gorilla.com/card/detail/341,182,할인,도서,5.0,,서점업종 5% 환급할인
https://www.card-gorilla.com/card/detail/341,182,할인,병원/약국,5.0,,동물병원·약국업종 5% 환급할인
https://www.card-gorilla.com/card/detail/341,182,할인,대중교통,5.0,,버스·지하철 5% 청구할인
https://www.card-gorilla.com/card/detail/342,183,할인,대중교통,10.0,,버스·지하철 10% 청구할인
https://www.card-gorilla.com/card/detail/342,183,할인,통신,,2500,"이동통신요금 2,500원 환급할인"
https://www.card-gorilla.com/card/detail/342,183,할인,영화,35.0,,CGV 35% 환급할인
https://www.card-gorilla.com/card/detail/342,183,할인,패밀리레스토랑,20.0,,"아웃백, VIPS 20% 환급할인"
https://www.card-gorilla.com/card/detail/342,183,할인,카페,20.0,,스타벅스 20% 환급할인
https://www.card-gorilla.com/card/detail/342,183,할인,테마파크,50.0,,에버랜드·롯데월드 50% 환급할인
https://www.card-gorilla.com/card/detail/342,183,할인,편의점,5.0,,GS25 5% 환급할인
https://www.card-gorilla.com/card/detail/342,183,할인,도서,5.0,,교보문고 5% 환급할인
https://www.card-gorilla.com/card/detail/342,183,적립,해피포인트,5.0,,해피포인트 5% 현장적립
https://www.card-gorilla.com/card/detail/342,183,기타,은행사,,,금융수수료 면제 서비스
https://www.card-gorilla.com/card/detail/342,183,할인,기타,,,통합할인한도
https://www.card-gorilla.com/card/detail/343,184,적립,주유소,,,"GS칼텍스 리터당 주중 50점, 주말 60점 포인트리 적립"
https://www.card-gorilla.com/card/detail/343,184,적립,패밀리레스토랑,10.0,,아웃백·VIPS 10% 포인트리 적립
https://www.card-gorilla.com/card/detail/343,184,적립,영화,,3000,"CGV 3,000원 포인트리 적립"
https://www.card-gorilla.com/card/detail/343,184,적립,대중교통,5.0,,버스·지하철 5% 포인트리 적립
https://www.card-gorilla.com/card/detail/343,184,적립,통신,,,"이동통신요금 2,500점 포인트리 적립"
https://www.card-gorilla.com/card/detail/343,184,적립,온라인쇼핑,3.0,,G마켓·옥션 3% 포인트리 적립
https://www.card-gorilla.com/card/detail/343,184,적립,도서,3.0,,교보문고 3% 포인트리 적립
https://www.card-gorilla.com/card/detail/343,184,적립,드럭스토어,5.0,,올리브영 5% 포인트리 적립
https://www.card-gorilla.com/card/detail/343,184,적립,테마파크,50.0,,에버랜드 50% 포인트리 적립
https://www.card-gorilla.com/card/detail/343,184,적립,기타,,,통합적립한도
https://www.card-gorilla.com/card/detail/344,185,기타,아이행복,,,아이행복카드란?
https://www.card-gorilla.com/card/detail/344,185,할인,온라인쇼핑,5.0,,인터넷쇼핑몰 5% 환급할인 서비스
https://www.card-gorilla.com/card/detail/344,185,할인,약국,5.0,,약국 업종 5% 환급할인 서비스
https://www.card-gorilla.com/card/detail/345,186,할인,백화점,7.0,,롯데·현대·신세계백화점 7% 환급할인
https://www.card-gorilla.com/card/detail/345,186,할인,홈쇼핑,5.0,,GS홈쇼핑·CJ홈쇼핑 / G마켓·옥션 5% 환급할인
https://www.card-gorilla.com/card/detail/345,186,할인,화장품,5.0,,미용실·화장품·피부미용 5% 환급할인
https://www.card-gorilla.com/card/detail/345,186,할인,교통,5.0,,버스·지하철 5% 청구할인
https://www.card-gorilla.com/card/detail/345,186,캐시백,해외이용,5.0,,해외이용 5% 할인 캐시백
https://www.card-gorilla.com/card/detail/346,187,할인,대형마트,5.0,,이마트·롯데마트·홈플러스 5% 환급할인
https://www.card-gorilla.com/card/detail/346,187,할인,주유소,,60,SK에너지 리터당 60원 환급할인
https://www.card-gorilla.com/card/detail/346,187,할인,정비,,,스피드메이트 엔진오일교환 2만원 현장할인 및 정비 할인
https://www.card-gorilla.com/card/detail/346,187,할인,패스트푸드,10.0,,패스트푸드 10% 환급할인
https://www.card-gorilla.com/card/detail/346,187,할인,통신,,2500,"이동통신요금 2,500원 환급할인"
https://www.card-gorilla.com/card/detail/346,187,할인,대중교통,5.0,,버스·지하철 5% 청구할인
https://www.card-gorilla.com/card/detail/346,187,적립,편의점,3.0,,CU편의점 3% CU포인트 적립
https://www.card-gorilla.com/card/detail/346,187,할인,기타,,,통합할인한도
https://www.card-gorilla.com/card/detail/347,188,기타,패밀리레스토랑,,,아웃백·VIPS·TGIF·세븐스프링스
https://www.card-gorilla.com/card/detail/347,188,할인,카페,5.0,,"커피빈 주중 5%, 주말 10% 환급할인"
https://www.card-gorilla.com/card/detail/347,188,할인,영화,20.0,,CGV·메가박스 20% 환급할인
https://www.card-gorilla.com/card/detail/347,188,할인,테마파크,30.0,,에버랜드·서울랜드·롯데월드 30% 환급할인
https://www.card-gorilla.com/card/detail/347,188,할인,편의점,5.0,,GS25 5% 환급할인
https://www.card-gorilla.com/card/detail/347,188,할인,대중교통,5.0,,버스·지하철 5% 청구할인
https://www.card-gorilla.com/card/detail/347,188,할인,도서,3.0,,교보문고 3% 환급할인
https://www.card-gorilla.com/card/detail/347,188,할인,헤어,10.0,,박승철헤어스투디오·올리브영 10% 환급할인
https://www.card-gorilla.com/card/detail/347,188,할인,항공권,10.0,,제주항공 10% 환급할인
https://www.card-gorilla.com/card/detail/347,188,기타,은행사,,,금융수수료 면제 서비스
https://www.card-gorilla.com/card/detail/347,188,할인,기타,,,통합할인한도
https://www.card-gorilla.com/card/detail/348,189,할인,대중교통,10.0,,버스·지하철 10% 청구할인
https://www.card-gorilla.com/card/detail/348,189,할인,통신,,2500,"이동통신요금 2,500원 환급할인"
https://www.card-gorilla.com/card/detail/348,189,할인,영화,35.0,,CGV 35% 환급할인
https://www.card-gorilla.com/card/detail/348,189,할인,푸드,20.0,,"아웃백, VIPS / 스타벅스 20% 환급할인"
https://www.card-gorilla.com/card/detail/348,189,할인,테마파크,50.0,,에버랜드·롯데월드 50% 환급할인
https://www.card-gorilla.com/card/detail/348,189,기타,금융,,,금융수수료 면제 서비스
https://www.card-gorilla.com/card/detail/348,189,할인,편의점,5.0,,GS25 5% 환급할인
https://www.card-gorilla.com/card/detail/348,189,할인,도서,5.0,,교보문고 5% 환급할인
https://www.card-gorilla.com/card/detail/349,190,할인,대중교통,10.0,,버스·지하철 10% 청구할인
https://www.card-gorilla.com/card/detail/349,190,할인,통신,,2500,"이동통신요금 2,500원 환급할인"
https://www.card-gorilla.com/card/detail/349,190,할인,영화,35.0,,CGV 35% 환급할인
https://www.card-gorilla.com/card/detail/349,190,할인,패밀리레스토랑,20.0,,"아웃백, VIPS 20% 환급할인"
https://www.card-gorilla.com/card/detail/349,190,할인,카페,20.0,,스타벅스 20% 환급할인
https://www.card-gorilla.com/card/detail/349,190,할인,테마파크,50.0,,에버랜드·롯데월드 50% 환급할인
https://www.card-gorilla.com/card/detail/349,190,할인,편의점,5.0,,GS25 5% 환급할인
https://www.card-gorilla.com/card/detail/349,190,할인,도서,5.0,,교보문고 5% 환급할인
https://www.card-gorilla.com/card/detail/349,190,적립,해피포인트,5.0,,해피포인트 5% 현장적립
https://www.card-gorilla.com/card/detail/349,190,기타,은행사,,,금융수수료 면제 서비스
https://www.card-gorilla.com/card/detail/349,190,할인,기타,,,통합할인한도
https://www.card-gorilla.com/card/detail/350,191,할인,공과금/렌탈,,,국세·지방세 7천원 환급할인
https://www.card-gorilla.com/card/detail/350,191,할인,주유소,,50,"GS칼텍스 리터당 주중 50원, 주말 60원 환급할인"
https://www.card-gorilla.com/card/detail/350,191,할인,정비,,,스피드메이트 엔진오일교환 2만원 현장할인 및 정비 할인
https://www.card-gorilla.com/card/detail/350,191,할인,렌터카,,,SK렌터카 할인 (연 2회)
https://www.card-gorilla.com/card/detail/350,191,할인,백화점,5.0,,롯데·현대·신세계백화점 5% 환급할인
https://www.card-gorilla.com/card/detail/350,191,할인,패밀리레스토랑,10.0,,아웃백 10% 환급할인
https://www.card-gorilla.com/card/detail/350,191,할인,대중교통,5.0,,버스·지하철 5% 청구할인
https://www.card-gorilla.com/card/detail/350,191,할인,통신,,1000,"이동통신요금 1,000원 환급할인 (월 1회)"
https://www.card-gorilla.com/card/detail/350,191,할인,테마파크,50.0,,에버랜드 50% 환급할인
https://www.card-gorilla.com/card/detail/350,191,적립,해피포인트,5.0,,해피포인트 5% 현장적립
https://www.card-gorilla.com/card/detail/350,191,할인,기타,,,통합할인한도
https://www.card-gorilla.com/card/detail/351,192,할인,주유소,,50,"GS칼텍스 리터당 주중 50원, 주말 60원 환급할인"
https://www.card-gorilla.com/card/detail/351,192,할인,대중교통,5.0,,버스·지하철 5% 청구할인
https://www.card-gorilla.com/card/detail/351,192,할인,통신,,2500,"이동통신요금 2,500원 환급할인"
https://www.card-gorilla.com/card/detail/351,192,할인,영화,,3000,"CGV 3,000원 환급할인"
https://www.card-gorilla.com/card/detail/351,192,할인,테마파크,50.0,,에버랜드 50% 환급할인
https://www.card-gorilla.com/card/detail/351,192,할인,온라인쇼핑,3.0,,G마켓·옥션 3% 환급할인
https://www.card-gorilla.com/card/detail/351,192,할인,드럭스토어,5.0,,올리브영 5% 환급할인
https://www.card-gorilla.com/card/detail/351,192,할인,도서,3.0,,교보문고 3% 환급할인
https://www.card-gorilla.com/card/detail/351,192,할인,패밀리레스토랑,10.0,,아웃백·VIPS 10% 환급할인
https://www.card-gorilla.com/card/detail/351,192,할인,기타,,,통합할인한도
https://www.card-gorilla.com/card/detail/353,193,적립,멤버십포인트,2.0,,"CU편의점, 해피포인트 가맹점 2%적립"
https://www.card-gorilla.com/card/detail/353,193,적립,교통,1.0,,"대중교통(버스,지하철)/택시업종 1% 포인트리 적립"
https://www.card-gorilla.com/card/detail/354,194,할인,통신,,,LG U+ 이동통신요금 자동납부 시 4~6천원 환급할인
https://www.card-gorilla.com/card/detail/354,194,할인,카페,10.0,,스타벅스 10% 환급할인
https://www.card-gorilla.com/card/detail/354,194,할인,영화,10.0,,CGV 10% 환급할인
https://www.card-gorilla.com/card/detail/355,195,적립,기타,,,H.Point 적립
https://www.card-gorilla.com/card/detail/355,195,할인,카페,,,커피/제과 할인
https://www.card-gorilla.com/card/detail/355,195,할인,영화,,,CGV 할인
https://www.card-gorilla.com/card/detail/355,195,할인,드럭스토어,,,올리브영 할인
https://www.card-gorilla.com/card/detail/357,196,기타,백화점,,,AK특화 서비스
https://www.card-gorilla.com/card/detail/357,196,할인,항공권,,,제주항공 할인
https://www.card-gorilla.com/card/detail/357,196,할인,카페,,,커피전문점 할인
https://www.card-gorilla.com/card/detail/357,196,할인,영화,,,영화 할인
https://www.card-gorilla.com/card/detail/357,196,적립,해피포인트,,,해피포인트 할인
https://www.card-gorilla.com/card/detail/359,197,할인,화장품,10.0,,아모레퍼시픽 가맹점 10% 환급할인
https://www.card-gorilla.com/card/detail/359,197,할인,카페,10.0,,스타벅스 10% 환급할인
https://www.card-gorilla.com/card/detail/359,197,적립,해피포인트,5.0,,해피포인트 가맹점 5% 환급할인
https://www.card-gorilla.com/card/detail/359,197,기타,기타,,,GS리테일POP서비스
https://www.card-gorilla.com/card/detail/364,198,기타,국민행복,,,국민행복카드란?
https://www.card-gorilla.com/card/detail/364,198,기타,선택형,,,"임신출산, 보육료/유아학비 등 지원"
https://www.card-gorilla.com/card/detail/364,198,기타,멤버십포인트,,,그린카드 멤버십 서비스 (공통서비스)
https://www.card-gorilla.com/card/detail/364,198,기타,기타,,,공통서비스
https://www.card-gorilla.com/card/detail/366,199,적립,모든가맹점,0.2,,국내·외 전 가맹점 0.2%~0.4% TOP포인트 적립
https://www.card-gorilla.com/card/detail/369,200,할인,온라인쇼핑,5.0,,온라인쇼핑몰/소셜커머스 3~5% 청구할인
https://www.card-gorilla.com/card/detail/369,200,할인,병원,3.0,,전국 병원 업종 3% 청구할인
https://www.card-gorilla.com/card/detail/369,200,할인,카페,5.0,,커피전문점/제과점 5% 청구할인
https://www.card-gorilla.com/card/detail/369,200,무료서비스,테마파크,,,전국 주요 놀이공원 무료입장 및 할인
https://www.card-gorilla.com/card/detail/369,200,기타,기타,,,공통/제휴서비스
https://www.card-gorilla.com/card/detail/372,201,할인,경기관람,,,NC다이노스 홈구장 입장료 현장 할인
https://www.card-gorilla.com/card/detail/372,201,할인,온라인쇼핑,5.0,,온라인쇼핑 5% 할인
https://www.card-gorilla.com/card/detail/372,201,할인,카페,10.0,,영화 · 커피 10%할인
https://www.card-gorilla.com/card/detail/372,201,기타,기타,,,기타 서비스
https://www.card-gorilla.com/card/detail/378,202,기타,수수료우대,,,"해외 이용 수수료 면제 서비스
해외 인출 수수료 우대 서비스"
https://www.card-gorilla.com/card/detail/378,202,할인,점심,7.0,,Lunch Time 7% 캐쉬백 서비스
https://www.card-gorilla.com/card/detail/380,203,기타,수수료우대,,,트래블로그 스위치 서비스
https://www.card-gorilla.com/card/detail/380,203,적립,멤버십포인트,5.0,,"편의점/베이커리/커피 1만원이상 이용시 건당 5% 하나머니 적립
대중교통(버스,지하철) 월 사용금액 5만원 이상 시 5% 하나머니 적립"
https://www.card-gorilla.com/card/detail/382,204,캐시백,캐시백,,,"카카오페이, 통신요금자동이체, 커피, 대중교통 캐시백"
https://www.card-gorilla.com/card/detail/382,204,기타,선택형,,,카드플레이트 디자인 선택 가능
https://www.card-gorilla.com/card/detail/383,205,적립,캐시백,,,해피포인트 더블 체크카드
https://www.card-gorilla.com/card/detail/383,205,적립,캐시백,,,해피포인트 하나 체크카드
https://www.card-gorilla.com/card/detail/383,205,적립,해피포인트,5.0,,[공통서비스] 해피포인트 5% 적립(1천원 이상 구매 시)
https://www.card-gorilla.com/card/detail/388,206,적립,멤버십포인트,,,"요식/마트/백화점/온라인쇼핑/주유/병원/ 2만원당 200 하나머니 적립
SKT/KT/LGU+ 자동이체 적립(월1회) 3천~5천 하나머니 적립"
https://www.card-gorilla.com/card/detail/389,207,적립,적립,,,시코르 및 신세계 캐쉬백/적립 서비스
https://www.card-gorilla.com/card/detail/389,207,캐시백,대중교통,7.0,,버스/지하철 7% 캐시백
https://www.card-gorilla.com/card/detail/389,207,기타,선택형,,,카드 디자인 선택
https://www.card-gorilla.com/card/detail/390,208,캐시백,캐시백,,,신세계 백화점 캐시백/적립 서비스
https://www.card-gorilla.com/card/detail/390,208,캐시백,교통,7.0,,후불교통 이용금액 7% 캐시백 서비스
https://www.card-gorilla.com/card/detail/391,209,적립,하이패스,0.1,,하이패스 이용요금의 0.1% 포인트 적립
https://www.card-gorilla.com/card/detail/392,210,바우처,국민행복,,,국민행복 바우처 서비스
https://www.card-gorilla.com/card/detail/392,210,적립,모든가맹점,0.2,,업종 및 연간 이용금액에 따라 0.2%~0.8% 빅포인트 적립
https://www.card-gorilla.com/card/detail/392,210,할인,패밀리레스토랑,10.0,,아웃백스테이크하우스 10% 현장할인
https://www.card-gorilla.com/card/detail/392,210,할인,카페,,1000,"스타벅스 1,000원 결제일할인"
https://www.card-gorilla.com/card/detail/392,210,할인,영화,,,"CGV, 무비존, 메가박스 영화할인"
https://www.card-gorilla.com/card/detail/392,210,기타,정비,,,닥터카서비스
https://www.card-gorilla.com/card/detail/392,210,적립,백화점,5.0,,신세계백화점 5% 할인 및 신세계포인트 적립
https://www.card-gorilla.com/card/detail/392,210,기타,대형마트,,,이마트 맘키즈 서비스
https://www.card-gorilla.com/card/detail/393,211,적립,모든가맹점,0.2,,업종 및 연간 이용금액에 따라 0.2%~0.8% 빅포인트 적립
https://www.card-gorilla.com/card/detail/393,211,할인,영화,,3000,"CGV 3,000원 할인"
https://www.card-gorilla.com/card/detail/393,211,할인,테마파크,50.0,,놀이공원 자유이용권 50%·워터파크 입장권 30% 현장할인
https://www.card-gorilla.com/card/detail/394,212,캐시백,모든가맹점,0.2,,업종 및 연간 이용금액에 따라 0.2%~0.6% 캐시백
https://www.card-gorilla.com/card/detail/394,212,할인,영화,,3000,"CGV 3,000원 할인"
https://www.card-gorilla.com/card/detail/394,212,할인,테마파크,50.0,,놀이공원 자유이용권 50%·워터파크 입장권 30% 현장할인
https://www.card-gorilla.com/card/detail/400,213,적립,멤버십포인트,,,L.POINT 더블포인트 적립 서비스
https://www.card-gorilla.com/card/detail/400,213,기타,해외,,,해외이용 안내
https://www.card-gorilla.com/card/detail/402,214,적립,모든가맹점,0.2,,이용금액의 0.2% L.POINT 적립
https://www.card-gorilla.com/card/detail/402,214,기타,해외,,,해외이용 안내
https://www.card-gorilla.com/card/detail/402,214,기타,프리미엄 서비스,,,VISA Platinum 국제브랜드 서비스
https://www.card-gorilla.com/card/detail/403,215,적립,적립,,,전국 가맹점 및 SK주유소 이용 시 적립혜택
https://www.card-gorilla.com/card/detail/403,215,기타,해외,,,해외이용 안내
https://www.card-gorilla.com/card/detail/404,216,기타,국민행복,,,국민행복카드란?
https://www.card-gorilla.com/card/detail/404,216,기타,교육/육아,,,행복 맞춤 서비스
https://www.card-gorilla.com/card/detail/404,216,기타,기타,,,출산육아 특별서비스
https://www.card-gorilla.com/card/detail/406,217,마일리지,대한항공,,,쓸 때마다 대한항공 마일리지 적립
https://www.card-gorilla.com/card/detail/406,217,할인,온라인쇼핑,5.0,,온라인 몰 5% 청구 할인
https://www.card-gorilla.com/card/detail/407,218,적립,적립,,,업종·이용금액별 기본 M포인트 적립에 추가 M포인트 적립
https://www.card-gorilla.com/card/detail/408,219,캐시백,모든가맹점,,,사용금액별 X캐시백 적립
https://www.card-gorilla.com/card/detail/410,220,할인,할인,0.7,,[기본 할인] 모든 가맹점에서 이용대금의 0.7% 할인
https://www.card-gorilla.com/card/detail/410,220,할인,할인,0.5,,[추가 할인] 생활필수영역 0.5% 추가 할인 / 선결제 0.3% 추가 할인
https://www.card-gorilla.com/card/detail/410,220,무이자할부,무이자할부,,,무이자할부 서비스
https://www.card-gorilla.com/card/detail/414,221,적립,모든가맹점,,,당월 이용금액별 M포인트 적립
https://www.card-gorilla.com/card/detail/414,221,기타,하이브리드,,,체크결제와 신용결제 서비스를 한번에
https://www.card-gorilla.com/card/detail/415,222,캐시백,모든가맹점,,,당월 이용금액별 X캐시백 제공
https://www.card-gorilla.com/card/detail/415,222,기타,하이브리드,,,체크결제와 신용결제 서비스를 한번에
https://www.card-gorilla.com/card/detail/418,223,적립,적립,1.0,,국내외 가맹점에서 1% 기본 M포인트 적립
https://www.card-gorilla.com/card/detail/418,223,적립,적립,1.5,,"6대 온라인쇼핑 업종 1.5% 추가 M포인트 적립
선결제 시 0.5% 추가 M포인트 적립"
https://www.card-gorilla.com/card/detail/418,223,적립,멤버십포인트,,,"일상생활, 쇼핑, 자동차구매, H-Coin, 현대카드 Gift카드 등
다양한 사용처에서 M포인트 사용"
https://www.card-gorilla.com/card/detail/419,224,할인,할인,0.7,,[기본 할인] 국내외 가맹점 이용금액의 0.7% 청구 할인
https://www.card-gorilla.com/card/detail/419,224,할인,할인,0.8,,"[추가 할인] 6대 온라인쇼핑 업종 이용금액의 0.8% 추가 할인
[추가 할인] 이용 후 5일 이내 선결제 시 0.3% 추가 할인"
https://www.card-gorilla.com/card/detail/420,225,적립,적립,1.0,,국내외 가맹점에서 1% 기본 M포인트 적립
https://www.card-gorilla.com/card/detail/420,225,적립,적립,1.0,,"6대 생활 필수 영역 이용금액의 1% M포인트 추가 적립
선결제 시 0.5% 추가 M포인트 적립"
https://www.card-gorilla.com/card/detail/420,225,적립,멤버십포인트,,,"일상생활, 쇼핑, 자동차구매, H-Coin, 현대카드 Gift카드 등
다양한 사용처에서 M포인트 사용"
https://www.card-gorilla.com/card/detail/421,226,기타,주유,,,경차 유류세 환급 대상자 주유 및 충전(LPG) 시 유류세 환급
https://www.card-gorilla.com/card/detail/421,226,할인,주유,,200,"현대오일뱅크/SK에너지 주유시 리터당 200원·400원 할인
모든 충전소(LPG) 이용 시 리터당 100원·200원 할인"
https://www.card-gorilla.com/card/detail/421,226,무료서비스,정비,,,스피드메이트 엔진오일 교환 및 타이어 펑크 수리 무료서비스 제공
https://www.card-gorilla.com/card/detail/421,226,할인,보험,,,현대해상 자동차 보험료 결제 시 청구 할인
https://www.card-gorilla.com/card/detail/421,226,적립,적립,0.5,,"국내 가맹점 0.5% M포인트 적립
GS칼텍스 주유 시 리터당 60 M포인트 적립 외"
https://www.card-gorilla.com/card/detail/421,226,적립,멤버십포인트,,,"일상생활, 쇼핑, 자동차구매, H-Coin, 현대카드 Gift카드 등
다양한 사용처에서 M포인트 사용"
https://www.card-gorilla.com/card/detail/422,227,적립,적립,2.0,,"당월 이용금액별 국내외가맹점 최대 2% 기본적립
여행, 고메, 해외쇼핑 5% 특별적립"
https://www.card-gorilla.com/card/detail/422,227,바우처,바우처,,,"M포인트로 여행, 면세점, 호텔에서 사용 가능한 the Green 바우처 교환"
https://www.card-gorilla.com/card/detail/422,227,적립,적립,,,"[리워드] 연간 5만 M포인트 적립
[리워드] 발급 2차년도 이후 연회비 5만원/갱신 이후 10만원 본인카드 연회비 면제"
https://www.card-gorilla.com/card/detail/422,227,기타,프리미엄 서비스,,,Priority Pass카드 및 특수 소재 플레이트 제공
https://www.card-gorilla.com/card/detail/422,227,기타,기타,,,"VISA Signature 서비스
MasterCard World 서비스"
https://www.card-gorilla.com/card/detail/423,228,적립,적립,2.0,,"국내외 가맹점에서 0.5~2% 기본 M포인트 적립
100만원 이상 이용 시 1.5배 적립 / 200만원 이상 이용 시 2배 적립"
https://www.card-gorilla.com/card/detail/423,228,바우처,바우처,,,최대 50만원 상당의 바우처 제공(연 1회)
https://www.card-gorilla.com/card/detail/423,228,무료서비스,프리미엄 서비스,,,"특수 소재 카드 플레이트 제공
전 세계 800여 개 공항라운지 무료 이용 등"
https://www.card-gorilla.com/card/detail/424,229,바우처,바우처,,,"[공통 제공 혜택]
연 1회, 여행과 쇼핑을 위한 바우처"
https://www.card-gorilla.com/card/detail/424,229,마일리지,선택형,,,"[선택 제공 혜택]
항공마일리지(대한항공/아시아나항공) 또는 M포인트 적립"
https://www.card-gorilla.com/card/detail/424,229,무료서비스,프리미엄 서비스,,,"특수소재 카드 플레이트 제공
전 세계 800여 개 공항라운지 무료 이용 등"
https://www.card-gorilla.com/card/detail/425,230,적립,멤버십포인트,3.0,,"코스트코 매장 · 온라인몰 결제 시 1~3% 적립
생활편의영역 1~2%, 그 외 가맹점 1% 적립"
https://www.card-gorilla.com/card/detail/425,230,바우처,바우처,,,코스트코 리워드 포인트 매년 1회 바우처 교환
https://www.card-gorilla.com/card/detail/425,230,기타,멤버십포인트,,,코스트코 연간 이용금액 30만원 이상 시 차년도 연회비 면제
https://www.card-gorilla.com/card/detail/426,231,기타,간편결제,,,한장의 대표카드로 보유 중인 모든 카드 사용이 가능한 All-in-One카드
https://www.card-gorilla.com/card/detail/430,232,마일리지,아시아나항공,0.1,,"이용금액 1,000원 당 1마일리지 적립"
https://www.card-gorilla.com/card/detail/430,232,무료서비스,공항라운지,,,"스카이허브 라운지, 마티나(인천공항 제1여객터미널)라운지 무료입장"
https://www.card-gorilla.com/card/detail/430,232,기타,프리미엄 서비스,,,VISA/MASTER Platinum 서비스
https://www.card-gorilla.com/card/detail/430,232,기타,L.CLASS L20 (아시아나클럽형),,,롯데카드
https://www.card-gorilla.com/card/detail/432,233,마일리지,대한항공,0.1,,"SKYPASS 1,000원당 1마일, 해외결제는 더블마일 적립"
https://www.card-gorilla.com/card/detail/434,234,적립,적립,1.5,,"실적 관계없이, 한도 제한없이 전 가맹점 1~1.5% 적립/청구할인"
https://www.card-gorilla.com/card/detail/434,234,기타,선택형,,,"네이비, 오렌지, 화이트 중 원하는 카드 색상 선택"
https://www.card-gorilla.com/card/detail/439,235,캐시백,해피포인트,20.0,,해피포인트 가맹점 10~20% 캐시백 및 포인트적립
https://www.card-gorilla.com/card/detail/439,235,적립,멤버십포인트,,,POP CARD 할인 및 GS&POINT 적립
https://www.card-gorilla.com/card/detail/439,235,무료서비스,은행사,,,"모든 은행, GS25 ATM 수수료 무료"
https://www.card-gorilla.com/card/detail/444,236,캐시백,무실적,,,국내/해외 가맹점 이용금액 캐시백 제공
https://www.card-gorilla.com/card/detail/447,237,할인,항공권,,,국내 저가항공 할인
https://www.card-gorilla.com/card/detail/447,237,무료서비스,더라운지,,,전 세계 제휴 라운지 무료
https://www.card-gorilla.com/card/detail/447,237,적립,기타,,,하나머니 적립
https://www.card-gorilla.com/card/detail/447,237,기타,면세점,,,Daily Service
https://www.card-gorilla.com/card/detail/447,237,기타,카페,,,Daily Service
https://www.card-gorilla.com/card/detail/447,237,기타,택시,,,Daily Service
https://www.card-gorilla.com/card/detail/448,238,할인,호텔,,,국내 특급호텔 할인
https://www.card-gorilla.com/card/detail/448,238,무료서비스,더라운지,,,전 세계 라운지 무료 입장
https://www.card-gorilla.com/card/detail/448,238,적립,기타,,,하나머니 적립
https://www.card-gorilla.com/card/detail/448,238,할인,주유소,,,모든 주유소 할인
https://www.card-gorilla.com/card/detail/448,238,할인,카페,,,"스타벅스, 커피빈 할인"
https://www.card-gorilla.com/card/detail/448,238,할인,택시,,,택시 할인
https://www.card-gorilla.com/card/detail/449,239,기타,바우처,,,Special Service 제공
https://www.card-gorilla.com/card/detail/449,239,기타,더라운지,,,LoungeKey 제공
https://www.card-gorilla.com/card/detail/449,239,마일리지,대한항공,,,대한항공 마일리지 적립
https://www.card-gorilla.com/card/detail/449,239,기타,프리미엄 서비스,,,국제 브랜드 서비스
https://www.card-gorilla.com/card/detail/450,240,기타,바우처,,,Special Service 제공
https://www.card-gorilla.com/card/detail/450,240,기타,더라운지,,,LoungeKey 제공
https://www.card-gorilla.com/card/detail/450,240,마일리지,아시아나항공,,,아시아나항공 마일리지 적립
https://www.card-gorilla.com/card/detail/450,240,기타,프리미엄 서비스,,,국제 브랜드 서비스
https://www.card-gorilla.com/card/detail/451,241,적립,모든가맹점,1.0,,일반 업종 이용금액 1% 포인트 기본적립
https://www.card-gorilla.com/card/detail/451,241,적립,면세점,2.0,,면세점 및 백화점 이용금액 2% 포인트 특별적립
https://www.card-gorilla.com/card/detail/451,241,적립,해외이용,2.0,,해외 이용금액 2% 포인트 특별적립
https://www.card-gorilla.com/card/detail/451,241,적립,레저/스포츠,5.0,,"골프, 레저 업종 이용금액 3~5% 포인트 특별적립"
https://www.card-gorilla.com/card/detail/451,241,적립,주유소,,,SK 주유소 이용금액 리터당 60포인트 적립
https://www.card-gorilla.com/card/detail/451,241,기타,바우처,,,"Free Package (연 1회, 택 1)"
https://www.card-gorilla.com/card/detail/451,241,기타,프리미엄 서비스,,,프리머스카드 공통서비스
https://www.card-gorilla.com/card/detail/452,242,마일리지,대한항공,0.0667,,"일반 업종 이용금액 1,500원당 1마일리지 기본적립"
https://www.card-gorilla.com/card/detail/452,242,마일리지,면세점,0.1333,,"면세점 및 백화점 이용금액 1,500원당 2마일리지 특별적립"
https://www.card-gorilla.com/card/detail/452,242,마일리지,해외이용,0.1333,,"해외 이용금액 1,500원당 2마일리지 특별적립"
https://www.card-gorilla.com/card/detail/452,242,마일리지,레저/스포츠,0.2,,"골프, 레저 업종 이용금액 1,500원당 3~5마일리지 특별적립"
https://www.card-gorilla.com/card/detail/452,242,마일리지,주유소,,,SK 주유소 이용금액 리터당 3마일리지 적립
https://www.card-gorilla.com/card/detail/452,242,기타,바우처,,,"Free Package (연 1회, 택 1)"
https://www.card-gorilla.com/card/detail/452,242,기타,프리미엄 서비스,,,프리머스카드 공통서비스
https://www.card-gorilla.com/card/detail/453,243,마일리지,아시아나항공,0.1,,"일반 업종 이용금액 1,000원당 1마일리지 기본적립"
https://www.card-gorilla.com/card/detail/453,243,마일리지,면세점,0.2,,"면세점 및 백화점 이용금액 1,000원당 2마일리지 특별적립"
https://www.card-gorilla.com/card/detail/453,243,마일리지,해외이용,0.2,,"해외 이용금액 1,000원당 2마일리지 특별적립"
https://www.card-gorilla.com/card/detail/453,243,마일리지,레저/스포츠,0.3,,"골프, 레저 업종 이용금액 1,000원당 3~5마일리지 특별적립"
https://www.card-gorilla.com/card/detail/453,243,마일리지,주유소,,,SK 주유소 이용금액 리터당 3마일리지 적립
https://www.card-gorilla.com/card/detail/453,243,기타,바우처,,,"Free Package (연 1회, 택 1)"
https://www.card-gorilla.com/card/detail/453,243,기타,프리미엄 서비스,,,프리머스카드 공통서비스
https://www.card-gorilla.com/card/detail/454,244,적립,모든가맹점,0.2,,국내외 가맹점 0.2% 포인트리 기본 적립
https://www.card-gorilla.com/card/detail/454,244,적립,카페/디저트,0.2,,커피/제과아이스크림 업종 0.2% 포인트리 추가 적립
https://www.card-gorilla.com/card/detail/454,244,적립,통신,0.2,,이동통신요금 자동이체 시 0.2% 포인트리 추가 적립
https://www.card-gorilla.com/card/detail/454,244,적립,편의점,0.2,,GS25 편의점 0.2% 포인트리 추가 적립
https://www.card-gorilla.com/card/detail/454,244,적립,교통,0.2,,"대중교통(버스, 지하철), 택시 0.2% 포인트리 추가 적립"
https://www.card-gorilla.com/card/detail/454,244,적립,대형마트,0.8,,대형마트 0.8% 포인트리 추가 적립
https://www.card-gorilla.com/card/detail/454,244,적립,주유,0.8,,GS칼텍스 주유소 0.8% 포인트리 추가 적립
https://www.card-gorilla.com/card/detail/455,245,바우처,국민행복,,,국가바우처
https://www.card-gorilla.com/card/detail/455,245,할인,쇼핑,5.0,,쇼핑 5% 결제일 할인
https://www.card-gorilla.com/card/detail/455,245,할인,교육/육아,30.0,,키즈 30% 결제일 할인
https://www.card-gorilla.com/card/detail/455,245,할인,병원/약국,5.0,,"헬스(병원, 약국, 산후조리원 업종) 5% 결제일 할인"
https://www.card-gorilla.com/card/detail/455,245,할인,교육/육아,10.0,,"육아/교육(어린이집, 유치원, 학원, 학습지 등) 10% 결제일 할인"
https://www.card-gorilla.com/card/detail/455,245,할인,교통,10.0,,교통 10% 결제일 할인
https://www.card-gorilla.com/card/detail/455,245,할인,통신,,,통신 2천원 결제일 할인
https://www.card-gorilla.com/card/detail/455,245,기타,교육/육아,,,롯데 국민행복카드 특화서비스
https://www.card-gorilla.com/card/detail/457,246,기타,수수료우대,,,[해외서비스] 해외이용수수료 면제
https://www.card-gorilla.com/card/detail/457,246,캐시백,해외이용,2.0,,[해외서비스] 해외가맹점(해외직구 포함) 이용금액의 1~2% 캐시백
https://www.card-gorilla.com/card/detail/457,246,무료서비스,공항라운지,,,[해외서비스] 인천 공항라운지 무료이용 서비스
https://www.card-gorilla.com/card/detail/457,246,할인,생활,,,"[국내서비스] 쇼핑, 커피, 영화 등 다양한 국내 가맹점 할인 서비스"
https://www.card-gorilla.com/card/detail/458,247,기타,선택형,,,라이프스타일 옵션 패키지
https://www.card-gorilla.com/card/detail/458,247,적립,네이버페이,10.0,,[일상팩] 네이버페이 온라인 간편결제 시 10% 네이버페이 포인트 적립
https://www.card-gorilla.com/card/detail/458,247,적립,카페,5.0,,[일상팩] 커피전문점·편의점·배달앱 5% 네이버페이 포인트 적립
https://www.card-gorilla.com/card/detail/458,247,적립,네이버페이,10.0,,[온라인팩] 네이버페이 온라인 간편결제 시 10% 네이버페이 포인트 적립
https://www.card-gorilla.com/card/detail/458,247,적립,네이버페이,,,"[온라인팩] 네이버페이 온라인 간편결제 시 3,000 네이버페이 포인트 추가적립"
https://www.card-gorilla.com/card/detail/458,247,적립,적립,0.5,,국내외 온오프라인 가맹점 기본 0.5% 네이버페이 포인트 적립
https://www.card-gorilla.com/card/detail/459,248,적립,적립,5.0,,모아포인트 5%~0.8% 적립
https://www.card-gorilla.com/card/detail/459,248,적립,간편결제,3.0,,주요 간편결제 모아포인트 3% 추가적립
https://www.card-gorilla.com/card/detail/465,249,적립,적립,,,"통합적립한도 안에서 하나머니 적립
(월 최대 3만 하나머니)"
https://www.card-gorilla.com/card/detail/465,249,할인,영화,,,"CGV, 메가박스, 롯데시네마 영화표 1만원 이상 결제하면 5천원 청구할인 (월 1회)"
https://www.card-gorilla.com/card/detail/466,250,마일리지,대한항공,,,대한항공 마일리지 적립 (전월실적 50만원 이상)
https://www.card-gorilla.com/card/detail/466,250,무료서비스,프리미엄 서비스,,,AMEX PLATINUM 서비스 제공
https://www.card-gorilla.com/card/detail/469,251,적립,온라인쇼핑,5.0,,[Easy 서비스] 인터넷쇼핑몰 5% 적립
https://www.card-gorilla.com/card/detail/469,251,적립,배달앱,5.0,,[Easy 서비스] 배달앱 5% 적립
https://www.card-gorilla.com/card/detail/469,251,적립,대형마트,5.0,,[Easy 서비스] 대형마트 5% 적립
https://www.card-gorilla.com/card/detail/469,251,적립,주유,5.0,,[Easy 서비스] 주유소/충전소 5% 적립
https://www.card-gorilla.com/card/detail/469,251,적립,대중교통,5.0,,[Basic 서비스] 대중교통 5% 적립
https://www.card-gorilla.com/card/detail/469,251,적립,통신,5.0,,[Basic 서비스] 이동통신 5% 적립
https://www.card-gorilla.com/card/detail/469,251,적립,APP,5.0,,[Basic 서비스] 인터넷 쇼핑몰 앱카드 결제 5% 적립
https://www.card-gorilla.com/card/detail/469,251,적립,선택형,5.0,,[Pick 서비스] 선호영역(택1) 5% 적립
https://www.card-gorilla.com/card/detail/470,252,할인,온라인쇼핑,5.0,,[Easy on 특화서비스] 인터넷 쇼핑몰 5% 할인
https://www.card-gorilla.com/card/detail/470,252,할인,푸드,5.0,,[Easy on 특화서비스] 음식 업종 5% 할인
https://www.card-gorilla.com/card/detail/470,252,할인,소셜커머스,5.0,,[Easy on 특화서비스] 소셜커머스 5% 할인
https://www.card-gorilla.com/card/detail/470,252,할인,배달앱,5.0,,[Easy on 특화서비스] 배달앱 5% 할인
https://www.card-gorilla.com/card/detail/470,252,할인,백화점,5.0,,[Easy on 특화서비스] 백화점 5% 할인
https://www.card-gorilla.com/card/detail/470,252,할인,카페,5.0,,[Easy on 특화서비스] 커피 5% 할인
https://www.card-gorilla.com/card/detail/470,252,할인,편의점,5.0,,[Easy on 특화서비스] 편의점 5% 할인
https://www.card-gorilla.com/card/detail/470,252,할인,대중교통,5.0,,[Easy on Plus 서비스] 대중교통 5% 할인
https://www.card-gorilla.com/card/detail/470,252,할인,통신,5.0,,[Easy on Plus 서비스] 이동통신요금 5% 할인
https://www.card-gorilla.com/card/detail/470,252,할인,생활,5.0,,"[Easy on Plus 서비스] 온라인 음원, 숙박앱 5% 할인"
https://www.card-gorilla.com/card/detail/470,252,할인,APP,5.0,,[Easy on Plus 서비스] 인터넷 쇼핑몰 앱카드 결제 5% 할인
https://www.card-gorilla.com/card/detail/471,253,적립,생활,0.5,,기본적립 0.5% L.POINT 적립
https://www.card-gorilla.com/card/detail/471,253,적립,생활,3.0,,특별적립 3% L.POINT 적립
https://www.card-gorilla.com/card/detail/473,254,적립,저가항공,3.0,,[특별적립] 저비용 항공사 6개사 3% UniMile 적립
https://www.card-gorilla.com/card/detail/473,254,적립,해외이용,2.0,,[특별적립] 해외이용 2% UniMile 적립
https://www.card-gorilla.com/card/detail/473,254,적립,온라인 여행사,2.0,,[특별적립] 온라인여행사 2% UniMile 적립
https://www.card-gorilla.com/card/detail/473,254,적립,면세점,2.0,,[특별적립] 면세점 2% UniMile 적립
https://www.card-gorilla.com/card/detail/473,254,적립,렌터카,1.0,,[특별적립] 렌터카 1% UniMile 적립
https://www.card-gorilla.com/card/detail/473,254,적립,주유소,1.0,,[특별적립] 주유소 1% UniMile 적립
https://www.card-gorilla.com/card/detail/473,254,적립,생활,0.7,,[기본적립] 국내가맹점 0.7% UniMile 적립
https://www.card-gorilla.com/card/detail/473,254,기타,여행/숙박,,,프리미엄 투어 서비스
https://www.card-gorilla.com/card/detail/473,254,할인,카페,,,"스타벅스, 투썸플레이스 1천원 청구할인"
https://www.card-gorilla.com/card/detail/473,254,무료서비스,공항라운지,,,국내외 공항라운지 무료 이용
https://www.card-gorilla.com/card/detail/473,254,할인,해외,,,해외 유명 박물관/미술관 입장권 할인
https://www.card-gorilla.com/card/detail/473,254,기타,프리미엄 서비스,,,UnionPay Platinum 서비스
https://www.card-gorilla.com/card/detail/476,255,적립,선택형,,,[Making 17 서비스] 포인트 적립받을 영역과 적립율을 직접 선택하는 DIY 서비스!
https://www.card-gorilla.com/card/detail/476,255,적립,쇼핑,5.0,,"백화점, 마트, 홈쇼핑, 온라인쇼핑, 소셜몰, 패션&뷰티 1~5% 적립"
https://www.card-gorilla.com/card/detail/476,255,적립,푸드,5.0,,"커피전문점, 편의점, 베이커리, 배달앱 1~5% 적립"
https://www.card-gorilla.com/card/detail/476,255,적립,해외,5.0,,"해외, 항공&면세점 1~5% 적립"
https://www.card-gorilla.com/card/detail/476,255,적립,생활,5.0,,"주유, 교육, 병원, 이동통신, 대중교통 1~5% 적립"
https://www.card-gorilla.com/card/detail/476,255,적립,적립,,,"[My Pick 서비스] 마이신한포인트 2,000포인트 적립"
https://www.card-gorilla.com/card/detail/477,256,적립,선택형,2.0,,[Taking 10 서비스] 가장 많이 이용한 5개 영역 각 2%씩 적립
https://www.card-gorilla.com/card/detail/477,256,적립,쇼핑,2.0,,"백화점, 마트, 홈쇼핑, 온라인쇼핑, 소셜몰, 패션&뷰티 2% 적립"
https://www.card-gorilla.com/card/detail/477,256,적립,푸드,2.0,,"커피전문점, 편의점, 베이커리, 배달앱 2% 적립"
https://www.card-gorilla.com/card/detail/477,256,적립,해외,2.0,,"해외, 항공&면세점 2% 적립"
https://www.card-gorilla.com/card/detail/477,256,적립,생활,2.0,,"주유, 교육, 병원, 이동통신, 대중교통 2% 적립"
https://www.card-gorilla.com/card/detail/477,256,적립,적립,,,"[My Pick 서비스] 마이신한포인트 1,000포인트 적립"
https://www.card-gorilla.com/card/detail/478,257,적립,대형마트,1.2,,홈플러스 포인트 1.2% 적립
https://www.card-gorilla.com/card/detail/478,257,할인,영화,,1500,"YES24, 인터파크 영화 예매 1,500원 할인"
https://www.card-gorilla.com/card/detail/478,257,할인,기타,,,생활친화가맹점 잔돈할인 서비스
https://www.card-gorilla.com/card/detail/479,258,적립,마트/편의점,0.6,,홈플러스포인트 0.6% 적립
https://www.card-gorilla.com/card/detail/480,259,할인,APP,,,카카오 T 2천원 할인
https://www.card-gorilla.com/card/detail/480,259,할인,주유소,,60,주유소 리터당 60원 할인
https://www.card-gorilla.com/card/detail/480,259,할인,기차,5.0,,철도(KTX/SRT포함) 5% 할인
https://www.card-gorilla.com/card/detail/480,259,할인,영화,,,영화관 3천원 할인
https://www.card-gorilla.com/card/detail/481,260,할인,온라인쇼핑,10.0,,온라인 쇼핑 10% 청구할인
https://www.card-gorilla.com/card/detail/481,260,할인,간편결제,5.0,,4대 PAY 결제 시 5% 추가 청구할인
https://www.card-gorilla.com/card/detail/481,260,할인,동물병원,10.0,,동물병원 10% 청구할인
https://www.card-gorilla.com/card/detail/481,260,할인,쇼핑,10.0,,"백화점, 아울렛, 잡화 10% 청구할인"
https://www.card-gorilla.com/card/detail/481,260,할인,마트/편의점,10.0,,"대형할인점, 편의점 등 10% 청구할인"
https://www.card-gorilla.com/card/detail/481,260,할인,해외이용,1.0,,해외 이용금액 1% 청구할인
https://www.card-gorilla.com/card/detail/481,260,무료서비스,공항라운지,,,국내외 공항라운지 무료 이용 서비스
https://www.card-gorilla.com/card/detail/481,260,할인,주유소,,60,주말 4대 주유소 리터당 60원 청구할인
https://www.card-gorilla.com/card/detail/481,260,할인,카페,10.0,,"스타벅스, 폴바셋 10% 청구할인"
https://www.card-gorilla.com/card/detail/482,261,할인,온라인쇼핑,10.0,,온라인 쇼핑 10% 청구할인
https://www.card-gorilla.com/card/detail/482,261,할인,간편결제,5.0,,4대 PAY 결제 시 5% 추가 청구할인
https://www.card-gorilla.com/card/detail/482,261,할인,동물병원,10.0,,동물병원 10% 청구할인
https://www.card-gorilla.com/card/detail/482,261,할인,쇼핑,10.0,,"백화점, 아울렛, 잡화 10% 청구할인"
https://www.card-gorilla.com/card/detail/482,261,할인,마트/편의점,10.0,,"대형할인점, 편의점 등 10% 청구할인"
https://www.card-gorilla.com/card/detail/482,261,할인,해외이용,1.0,,해외 이용금액 1% 청구할인
https://www.card-gorilla.com/card/detail/482,261,무료서비스,공항라운지,,,국내외 공항라운지 무료 이용 서비스
https://www.card-gorilla.com/card/detail/482,261,할인,주유소,,60,주말 4대 주유소 리터당 60원 청구할인
https://www.card-gorilla.com/card/detail/482,261,할인,카페,10.0,,"스타벅스, 폴바셋 10% 청구할인"
https://www.card-gorilla.com/card/detail/486,262,캐시백,쇼핑,,,올리브영 3천원 캐시백
https://www.card-gorilla.com/card/detail/486,262,캐시백,영화,,,CGV 3천원 캐시백
https://www.card-gorilla.com/card/detail/486,262,캐시백,베이커리,,,뚜레쥬르 3천원 캐시백
https://www.card-gorilla.com/card/detail/486,262,캐시백,대중교통,,,"버스, 지하철 3천원 캐시백"
https://www.card-gorilla.com/card/detail/486,262,무료서비스,공항라운지,,,인천공항 라운지 무료이용 서비스
https://www.card-gorilla.com/card/detail/487,263,할인,대중교통,,200,"버스, 지하철 후불 교통 이용 금액 일 200원 ~ 일 600원 할인"
https://www.card-gorilla.com/card/detail/487,263,할인,택시,10.0,,택시/KTX 이용 금액 10% 할인
https://www.card-gorilla.com/card/detail/487,263,할인,백화점,5.0,,4대 백화점 5% 할인
https://www.card-gorilla.com/card/detail/487,263,할인,카페,10.0,,커피전문점 10% 할인
https://www.card-gorilla.com/card/detail/487,263,할인,편의점,5.0,,편의점 5% 할인
https://www.card-gorilla.com/card/detail/487,263,할인,통신,5.0,,이동통신요금 5% 할인
https://www.card-gorilla.com/card/detail/487,263,할인,영화,,,"CGV, 인터파크, YES24 영화 할인"
https://www.card-gorilla.com/card/detail/487,263,캐시백,캐시백,5.0,,"전기요금, 통신요금, 해외이용금액 5% 캐시백 제공"
https://www.card-gorilla.com/card/detail/488,264,적립,주유,,,주유 리터당 150점 포인트리 적립
https://www.card-gorilla.com/card/detail/488,264,적립,자동차/하이패스,5.0,,오토케어 5% 포인트리 적립
https://www.card-gorilla.com/card/detail/488,264,적립,보험,,,자동차보험 1만점 포인트리 적립
https://www.card-gorilla.com/card/detail/488,264,적립,OTT/영화/문화,,,영화 3천점 포인트리 적립
https://www.card-gorilla.com/card/detail/488,264,적립,카페/디저트,,,제과/아이스크림 2천점 포인트리 적립
https://www.card-gorilla.com/card/detail/488,264,적립,편의점,,,"편의점, 올리브영 1천점 포인트리 적립"
https://www.card-gorilla.com/card/detail/488,264,적립,적립,0.2,,국내·외 가맹점 0.2% 포인트리 적립
https://www.card-gorilla.com/card/detail/488,264,기타,프리미엄 서비스,,,Easy auto 티타늄 서비스
https://www.card-gorilla.com/card/detail/489,265,할인,여행/숙박,,,여행 할인
https://www.card-gorilla.com/card/detail/489,265,할인,할인,,,전 가맹점 할인
https://www.card-gorilla.com/card/detail/489,265,기타,생활,,,Easy fly+ 서비스
https://www.card-gorilla.com/card/detail/489,265,기타,프리미엄,,,Easy fly 티타늄 서비스
https://www.card-gorilla.com/card/detail/489,265,기타,", ‘여행족이 뽑은 여행 혜택 1위’ 설문조사 발표",,,탄탄대로 Miz&Mr 티타늄카드
https://www.card-gorilla.com/card/detail/490,266,적립,적립,0.5,,국내외 가맹점 이용금액 0.5% SK pay 포인트 적립
https://www.card-gorilla.com/card/detail/490,266,적립,온라인쇼핑,1.0,,11번가에서 SK pay 결제 시 이용금액 1% 적립
https://www.card-gorilla.com/card/detail/491,267,적립,적립,0.1,,국내외 가맹점 이용금액 0.1% SK pay 포인트 적립
https://www.card-gorilla.com/card/detail/491,267,적립,온라인쇼핑,0.5,,11번가에서 SK pay 결제 시 이용금액 0.5% 적립
https://www.card-gorilla.com/card/detail/498,268,적립,적립,,,"일상생활, 농협계통업종, 농업관련업종 NH포인트 적립"
https://www.card-gorilla.com/card/detail/500,269,적립,모든가맹점,1.2,,전 가맹점 0.8~1.2% 적립/청구할인
https://www.card-gorilla.com/card/detail/500,269,무료서비스,면세점,,,신세계면세점 선불카드 5만원 증정
https://www.card-gorilla.com/card/detail/500,269,무료서비스,공항라운지/PP,,,공항라운지 및 발레파킹 서비스
https://www.card-gorilla.com/card/detail/500,269,적립,적립,,,신세계포인트 가맹점 이용 시 신세계포인트 적립
https://www.card-gorilla.com/card/detail/501,270,적립,모든가맹점,1.5,,"실적 관계없이, 한도 제한없이 전 가맹점 1~1.5% 적립/청구할인"
https://www.card-gorilla.com/card/detail/501,270,적립,적립,,,신세계포인트 가맹점 이용 시 신세계포인트 추가 적립
https://www.card-gorilla.com/card/detail/502,271,기타,기타,,,"네이버에서 네이버투자통장(삼성증권 CMA계좌) 개설 후, 네이버에서만 카드신청 가능"
https://www.card-gorilla.com/card/detail/502,271,적립,적립,0.5,,0.5% 또는 3% 네이버페이 포인트 적립
https://www.card-gorilla.com/card/detail/502,271,기타,프리미엄 서비스,,,Platinum Service
https://www.card-gorilla.com/card/detail/507,272,할인,간편결제,5.0,,페이 결제 시 5% 할인
https://www.card-gorilla.com/card/detail/507,272,할인,쇼핑,5.0,,온라인/오프라인 쇼핑 5% 할인
https://www.card-gorilla.com/card/detail/507,272,할인,모든가맹점,0.5,,전 가맹점 0.5% 기본할인
https://www.card-gorilla.com/card/detail/508,273,할인,교육/육아,5.0,,학원비 5% 청구할인
https://www.card-gorilla.com/card/detail/508,273,할인,교육/육아,,,초/중/고교 교육비 자동납부 시 2천원 청구할인
https://www.card-gorilla.com/card/detail/508,273,할인,생활,1.0,,10대 업종 0.5~1% 청구할인
https://www.card-gorilla.com/card/detail/508,273,기타,금융,,,전자금융 수수료 면제
https://www.card-gorilla.com/card/detail/516,274,할인,모든가맹점,0.7,,할인한도 없이 0.7%~1.4% 할인
https://www.card-gorilla.com/card/detail/516,274,할인,해외,1.0,,해외이용가맹점 1.0% 청구할인
https://www.card-gorilla.com/card/detail/516,274,할인,생활,1.4,,선택영역 1개 영역 1.4%~2.1% 청구할인
https://www.card-gorilla.com/card/detail/517,275,할인,모든가맹점,0.3,,국내·외 전 가맹점 0.2~0.3% 청구할인
https://www.card-gorilla.com/card/detail/517,275,기타,은행사,,,NH1934체크카드 & NH1934우대통장 교차이용 혜택
https://www.card-gorilla.com/card/detail/521,276,할인,온라인쇼핑,10.0,,온라인 쇼핑 10% 청구할인
https://www.card-gorilla.com/card/detail/521,276,할인,쇼핑,10.0,,오프라인 쇼핑 10% 청구할인
https://www.card-gorilla.com/card/detail/521,276,할인,해외이용,5.0,,베트남 현지 오프라인 全가맹점 5% 청구할인
https://www.card-gorilla.com/card/detail/521,276,무료서비스,공항라운지/PP,,,국내외 공항라운지 무료 이용 서비스
https://www.card-gorilla.com/card/detail/521,276,할인,주유,,60,주말 4대 주유소 리터당 60원 청구할인
https://www.card-gorilla.com/card/detail/521,276,할인,카페/디저트,10.0,,"스타벅스, 폴바셋 10% 청구할인"
https://www.card-gorilla.com/card/detail/522,277,할인,통신,,,통신요금 자동이체 1만원~1만5천원 청구할인
https://www.card-gorilla.com/card/detail/522,277,기타,프리미엄 서비스,,,Liiv M 마스터 티타늄 서비스
https://www.card-gorilla.com/card/detail/523,278,할인,통신,5.0,,이동통신요금 5% 환급할인
https://www.card-gorilla.com/card/detail/523,278,할인,소셜커머스,3.0,,11번가 3% 환급할인
https://www.card-gorilla.com/card/detail/523,278,할인,여행/숙박,3.0,,야놀자 3% 환급할인
https://www.card-gorilla.com/card/detail/523,278,할인,편의점,3.0,,CU편의점 3% 환급할인
https://www.card-gorilla.com/card/detail/529,279,적립,모든가맹점,1.0,,"국내외 가맹점에서 1% 기본 M포인트 적립
100만원 이상 이용 시 1.5배 적립 / 200만원 이상 이용 시 2배 적립"
https://www.card-gorilla.com/card/detail/529,279,바우처,바우처,,,최대 20만원 상당의 바우처 제공(연 1회)
https://www.card-gorilla.com/card/detail/529,279,무료서비스,프리미엄 서비스,,,"특수 소재 카드 플레이트 제공
공항라운지 무료이용 / 발레파킹서비스 제공"
https://www.card-gorilla.com/card/detail/529,279,기타,기타,,,"연회비 감면
MasterCard/VISA 서비스"
https://www.card-gorilla.com/card/detail/533,280,할인,주유소,,,"[DC ONE] 내가 직접 고르는 특별할인!
[DC ALL] 언제 어디서나 누리는 기본할인!"
https://www.card-gorilla.com/card/detail/533,280,할인,저녁,5.0,,"[드라이버 할인] 음식점(저녁), 편의점, 주차장, 세차장, 대리운전 5% 할인"
https://www.card-gorilla.com/card/detail/533,280,할인,자동차,,25000,"[오토 할인]엔진오일 교환 25,000원 할인
자동차보험 10,000원 할인"
https://www.card-gorilla.com/card/detail/534,281,할인,무실적,0.5,,국내외 온·오프라인 가맹점 0.5% 결제일 청구할인
https://www.card-gorilla.com/card/detail/534,281,할인,온라인쇼핑,5.0,,인터파크 5.0% 결제일 청구할인
https://www.card-gorilla.com/card/detail/535,282,할인,쇼핑,15.0,,"롯데면세점 5~15% 할인우대, 롯데백화점 5% 할인 e-쿠폰 등"
https://www.card-gorilla.com/card/detail/535,282,할인,푸드,10.0,,"T.G.I. FRiDAY'S 10% 할인, 미스터피자 15% 현장할인 등"
https://www.card-gorilla.com/card/detail/535,282,할인,뷰티/피트니스,20.0,,박준 뷰티랩 20%할인/박승철 헤어스투디오 15% 할인 (프리미엄 매장 제외)
https://www.card-gorilla.com/card/detail/535,282,할인,기타,50.0,,"롯데월드 본인 종합이용권 50% 할인, 롯데시네마 관람권 1,500원 할인 등"
https://www.card-gorilla.com/card/detail/535,282,바우처,바우처,,,스페셜기프트 제공(연 1회)
https://www.card-gorilla.com/card/detail/535,282,기타,생활,,,Be My Guest / Star Point / Life Support / Bonus Present
https://www.card-gorilla.com/card/detail/535,282,기타,프리미엄 서비스,,,AMEX Platinum 서비스
https://www.card-gorilla.com/card/detail/536,283,적립,렌탈,,,10개 렌탈사 자동이체 이용 시 마이신한포인트 적립
https://www.card-gorilla.com/card/detail/536,283,적립,공과금,,,7개 생활월납 자동이체 이용 시 마이신한포인트 적립
https://www.card-gorilla.com/card/detail/536,283,적립,기타,,,디지털 구독 서비스 정기결제 이용 시 마이신한포인트 적립
https://www.card-gorilla.com/card/detail/537,284,적립,렌탈,,,10개 렌탈사 자동이체 이용 시 마이신한포인트 적립
https://www.card-gorilla.com/card/detail/537,284,적립,공과금,,,7개 생활월납 자동이체 이용 시 마이신한포인트 적립
https://www.card-gorilla.com/card/detail/537,284,적립,기타,,,7개 디지털 구독 서비스 정기결제 이용 시 마이신한 포인트 적립
https://www.card-gorilla.com/card/detail/537,284,적립,생활,,,"커피, 편의점, 해외 이용시 마이신한포인트 적립"
https://www.card-gorilla.com/card/detail/538,285,할인,학원,3.0,,"학원 3% 할인
온라인강의 5% 할인"
https://www.card-gorilla.com/card/detail/538,285,할인,뷰티/피트니스,3.0,,"수영장, 요가, 레포츠클럽, 문화센터, 종합스포츠센터 3% 할인"
https://www.card-gorilla.com/card/detail/538,285,할인,도서,5.0,,"서점, 문방구점, 학습지, 기타 학습자재 5% 할인"
https://www.card-gorilla.com/card/detail/538,285,할인,생활,,,"대형마트, 통신요금, 패스트푸드 할인"
https://www.card-gorilla.com/card/detail/538,285,기타,프리미엄 서비스,,,Easy study 티타늄 서비스
https://www.card-gorilla.com/card/detail/539,286,바우처,바우처,,,3만원 상당 기프트카드 제공
https://www.card-gorilla.com/card/detail/539,286,할인,생활,10.0,,"외식업종, 마트, 학원업종 10% 할인"
https://www.card-gorilla.com/card/detail/539,286,무이자할부,병원,,,의료업종 2~3개월 무이자 할부
https://www.card-gorilla.com/card/detail/539,286,기타,프리미엄 서비스,,,마스터 플래티넘 서비스
https://www.card-gorilla.com/card/detail/539,286,기타,기타,,,"라이프 매거진 매월 발송,
쇼핑/외식/여가문화 혜택"
https://www.card-gorilla.com/card/detail/540,287,캐시백,병원/약국,5.0,,"병원, 약국, 동물병원 5% 캐시백"
https://www.card-gorilla.com/card/detail/540,287,캐시백,뷰티/피트니스,5.0,,"운동, 레저스포츠, 건강보조식품 등 5% 캐시백"
https://www.card-gorilla.com/card/detail/540,287,캐시백,선택형,5.0,,월 이용금액 TOP3 그룹 자동으로 5% 캐시백
https://www.card-gorilla.com/card/detail/540,287,캐시백,기타,,,"누적 이용금액 600만원 달성 시, 1만원 보너스 캐시백"
https://www.card-gorilla.com/card/detail/541,288,할인,국내외가맹점,1.4,,국내외 가맹점 최대 1.4% 할인
https://www.card-gorilla.com/card/detail/542,289,기타,백화점,,,갤러리아 관련 혜택
https://www.card-gorilla.com/card/detail/542,289,할인,해외이용,1.0,,해외 가맹점(해외직구 포함) 1% 청구할인
https://www.card-gorilla.com/card/detail/542,289,할인,주유소,,60,4대 주유소 주말 주유시 리터당 60원 청구할인
https://www.card-gorilla.com/card/detail/542,289,할인,카페,,,"커피(스타벅스, 폴바셋, 빈스앤베리스) 1천원 청구할인"
https://www.card-gorilla.com/card/detail/542,289,할인,OTT/영화/문화,20.0,,"CGV, 롯데시네마 12,000원 이상 결제시 5,000원 청구할인
대림미술관 20% 청구할인"
https://www.card-gorilla.com/card/detail/542,289,무료서비스,프리미엄 서비스,,,"공항라운지 무료,
발렛 파킹 무료"
https://www.card-gorilla.com/card/detail/543,290,할인,공과금,,3000,"아파트관리비(공공 임대료) 5천~15천원 청구할인,
도시가스 자동납부 3,000원 청구할인"
https://www.card-gorilla.com/card/detail/543,290,할인,기타,30.0,,"유튜브 프리미엄 정기권 30% 청구할인,
넷플릭스 정기권 30% 청구할인"
https://www.card-gorilla.com/card/detail/544,291,할인,공과금,,3000,"아파트관리비(공공 임대료) 5천~15천원 청구할인,
도시가스 자동납부 3,000원 청구할인"
https://www.card-gorilla.com/card/detail/544,291,할인,학원,10.0,,학원 10% 청구할인
https://www.card-gorilla.com/card/detail/544,291,할인,기타,30.0,,"유튜브 프리미엄 정기권 30% 청구할인,
넷플릭스 정기권 30% 청구할인"
https://www.card-gorilla.com/card/detail/544,291,무료서비스,프리미엄 서비스,,,"전 세계 1,000여개 공항라운지 무료 입장 서비스,
프리미엄 투어 서비스"
https://www.card-gorilla.com/card/detail/545,292,캐시백,공과금,,,아파트관리비(공공 임대료) 3천~10천원 캐시백
https://www.card-gorilla.com/card/detail/545,292,캐시백,기타,30.0,,유튜브 프리미엄 정기권 30% 캐시백
https://www.card-gorilla.com/card/detail/546,293,할인,대중교통,10.0,,대중교통요금 10% 할인
https://www.card-gorilla.com/card/detail/546,293,적립,적립,0.9,,모아포인트 최고 0.9% 적립
https://www.card-gorilla.com/card/detail/546,293,할인,주유소,,70,GS칼텍스 리터당 최대 70원 청구할인
https://www.card-gorilla.com/card/detail/546,293,할인,패밀리레스토랑,,,패밀리 레스토랑 할인
https://www.card-gorilla.com/card/detail/546,293,할인,OTT/영화/문화,,,"영화, 놀이공원, 콘도 할인"
https://www.card-gorilla.com/card/detail/546,293,할인,쇼핑,,,"유명의류, 한국프뢰벨, 현대홈쇼핑, 특별할인서비스"
https://www.card-gorilla.com/card/detail/546,293,무료서비스,생활,,,"자동차, 통신 등 생활서비스 제공"
https://www.card-gorilla.com/card/detail/548,294,마일리지,대한항공,,,"이용금액 1,000원당 대한항공 마일리지 적립"
https://www.card-gorilla.com/card/detail/548,294,무료서비스,공항라운지,,,세계 공항라운지 무료 이용 서비스
https://www.card-gorilla.com/card/detail/551,295,캐시백,생활,,,자동납부 5천원/1만원 캐시백
https://www.card-gorilla.com/card/detail/551,295,할인,통신,,,통신요금 자동납부 5천원 청구할인
https://www.card-gorilla.com/card/detail/551,295,할인,영화,,,영화 3천원 청구할인
https://www.card-gorilla.com/card/detail/551,295,할인,기타,,,정기결제 1천원 청구할인
https://www.card-gorilla.com/card/detail/551,295,기타,선택형,,,Easy link 선택서비스(택1)
https://www.card-gorilla.com/card/detail/551,295,기타,프리미엄 서비스,,,티타늄 서비스
https://www.card-gorilla.com/card/detail/558,296,마일리지,아시아나항공,,,"이용금액 1,000원당 아시아나항공 마일리지 적립"
https://www.card-gorilla.com/card/detail/558,296,무료서비스,공항라운지,,,전 세계 공항라운지 무료 이용 서비스
https://www.card-gorilla.com/card/detail/558,296,기타,기타,,,프리미엄 투어 서비스
https://www.card-gorilla.com/card/detail/559,297,할인,대중교통,10.0,,버스·지하철 10% 청구할인
https://www.card-gorilla.com/card/detail/559,297,할인,통신,,2500,"이동통신요금 2,500원 환급할인"
https://www.card-gorilla.com/card/detail/559,297,할인,영화,35.0,,CGV 35% 환급할인
https://www.card-gorilla.com/card/detail/559,297,할인,푸드,20.0,,"아웃백, VIPS / 스타벅스 20% 환급할인"
https://www.card-gorilla.com/card/detail/559,297,할인,테마파크,50.0,,에버랜드·롯데월드 50% 환급할인
https://www.card-gorilla.com/card/detail/559,297,기타,금융,,,금융수수료 면제 서비스
https://www.card-gorilla.com/card/detail/559,297,할인,편의점,5.0,,GS25 5% 환급할인
https://www.card-gorilla.com/card/detail/559,297,할인,도서,5.0,,교보문고 5% 환급할인
https://www.card-gorilla.com/card/detail/559,297,할인,기타,,,통합할인한도
https://www.card-gorilla.com/card/detail/561,298,할인,대중교통,10.0,,버스·지하철 10% 청구할인
https://www.card-gorilla.com/card/detail/561,298,할인,통신,,2500,"이동통신요금 2,500원 환급할인"
https://www.card-gorilla.com/card/detail/561,298,할인,영화,35.0,,CGV 35% 환급할인
https://www.card-gorilla.com/card/detail/561,298,할인,푸드,20.0,,"아웃백, VIPS / 스타벅스 20% 환급할인"
https://www.card-gorilla.com/card/detail/561,298,할인,테마파크,50.0,,에버랜드·롯데월드 50% 환급할인
https://www.card-gorilla.com/card/detail/561,298,기타,금융,,,금융수수료 면제 서비스
https://www.card-gorilla.com/card/detail/561,298,할인,편의점,5.0,,GS25 5% 환급할인
https://www.card-gorilla.com/card/detail/561,298,할인,도서,5.0,,교보문고 5% 환급할인
https://www.card-gorilla.com/card/detail/561,298,할인,기타,,,통합할인한도
https://www.card-gorilla.com/card/detail/568,299,적립,적립,3.0,,"커피, 이동통신, 주유 등 1~3% 빅포인트 적립"
https://www.card-gorilla.com/card/detail/568,299,할인,베이커리,10.0,,파리바게뜨·배스킨라빈스·던킨도너츠 10% 결제일할인
https://www.card-gorilla.com/card/detail/568,299,할인,영화,,3000,"CGV 및 롯데시네마 3,000원 결제일할인"
https://www.card-gorilla.com/card/detail/568,299,무료서비스,생활,,,부가세환급 편의지원서비스 및 전자세금계산서 월 250건 무료 제공
https://www.card-gorilla.com/card/detail/569,300,할인,생활,,,4대 디지털 스트리밍 서비스 1만원 청구 할인
https://www.card-gorilla.com/card/detail/569,300,할인,간편결제,5.0,,6대 온라인 간편결제서비스 5% 청구 할인
https://www.card-gorilla.com/card/detail/569,300,기타,선택형,,,서로 다른 매력이 있는 4종의 디자인 중에서 하나를 선택해 발급
https://www.card-gorilla.com/card/detail/578,301,적립,금융,5.0,,"금융포인트 0.5~5% 적립
KB증권 매매수수료의 5% 금융포인트 적립"
https://www.card-gorilla.com/card/detail/578,301,기타,기타,,,다양한 KB금융 서비스 혜택
https://www.card-gorilla.com/card/detail/579,302,마일리지,대한항공,0.1,,"국내외(온․오프라인) 가맹점 1,000원당 1마일리지 적립
해외, 커피, 택시, 편의점, 대중교통 가맹점 1,000원당 1마일리지 추가 적립"
https://www.card-gorilla.com/card/detail/579,302,무료서비스,공항라운지,,,공항라운지(The Lounge Members) 무료 이용 서비스
https://www.card-gorilla.com/card/detail/579,302,기타,프리미엄,,,Mastercard Platinum 서비스
https://www.card-gorilla.com/card/detail/580,303,적립,온라인쇼핑,5.0,,[Easy 서비스] 인터넷쇼핑몰 5% 적립
https://www.card-gorilla.com/card/detail/580,303,적립,배달앱,5.0,,[Easy 서비스] 배달앱 5% 적립
https://www.card-gorilla.com/card/detail/580,303,적립,대형마트,5.0,,[Easy 서비스] 대형마트 5% 적립
https://www.card-gorilla.com/card/detail/580,303,적립,주유,5.0,,[Easy 서비스] 주유소/충전소 5% 적립
https://www.card-gorilla.com/card/detail/580,303,적립,피트니스,5.0,,[Easy 서비스] 피트니스 5% 적립
https://www.card-gorilla.com/card/detail/580,303,적립,대중교통,5.0,,[Basic 서비스] 대중교통 5% 적립
https://www.card-gorilla.com/card/detail/580,303,적립,통신,5.0,,[Basic 서비스] 이동통신 5% 적립
https://www.card-gorilla.com/card/detail/580,303,적립,APP,5.0,,[Basic 서비스] 인터넷 쇼핑몰 앱카드 결제 5% 적립
https://www.card-gorilla.com/card/detail/580,303,적립,렌탈,5.0,,[Basic 서비스] 정수기 렌탈 5% 적립
https://www.card-gorilla.com/card/detail/580,303,적립,선택형,5.0,,[Pick 서비스] 선호영역(택1) 5% 적립
https://www.card-gorilla.com/card/detail/580,303,기타,프리미엄,,,티타늄 서비스
https://www.card-gorilla.com/card/detail/581,304,할인,모든가맹점,0.5,,국내외 가맹점 0.5% 결제일 할인
https://www.card-gorilla.com/card/detail/581,304,할인,할인,2.0,,"슈퍼, 병원, 커피, 편의점 최대 2% 결제일 할인"
https://www.card-gorilla.com/card/detail/581,304,할인,할인,5.0,,"이동통신, 대중교통 최대 5% 결제일 할인"
https://www.card-gorilla.com/card/detail/582,305,할인,국내외가맹점,0.7,,[기본할인] 국내외 가맹점 0.7 % 결제일 할인
https://www.card-gorilla.com/card/detail/582,305,할인,할인,1.4,,[특별할인] 건별 10만원 이상 결제 시 1.4% 결제일 할인
https://www.card-gorilla.com/card/detail/582,305,무료서비스,프리미엄 서비스,,,"공항라운지(The Lounge Members) 무료 이용 서비스,
Mastercard Platinum 서비스"
https://www.card-gorilla.com/card/detail/583,306,기타,대중교통,,,K-패스 사업 지역 안내
https://www.card-gorilla.com/card/detail/583,306,기타,할인,,,생활 편의 서비스
https://www.card-gorilla.com/card/detail/583,306,기타,할인,,,생활 밀착 서비스
https://www.card-gorilla.com/card/detail/584,307,기타,대중교통,,,K-패스 사업 지역 안내
https://www.card-gorilla.com/card/detail/584,307,기타,해외,,,해외 서비스(Mastercard 브랜드 발급 시 제공)
https://www.card-gorilla.com/card/detail/584,307,기타,캐시백,,,국내서비스
https://www.card-gorilla.com/card/detail/587,308,적립,온라인쇼핑,10.0,,온라인 쇼핑 10% 적립
https://www.card-gorilla.com/card/detail/587,308,적립,쇼핑,5.0,,생활 쇼핑 5% 적립
https://www.card-gorilla.com/card/detail/587,308,적립,아울렛,5.0,,아울렛 쇼핑 5% 적립
https://www.card-gorilla.com/card/detail/588,309,적립,네이버페이,1.0,,네이버페이 포인트 1% 적립
https://www.card-gorilla.com/card/detail/588,309,무료서비스,공항라운지,,,국내외 공항라운지 무료 이용 서비스
https://www.card-gorilla.com/card/detail/588,309,기타,수수료우대,,,해외이용수수료 면제
https://www.card-gorilla.com/card/detail/588,309,무료서비스,프리미엄 서비스,,,MasterCard Platinum 서비스 제공
https://www.card-gorilla.com/card/detail/589,310,적립,해외,2.0,,해외 모든 가맹점 2% 토스머니 적립 (월 1만 토스머니 한도)
https://www.card-gorilla.com/card/detail/589,310,기타,해외이용,,,해외 인출 수수료 우대 서비스
https://www.card-gorilla.com/card/detail/589,310,기타,프리미엄 서비스,,,국제 브랜드 서비스
https://www.card-gorilla.com/card/detail/591,311,할인,카카오페이,,,간편결제 3천원 할인
https://www.card-gorilla.com/card/detail/591,311,할인,편의점,,,편의점 3천원 할인
https://www.card-gorilla.com/card/detail/591,311,할인,OTT/영화/문화,,,영화·배달앱 3천원 할인
https://www.card-gorilla.com/card/detail/591,311,할인,푸드,,,커피·제과·패스트푸드 3천원 할인
https://www.card-gorilla.com/card/detail/591,311,할인,여행/숙박,,,숙박앱 5천원 할인
https://www.card-gorilla.com/card/detail/591,311,할인,레저/스포츠,,,"공연/음악 5천원 할인
스포츠/놀이 5천원 할인"
https://www.card-gorilla.com/card/detail/592,312,할인,할인,0.5,,조건 없이 국내외 가맹점 0.5% 할인
https://www.card-gorilla.com/card/detail/592,312,할인,마트/편의점,1.0,,조건 없이 마트/편의점 1% 할인
https://www.card-gorilla.com/card/detail/592,312,할인,OTT/영화/문화,20.0,,"넷플릭스, 웨이브, 멜론 20% 할인
CGV, 롯데시네마 5천원 할인"
https://www.card-gorilla.com/card/detail/592,312,할인,생활,5.0,,"커피/교통 5% 할인
쇼핑/배달앱 3% 할인"
https://www.card-gorilla.com/card/detail/594,313,할인,쇼핑,,,삼성디지털프라자 장기할부 및 청구할인
https://www.card-gorilla.com/card/detail/594,313,할인,영화,,3000,"전국 영화관 3,000원 청구할인"
https://www.card-gorilla.com/card/detail/594,313,할인,카페,,,커피전문점 1천원 청구할인
https://www.card-gorilla.com/card/detail/594,313,기타,프리미엄 서비스,,,VISA브랜드 제공 서비스
https://www.card-gorilla.com/card/detail/595,314,할인,자동차/하이패스,,,i PARKING 주차비 할인
https://www.card-gorilla.com/card/detail/595,314,할인,주유,,,주유 / 충전 할인
https://www.card-gorilla.com/card/detail/596,315,할인,렌탈,,,셀리턴 렌탈 요금 자동이체 시 청구할인
https://www.card-gorilla.com/card/detail/597,316,적립,모든가맹점,0.2,,국내가맹점 이용액 0.2% 위비꿀머니(모아포인트) 적립
https://www.card-gorilla.com/card/detail/597,316,할인,카페,,,"스타벅스, 폴바셋 1천원 청구할인"
https://www.card-gorilla.com/card/detail/597,316,할인,테마파크,50.0,,주요 놀이공원 자유이용권 50% 현장할인
https://www.card-gorilla.com/card/detail/597,316,무료서비스,공항라운지,,,국내외 공항라운지 무료 이용 서비스
https://www.card-gorilla.com/card/detail/597,316,마일리지,멤버십포인트,,,AK플라자 현장할인과 AK멤버스 마일리지 적립
https://www.card-gorilla.com/card/detail/598,317,적립,모든가맹점,0.2,,국내가맹점 이용액 0.2% 위비꿀머니(모아포인트) 적립
https://www.card-gorilla.com/card/detail/598,317,할인,카페,,,"스타벅스, 폴바셋 1천원 청구할인"
https://www.card-gorilla.com/card/detail/598,317,할인,테마파크,50.0,,주요 놀이공원 자유이용권 50% 현장할인
https://www.card-gorilla.com/card/detail/598,317,무료서비스,공항라운지,,,국내외 공항라운지 무료 이용 서비스
https://www.card-gorilla.com/card/detail/598,317,할인,멤버십포인트,,,"AK플라자 추가 현장할인,
AK 멤버스 서비스"
https://www.card-gorilla.com/card/detail/598,317,무료서비스,프리미엄 서비스,,,브랜드서비스 제공
https://www.card-gorilla.com/card/detail/599,318,적립,모든가맹점,0.1,,국내가맹점 이용액 0.1% 우리WON꿀머니(모아포인트) 적립
https://www.card-gorilla.com/card/detail/599,318,할인,카페,,,"스타벅스, 폴바셋 1천원 청구할인"
https://www.card-gorilla.com/card/detail/599,318,할인,테마파크,50.0,,주요 놀이공원 자유이용권 50% 현장할인
https://www.card-gorilla.com/card/detail/599,318,마일리지,멤버십포인트,,,AK플라자 현장할인과 AK멤버스 마일리지 적립
https://www.card-gorilla.com/card/detail/600,319,마일리지,대한항공,0.1,,"국내외 가맹점 이용금액 1천원당 1마일리지 기본 적립
특정 업종별 이용금액 1천원당 2마일리지 적립(기본 1마일 + 추가 1마일)"
https://www.card-gorilla.com/card/detail/600,319,기타,프리미엄 서비스,,,MasterCard 플래티넘서비스
https://www.card-gorilla.com/card/detail/601,320,마일리지,대한항공,0.1,,"국내외 가맹점 이용금액 1천원당 1마일리지 기본 적립
특정 업종별 이용금액 1천원당 2마일리지 적립(기본 1마일 + 추가 1마일)"
https://www.card-gorilla.com/card/detail/601,320,무료서비스,공항라운지,,,인천국제공항 제2여객터미널 마티나라운지 무료 이용
https://www.card-gorilla.com/card/detail/601,320,할인,카페,,500,"스타벅스, 폴바셋, 이디야 결제 건당 500원 할인"
https://www.card-gorilla.com/card/detail/601,320,무료서비스,자동차,,,서울 및 대도시 제휴 주차장 주말 무료 주차
https://www.card-gorilla.com/card/detail/601,320,기타,프리미엄 서비스,,,MasterCard 플래티넘서비스
https://www.card-gorilla.com/card/detail/601,320,마일리지,기타,,,웰컴보너스 5천 마일리지 적립
https://www.card-gorilla.com/card/detail/602,321,마일리지,대한항공,0.1,,"국내외 가맹점 이용금액 1천원당 1마일리지 기본 적립
특정 업종별 이용금액 1천원당 2~3마일리지 적립(기본 1마일 + 추가 1~2마일)"
https://www.card-gorilla.com/card/detail/602,321,바우처,바우처,,,"마일리지, 항공권, 면세점 바우처 서비스"
https://www.card-gorilla.com/card/detail/602,321,기타,기타,,,특수 소재 플레이트
https://www.card-gorilla.com/card/detail/602,321,무료서비스,공항라운지,,,인천국제공항 제2여객터미널 마티나/마티나골드 라운지 무료 이용
https://www.card-gorilla.com/card/detail/602,321,무료서비스,프리미엄,,,국내 특급호텔 및 공항 무료 발레파킹서비스
https://www.card-gorilla.com/card/detail/602,321,할인,카페,,500,"스타벅스, 폴바셋, 이디야 결제 건당 500원 할인"
https://www.card-gorilla.com/card/detail/602,321,무료서비스,자동차,,,서울 및 대도시 제휴 주차장 주말 무료 주차
https://www.card-gorilla.com/card/detail/602,321,기타,프리미엄 서비스,,,MasterCard World 서비스
https://www.card-gorilla.com/card/detail/602,321,마일리지,기타,,,웰컴보너스 5천 마일리지 적립
https://www.card-gorilla.com/card/detail/603,322,마일리지,대한항공,0.1,,"국내외 가맹점 이용금액 1천원당 1마일리지 기본 적립
특정 업종별 이용금액 1천원당 3~5마일리지 적립(기본 1마일 + 추가 2~4마일)"
https://www.card-gorilla.com/card/detail/603,322,바우처,바우처,,,"마일리지, 항공권, 면세점, Special 바우처 서비스"
https://www.card-gorilla.com/card/detail/603,322,기타,기타,,,특수 소재 플레이트
https://www.card-gorilla.com/card/detail/603,322,무료서비스,공항라운지,,,인천국제공항 제2여객터미널 마티나/마티나골드 라운지 무료 이용 + 해외 라운지 무료 이용
https://www.card-gorilla.com/card/detail/603,322,무료서비스,프리미엄,,,국내 특급호텔 및 공항 무료 발레파킹서비스
https://www.card-gorilla.com/card/detail/603,322,할인,카페,,500,"스타벅스, 폴바셋, 이디야 결제 건당 500원 할인"
https://www.card-gorilla.com/card/detail/603,322,무료서비스,자동차,,,서울 및 대도시 제휴 주차장 주말 무료 주차
https://www.card-gorilla.com/card/detail/603,322,기타,프리미엄 서비스,,,MasterCard World 서비스
https://www.card-gorilla.com/card/detail/603,322,마일리지,기타,,,웰컴보너스 1만5천 마일리지 적립
https://www.card-gorilla.com/card/detail/606,323,할인,생활,20.0,,정기결제 최대 20% 청구할인
https://www.card-gorilla.com/card/detail/606,323,할인,기타,,,"쿠팡 로켓와우, 간편결제, 게임결제 청구할인"
https://www.card-gorilla.com/card/detail/606,323,할인,해외이용,1.0,,해외 가맹점 (온라인/오프라인) 1% 청구할인
https://www.card-gorilla.com/card/detail/607,324,할인,생활,20.0,,정기결제 최대 20% 청구할인
https://www.card-gorilla.com/card/detail/607,324,기타,기타,,,"쿠팡 로켓와우, 간편결제, 게임결제"
https://www.card-gorilla.com/card/detail/607,324,할인,해외이용,2.0,,해외 가맹점 (온라인/오프라인) 2% 청구할인
https://www.card-gorilla.com/card/detail/607,324,무료서비스,공항라운지,,,"공항라운지 무료 이용(월 1회, 연 2회)"
https://www.card-gorilla.com/card/detail/608,325,할인,할인,0.7,,[기본 할인] 국내외 가맹점 이용금액의 0.7% 청구 할인
https://www.card-gorilla.com/card/detail/608,325,할인,할인,1.5,,[생활 필수 영역 할인] 이용금액의 1.5% 청구 할인
https://www.card-gorilla.com/card/detail/608,325,무료서비스,프리미엄 서비스,,,VISA 플래티넘 / Young Premium 서비스 제공
https://www.card-gorilla.com/card/detail/608,325,무이자할부,무이자할부,,,무이자할부 서비스
https://www.card-gorilla.com/card/detail/609,326,할인,할인,0.7,,[기본 할인] 국내외 가맹점 이용금액의 0.7% 청구 할인
https://www.card-gorilla.com/card/detail/609,326,할인,할인,1.5,,[모바일 필수 영역 할인] 이용금액의 1.5% 할인
https://www.card-gorilla.com/card/detail/609,326,무료서비스,프리미엄 서비스,,,VISA 플래티넘 / Young Premium 서비스 제공
https://www.card-gorilla.com/card/detail/609,326,무이자할부,무이자할부,,,무이자할부 서비스
https://www.card-gorilla.com/card/detail/610,327,적립,적립,1.0,,[기본 적립] 국내외 가맹점 이용금액의 1% 기본 M포인트 적립
https://www.card-gorilla.com/card/detail/610,327,적립,적립,2.5,,[생활 필수 영역 적립] 이용금액의 2.5% M포인트 적립
https://www.card-gorilla.com/card/detail/610,327,무료서비스,프리미엄 서비스,,,VISA 플래티넘 / Young Premium 서비스 제공
https://www.card-gorilla.com/card/detail/610,327,무이자할부,무이자할부,,,무이자할부 서비스
https://www.card-gorilla.com/card/detail/611,328,적립,적립,1.0,,[기본 적립] 국내외 가맹점 이용금액의 1% 기본 M포인트 적립
https://www.card-gorilla.com/card/detail/611,328,적립,적립,2.5,,[모바일 필수 영역 적립] 이용금액의 2.5% M포인트 적립
https://www.card-gorilla.com/card/detail/611,328,무료서비스,프리미엄 서비스,,,VISA 플래티넘 / Young Premium 서비스 제공
https://www.card-gorilla.com/card/detail/611,328,무이자할부,무이자할부,,,무이자할부 서비스
https://www.card-gorilla.com/card/detail/613,329,적립,생활,,,마리아쥬 서비스 적립
https://www.card-gorilla.com/card/detail/613,329,적립,온라인쇼핑,,,온라인쇼핑 지원 적립
https://www.card-gorilla.com/card/detail/613,329,적립,기타,,,홈DIY 적립
https://www.card-gorilla.com/card/detail/614,330,할인,간편결제,,,네이버페이.카카오페이.SSG페이 최대 4천원 할인
https://www.card-gorilla.com/card/detail/614,330,할인,대중교통,,,버스.지하철 최대 4천원 할인
https://www.card-gorilla.com/card/detail/614,330,할인,편의점,,,CU편의점 최대 4천원 할인
https://www.card-gorilla.com/card/detail/614,330,할인,카페,,,스타벅스(사이렌오더 포함) 최대 4천원 할인
https://www.card-gorilla.com/card/detail/614,330,할인,영화,,,CGV 최대 4천원 할인
https://www.card-gorilla.com/card/detail/614,330,할인,기타,,,텐바이텐 최대 4천원 할인
https://www.card-gorilla.com/card/detail/614,330,할인,드럭스토어,,,"올리브영,안경(렌즈)점 최대 4천원 할인"
https://www.card-gorilla.com/card/detail/614,330,할인,도서,,,"YES24, 교보문고 최대 4천원 할인"
https://www.card-gorilla.com/card/detail/614,330,할인,공연/전시,,,인터파크티켓 최대 4천원 할인
https://www.card-gorilla.com/card/detail/615,331,할인,통신,15.0,,"통신요금 자동납부 1만원당 1,500원 청구 할인"
https://www.card-gorilla.com/card/detail/615,331,할인,OTT/영화/문화,,,"영화, 음원/영상, 배달앱 청구할인"
https://www.card-gorilla.com/card/detail/615,331,할인,선택형,5.0,,온라인쇼핑 5% 청구할인
https://www.card-gorilla.com/card/detail/615,331,적립,적립,,,리워드 특별 적립 서비스
https://www.card-gorilla.com/card/detail/615,331,기타,프리미엄 서비스,,,티타늄 서비스
https://www.card-gorilla.com/card/detail/616,332,적립,멤버십포인트,0.5,,다이소 0.5% 멤버십 포인트 적립
https://www.card-gorilla.com/card/detail/616,332,할인,생활,,2000,"다이소 2,000원 ~ 4,000원 결제일할인"
https://www.card-gorilla.com/card/detail/616,332,할인,카페,,2000,"커피전문점 2,000원 결제일할인"
https://www.card-gorilla.com/card/detail/616,332,할인,배달앱,,2000,"배달앱 2,000원 결제일할인"
https://www.card-gorilla.com/card/detail/616,332,할인,할인,1.0,,다이소몰 1% 결제일할인
https://www.card-gorilla.com/card/detail/616,332,할인,기타,1.0,,할인점.온라인쇼핑몰.편의점.의료 1% 결제일할인
https://www.card-gorilla.com/card/detail/617,333,기타,여행/숙박,,,제주여행 특화 서비스
https://www.card-gorilla.com/card/detail/617,333,적립,저가항공,,,UniMile 적립
https://www.card-gorilla.com/card/detail/617,333,무료서비스,공항라운지,,,전세계 공항 라운지 무료 이용 서비스
https://www.card-gorilla.com/card/detail/617,333,할인,주유소,,,주유할인 서비스
https://www.card-gorilla.com/card/detail/618,334,기타,선택형,,,플레이트 디자인 선택 가능
https://www.card-gorilla.com/card/detail/618,334,캐시백,대중교통,5.0,,대중교통 이용금액 5% 캐시백
https://www.card-gorilla.com/card/detail/618,334,캐시백,통신,,,이동통신요금 자동납부 시 2천원 캐시백
https://www.card-gorilla.com/card/detail/618,334,캐시백,영화,,,CGV 영화 예매 5천원 캐시백
https://www.card-gorilla.com/card/detail/618,334,캐시백,편의점,,,편의점 1천원 캐시백
https://www.card-gorilla.com/card/detail/618,334,캐시백,카페,,,카페 1천원 캐시백
https://www.card-gorilla.com/card/detail/618,334,캐시백,패스트푸드,,,패스트푸드 1천원 캐시백
https://www.card-gorilla.com/card/detail/618,334,캐시백,배달앱,,,배달앱 1천원 캐시백
https://www.card-gorilla.com/card/detail/618,334,캐시백,생활,,,생활 가맹점 1천원 캐시백
https://www.card-gorilla.com/card/detail/618,334,캐시백,디지털구독,,,OTT 1천원 캐시백
https://www.card-gorilla.com/card/detail/618,334,캐시백,온라인쇼핑,,,온라인 쇼핑 1천원 캐시백
https://www.card-gorilla.com/card/detail/618,334,캐시백,간편결제,1.0,,간편결제(Pay)로 국내 이용 시 1% 캐시백
https://www.card-gorilla.com/card/detail/618,334,캐시백,해외,1.2,,"해외 전 가맹점(온라인포함) 1.2% 캐시백
해외인출 1건 당 US  캐시백 제공"
https://www.card-gorilla.com/card/detail/620,335,기타,기타,,,두장의 혜택을 세트로 누리는 카드 LOCA
https://www.card-gorilla.com/card/detail/620,335,할인,모든가맹점,,,국내외 가맹점 결제일 할인
https://www.card-gorilla.com/card/detail/621,336,할인,주유,,100,SK 에너지ㆍS-OILㆍGS칼텍스ㆍ현대오일뱅크 100원/L 할인
https://www.card-gorilla.com/card/detail/621,336,할인,보험,,10000,"자동차 손해보험 10,000원 할인"
https://www.card-gorilla.com/card/detail/621,336,할인,마트/편의점,5.0,,GS25ㆍCUㆍ세븐일레븐 5% 할인
https://www.card-gorilla.com/card/detail/621,336,할인,배달앱,5.0,,배달의민족ㆍ요기요 5% 할인
https://www.card-gorilla.com/card/detail/622,337,할인,카페,50.0,,스타벅스ㆍ폴바셋ㆍ빽다방ㆍ투썸플레이스 50% 할인
https://www.card-gorilla.com/card/detail/622,337,할인,디지털구독,20.0,,넷플릭스ㆍ유투브ㆍ왓챠ㆍ멜론ㆍ지니뮤직 20% 할인
https://www.card-gorilla.com/card/detail/622,337,할인,교통,10.0,,버스ㆍ지하철ㆍ택시 10% 할인
https://www.card-gorilla.com/card/detail/622,337,할인,배달앱,10.0,,배달의민족ㆍ요기요 10% 할인
https://www.card-gorilla.com/card/detail/622,337,할인,온라인쇼핑,5.0,,쿠팡ㆍSSG닷컴ㆍ마켓컬리 5% 할인
https://www.card-gorilla.com/card/detail/623,338,할인,교육/육아,5.0,,학원ㆍ학습지ㆍ유치원(건당 10만원 이상 시) 5% 할인
https://www.card-gorilla.com/card/detail/623,338,할인,도서,10.0,,서점ㆍ문구점 10% 할인
https://www.card-gorilla.com/card/detail/624,339,할인,병원,10.0,,병원ㆍ약국ㆍ동물병원 10% 할인
https://www.card-gorilla.com/card/detail/624,339,할인,쇼핑,5.0,,"백화점, 슈퍼 5% 할인"
https://www.card-gorilla.com/card/detail/624,339,할인,대중교통,10.0,,버스ㆍ지하철 10% 할인
https://www.card-gorilla.com/card/detail/625,340,할인,대형마트,10.0,,이마트ㆍ홈플러스ㆍ롯데마트 10% 할인
https://www.card-gorilla.com/card/detail/625,340,할인,온라인쇼핑,10.0,,쿠팡ㆍ위메프ㆍ티몬ㆍG마켓 ㆍ옥션ㆍ11번가 10% 할인
https://www.card-gorilla.com/card/detail/625,340,할인,홈쇼핑,10.0,,롯데ㆍ GSㆍNSㆍ현대ㆍCJㆍ홈앤쇼핑 10% 할인
https://www.card-gorilla.com/card/detail/625,340,할인,편의점,10.0,,세븐일레븐ㆍGS25ㆍCU 10% 할인
https://www.card-gorilla.com/card/detail/626,341,할인,모든가맹점,,,국내외 가맹점 결제일 할인
https://www.card-gorilla.com/card/detail/626,341,기타,기타,,,SPECIAL GIFT 서비스: 특급호텔 F&B 5만원 이용권
https://www.card-gorilla.com/card/detail/626,341,기타,프리미엄 서비스,,,Master Platinum 서비스(Master 플래티넘 카드 발급 시 제공)
https://www.card-gorilla.com/card/detail/627,342,마일리지,대한항공,0.0667,,"1,500원당 1마일 기본적립
1,000원당 1마일 특별적립"
https://www.card-gorilla.com/card/detail/627,342,기타,기타,,,SPECIAL GIFT 서비스: 특급호텔 F&B 5만원 이용권
https://www.card-gorilla.com/card/detail/627,342,기타,프리미엄 서비스,,,Master Platinum 서비스(Master 플래티넘 카드 발급 시 제공)
https://www.card-gorilla.com/card/detail/628,343,적립,모든가맹점,1.5,,모아포인트 0.3 ~ 1.5% 적립
https://www.card-gorilla.com/card/detail/628,343,할인,테마파크,50.0,,롯데아쿠아리움 및 주요 놀이공원 50% 현장할인
https://www.card-gorilla.com/card/detail/630,344,기타,선택형,,,Easy all 선택 서비스(택1)
https://www.card-gorilla.com/card/detail/630,344,캐시백,선택형,,,"1. Auto 모드 (많이 쓴 영역에서 자동 캐시백)
2. DIY 모드 (원하는 영역에서 자유롭게 청구할인)"
https://www.card-gorilla.com/card/detail/630,344,기타,프리미엄,,,Visa Young Premium 서비스
https://www.card-gorilla.com/card/detail/634,345,기타,선택형,,,Easy all 선택 서비스(택1)
https://www.card-gorilla.com/card/detail/634,345,캐시백,선택형,,,"1. Auto 모드 (많이 쓴 영역에서 자동 캐시백)
2. DIY 모드 (원하는 영역에서 자유롭게 청구할인)"
https://www.card-gorilla.com/card/detail/634,345,기타,프리미엄,,,티타늄 서비스
https://www.card-gorilla.com/card/detail/638,346,적립,모든가맹점,0.3,,모든 가맹점 0.3% 포인트 적립
https://www.card-gorilla.com/card/detail/638,346,적립,생활,2.0,,생활가맹점 총 2% 포인트 적립 (기본 0.3%+추가 1.7%)
https://www.card-gorilla.com/card/detail/638,346,적립,쇼핑,1.0,,쇼핑가맹점 총 1% 포인트 적립(기본 0.3%+추가 0.7%)
https://www.card-gorilla.com/card/detail/638,346,적립,해외이용,1.0,,해외 가맹점 이용금액 총 1% 포인트 적립(기본 0.3%+추가 0.7%)
https://www.card-gorilla.com/card/detail/644,347,캐시백,공연/전시,5.0,,국내콘서트/공연 예매 및 팬클럽 가입 이용금액의 5% 캐시백
https://www.card-gorilla.com/card/detail/644,347,캐시백,음원사이트,5.0,,"음원, 스트리밍(멜론, FLO) 이용금액 5% 캐시백"
https://www.card-gorilla.com/card/detail/644,347,캐시백,대중교통,3.0,,"대중교통(버스-마을, 시내, 시외, 광역, 공항버스/지하철) 이용금액 3% 캐시백"
https://www.card-gorilla.com/card/detail/644,347,캐시백,카페,5.0,,스타벅스(사이렌오더 포함)/JYP-Soulcup 5% 캐시백
https://www.card-gorilla.com/card/detail/644,347,캐시백,마트/편의점,5.0,,"편의점(GS25), 올리브영 5% 캐시백"
https://www.card-gorilla.com/card/detail/644,347,캐시백,해외이용,1.0,,"해외 전가맹점(온라인 포함) 이용금액의 1% 캐시백,
해외인출 1건당 3$ 캐시백"
https://www.card-gorilla.com/card/detail/645,348,적립,적립,0.1,,국내/해외 이용금액 0.1% 포인트 적립
https://www.card-gorilla.com/card/detail/645,348,적립,교통,0.5,,"후불교통(버스/지하철) 및 택시, 롯데 더드림영역 이용금액 0.5% 포인트 적립"
https://www.card-gorilla.com/card/detail/645,348,적립,간편결제,2.5,,특별적립 대상 롯데 더드림영역에서 L.pay 결제시 최대 2.5% 추가 포인트 적립
https://www.card-gorilla.com/card/detail/646,349,적립,적립,0.2,,[모두드림] 국내/외 일시불+할부 이용 가맹점 0.2% 기본 포인트 적립
https://www.card-gorilla.com/card/detail/646,349,적립,생활,0.6,,[더해드림] 자주 가는 DREAM영역은 기본의 3배 (총 0.6%) 포인트 적립
https://www.card-gorilla.com/card/detail/646,349,적립,생활,1.0,,[챙겨드림] DREAM영역 중 가장 많이 이용한 영역은 기본의 5배 (총 1.0%) 포인트 자동적립
https://www.card-gorilla.com/card/detail/646,349,적립,주유소,,40,"주말(토,일) 전 주유소 리터당 40원 적립"
https://www.card-gorilla.com/card/detail/646,349,할인,택시,,,"택시 3,6,9번째 1천원 할인"
https://www.card-gorilla.com/card/detail/646,349,적립,적립,,,[반겨드림] 반겨드림 3천 포인트 적립
https://www.card-gorilla.com/card/detail/647,350,적립,모든가맹점,0.2,,전 가맹점 이용금액의 0.2% ~ 0.5% 마이신한포인트 적립
https://www.card-gorilla.com/card/detail/647,350,할인,푸드,5.0,,요식업종 이용금액의 5% 할인
https://www.card-gorilla.com/card/detail/647,350,할인,교통,5.0,,"버스, 지하철 이용금액의 5% 할인(후불교통 카드 선택 시)
SK주유소 주유 시 리터당 40원 할인(후불교통카드 미 선택 시)"
https://www.card-gorilla.com/card/detail/647,350,할인,쇼핑,5.0,,"홈쇼핑 이용금액의 5% 할인
해외 이용금액의 5% 할인"
https://www.card-gorilla.com/card/detail/647,350,기타,금융,,,금융 우대 서비스
https://www.card-gorilla.com/card/detail/649,351,적립,간편결제,1.5,,간편결제 1.5% 포인트리 적립
https://www.card-gorilla.com/card/detail/649,351,적립,생활,,,편의점/택시 1천점 포인트리 적립
https://www.card-gorilla.com/card/detail/649,351,적립,쇼핑,5.0,,쇼핑/배달 5% 포인트리 적립
https://www.card-gorilla.com/card/detail/650,352,할인,푸드,5.0,,푸드(#외식 #커피) 5% 청구할인
https://www.card-gorilla.com/card/detail/650,352,할인,편의점,5.0,,편의(#편의점 #뷰티) 5% 청구할인
https://www.card-gorilla.com/card/detail/650,352,할인,생활,5.0,,생활(#마트 #주유 #통신) 5% 청구할인
https://www.card-gorilla.com/card/detail/650,352,할인,쇼핑,5.0,,쇼핑/배달 5% 청구할인
https://www.card-gorilla.com/card/detail/650,352,기타,", ‘첫 코로나 추석, 명절 선물은 어떻게?’ 설문조사 결과 발표",,,7월 신규카드 솔직리뷰! DIY카드/온라인혜택카드/신규체크카드/홈플러스제휴카드
https://www.card-gorilla.com/card/detail/651,353,기타,선택형,,,플레이트 디자인 선택 가능
https://www.card-gorilla.com/card/detail/651,353,적립,네이버페이,2.0,,네이버에서 결제 시 2% 적립
https://www.card-gorilla.com/card/detail/651,353,적립,적립,0.5,,네이버 외 결제 시 0.5% 적립
https://www.card-gorilla.com/card/detail/652,354,기타,선택형,,,팩(PACK) 2종 중 1종 선택
https://www.card-gorilla.com/card/detail/652,354,기타,선택형,,,Best OIL 팩
https://www.card-gorilla.com/card/detail/652,354,기타,선택형,,,Smart PASS 팩
https://www.card-gorilla.com/card/detail/652,354,할인,카페,,2000,"커피전문점 2,000원 청구할인(월 2회)"
https://www.card-gorilla.com/card/detail/652,354,할인,편의점,,1000,"편의점 1,000원 청구할인(월 2회)"
https://www.card-gorilla.com/card/detail/656,355,캐시백,직장인,,,"저녁시간 음식점(주점 포함), 노래방, 커피, 배달앱 캐시백"
https://www.card-gorilla.com/card/detail/656,355,캐시백,교통,,,"교통 캐시백(택시, 대중교통)"
https://www.card-gorilla.com/card/detail/656,355,캐시백,쇼핑,,,"쇼핑 캐시백(대형할인점, 편의점, 뷰티스토어)"
https://www.card-gorilla.com/card/detail/656,355,캐시백,해외,2.0,,해외가맹점(해외직구 포함) 이용금액의 2.0%~0.5% 캐시백
https://www.card-gorilla.com/card/detail/657,356,할인,간편결제,5.0,,온라인 간편결제 5% 결제일할인
https://www.card-gorilla.com/card/detail/657,356,할인,디지털구독,50.0,,스트리밍 50% 결제일할인
https://www.card-gorilla.com/card/detail/657,356,할인,마트/편의점,10.0,,편의점·헬스&뷰티·생활잡화 10% 결제일할인
https://www.card-gorilla.com/card/detail/657,356,할인,해외,1.5,,해외 1.5% 결제일할인
https://www.card-gorilla.com/card/detail/658,357,할인,주유소,,60,주유 리터당 60원~150원 할인
https://www.card-gorilla.com/card/detail/658,357,할인,할인,10.0,,편의점·커피전문점 10% 할인
https://www.card-gorilla.com/card/detail/658,357,할인,쇼핑,1.0,,온라인 간편결제·온라인쇼핑몰 1% 할인
https://www.card-gorilla.com/card/detail/658,357,할인,해외,1.5,,해외 1.5% 결제일 할인
https://www.card-gorilla.com/card/detail/659,358,할인,온라인쇼핑,5.0,,온라인 쇼핑 5% 할인
https://www.card-gorilla.com/card/detail/659,358,할인,쇼핑,5.0,,오프라인 쇼핑 5% 할인
https://www.card-gorilla.com/card/detail/659,358,할인,디지털구독,,3000,"스트리밍 3,000원 할인"
https://www.card-gorilla.com/card/detail/659,358,할인,해외,1.5,,해외 1.5% 할인
https://www.card-gorilla.com/card/detail/661,359,할인,생활,20.0,,정기결제 10~20% 청구할인
https://www.card-gorilla.com/card/detail/661,359,기타,기타,,,"UNTACT AIR 서비스,
UNTACT SPECIAL 서비스"
https://www.card-gorilla.com/card/detail/661,359,적립,해외,1.0,,해외 가맹점 (온라인/오프라인) 1% 적립
https://www.card-gorilla.com/card/detail/662,360,할인,할인,3.0,,삼성페이로 결제 시 국내 가맹점 3%·2%·1% 결제일 할인
https://www.card-gorilla.com/card/detail/662,360,할인,해외이용,5.0,,삼성페이로 결제 시 해외 오프라인 가맹점 5% 결제일 할인
https://www.card-gorilla.com/card/detail/662,360,할인,해외이용,1.5,,해외 가맹점 1.5% 결제일 할인
https://www.card-gorilla.com/card/detail/662,360,할인,할인,0.5,,국내 가맹점 0.5% 결제일 할인
https://www.card-gorilla.com/card/detail/663,361,적립,적립,7.0,,롤라머니 7% 적립
https://www.card-gorilla.com/card/detail/663,361,적립,주유소,1.0,,SK 주유소 롤라머니 1% 적립
https://www.card-gorilla.com/card/detail/663,361,할인,기타,5.0,,[플레이롯데] 롯데 주요 매장 5% 할인
https://www.card-gorilla.com/card/detail/663,361,기타,기타,,,"[플레이롤라] 커피, 자동차, 교육, 금융 등 일상생활혜택
[롤라박스] 롤라카드 회원만을 위한 더 특별한 혜택"
https://www.card-gorilla.com/card/detail/664,362,적립,적립,,,New PAYCO 롯데카드 이용 시 PAYCO 포인트 적립
https://www.card-gorilla.com/card/detail/667,363,적립,저녁,5.0,,저녁식사(오후 6시~9시) 5% 적립
https://www.card-gorilla.com/card/detail/667,363,적립,대형마트,5.0,,대형마트 5% 적립
https://www.card-gorilla.com/card/detail/667,363,적립,카페,5.0,,커피 5% 적립
https://www.card-gorilla.com/card/detail/667,363,적립,APP,5.0,,온라인가맹점 5% 적립
https://www.card-gorilla.com/card/detail/667,363,적립,레저/스포츠,5.0,,골프/레저 5% 적립
https://www.card-gorilla.com/card/detail/667,363,적립,병원,5.0,,병원/동물병원 5% 적립
https://www.card-gorilla.com/card/detail/673,364,적립,국내외가맹점,,,스타벅스 별 적립
https://www.card-gorilla.com/card/detail/673,364,기타,프리미엄 서비스,,,"VISA 플래티넘서비스
MasterCard 플래티넘서비스"
https://www.card-gorilla.com/card/detail/677,365,캐시백,배달앱,,1100,"배달의민족 1,100원 캐시백"
https://www.card-gorilla.com/card/detail/677,365,캐시백,온라인쇼핑,10.0,,"G마켓, 옥션, 우리WON마켓 10% 캐시백"
https://www.card-gorilla.com/card/detail/677,365,캐시백,카페,20.0,,스타벅스(사이렌오더 포함) 20% 캐시백
https://www.card-gorilla.com/card/detail/677,365,캐시백,기타,10.0,,"파리바게뜨, 배스킨라빈스, 던킨도너츠 10% 캐시백"
https://www.card-gorilla.com/card/detail/677,365,캐시백,대중교통,,2000,"전국 시내버스 지하철 2,000원 캐시백"
https://www.card-gorilla.com/card/detail/677,365,기타,NU 오하쳌(오늘하루체크),,,우리카드
https://www.card-gorilla.com/card/detail/679,366,할인,디지털구독,5.0,,"멜론, YouTube Premium 5% 환급할인"
https://www.card-gorilla.com/card/detail/679,366,할인,기타,5.0,,"문구점 5% 환급할인
독서실 5% 환급할인"
https://www.card-gorilla.com/card/detail/679,366,할인,편의점,5.0,,"GS25, CU편의점 5% 환급할인"
https://www.card-gorilla.com/card/detail/679,366,할인,패스트푸드,5.0,,패스트푸드점 5% 환급할인
https://www.card-gorilla.com/card/detail/679,366,할인,대중교통,5.0,,"대중교통(버스, 지하철) 5% 청구할인"
https://www.card-gorilla.com/card/detail/680,367,할인,디지털구독,5.0,,"멜론, YouTube Premium 5% 환급할인"
https://www.card-gorilla.com/card/detail/680,367,할인,기타,5.0,,"문구점 5% 환급할인
독서실 5% 환급할인"
https://www.card-gorilla.com/card/detail/680,367,할인,편의점,5.0,,"GS25, CU편의점 5% 환급할인"
https://www.card-gorilla.com/card/detail/680,367,할인,패스트푸드,5.0,,패스트푸드점 5% 환급할인
https://www.card-gorilla.com/card/detail/680,367,할인,대중교통,5.0,,"대중교통(버스, 지하철) 5% 청구할인"
https://www.card-gorilla.com/card/detail/681,368,적립,적립,1.0,,SSG.COM 결제 시 1% SSG MONEY 적립
https://www.card-gorilla.com/card/detail/681,368,적립,적립,9.0,,SSG.COM 결제 시 9% SSG MONEY 추가 적립
https://www.card-gorilla.com/card/detail/681,368,적립,생활,5.0,,생활편의영역 5% SSG MONEY 추가 적립
https://www.card-gorilla.com/card/detail/681,368,적립,APP,1.0,,SSGPAY를 통한 오프라인 간편결제 시 1% SSG MONEY 적립
https://www.card-gorilla.com/card/detail/681,368,적립,해외,1.5,,해외 1.5% SSG MONEY 적립
https://www.card-gorilla.com/card/detail/681,368,마일리지,디지털구독,,,스마일클럽 월 이용료 결제일할인
https://www.card-gorilla.com/card/detail/681,368,기타,프리미엄 서비스,,,Mastercard PLATINUM 등급서비스
https://www.card-gorilla.com/card/detail/684,369,캐시백,편의점,,,"편의점(CU, GS25, 세븐일레븐) 1천원 캐시백"
https://www.card-gorilla.com/card/detail/684,369,캐시백,도서,,,"서점(영풍문고, 반디앤루니스, 교보문고) 1천원 캐시백"
https://www.card-gorilla.com/card/detail/684,369,캐시백,베이커리,,,"베이커리(뚜레쥬르, 파리바게뜨, 던킨도너츠) 1천원 캐시백"
https://www.card-gorilla.com/card/detail/685,370,할인,생활,,,라이프 할인서비스(편의점/푸드/음료)
https://www.card-gorilla.com/card/detail/685,370,할인,기타,,,스터디 할인서비스
https://www.card-gorilla.com/card/detail/687,371,캐시백,쇼핑,10.0,,"온·오프라인, 대·소형몰 먹거리까지 구분 없이
10% 캐시백 서비스"
https://www.card-gorilla.com/card/detail/687,371,할인,기타,,,언박싱 스페셜 할인 서비스
https://www.card-gorilla.com/card/detail/687,371,기타,선택형,,,원하는 플레이트 디자인 선택 가능
https://www.card-gorilla.com/card/detail/688,372,적립,모든가맹점,1.5,,모아포인트 0.3 ~ 1.5% 적립
https://www.card-gorilla.com/card/detail/688,372,할인,테마파크,50.0,,롯데아쿠아리움 및 주요 놀이공원 50% 현장할인
https://www.card-gorilla.com/card/detail/689,373,할인,여행/숙박,5.0,,"면세점, 항공사, 관광여행사 업종 5% 환급할인"
https://www.card-gorilla.com/card/detail/689,373,할인,배달앱,5.0,,"마켓컬리, 배달의민족, 데일리호텔 5% 환급할인"
https://www.card-gorilla.com/card/detail/689,373,할인,카페,5.0,,스타벅스 5% 환급할인
https://www.card-gorilla.com/card/detail/689,373,할인,편의점,5.0,,GS25 편의점 5% 환급할인
https://www.card-gorilla.com/card/detail/689,373,할인,소셜커머스,5.0,,"쿠팡, 위메프, 티몬 5% 환급할인"
https://www.card-gorilla.com/card/detail/689,373,캐시백,해외,,,해외 물품구매 및 ATM 예금인출 수수료 캐시백
https://www.card-gorilla.com/card/detail/690,374,적립,모든가맹점,0.3,,[국내] 전월실적 및 횟수 제한 없이 하나머니 0.3%~0.4% 적립
https://www.card-gorilla.com/card/detail/690,374,적립,해외,0.4,,[해외] 전월실적 및 횟수 제한 없이 하나머니 0.4% 적립
https://www.card-gorilla.com/card/detail/691,375,할인,배달앱,10.0,,요기요 10% 결제일할인
https://www.card-gorilla.com/card/detail/691,375,할인,배달앱,1.0,,요기요 1% 결제일할인
https://www.card-gorilla.com/card/detail/691,375,할인,기타,5.0,,커피전문점·편의점·생활잡화 5% 결제일할인
https://www.card-gorilla.com/card/detail/691,375,할인,디지털구독,10.0,,스트리밍 10% 결제일할인
https://www.card-gorilla.com/card/detail/692,376,캐시백,배달앱,20.0,,"요기요 20% 결제일 할인,
요기요 추가 10% 캐시백"
https://www.card-gorilla.com/card/detail/692,376,할인,디지털구독,15.0,,OTT 15% 결제일 할인
https://www.card-gorilla.com/card/detail/692,376,할인,온라인쇼핑,,,온라인 쇼핑몰 건당 2천원 결제일 할인
https://www.card-gorilla.com/card/detail/692,376,할인,카페,10.0,,"스타벅스 사이렌오더, 와인앤모어 10% 결제일 할인"
https://www.card-gorilla.com/card/detail/693,377,캐시백,자동차,,,"자동차 신용결제 구매 캐시백
자동차 오토금융(장기할부) 구매 캐시백"
https://www.card-gorilla.com/card/detail/693,377,할인,주유,,80,"전국 모든 주유소 이용금액 리터당 80원 결제일 할인
전국 모든 충전소 이용금액 리터당 40원 결제일 할인"
https://www.card-gorilla.com/card/detail/693,377,할인,정비,,,"스피드메이트/오토오아시스/현대 블루핸즈/기아 오토큐
연 최대 4만원 결제일 할인"
https://www.card-gorilla.com/card/detail/693,377,할인,자동차/하이패스,,,전기차 충전/전국 주차장/대리운전/하이패스 요금 할인
https://www.card-gorilla.com/card/detail/693,377,할인,카페,,,전국 모든 커피전문점 월 최대 2천원 결제일 할인
https://www.card-gorilla.com/card/detail/694,378,적립,배달앱,3.0,,배민 앱에서 배민페이 결제 시 배민포인트 3% 적립
https://www.card-gorilla.com/card/detail/694,378,적립,온라인쇼핑,2.0,,온라인 쇼핑 배민포인트 2% 적립
https://www.card-gorilla.com/card/detail/694,378,적립,디지털구독,2.0,,디지털 콘텐츠 서비스 배민포인트 2% 적립
https://www.card-gorilla.com/card/detail/694,378,적립,적립,0.5,,그 외 가맹점 배민포인트 0.5% 적립
https://www.card-gorilla.com/card/detail/694,378,기타,기타,,,배민 앱에서 배민페이 연간 이용금액 10만원 이상 시 차년도 연회비 면제
https://www.card-gorilla.com/card/detail/695,379,적립,모든가맹점,0.5,,국내외 가맹점 L.POINT 0.5% 적립
https://www.card-gorilla.com/card/detail/695,379,할인,생활,50.0,,"커피 50% 할인
스트리밍 30% 할인"
https://www.card-gorilla.com/card/detail/695,379,할인,면세점,15.0,,롯데면세점 5~15% 현장할인 (정상가 기준)
https://www.card-gorilla.com/card/detail/695,379,기타,프리미엄 서비스,,,Mastercard World 서비스
https://www.card-gorilla.com/card/detail/696,380,적립,자동차,50.0,,"전기차, 수소차 충전 50% 적립 / 공유 모빌리티 10% 적립"
https://www.card-gorilla.com/card/detail/696,380,적립,대중교통,10.0,,대중교통(버스/지하철) 10% 적립
https://www.card-gorilla.com/card/detail/696,380,적립,도서,10.0,,알라딘(중고서점 포함) 10% 적립
https://www.card-gorilla.com/card/detail/696,380,적립,통신,10.0,,통신요금 자동납부 10% 적립
https://www.card-gorilla.com/card/detail/696,380,적립,디지털구독,10.0,,스트리밍 정기결제 10% 적립 / 전자책 정기결제 10% 적립
https://www.card-gorilla.com/card/detail/696,380,적립,간편결제,0.7,,주요 간편결제 온/오프라인 이용금액 0.7% 모아포인트 적립
https://www.card-gorilla.com/card/detail/697,381,적립,선택형,,,"[선택형1] 주유소, 대형할인점, 인터넷쇼핑몰 포인트리 적립"
https://www.card-gorilla.com/card/detail/697,381,적립,선택형,,,"[선택형2] SK, GS칼텍스 주유소 리터당 130점 포인트리 적립"
https://www.card-gorilla.com/card/detail/697,381,적립,선택형,20.0,,"[선택형3] 3대 대형할인점(이마트, 홈플러스, 롯데마트), 하나로식자재매장 20% 포인트리 적립"
https://www.card-gorilla.com/card/detail/697,381,적립,선택형,20.0,,"[선택형4] 6대 인터넷쇼핑몰(G마켓, 옥션, 11번가, 인터파크, 롯데ON, 신세계몰) 20% 포인트리 적립"
https://www.card-gorilla.com/card/detail/697,381,기타,기타,,,Biz Basic 서비스
https://www.card-gorilla.com/card/detail/699,382,할인,카페,50.0,,스타벅스 50% 할인
https://www.card-gorilla.com/card/detail/699,382,할인,디지털구독,20.0,,"구독(YouTube Premium, 넷플릭스, 웨이브, 티빙) 20% 할인"
https://www.card-gorilla.com/card/detail/699,382,할인,간편결제,10.0,,온라인 간편결제 10% 할인
https://www.card-gorilla.com/card/detail/699,382,할인,배달앱,5.0,,"배달(배달의민족, 요기요) 5% 할인"
https://www.card-gorilla.com/card/detail/699,382,할인,대중교통,5.0,,"대중교통(버스, 지하철) 5% 할인"
https://www.card-gorilla.com/card/detail/700,383,적립,적립,3.0,,"[기본 적립] 업종별 0.5~3% 적립
월 100만원 이상 이용 시 1.5배 적립"
https://www.card-gorilla.com/card/detail/700,383,적립,적립,5.0,,"온라인 간편결제서비스 이용 시 5% M포인트 적립
해외 가맹점 이용 시 5% M포인트 적립"
https://www.card-gorilla.com/card/detail/700,383,적립,적립,,,보너스 리워드 1만 M포인트 적립
https://www.card-gorilla.com/card/detail/700,383,무이자할부,무이자할부,,,무이자할부 서비스
https://www.card-gorilla.com/card/detail/700,383,무료서비스,프리미엄 서비스,,,"VISA 플래티넘 / MasterCard 플래티넘 서비스 제공
VISA Young Premium 서비스 제공"
https://www.card-gorilla.com/card/detail/701,384,할인,모든가맹점,1.0,,"[기본 할인] 모든 가맹점에서 1%/1.5% 할인
당월 이용금액별 최대 1.5% 할인"
https://www.card-gorilla.com/card/detail/701,384,할인,할인,5.0,,"온라인 간편결제서비스 이용 시 5% 할인
해외 가맹점 이용 시 5% 할인"
https://www.card-gorilla.com/card/detail/701,384,무이자할부,무이자할부,,,무이자할부 서비스
https://www.card-gorilla.com/card/detail/701,384,무료서비스,프리미엄,,,"VISA 플래티넘 / MasterCard 플래티넘 서비스 제공
VISA Young Premium 서비스 제공"
https://www.card-gorilla.com/card/detail/702,385,적립,적립,3.0,,"[기본 적립] 업종별 0.5~3% 적립
월 100만원 이상 이용 시 1.5배 적립"
https://www.card-gorilla.com/card/detail/702,385,적립,적립,5.0,,"온라인 간편결제서비스 이용 시 5% M포인트 적립
해외 가맹점 이용 시 5% M포인트 적립"
https://www.card-gorilla.com/card/detail/702,385,적립,적립,,,보너스 리워드 1만 M포인트 적립
https://www.card-gorilla.com/card/detail/702,385,무이자할부,무이자할부,,,무이자할부 서비스
https://www.card-gorilla.com/card/detail/702,385,무료서비스,프리미엄 서비스,,,"VISA 플래티넘 / MasterCard 플래티넘 서비스 제공
VISA Young Premium 서비스 제공"
https://www.card-gorilla.com/card/detail/702,385,기타,기타,,,현대카드 플래티넘서비스
https://www.card-gorilla.com/card/detail/703,386,적립,적립,3.0,,"[기본 적립] 업종별 0.5~3% 적립
월 100만원 이상 이용 시 1.5배 / 200만원 이용 시 2배 적립"
https://www.card-gorilla.com/card/detail/703,386,적립,적립,5.0,,"온라인 간편결제서비스 이용 시 5% M포인트 적립
해외 가맹점 이용 시 5% M포인트 적립"
https://www.card-gorilla.com/card/detail/703,386,적립,적립,,,보너스 리워드 1만 M포인트 적립
https://www.card-gorilla.com/card/detail/703,386,무이자할부,무이자할부,,,무이자할부 서비스
https://www.card-gorilla.com/card/detail/703,386,무료서비스,프리미엄 서비스,,,"VISA 플래티넘 / MasterCard 플래티넘 서비스 제공
VISA Young Premium 서비스 제공"
https://www.card-gorilla.com/card/detail/703,386,기타,기타,,,현대카드 플래티넘서비스
https://www.card-gorilla.com/card/detail/704,387,할인,모든가맹점,1.0,,"[기본 할인] 모든 가맹점에서 1%/1.5% 할인
당월 이용금액별 최대 1.5% 할인"
https://www.card-gorilla.com/card/detail/704,387,할인,할인,5.0,,"온라인 간편결제서비스 이용 시 5% 할인
해외 가맹점 이용 시 5% 할인"
https://www.card-gorilla.com/card/detail/704,387,무이자할부,무이자할부,,,무이자할부 서비스
https://www.card-gorilla.com/card/detail/704,387,무료서비스,프리미엄 서비스,,,"VISA 플래티넘 / MasterCard 플래티넘 서비스 제공
VISA Young Premium 서비스 제공"
https://www.card-gorilla.com/card/detail/704,387,기타,기타,,,현대카드 플래티넘서비스
https://www.card-gorilla.com/card/detail/705,388,할인,모든가맹점,1.0,,"[기본 할인] 모든 가맹점에서 1%/1.5% 할인
당월 이용금액별 최대 1.5% 할인"
https://www.card-gorilla.com/card/detail/705,388,할인,할인,5.0,,"온라인 간편결제서비스 이용 시 5% 할인
해외 가맹점 이용 시 5% 할인"
https://www.card-gorilla.com/card/detail/705,388,캐시백,할인,,,[보너스 캐시백] 당월 이용금액 200만원 이상 시 1만원 캐시백
https://www.card-gorilla.com/card/detail/705,388,무이자할부,무이자할부,,,무이자할부 서비스
https://www.card-gorilla.com/card/detail/705,388,무료서비스,프리미엄 서비스,,,"VISA 플래티넘 / MasterCard 플래티넘 서비스 제공
VISA Young Premium 서비스 제공"
https://www.card-gorilla.com/card/detail/705,388,기타,기타,,,현대카드 플래티넘서비스
https://www.card-gorilla.com/card/detail/706,389,적립,국내외가맹점,1.0,,"실적 조건 없는 1% 로카코인 적립
금융 이용 시 2% 로카코인 적립"
https://www.card-gorilla.com/card/detail/707,390,할인,국내외가맹점,1.0,,"선넘은 카드의 일당백 할인혜택
어디서나 최대 1% 기본할인"
https://www.card-gorilla.com/card/detail/707,390,할인,할인,1.5,,온라인 1.5% 특별할인
https://www.card-gorilla.com/card/detail/707,390,바우처,바우처,,,큰 금액 이용할 때 6만원 Flex Voucher까지
https://www.card-gorilla.com/card/detail/708,391,적립,렌터카,3.0,,쏘카 앱 이용 시 최대 3% 크레딧 적립
https://www.card-gorilla.com/card/detail/708,391,적립,적립,3.0,,"특별가맹점 최대 3% 크레딧 적립
(외식, 커피, 영화, 호텔, 프리미엄아웃렛, 대중교통)"
https://www.card-gorilla.com/card/detail/708,391,적립,적립,1.0,,"쏘카 앱, 특별가맹점 외 가맹점 1% 적립"
https://www.card-gorilla.com/card/detail/712,392,할인,병원/약국,5.0,,병원/약국/산후조리원 5% 결제일 할인 (전월실적 30만원 이상)
https://www.card-gorilla.com/card/detail/712,392,할인,온라인쇼핑,5.0,,"쿠팡, SSG닷컴, 롯데ON, 11번가, G마켓 5% 결제일 할인 (전월실적 30만원 이상)"
https://www.card-gorilla.com/card/detail/712,392,할인,교육/육아,10.0,,"어린이집/유치원 中 부모부담금,
학원, 인터넷서점 (YES24, 알라딘, 교보문고) 10% 결제일 할인 (전월실적 30만원 이상)"
https://www.card-gorilla.com/card/detail/712,392,할인,배달앱,10.0,,"배달의민족, 요기요 10% 결제일 할인 (전월실적 30만원 이상)"
https://www.card-gorilla.com/card/detail/712,392,할인,디지털구독,50.0,,"넷플릭스, 유튜브프리미엄 50% 할인
네이버-플러스멤버쉽, 쿠팡-로켓와우, 롯데ON-롯데오너스 3천원 할인 (전월실적 30만원 이상)"
https://www.card-gorilla.com/card/detail/712,392,기타,금융,,,신한카드 국민행복 금융서비스
https://www.card-gorilla.com/card/detail/713,393,할인,병원/약국,5.0,,병원/약국/산후조리원 5% 결제일 할인
https://www.card-gorilla.com/card/detail/713,393,할인,온라인쇼핑,5.0,,"쿠팡, SSG닷컴, 롯데ON, 11번가, G마켓 5% 결제일 할인"
https://www.card-gorilla.com/card/detail/713,393,할인,교육/육아,5.0,,"어린이집/유치원 中 부모부담금,
학원, 인터넷서점 (YES24, 알라딘, 교보문고) 5% 결제일 할인"
https://www.card-gorilla.com/card/detail/713,393,할인,배달앱,5.0,,"배달의민족, 요기요 5% 결제일 할인"
https://www.card-gorilla.com/card/detail/713,393,할인,디지털구독,50.0,,"넷플릭스, 유튜브프리미엄 50% 할인
네이버-플러스멤버쉽, 쿠팡-로켓와우, 롯데ON-롯데오너스 3천원 할인"
https://www.card-gorilla.com/card/detail/713,393,기타,금융,,,신한카드 국민행복 금융서비스
https://www.card-gorilla.com/card/detail/716,394,무료서비스,호텔,,,전세계 메리어트 참여 호텔 무료 숙박권 제공(연회비 주기 내 1백만원 이상)
https://www.card-gorilla.com/card/detail/716,394,적립,적립,0.5,,"메리어트 본보이 포인트 특별 적립 (1천원당, 최대 5 포인트)
메리어트 본보이 포인트 기본 적립 (1천원당, 1 포인트)"
https://www.card-gorilla.com/card/detail/716,394,적립,적립,,,메리어트 본보이 보너스 포인트 제공(연회비 주기 내 1천만원 이상)
https://www.card-gorilla.com/card/detail/716,394,기타,멤버십포인트,,,"메리어트 본보이 엘리트 멤버십 제공
메리어트 본보이™ 엘리트 숙박 크레딧 제공(연회비 주기 내 6천만원 이상)"
https://www.card-gorilla.com/card/detail/716,394,무료서비스,공항라운지,,,The Lounge Members 모바일 앱을 통한 전세계 공항 라운지 무료 이용(전월실적 30만원 이상)
https://www.card-gorilla.com/card/detail/717,395,적립,적립,1.5,,[고액 적립] 최대 1.5% 적립
https://www.card-gorilla.com/card/detail/717,395,적립,적립,2.0,,"[특별 적립] 해외, 면세점, 백화점, 이동통신, 병의원, 4대 보험료 최대 2% 적립"
https://www.card-gorilla.com/card/detail/717,395,적립,적립,0.5,,"[기본적립] 특별 적립 외 국내 적립 대상 가맹점 0.5% 적립
[보너스적립] 12개월마다 20,000점 적립"
https://www.card-gorilla.com/card/detail/717,395,바우처,바우처,,,"프리미엄 기프트 5만원 상당 제공(연 1회, 택 1)"
https://www.card-gorilla.com/card/detail/717,395,무료서비스,프리미엄 서비스,,,"전세계 공항 라운지 무료 이용 서비스
국내 지정 골프장 무료 커피 제공(골프장 카페 서비스), 골프연습장 무료 제공(골프연습장 타석 서비스)"
https://www.card-gorilla.com/card/detail/717,395,할인,주유,,60,SK 주유 및 충전 시 리터(ℓ)당 60원 청구 할인
https://www.card-gorilla.com/card/detail/717,395,무료서비스,여행/숙박,,,"국내 호텔/리조트/카라반/글램핑 2박 연박 시 1박 무료
해외 패키지 여행 할인 등 제공"
https://www.card-gorilla.com/card/detail/717,395,기타,기타,,,개인사업자 Win-Tax 서비스
https://www.card-gorilla.com/card/detail/718,396,바우처,국민행복,,,정부지원 국가바우처 이용 가능
https://www.card-gorilla.com/card/detail/718,396,할인,쇼핑,7.0,,백화점·프리미엄 아울렛·할인점·온라인쇼핑몰·생활잡화·신선식품 배송 7% 결제일할인
https://www.card-gorilla.com/card/detail/718,396,할인,교육/육아,7.0,,의료·산후조리원·학원·학습지·온라인서점·어린이집·유치원·주유 7% 결제일할인
https://www.card-gorilla.com/card/detail/718,396,할인,공과금,7.0,,아파트 관리비·도시가스요금·전기요금·4대 사회보험·보험·통신·렌탈 자동납부 연결 시 7% 결제일할인
https://www.card-gorilla.com/card/detail/718,396,할인,디지털구독,,3000,"스트리밍 3,000원 결제일할인"
https://www.card-gorilla.com/card/detail/718,396,할인,해외,1.5,,해외 1.5% 결제일할인
https://www.card-gorilla.com/card/detail/718,396,바우처,기타,,,"임신, 출산, 육아 등 국가가 지원하는 바우처를 해당 카드로 이용 가능,
신세계백화점 제휴 서비스"
https://www.card-gorilla.com/card/detail/719,397,할인,할인,0.7,,"할인한도, 전월실적조건 없이 0.7% 기본할인"
https://www.card-gorilla.com/card/detail/719,397,할인,디지털구독,10.0,,"넷플릭스, 멜론 10% 할인"
https://www.card-gorilla.com/card/detail/719,397,할인,배달앱,10.0,,배달의민족 10% 할인
https://www.card-gorilla.com/card/detail/719,397,할인,카페,10.0,,스타벅스 사이렌오더 10% 할인
https://www.card-gorilla.com/card/detail/719,397,할인,자동차,10.0,,전기차 충전 할인 10%
https://www.card-gorilla.com/card/detail/719,397,할인,생활,5.0,,"일상 생활(대중교통, 휴대전화, 해외) 할인 5%"
https://www.card-gorilla.com/card/detail/720,398,적립,적립,0.8,,0.8% 기본적립
https://www.card-gorilla.com/card/detail/720,398,적립,디지털구독,5.0,,"넷플릭스, 멜론 5% 적립"
https://www.card-gorilla.com/card/detail/720,398,적립,배달앱,5.0,,배달의민족 5% 적립
https://www.card-gorilla.com/card/detail/720,398,적립,카페,5.0,,스타벅스 사이렌오더 5% 적립
https://www.card-gorilla.com/card/detail/720,398,적립,자동차,5.0,,전기차 충전 적립 5%
https://www.card-gorilla.com/card/detail/720,398,적립,생활,1.0,,"일상 생활(대형마트, 슈퍼마켓, 영화, 커피, 대중교통, 휴대전화, 해외) 적립 1%"
https://www.card-gorilla.com/card/detail/720,398,적립,온라인쇼핑,3.0,,온라인쇼핑 적립 3%
https://www.card-gorilla.com/card/detail/721,399,할인,국민행복,5.0,,"쇼핑/생활 업종(백화점, 대형할인점, 온라인쇼핑, 이동통신, 생활월납, 렌탈) 5% 청구할인"
https://www.card-gorilla.com/card/detail/721,399,할인,국민행복,7.0,,의료(임신·출산) / 보육(교육) 업종 7% 청구할인
https://www.card-gorilla.com/card/detail/721,399,할인,디지털구독,20.0,,"언택트 라이프 업종(영상, 음원, 전자도서, 멤버십) 20% 청구할인"
https://www.card-gorilla.com/card/detail/721,399,할인,해외,,,해외가맹점(해외직구 포함) 이용금액 청구할인
https://www.card-gorilla.com/card/detail/721,399,기타,여행/숙박,,,프리미엄 투어 서비스
https://www.card-gorilla.com/card/detail/722,400,캐시백,국민행복,2.0,,"쇼핑/생활 업종(백화점, 대형할인점, 온라인쇼핑, 이동통신, 생활월납, 렌탈) 2% 캐시백"
https://www.card-gorilla.com/card/detail/722,400,캐시백,국민행복,3.0,,의료(임신·출산) / 보육(교육) 업종 3% 캐시백
https://www.card-gorilla.com/card/detail/722,400,캐시백,디지털구독,10.0,,"언택트 라이프 업종(영상, 음원, 전자도서, 멤버십) 10% 캐시백"
https://www.card-gorilla.com/card/detail/722,400,캐시백,해외,,,해외가맹점(해외직구 포함) 이용금액 캐시백
https://www.card-gorilla.com/card/detail/724,401,기타,바우처,,,"[공통 제공 혜택]
트래블·호텔·쇼핑 영역별 최대 4매, 총 60만원까지 연 1회 선택 가능"
https://www.card-gorilla.com/card/detail/724,401,마일리지,적립,,,"[선택 제공 혜택]
항공마일리지(대한항공/아시아나항공) 또는 M포인트 적립"
https://www.card-gorilla.com/card/detail/724,401,기타,적립,,,"연간 이용실적 4,000만원 충족 시 로열티 보너스 제공(연 1회, 택 1)"
https://www.card-gorilla.com/card/detail/724,401,무료서비스,프리미엄,,,"신규 발급 시 본인 회원에 한해 1회 무료로 특수 소재 플레이트 제공,
전 세계 800여 개 공항 라운지 무료 이용 가능한 Priority Pass 카드 제공 외"
https://www.card-gorilla.com/card/detail/725,402,할인,편의점,5.0,,GS25 편의점 5% 할인
https://www.card-gorilla.com/card/detail/725,402,할인,생활,5.0,,"쏘카, 야놀자, LiivM 이동통신 5% 할인"
https://www.card-gorilla.com/card/detail/725,402,할인,카페,5.0,,"스타벅스, 파리바게뜨 5% 할인"
https://www.card-gorilla.com/card/detail/725,402,할인,디지털구독,5.0,,"멜론, 지니, 넷플릭스, 웨이브 월정액 결제시 5% 할인"
https://www.card-gorilla.com/card/detail/725,402,할인,도서,5.0,,"교보문고, 어학시험응시료(온라인접수) 5% 할인"
https://www.card-gorilla.com/card/detail/726,403,할인,통신,,,알뜰폰 통신료 자동이체 최대 1만 5천원 할인 서비스
https://www.card-gorilla.com/card/detail/726,403,무료서비스,프리미엄,,,"티타늄 전용 서비스(공항/호텔 발레바킹, 공항 라운지 등)"
https://www.card-gorilla.com/card/detail/727,404,할인,통신,,,알뜰폰 통신료 자동이체 할인 서비스
https://www.card-gorilla.com/card/detail/728,405,할인,간편결제,10.0,,간편결제 최대 10% 할인
https://www.card-gorilla.com/card/detail/728,405,할인,온라인쇼핑,5.0,,"온라인쇼핑, 홈쇼핑 5% 할인"
https://www.card-gorilla.com/card/detail/728,405,할인,배달앱,5.0,,배달앱 5% 할인
https://www.card-gorilla.com/card/detail/728,405,할인,대중교통,5.0,,교통 최대 5% 할인
https://www.card-gorilla.com/card/detail/729,406,할인,온라인쇼핑,3.0,,삼성닷컴 3% 결제일할인
https://www.card-gorilla.com/card/detail/729,406,할인,공과금/렌탈,5.0,,생활요금 자동납부 5%·10% 결제일할인
https://www.card-gorilla.com/card/detail/729,406,할인,생활,3.0,,주유·온라인쇼핑몰 3%·6% 결제일할인
https://www.card-gorilla.com/card/detail/729,406,할인,기타,,3000,"라이트할부 이용 시 삼성케어플러스 3,000원~5,000원 결제일할인"
https://www.card-gorilla.com/card/detail/729,406,기타,제휴/PLCC,,10000,"삼성스토어 24·36개월 라이트할부 제공,
삼성스토어 라이트할부 이용 시 10,000원~20,000원 결제대금 차감"
https://www.card-gorilla.com/card/detail/730,407,할인,온라인쇼핑,10.0,,온라인쇼핑몰 이용금액의 10% 청구 할인
https://www.card-gorilla.com/card/detail/730,407,할인,대형마트,10.0,,대형마트 이용금액의 10% 청구 할인
https://www.card-gorilla.com/card/detail/730,407,할인,배달앱,10.0,,배달 앱 이용금액의 10% 청구 할인
https://www.card-gorilla.com/card/detail/730,407,할인,주유소,,100,주유 시 리터당 100원 청구 할인
https://www.card-gorilla.com/card/detail/730,407,할인,생활,7.0,,생활요금 정기결제 시 7% 청구 할인
https://www.card-gorilla.com/card/detail/730,407,무이자할부,무이자할부,,,모든 가맹점에서 2~3개월 무이자할부 혜택 제공
https://www.card-gorilla.com/card/detail/731,408,할인,카페,50.0,,커피전문점 이용금액의 50% 청구 할인
https://www.card-gorilla.com/card/detail/731,408,할인,편의점,10.0,,편의점 이용금액의 10% 청구 할인
https://www.card-gorilla.com/card/detail/731,408,할인,대중교통,10.0,,대중교통 이용금액의 10% 청구 할인
https://www.card-gorilla.com/card/detail/731,408,할인,간편결제,10.0,,온라인 간편결제 이용금액의 10% 청구 할인
https://www.card-gorilla.com/card/detail/731,408,할인,통신,7.0,,이동통신요금 정기결제 시 7% 청구 할인
https://www.card-gorilla.com/card/detail/731,408,무이자할부,무이자할부,,,모든 가맹점에서 2~3개월 무이자할부 혜택 제공
https://www.card-gorilla.com/card/detail/732,409,할인,간편결제,10.0,,온라인 간편결제 이용금액의 10% 청구 할인
https://www.card-gorilla.com/card/detail/732,409,할인,온라인쇼핑,70.0,,온라인쇼핑 멤버십 이용금액의 70% 청구 할인
https://www.card-gorilla.com/card/detail/732,409,할인,디지털구독,30.0,,디지털 콘텐츠 서비스 이용금액의 30% 청구 할인
https://www.card-gorilla.com/card/detail/732,409,할인,배달앱,10.0,,배달 앱 이용금액의 10% 청구 할인
https://www.card-gorilla.com/card/detail/732,409,할인,카페,50.0,,커피전문점 스마트오더 이용금액의 50% 청구 할인
https://www.card-gorilla.com/card/detail/732,409,무이자할부,무이자할부,,,모든 가맹점에서 2~3개월 무이자할부 혜택 제공
https://www.card-gorilla.com/card/detail/733,410,할인,온라인쇼핑,5.0,,무신사 및 솔드아웃에서 결제 시 5% 청구 할인
https://www.card-gorilla.com/card/detail/733,410,적립,적립,1.0,,그 외 가맹점에서 결제 시 무신사 적립금 1% 적립
https://www.card-gorilla.com/card/detail/735,411,할인,카페,,,"커피빈 이용 시 청구 할인(최대 1만 8천원),
커피빈 모바일 쿠폰 제공(1만원권)"
https://www.card-gorilla.com/card/detail/735,411,할인,생활,5.0,,주요 생활 영역 5% 청구 할인
https://www.card-gorilla.com/card/detail/736,412,적립,적립,1.0,,"국내외 가맹점 기본 1% 멤버십리워즈 적립
온라인쇼핑·해외 추가 4% 멤버십리워즈 적립"
https://www.card-gorilla.com/card/detail/736,412,할인,생활,30.0,,라이프스타일 30% 결제일할인 [전월 실적 100만원 이상]
https://www.card-gorilla.com/card/detail/736,412,기타,프리미엄 서비스,,,특수 소재 플레이트(Special Plate) 제공
https://www.card-gorilla.com/card/detail/738,413,적립,적립,0.2,,"일시불 · 할부 이용금액 0.2% 포인트 적립
전월 이용금액별 0.3%~0.6% 포인트 추가 적립"
https://www.card-gorilla.com/card/detail/738,413,적립,대형마트,10.0,,주요 마트 최대 10% 적립
https://www.card-gorilla.com/card/detail/738,413,적립,주유,5.0,,"모든 주유소 이용금액 5% 포인트 적립
전기차 충전소 이용금액 30% 포인트 적립"
https://www.card-gorilla.com/card/detail/738,413,적립,레저/스포츠,5.0,,"실외 골프장, 제주신화월드 이용금액 5% 포인트 적립
에이바우트커피 이용금액 10% 포인트 적립"
https://www.card-gorilla.com/card/detail/738,413,할인,온라인쇼핑,,2500,"온라인 쇼핑몰 이용 시 2,500원 결제일 할인"
https://www.card-gorilla.com/card/detail/738,413,할인,대중교통,10.0,,버스 이용금액 10% 결제일 할인
https://www.card-gorilla.com/card/detail/738,413,할인,통신,5.0,,이동통신요금 자동이체 5% 결제일 할인
https://www.card-gorilla.com/card/detail/739,414,할인,기타,,,"군마트(P.X) 및 GS25 해군마트 환급할인
군 KT공중전화 할인"
https://www.card-gorilla.com/card/detail/739,414,기타,쇼핑,,,GS리테일 팝서비스
https://www.card-gorilla.com/card/detail/739,414,할인,대중교통,20.0,,대중교통(전국 버스/지하철) 20% 청구할인
https://www.card-gorilla.com/card/detail/739,414,할인,OTT/영화/문화,35.0,,"CGV 35% / 스타벅스 20% / 아웃백, VIPS 20%
/ 에버랜드, 롯데월드 현장예매 50% 환급할인"
https://www.card-gorilla.com/card/detail/739,414,할인,교육/육아,5.0,,"교보문고 5% 환급할인
TOEIC, JPT 응시료 2,000원 환급할인"
https://www.card-gorilla.com/card/detail/739,414,할인,통신,,2500,"이동통신 자동납부 2,500원 환급할인"
https://www.card-gorilla.com/card/detail/739,414,할인,쇼핑,5.0,,"GS홈쇼핑, CJ홈쇼핑, G마켓, 옥션 5% 환급할인"
https://www.card-gorilla.com/card/detail/740,415,적립,멤버십포인트,3.0,,업종별 블루멤버스 포인트 최대 3% 적립
https://www.card-gorilla.com/card/detail/740,415,기타,멤버십포인트,,,Bluemembers 멤버십 서비스
https://www.card-gorilla.com/card/detail/740,415,기타,기타,,,플레이트
https://www.card-gorilla.com/card/detail/741,416,적립,멤버십포인트,3.0,,업종별 블루멤버스 포인트 최대 3% 적립
https://www.card-gorilla.com/card/detail/741,416,기타,멤버십포인트,,,Bluemembers 멤버십 서비스
https://www.card-gorilla.com/card/detail/741,416,기타,프리미엄,,,현대카드 플래티넘서비스
https://www.card-gorilla.com/card/detail/741,416,기타,프리미엄,,,VISA/MasterCard 플래티넘서비스
https://www.card-gorilla.com/card/detail/741,416,기타,기타,,,플레이트
https://www.card-gorilla.com/card/detail/744,417,할인,쇼핑,10.0,,"IKEA 매장(푸드 제외) 이용 시 이용금액의 10% 결제일 할인
IKEA 푸드 이용 시 이용금액의 15% 결제일 할인"
https://www.card-gorilla.com/card/detail/744,417,할인,쇼핑,5.0,,백화점/프리미엄 아울렛 및 대형 할인점 5% 결제일 할인
https://www.card-gorilla.com/card/detail/744,417,할인,편의점,5.0,,편의점 5% 결제일 할인
https://www.card-gorilla.com/card/detail/744,417,할인,영화,5.0,,영화 예매 5% 결제일 할인
https://www.card-gorilla.com/card/detail/744,417,할인,카페,5.0,,커피 5% 결제일 할인
https://www.card-gorilla.com/card/detail/744,417,할인,통신,5.0,,이동통신요금 자동이체 5% 결제일 할인
https://www.card-gorilla.com/card/detail/745,418,할인,대중교통,20.0,,대중교통 20% 청구할인
https://www.card-gorilla.com/card/detail/745,418,할인,편의점,10.0,,편의점 10% 청구할인
https://www.card-gorilla.com/card/detail/745,418,할인,카페,10.0,,커피 10% 청구할인
https://www.card-gorilla.com/card/detail/746,419,캐시백,대중교통,15.0,,대중교통 15% 캐시백
https://www.card-gorilla.com/card/detail/746,419,캐시백,온라인쇼핑,,,국내 온라인 쇼핑 최대 5천원 캐시백
https://www.card-gorilla.com/card/detail/746,419,할인,해외,20.0,,"해외 직접 구매 배송 대행료 20% 할인,
해외 이용 수수료 우대"
https://www.card-gorilla.com/card/detail/747,420,할인,통신,,,Liiv M 통신료 자동이체 최대 1만 7천원 할인
https://www.card-gorilla.com/card/detail/749,421,기타,해외이용,,,해외 가맹점 이용 수수료 면제 서비스
https://www.card-gorilla.com/card/detail/749,421,기타,수수료우대,,,해외 ATM 인출 수수료 면제 서비스
https://www.card-gorilla.com/card/detail/749,421,할인,할인,0.3,,국내 가맹점 0.3% 캐쉬백
https://www.card-gorilla.com/card/detail/750,422,캐시백,생활,0.5,,요식/대형마트/백화점/병원/약국/인터넷 쇼핑몰 0.5% 캐시백
https://www.card-gorilla.com/card/detail/750,422,기타,통신,,,휴대폰 요금 자동이체 3천원 캐쉬백
https://www.card-gorilla.com/card/detail/750,422,기타,KB국민 국민행복체크,,,KB국민카드
https://www.card-gorilla.com/card/detail/751,423,바우처,국민행복,,,국가바우처 제공
https://www.card-gorilla.com/card/detail/751,423,할인,쇼핑,5.0,,대형마트/온라인쇼핑몰/홈쇼핑 5% 할인
https://www.card-gorilla.com/card/detail/751,423,할인,교육/육아,5.0,,키즈카페/문화센터/학습지 5% 할인
https://www.card-gorilla.com/card/detail/751,423,할인,공과금,5.0,,통신료/아파트관리비 5% 할인
https://www.card-gorilla.com/card/detail/751,423,무료서비스,보험사,,,단체보험 무료가입
https://www.card-gorilla.com/card/detail/752,424,바우처,국민행복,,,국가바우처
https://www.card-gorilla.com/card/detail/752,424,할인,병원,5.0,,병원 5% 할인
https://www.card-gorilla.com/card/detail/752,424,할인,교육/육아,5.0,,키즈카페/문화센터/학습지 5% 청구할인
https://www.card-gorilla.com/card/detail/752,424,무료서비스,보험사,,,단체보험 무료가입
https://www.card-gorilla.com/card/detail/753,425,적립,화장품,12.0,,아모레퍼시픽 12% 적립
https://www.card-gorilla.com/card/detail/753,425,적립,쇼핑,5.0,,"특별가맹점(할인점, 백화점, 면세점, 카페 등) 5% 적립"
https://www.card-gorilla.com/card/detail/754,426,바우처,국민행복,,,정부지원 국가바우처 이용 가능
https://www.card-gorilla.com/card/detail/754,426,캐시백,쇼핑,2.0,,백화점·프리미엄 아울렛·할인점·온라인쇼핑몰·생활잡화·신선식품 배송 2% 캐시백
https://www.card-gorilla.com/card/detail/754,426,캐시백,생활,2.0,,의료·산후조리원·학원·학습지·온라인서점·어린이집·유치원 2% 캐시백
https://www.card-gorilla.com/card/detail/754,426,기타,기타,,,신세계백화점 제휴 서비스
https://www.card-gorilla.com/card/detail/755,427,캐시백,카페,,,"스타벅스, 엔제리너스 1천원 캐시백"
https://www.card-gorilla.com/card/detail/755,427,캐시백,영화,,,"롯데시네마, CGV 2천원 캐시백"
https://www.card-gorilla.com/card/detail/755,427,캐시백,편의점,,,"세븐일레븐, GS25, CU 1천원 캐시백"
https://www.card-gorilla.com/card/detail/755,427,캐시백,통신,,,"SKT, KT, LG U+ 2천원 캐시백"
https://www.card-gorilla.com/card/detail/756,428,캐시백,할인,0.2,,"국내(온·오프라인) 가맹점 0.2% 캐시백
주말 및 공휴일 0.2% 추가 캐시백"
https://www.card-gorilla.com/card/detail/757,429,캐시백,온라인쇼핑,3.0,,온라인 이용 건 3% 캐시백
https://www.card-gorilla.com/card/detail/757,429,캐시백,쇼핑,5.0,,"쿠팡, 티몬, 위메프, 11번가, 옥션, G마켓 5% 캐시백"
https://www.card-gorilla.com/card/detail/758,430,할인,생활,30.0,,다이소 30% 할인
https://www.card-gorilla.com/card/detail/758,430,할인,편의점,10.0,,"GS25, CU 10% 할인"
https://www.card-gorilla.com/card/detail/758,430,할인,카페,10.0,,"스타벅스, 커피빈 10% 할인"
https://www.card-gorilla.com/card/detail/758,430,할인,영화,20.0,,"CGV, 롯데시네마 20% 할인"
https://www.card-gorilla.com/card/detail/758,430,할인,베이커리,10.0,,"파리바게뜨, 뚜레쥬르 10% 할인"
https://www.card-gorilla.com/card/detail/760,431,할인,편의점,5.0,,GS25 5% 환급할인
https://www.card-gorilla.com/card/detail/760,431,할인,화장품,5.0,,올리브영 5% 환급할인
https://www.card-gorilla.com/card/detail/760,431,할인,패스트푸드,5.0,,패스트푸드 업종 5% 환급할인
https://www.card-gorilla.com/card/detail/760,431,할인,도서,5.0,,서점업종 5% 환급할인
https://www.card-gorilla.com/card/detail/760,431,할인,소셜커머스,5.0,,"소셜커머스 5% 환급할인 (쿠팡, 티몬, 위메프)"
https://www.card-gorilla.com/card/detail/760,431,할인,영화,5.0,,CGV 5% 환급할인
https://www.card-gorilla.com/card/detail/760,431,기타,교통,,,티머니 서비스 소개
https://www.card-gorilla.com/card/detail/761,432,적립,적립,5.0,,"골프, 여가 영역 5% 적립
해외 3% 적립, 기본 0.5% 적립"
https://www.card-gorilla.com/card/detail/761,432,무료서비스,골프,,,"국내 지정 골프장 커피(4잔) 무료 제공
국내 지정 골프연습장 타석권 무료 제공"
https://www.card-gorilla.com/card/detail/761,432,할인,생활,,,"주유, 전기차, 커피전문점 할인 서비스"
https://www.card-gorilla.com/card/detail/761,432,기타,프리미엄 서비스,,,MasterCard Platinum 서비스
https://www.card-gorilla.com/card/detail/762,433,캐시백,온라인쇼핑,5.0,,온라인 쇼핑 5% 캐시백
https://www.card-gorilla.com/card/detail/762,433,캐시백,간편결제,5.0,,간편결제 5% 캐시백
https://www.card-gorilla.com/card/detail/762,433,캐시백,생활,5.0,,안경/렌즈 5% 캐시백
https://www.card-gorilla.com/card/detail/762,433,캐시백,카페,5.0,,커피 5% 캐시백
https://www.card-gorilla.com/card/detail/762,433,캐시백,배달앱,5.0,,배달/주문 5% 캐시백
https://www.card-gorilla.com/card/detail/762,433,캐시백,대중교통,5.0,,대중교통(버스/지하철) 5% 캐시백
https://www.card-gorilla.com/card/detail/762,433,캐시백,통신,5.0,,이동통신 5% 캐시백
https://www.card-gorilla.com/card/detail/762,433,캐시백,해외,5.0,,해외 5% 캐시백
https://www.card-gorilla.com/card/detail/762,433,캐시백,기타,5.0,,"OTT서비스, 공연티켓, 어학시험 5% 캐시백"
https://www.card-gorilla.com/card/detail/763,434,적립,모든가맹점,1.0,,"국내외 가맹점 1% 적립
월 200만원 이상 이용 시 2배, 월 100만원 이상 이용 시 1.5배 적립"
https://www.card-gorilla.com/card/detail/763,434,바우처,기타,,,"M포인트로 상품권 교환, 면세점에서 사용 가능한 the Pink 바우처 교환(10만원권)"
https://www.card-gorilla.com/card/detail/763,434,바우처,바우처,,,the Pink 최초 발급 시 웰컴 바우처 10만원권 1매 제공
https://www.card-gorilla.com/card/detail/763,434,적립,연회비지원,,,7만 M포인트 적립 또는 연회비 7만원 감면(택 1)
https://www.card-gorilla.com/card/detail/763,434,무료서비스,프리미엄,,,"인천국제공항라운지, 발레파킹 무료 서비스 제공"
https://www.card-gorilla.com/card/detail/763,434,기타,프리미엄 서비스,,,"VISA Signature 서비스
MasterCard World 서비스"
https://www.card-gorilla.com/card/detail/764,435,적립,통신,,,"이동통신요금 카카오페이포인트 3,000P 적립"
https://www.card-gorilla.com/card/detail/764,435,적립,디지털구독,10.0,,스트리밍 10% 카카오페이포인트 적립
https://www.card-gorilla.com/card/detail/764,435,적립,해외,1.0,,해외 1% 카카오페이포인트 적립
https://www.card-gorilla.com/card/detail/764,435,기타,기타,,,플레이트 디자인 선택가능
https://www.card-gorilla.com/card/detail/764,435,적립,카카오페이,3.0,,카카오페이로 카카오톡 선물하기 결제 시 3% 카카오페이포인트 적립
https://www.card-gorilla.com/card/detail/764,435,적립,카카오페이,2.0,,카카오페이로 결제 시 2% 카카오페이포인트 적립
https://www.card-gorilla.com/card/detail/764,435,적립,적립,1.0,,"전월 이용금액에 관계없이, 적립한도 없이 국내 가맹점 1% 카카오페이포인트 적립"
https://www.card-gorilla.com/card/detail/764,435,기타,"귀여운 디자인에 그렇지 않은 혜택, 우리가 의 반전매력에 빠진 이유",,,카카오페이 신용카드 & 체크카드 추천 BEST 5┃카카오페이 카드 등록·결제 방법 총정리
https://www.card-gorilla.com/card/detail/768,436,적립,자동차,10.0,,"전기/수소차 충전소, 버스/지하철, 철도 10% 포인트리 적립
공유 모빌리티 20% 포인트리 적립"
https://www.card-gorilla.com/card/detail/768,436,적립,쇼핑,20.0,,"친환경 마켓 20% 포인트리 적립
업사이클링 제품, 반려식물 10% 포인트리 적립"
https://www.card-gorilla.com/card/detail/768,436,적립,디지털구독,,,"모바일단독카드 이용 시, 영상/음원 건당 5천원 이상 이용 시 포인트리 1천점 적립(월1회)
굿윌스토어 건당 2만원 이상 이용 시 포인트리 1천점 적립(월2회)"
https://www.card-gorilla.com/card/detail/768,436,적립,기타,,,기부포인트 적립 서비스
https://www.card-gorilla.com/card/detail/769,437,적립,"[20,000]원 · 30만원 이상 · VISA · Mastercard · UnionPay",,,적립
https://www.card-gorilla.com/card/detail/769,437,적립,[기본적립] 국내 가맹점 0.7% 기본적립 (전월실적 없음),,,적립
https://www.card-gorilla.com/card/detail/769,437,기타,[추가 적립] 주말/공휴일 국내 가맹점 0.5% 추가적립 (전월실적 없음),,,푸드
https://www.card-gorilla.com/card/detail/769,437,기타,"[추가 적립] 음식점, 커피 전문점 업종 0.5% 추가적립 (전월실적 없음)",,,교통
https://www.card-gorilla.com/card/detail/769,437,기타,"[추가 적립] 버스/지하철, 택시 0.5% 추가적립 (전월실적 없음)",,,통신
https://www.card-gorilla.com/card/detail/769,437,할인,[추가 적립] 이동통신요금 0.5% 추가적립 (전월실적 없음),,,할인
https://www.card-gorilla.com/card/detail/769,437,기타,해외이용금액 1.7% 할인 캐시백 (전월실적 없음),,,영화
https://www.card-gorilla.com/card/detail/769,437,기타,CGV/메가박스 온라인 영화 예매 청구할인 (전월실적 30만원 이상),,,테마파크
https://www.card-gorilla.com/card/detail/769,437,적립,롯데월드/에버랜드/캐리비안베이 현장할인 (전월실적 30만원 이상),,,2026  인기 포인트 적립 높은 신용카드 순위 비교 추천 BEST 5
https://www.card-gorilla.com/card/detail/770,438,할인,골프,5.0,,"골프연습장/스크린골프, 골프관광(그린재킷 투어) 5% 환급할인
골프웨어/골프용품 5% 환급할인"
https://www.card-gorilla.com/card/detail/770,438,할인,주유소,5.0,,주유소 5% 환급할인
https://www.card-gorilla.com/card/detail/770,438,할인,보험사,5.0,,보험료 자동납부 5% 환급할인
https://www.card-gorilla.com/card/detail/770,438,적립,멤버십포인트,5.0,,해피포인트 멤버쉽 최대 5% 현장적립
https://www.card-gorilla.com/card/detail/771,439,적립,간편결제,1.5,,"지난달 실적 30만원 이상 시, 1.5%~1.0% L.POINT 적립"
https://www.card-gorilla.com/card/detail/774,440,할인,온라인쇼핑,15.0,,쿠팡 15% 할인
https://www.card-gorilla.com/card/detail/774,440,할인,푸드,10.0,,"롯데리아, 엔제리너스, 나뚜루, TGIF, 보네스뻬, 크리스피크림도넛 10% 할인 (1만원 이상 결제 시 할인)"
https://www.card-gorilla.com/card/detail/774,440,할인,테마파크,50.0,,롯데월드 종합이용권 50% 할인
https://www.card-gorilla.com/card/detail/774,440,할인,쇼핑,,,"롯데백화점, 면세점, 롯데ON, 롯데마트 할인"
https://www.card-gorilla.com/card/detail/774,440,할인,영화,,1500,"롯데시네마 관람료 1,500원 할인"
https://www.card-gorilla.com/card/detail/774,440,할인,푸드,15.0,,미스터피자 15% 현장 할인
https://www.card-gorilla.com/card/detail/774,440,적립,멤버십포인트,,,"롯데 SK 주유포인트 적립
L.POINT 적립"
https://www.card-gorilla.com/card/detail/775,441,적립,적립,10.0,,"해피페이 / 해피오더 / 해피마켓 사용 시, 해피포인트 10% 적립
전월실적 관계없이 사용 횟수에 따라 최대 21,000 해피포인트 적립"
https://www.card-gorilla.com/card/detail/775,441,적립,해외이용,1.0,,해외 이용금액의 1% 해피포인트 적립
https://www.card-gorilla.com/card/detail/775,441,적립,해피포인트,,,해피포인트 가맹점 이용액 현장 적립
https://www.card-gorilla.com/card/detail/776,442,할인,대형마트,1.0,,홈플러스에서 결제 시 1%·5% 결제일할인(청구할인)
https://www.card-gorilla.com/card/detail/776,442,할인,병원/약국,5.0,,의료비 5% 결제일할인(청구할인)
https://www.card-gorilla.com/card/detail/776,442,할인,주유소,,80,GS칼텍스에서 주유 시 리터당 80원 결제일할인(청구할인)
https://www.card-gorilla.com/card/detail/777,443,적립,멤버십포인트,3.0,,L.POINT 0.7 ~ 3% 적립
https://www.card-gorilla.com/card/detail/777,443,적립,멤버십포인트,2.0,,롯데가맹점 1 ~ 2% 추가적립
https://www.card-gorilla.com/card/detail/777,443,할인,테마파크,50.0,,롯데월드 아쿠아리움 입장권 및 놀이공원 자유이용권 50% 현장할인
https://www.card-gorilla.com/card/detail/778,444,할인,온라인쇼핑,12.0,,GS SHOP 12% 청구 할인
https://www.card-gorilla.com/card/detail/778,444,할인,대형마트,5.0,,대형마트 5% 청구 할인
https://www.card-gorilla.com/card/detail/778,444,할인,통신,5.0,,이동통신 5% 청구 할인
https://www.card-gorilla.com/card/detail/778,444,할인,카페,10.0,,커피 10% 청구 할인
https://www.card-gorilla.com/card/detail/778,444,할인,편의점,10.0,,편의점 10% 청구 할인
https://www.card-gorilla.com/card/detail/778,444,할인,택시,10.0,,택시 10% 청구 할인
https://www.card-gorilla.com/card/detail/778,444,할인,레저/스포츠,5.0,,미용실/화장품/문화센터/스포츠 5% 청구 할인
https://www.card-gorilla.com/card/detail/779,445,적립,온라인쇼핑,2.0,,"위메프 적립 2%
위메프오 적립 1%"
https://www.card-gorilla.com/card/detail/779,445,적립,생활,5.0,,생활영역/구독서비스 적립 5%
https://www.card-gorilla.com/card/detail/779,445,적립,적립,0.2,,기본적립 0.2%
https://www.card-gorilla.com/card/detail/780,446,할인,할인,0.5,,국내외 가맹점 0.5% 할인
https://www.card-gorilla.com/card/detail/780,446,할인,할인,3.0,,온라인쇼핑몰·주유·할인점 3% 결제일할인
https://www.card-gorilla.com/card/detail/780,446,할인,할인,10.0,,4대 사회보험·손해보험·전기요금·이동통신·인터넷 10% 결제일할인
https://www.card-gorilla.com/card/detail/780,446,할인,할인,0.8,,4대 사회보험 자동납부 시 납부대행수수료(납부금액의 0.8%) 결제일할인
https://www.card-gorilla.com/card/detail/780,446,무료서비스,기타,,,"부가세환급 편의지원서비스
전자세금계산서 월 250건 무료"
https://www.card-gorilla.com/card/detail/783,447,적립,온라인쇼핑,4.0,,SSG.COM에서 결제 시 2~4% 신세계포인트 적립
https://www.card-gorilla.com/card/detail/783,447,적립,생활,5.0,,생활편의영역에서 결제 시 3~5% 신세계포인트 적립
https://www.card-gorilla.com/card/detail/784,448,기타,LGU+,,,LG U+ 24개월 라이트할부
https://www.card-gorilla.com/card/detail/784,448,할인,LGU+,,,LG U+ 월 통신요금 할인
https://www.card-gorilla.com/card/detail/785,449,기타,KT,,,KT 24개월 라이트할부
https://www.card-gorilla.com/card/detail/785,449,할인,KT,,,KT 월 통신요금 할인
https://www.card-gorilla.com/card/detail/788,450,적립,CJ ONE,,,CJ ONE 포인트 2~5배 적립
https://www.card-gorilla.com/card/detail/788,450,적립,CJ ONE,0.5,,일반 제휴점 이용 시 CJ ONE 포인트 0.5% 특별적립
https://www.card-gorilla.com/card/detail/788,450,할인,테마파크,50.0,,놀이공원 50%·워터파크 30% 할인
https://www.card-gorilla.com/card/detail/788,450,무료서비스,CJ ONE,,,CJ ONE 멤버십 서비스 제공
https://www.card-gorilla.com/card/detail/788,450,할인,푸드,15.0,,CJ푸드빌 15% 현장할인
https://www.card-gorilla.com/card/detail/788,450,할인,영화,,4000,"CGV 4,000원·8,000원 할인"
https://www.card-gorilla.com/card/detail/788,450,할인,푸드,20.0,,CJ푸드빌 20%·30% 현장할인
https://www.card-gorilla.com/card/detail/789,451,적립,마트/편의점,5.0,,이마트 7대 가맹점에서 결제 시 최대 5% 신세계포인트 적립
https://www.card-gorilla.com/card/detail/789,451,적립,생활,5.0,,생활편의영역에서 결제 시 최대 5% 신세계포인트 적립
https://www.card-gorilla.com/card/detail/789,451,적립,모든가맹점,0.5,,그 외 모든 가맹점에서 결제 시 최대 0.5% 신세계포인트 적립
https://www.card-gorilla.com/card/detail/791,452,적립,멤버십포인트,3.0,,"당월 이용금액에 따라 코스트코 리워드 포인트 1~3% 적립
코스트코 매장·온라인몰 / 생활편의영역 / 그 외 가맹점"
https://www.card-gorilla.com/card/detail/791,452,바우처,멤버십포인트,,,코스트코 리워드 포인트 연 1회 바우처 교환
https://www.card-gorilla.com/card/detail/791,452,기타,멤버십포인트,,,"연회비 면제 / 코스트코멤버십 연회비 자동납부 서비스
코스트코멤버십카드 기능 추가"
https://www.card-gorilla.com/card/detail/791,452,무료서비스,프리미엄 서비스,,,VISA 브랜드 플래티넘서비스 제공
https://www.card-gorilla.com/card/detail/791,452,기타,비즈니스,,,코스트코 리워드 비즈니스 현대카드 사업지원서비스
https://www.card-gorilla.com/card/detail/816,453,할인,주유소,2.0,,전주유소 이용액의 2% 할인(LPG제외)
https://www.card-gorilla.com/card/detail/816,453,할인,영화,,1500,"전국 주요영화관 1,500원 할인"
https://www.card-gorilla.com/card/detail/816,453,할인,패밀리레스토랑,10.0,,주요 패밀리레스토랑 10% 할인
https://www.card-gorilla.com/card/detail/816,453,할인,테마파크,,,전국 주요놀이공원 할인
https://www.card-gorilla.com/card/detail/816,453,할인,카페,10.0,,커피전문점 10% 할인
https://www.card-gorilla.com/card/detail/816,453,할인,경기관람,,1500,"인터넷 예매 1,500원 할인"
https://www.card-gorilla.com/card/detail/816,453,할인,도서,,2000,"온라인 서적 인터넷 2,000원 할인"
https://www.card-gorilla.com/card/detail/816,453,무료서비스,금융,,,은행 금융서비스 제공
https://www.card-gorilla.com/card/detail/852,454,마일리지,모든가맹점,2.0,,"스마일페이 가맹점/해외에서 스마일페이로 결제 시 2% 스마일캐시 적립
그 외 가맹점 이용 시 1% 스마일캐시 적립"
https://www.card-gorilla.com/card/detail/852,454,무이자할부,무이자할부,,,모든 가맹점에서 5만원 이상 결제 시 2~3개월 무이자할부
https://www.card-gorilla.com/card/detail/853,455,마일리지,간편결제,3.0,,"스마일배송 가맹점에서 스마일페이 결제 시 3%
스마일페이 가맹점에서 스마일페이 결제 및 해외가맹 이용 시 2% / 그 외 가맹점에서 1% 스마일캐시 적립"
https://www.card-gorilla.com/card/detail/853,455,마일리지,연회비지원,,,스마일클럽 연회비 지원
https://www.card-gorilla.com/card/detail/853,455,무이자할부,무이자할부,,,모든 가맹점에서 5만원 이상 결제 시 2~3개월 무이자할부
https://www.card-gorilla.com/card/detail/853,455,기타,프리미엄 서비스,,,VISA 플래티넘서비스
https://www.card-gorilla.com/card/detail/854,456,할인,주유,,200,"현대오일뱅크/SK에너지에서 주유 시 리터당 200원·400원 청구 할인
모든 충전소(LPG) 이용 시 리터당 100원·200원 청구 할인"
https://www.card-gorilla.com/card/detail/854,456,무료서비스,멤버십포인트,0.1,,"기아 멤버십 프로그램 Kia Members 제휴서비스 제공
당월 이용금액의 0.1% 기아멤버스 포인트 추가 적립"
https://www.card-gorilla.com/card/detail/854,456,할인,자동차/하이패스,,,"현대해상 자동차 보험료 결제 시 청구할인
차량정비서비스"
https://www.card-gorilla.com/card/detail/854,456,기타,은행사,,,현금카드 기능 (KEB하나은행)
https://www.card-gorilla.com/card/detail/854,456,적립,적립,0.5,,"국내가맹점 0.5% M포인트 적립
현대, 기아 신차구매 및 GS칼텍스 주유 시 특별적립"
https://www.card-gorilla.com/card/detail/859,457,기타,주유,,,경차 유류세 환급 대상자 주유 및 충전(LPG) 시 유류세 환급
https://www.card-gorilla.com/card/detail/859,457,할인,주유,,200,"현대오일뱅크/SK에너지에서 주유 시 리터당 200원·400원 청구 할인
모든 충전소(LPG) 이용 시 리터당 100원·200원 청구 할인"
https://www.card-gorilla.com/card/detail/859,457,할인,자동차/하이패스,,,"현대해상 자동차 보험료 결제 시 청구할인
차량정비서비스"
https://www.card-gorilla.com/card/detail/859,457,무료서비스,멤버십포인트,0.1,,"기아 멤버십 프로그램 Kia Members 제휴서비스 제공
당월 이용금액의 0.1% 기아멤버스 포인트 추가 적립"
https://www.card-gorilla.com/card/detail/859,457,기타,금융,,,현금카드 기능 (KEB하나은행)
https://www.card-gorilla.com/card/detail/859,457,적립,적립,0.5,,"국내가맹점 0.5% M포인트 적립
현대, 기아 신차구매 및 GS칼텍스 주유 시 특별적립"
https://www.card-gorilla.com/card/detail/865,458,적립,대형마트,7.0,,"홈플러스 매장, 온라인몰 결제 시 마이홈플러스 포인트 7% 적립"
https://www.card-gorilla.com/card/detail/865,458,할인,모든가맹점,0.3,,홈플러스 매장 외 가맹점 결제 시 0.3% 결제일 할인
https://www.card-gorilla.com/card/detail/881,459,기타,바우처,,,모바일쿠폰 서비스
https://www.card-gorilla.com/card/detail/881,459,기타,멤버십포인트,,,통합멤버십 서비스
https://www.card-gorilla.com/card/detail/884,460,적립,하이패스,0.1,,하이패스 0.1% 마이신한포인트 적립
https://www.card-gorilla.com/card/detail/884,460,할인,하이패스,50.0,,"출퇴근시간대 통행료 20~50% 할인
판교 ↔ 청계, 판교 ↔ 성남, 연계통행료 자동 면제"
https://www.card-gorilla.com/card/detail/889,461,할인,생활,,,(주택임대료형) 주택임대료 자동이체 신청 시 최대 1만 5천원 할인
https://www.card-gorilla.com/card/detail/889,461,무료서비스,통신,,,"(생활형) 통신, 인터넷, 보안업체 자동이체 시 결제일 할인서비스 제공"
https://www.card-gorilla.com/card/detail/889,461,할인,공과금,,,(공통서비스) 아파트 관리비 3천원 할인
https://www.card-gorilla.com/card/detail/889,461,할인,교육/육아,1.0,,(공통서비스) 교육료 1% 할인
https://www.card-gorilla.com/card/detail/889,461,할인,병원/약국,1.0,,병원·약국 1% 할인
https://www.card-gorilla.com/card/detail/889,461,할인,대형마트,1.0,,(공통서비스) 3대 마트 1% 할인
https://www.card-gorilla.com/card/detail/889,461,기타,금융,,,(기본 제공) 신한은행 우대 서비스
https://www.card-gorilla.com/card/detail/890,462,바우처,바우처,,,스페셜기프트 - 매년 2만원 캐시백 지급
https://www.card-gorilla.com/card/detail/890,462,마일리지,간편결제,,,e스타일할인 - 매월 스마일페이 및 롯데 제휴사 매장 결제일 할인
https://www.card-gorilla.com/card/detail/890,462,마일리지,간편결제,,,e스마일할인 - 매년 스마일페이 가맹점 결제일 할인
https://www.card-gorilla.com/card/detail/890,462,할인,생활,12.0,,영라이프할인 - 라이프 가맹점 10~12% 결제일 할인
https://www.card-gorilla.com/card/detail/890,462,기타,프리미엄 서비스,,,VISA Platinum 서비스
https://www.card-gorilla.com/card/detail/895,463,적립,모든가맹점,0.7,,모든 가맹점 0.7% 포인트 적립
https://www.card-gorilla.com/card/detail/895,463,적립,쇼핑,1.3,,"신한은행 결제계좌 연결 시, 쇼핑 1.3% 추가적립"
https://www.card-gorilla.com/card/detail/895,463,적립,해외,1.3,,"신한은행 결제계좌 연결 시, 해외 1.3% 추가적립"
https://www.card-gorilla.com/card/detail/895,463,적립,생활,3.3,,"신한은행 결제계좌 연결 시, 통신/대중교통/도시가스 3.3% 추가적립"
https://www.card-gorilla.com/card/detail/905,464,적립,마트/편의점,1.0,,"메가마트 매장 결제 시 메가포인트 1.0% 적립
메가마트 자체 추가적립 0.5%, 총 1.5% 적립"
https://www.card-gorilla.com/card/detail/905,464,적립,모든가맹점,0.5,,메가마트 제외 모든가맹점 메가포인트 0.5% 적립
https://www.card-gorilla.com/card/detail/905,464,할인,교통,5.0,,"택시, 버스, 지하철 3~5% 할인 (모바일 교통거래 포함)"
https://www.card-gorilla.com/card/detail/905,464,할인,주유,,60,GS칼텍스 60원/L 할인
https://www.card-gorilla.com/card/detail/905,464,기타,신세계 BC 바로 콰트로 플러스,,,BC 바로카드
https://www.card-gorilla.com/card/detail/906,465,적립,마트/편의점,0.5,,"메가마트 매장 결제 시 메가포인트 0.5% 적립
메가마트 자체 추가적립 0.2%, 총 0.7% 적립"
https://www.card-gorilla.com/card/detail/906,465,적립,모든가맹점,0.1,,메가마트 제외 모든가맹점 메가포인트 0.1% 적립
https://www.card-gorilla.com/card/detail/912,466,적립,쇼핑,10.0,,"온라인쇼핑몰, 대형마트, 소셜커머스, 백화점 10% 포인트리 적립"
https://www.card-gorilla.com/card/detail/912,466,적립,선택형,5.0,,"아파트 관리비, 편의점, 배달앱 5% 포인트리 적립"
https://www.card-gorilla.com/card/detail/912,466,적립,간편결제,5.0,,온라인쇼핑몰에서 KB Pay 이용 시 5% 포인트리 적립
https://www.card-gorilla.com/card/detail/912,466,기타,프리미엄 서비스,,,"Master 티타늄 서비스
K-WORLD/국내전용 티타늄 서비스"
https://www.card-gorilla.com/card/detail/916,467,할인,주유,,80,알뜰주유소 리터당 80원~100원 청구할인
https://www.card-gorilla.com/card/detail/916,467,할인,푸드,10.0,,치킨·피자 10% 청구할인
https://www.card-gorilla.com/card/detail/916,467,할인,영화,,12000,"전국 영화관 12,000원 이상 결제 시 3,000원 청구할인"
https://www.card-gorilla.com/card/detail/916,467,할인,카페,10.0,,커피전문점 10% 청구할인
https://www.card-gorilla.com/card/detail/940,468,적립,OK캐쉬백,11.0,,11번가 OK캐쉬백 11% 특별적립
https://www.card-gorilla.com/card/detail/940,468,적립,OK캐쉬백,5.0,,생활밀착업종 OK캐쉬백 5% 특별적립
https://www.card-gorilla.com/card/detail/940,468,적립,모든가맹점,0.1,,전 가맹점 OK캐쉬백 0.1% 기본적립
https://www.card-gorilla.com/card/detail/940,468,기타,선택형,,,플레이트 선택
https://www.card-gorilla.com/card/detail/942,469,할인,백화점,10.0,,"AK PLAZA 청구할인 최대 10%
AK 멤버스 서비스"
https://www.card-gorilla.com/card/detail/942,469,할인,생활,5.0,,"[생활영역 청구 할인] 학원, 패밀리레스토랑,커피,미용실 5% 할인"
https://www.card-gorilla.com/card/detail/942,469,적립,해피포인트,10.0,,[생활영역 청구 할인] 해피포인트 10% 할인
https://www.card-gorilla.com/card/detail/942,469,할인,제주항공,10.0,,[생활영역 청구 할인] 제주항공 10% 할인
https://www.card-gorilla.com/card/detail/942,469,할인,영화,,3500,"인터파크 영화예매 1매당 3,500원 청구 할인"
https://www.card-gorilla.com/card/detail/942,469,할인,테마파크,50.0,,놀이공원 최대 50% 할인
https://www.card-gorilla.com/card/detail/945,470,적립,모든가맹점,1.0,,"일시불, 할부 이용금액 마이신한포인트 1% 적립
전월 300만원 이상 이용 시 일시불, 할부 이용금액 0.5% 추가적립"
https://www.card-gorilla.com/card/detail/945,470,적립,해외,2.0,,[Travel 적립] 해외/면세점 이용금액 2% 추가 적립(전월실적 50만원 이상)
https://www.card-gorilla.com/card/detail/945,470,적립,적립,,,[Bouns 적립] 분기당 1천만원 이상 이용 시 보너스 포인트 적립
https://www.card-gorilla.com/card/detail/945,470,무료서비스,공항라운지,,,The Lounge Members 본인+동반 1인 공항 라운지 무료 입장 서비스(전월실적 50만원 이상)
https://www.card-gorilla.com/card/detail/945,470,기타,프리미엄,,,국제 브랜드사 서비스 (플래티늄 등급 선택 시 제공)
https://www.card-gorilla.com/card/detail/949,471,캐시백,모든가맹점,0.5,,모든 가맹점 이용액 0.5% 캐시백
https://www.card-gorilla.com/card/detail/949,471,캐시백,영화,,,영화관 건당 8천원 이상 결제시 3천원 캐시백
https://www.card-gorilla.com/card/detail/949,471,기타,기타,,,ATM 출금 수수료 면제
https://www.card-gorilla.com/card/detail/949,471,캐시백,선택형,1.2,,선택한 2가지 업종 1.2% 캐시백
https://www.card-gorilla.com/card/detail/949,471,캐시백,선택형,2.0,,선택한 업종 2.0% 캐시백(혜택 추가시 연회비 3천원 추가)
https://www.card-gorilla.com/card/detail/951,472,할인,렌탈,,20000,"렌탈요금 월 최대 20,000원 할인"
https://www.card-gorilla.com/card/detail/951,472,할인,패밀리레스토랑,10.0,,"아웃백, TGIF 10% 청구할인"
https://www.card-gorilla.com/card/detail/951,472,할인,카페,20.0,,"스타벅스, 투썸플레이스 20% 청구할인"
https://www.card-gorilla.com/card/detail/951,472,할인,영화,,3000,"모든 영화관 3,000원 청구할인"
https://www.card-gorilla.com/card/detail/951,472,할인,테마파크,50.0,,놀이공원 50% 현장할인
https://www.card-gorilla.com/card/detail/952,473,할인,주유,,,SK주유소 월 최대 5만원 할인
https://www.card-gorilla.com/card/detail/952,473,할인,패밀리레스토랑,10.0,,"아웃백, TGIF 10% 청구할인"
https://www.card-gorilla.com/card/detail/952,473,할인,카페,20.0,,"스타벅스, 투썸플레이스 20% 청구할인"
https://www.card-gorilla.com/card/detail/952,473,할인,테마파크,50.0,,놀이공원 50% 현장할인
https://www.card-gorilla.com/card/detail/952,473,할인,영화,,3000,"모든 영화관 3,000원 청구할인"
https://www.card-gorilla.com/card/detail/953,474,할인,자동차,,,자동차금융 이용고객 월 납부금 최대 1만원 청구할인
https://www.card-gorilla.com/card/detail/953,474,할인,주유,,70,주유소/충전소 리터당 70원 할인
https://www.card-gorilla.com/card/detail/953,474,할인,보험,,,자동차 보험 최대 2만원 청구할인
https://www.card-gorilla.com/card/detail/953,474,할인,정비,,,스피드메이트 엔진오일 및 차량정비 할인
https://www.card-gorilla.com/card/detail/953,474,할인,렌터카,70.0,,SK렌터카 최대 70% 현장할인
https://www.card-gorilla.com/card/detail/953,474,할인,생활,,,"영화관, 패밀리레스토랑, 커피 할인"
https://www.card-gorilla.com/card/detail/993,475,기타,바우처,,,Gift Option 서비스
https://www.card-gorilla.com/card/detail/993,475,마일리지,항공마일리지,,,항공 마일리지 적립 서비스
https://www.card-gorilla.com/card/detail/993,475,무료서비스,공항라운지,,,The Lounge Members 무료 이용 서비스
https://www.card-gorilla.com/card/detail/993,475,할인,골프,,,골프 할인 서비스
https://www.card-gorilla.com/card/detail/993,475,무료서비스,호텔,,,특급호텔 라운지 무료음료 서비스
https://www.card-gorilla.com/card/detail/993,475,기타,프리미엄,,,국제 브랜드사 서비스 (플래티늄 등급 선택 시 제공)
https://www.card-gorilla.com/card/detail/1002,476,할인,통신,,,통신요금 최대 2만원 할인
https://www.card-gorilla.com/card/detail/1002,476,할인,모든가맹점,1.0,,국내 모든 가맹점 최대 1% 할인
https://www.card-gorilla.com/card/detail/1002,476,기타,기타,,,L.POINT
https://www.card-gorilla.com/card/detail/1003,477,무이자할부,쇼핑,5.0,,"전국 유명 백화점, 할인점, 온라인 쇼핑몰 5% 할인
전국 유명 백화점 및 할인점 상시 2~3개월 무이자 할부"
https://www.card-gorilla.com/card/detail/1003,477,할인,주유,,60,GS칼텍스 60원/L 할인
https://www.card-gorilla.com/card/detail/1003,477,할인,푸드,30.0,,"불고기브라더스, 제일제면소 30% 할인
아웃백, 카페마마스, 스타벅스 20% 할인"
https://www.card-gorilla.com/card/detail/1003,477,할인,영화,,,"CGV, YES24 영화 7천원 할인"
https://www.card-gorilla.com/card/detail/1003,477,적립,생활,10.0,,LG계열 제휴사 최대 5~10% 할인 및 포인트 적립
https://www.card-gorilla.com/card/detail/1003,477,적립,적립,,,Love포인트 적립
https://www.card-gorilla.com/card/detail/1003,477,할인,테마파크,,,유명 테마파크 자유이용권 할인
https://www.card-gorilla.com/card/detail/1003,477,할인,경기관람,,,스포츠 할인
https://www.card-gorilla.com/card/detail/1003,477,기타,프리미엄,,,Platinum# 서비스 및 국제브랜드사 서비스
https://www.card-gorilla.com/card/detail/1006,478,기타,바우처,,,매년 1회 Gift Option 선택 제공 (전년도 실적 300만원 이상)
https://www.card-gorilla.com/card/detail/1006,478,마일리지,대한항공,,,항공 마일리지 적립 (전월실적 30만원 이상)
https://www.card-gorilla.com/card/detail/1006,478,할인,골프,,,골프 쇼핑 or 레슨 할인 (전월실적 50만원 이상)
https://www.card-gorilla.com/card/detail/1006,478,무료서비스,공항라운지,,,골프 커피 or 공항라운지 무료 (전월실적 50만원 이상)
https://www.card-gorilla.com/card/detail/1006,478,할인,배달앱,10.0,,"배달 앱(쿠팡이츠, 배달의 민족) 10% 할인 (전월실적 50만원 이상)"
https://www.card-gorilla.com/card/detail/1006,478,기타,프리미엄,,,국제 브랜드사 서비스 (플래티늄 등급 선택 시 제공)
https://www.card-gorilla.com/card/detail/1007,479,할인,KT,,17000,"KT 통신요금 청구할인 최대 17,000원"
https://www.card-gorilla.com/card/detail/1010,480,적립,기타,50.0,,"전기/수소차 충전 50% 적립
올가홀푸드, 바이올가, SSG.COM, 쿠팡 5% 적립"
https://www.card-gorilla.com/card/detail/1010,480,적립,기타,,,이용건별 기부서비스(1+1적립)
https://www.card-gorilla.com/card/detail/1010,480,기타,프리미엄 서비스,,,"K-WORLD/국내전용 티타늄 서비스
Master 티타늄 서비스"
https://www.card-gorilla.com/card/detail/1018,481,할인,도서,20.0,,리디북스 20% 결제일 할인
https://www.card-gorilla.com/card/detail/1018,481,할인,SPA브랜드,10.0,,SPA 브랜드 10% 결제일 할인
https://www.card-gorilla.com/card/detail/1018,481,할인,드럭스토어,10.0,,H&B Store 10% 결제일 할인
https://www.card-gorilla.com/card/detail/1018,481,할인,영화,,,"CGV, 롯데시네마, 메가박스 4천원 결제일 할인"
https://www.card-gorilla.com/card/detail/1018,481,할인,카페,20.0,,커피 업종 이용시 20% 결제일 할인
https://www.card-gorilla.com/card/detail/1019,482,할인,카페,30.0,,빽다방 30% 결제일 할인
https://www.card-gorilla.com/card/detail/1019,482,할인,푸드,10.0,,더본(theborn) 모든 매장 10% 결제일 할인
https://www.card-gorilla.com/card/detail/1019,482,할인,편의점,5.0,,편의점 5% 결제일 할인
https://www.card-gorilla.com/card/detail/1019,482,할인,택시,10.0,,택시 10% 결제일 할인
https://www.card-gorilla.com/card/detail/1019,482,할인,영화,,,CGV 3천원 결제일 할인
https://www.card-gorilla.com/card/detail/1032,483,기타,하이패스,,,후불하이패스
https://www.card-gorilla.com/card/detail/1035,484,무이자할부,보험,20.0,,"한화손해보험 자동차 보험료 최대 3만원 할인
한화손해보험 결제 시 최대 3개월 무이자/ 한화호텔&리조트 20% 할인"
https://www.card-gorilla.com/card/detail/1035,484,할인,주유소,,50,"SK주유소 50원/ℓ 할인
엔진오일 교환 시 최대 1만 5천원 현장할인"
https://www.card-gorilla.com/card/detail/1035,484,할인,OTT/영화/문화,50.0,,"영화 최고 4,000원 할인
놀이공원 본인 최고 50% 할인"
https://www.card-gorilla.com/card/detail/1035,484,무이자할부,무이자할부,,,백화점/대형마트 2~3개월 무이자 할부
https://www.card-gorilla.com/card/detail/1035,484,할인,대중교통,10.0,,대중교통 이용금액 10% 할인
https://www.card-gorilla.com/card/detail/1073,485,할인,KT,,13000,"KT통신비 최대 13,000원 할인
단말기 장기할부 서비스"
https://www.card-gorilla.com/card/detail/1073,485,할인,영화,,3000,"모든 영화관 3,000원 할인"
https://www.card-gorilla.com/card/detail/1073,485,할인,테마파크,50.0,,놀이공원 50% 할인
https://www.card-gorilla.com/card/detail/1155,486,적립,쇼핑,10.0,,"온라인쇼핑몰, 대형마트, 소셜커머스, 백화점 10% 포인트리 적립"
https://www.card-gorilla.com/card/detail/1155,486,적립,선택형,5.0,,"아파트 관리비, 편의점, 배달앱 5% 포인트리 적립"
https://www.card-gorilla.com/card/detail/1155,486,적립,간편결제,5.0,,온라인쇼핑몰에서 KB Pay 이용 시 5% 포인트리 적립
https://www.card-gorilla.com/card/detail/1165,487,할인,골프,,,골프존 할인 서비스
https://www.card-gorilla.com/card/detail/1165,487,기타,멤버십포인트,,,L.POINT
https://www.card-gorilla.com/card/detail/1165,487,할인,테마파크,50.0,,롯데월드 본인 종합이용권 50% 할인
https://www.card-gorilla.com/card/detail/1165,487,할인,헤어,20.0,,미용실 최대 20% 현장할인
https://www.card-gorilla.com/card/detail/1165,487,할인,쇼핑,,,"롯데백화점, 롯데면세점, 롯데ON 현장할인"
https://www.card-gorilla.com/card/detail/1165,487,할인,영화,,1500,"롯데시네마 영화관람료 1,500원 할인"
https://www.card-gorilla.com/card/detail/1165,487,할인,푸드,10.0,,T.G.I.FRiDAY'S 10% 현장할인(주류 제외)
https://www.card-gorilla.com/card/detail/1169,488,기타,도서,,,교보문고/교보핫트랙스 멤버십 서비스
https://www.card-gorilla.com/card/detail/1169,488,할인,푸드,10.0,,"파리바게뜨, 던킨도너츠 10% 할인"
https://www.card-gorilla.com/card/detail/1169,488,할인,헤어,20.0,,미용실 최대 20% 할인
https://www.card-gorilla.com/card/detail/1169,488,할인,테마파크,50.0,,놀이공원 최대 50% 할인
https://www.card-gorilla.com/card/detail/1169,488,할인,경기관람,20.0,,롯데 자이언츠 20% 할인
https://www.card-gorilla.com/card/detail/1169,488,할인,쇼핑,,,"롯데백화점, 롯데ON, 롯데마트 할부 및 할인"
https://www.card-gorilla.com/card/detail/1169,488,기타,여행/숙박,,,여행서비스
https://www.card-gorilla.com/card/detail/1169,488,기타,푸드,,,외식
https://www.card-gorilla.com/card/detail/1169,488,적립,주유소,,50,SK주유소 리터당 SK주유포인트 50원적립
https://www.card-gorilla.com/card/detail/1169,488,적립,멤버십포인트,,,"L.POINT, 롯데 SK 주유포인트 적립"
https://www.card-gorilla.com/card/detail/1169,488,무료서비스,기타,,,연회비 면제 및 SMS 무료 서비스
https://www.card-gorilla.com/card/detail/1171,489,적립,모든가맹점,0.5,,모든 이용금액(일부 제외)0.5% 적립
https://www.card-gorilla.com/card/detail/1171,489,적립,백화점,1.0,,현대백화점그룹내 1%추가적립
https://www.card-gorilla.com/card/detail/1171,489,할인,생활,5.0,,"커피, 편의점, 약국 업종 5%청구할인"
https://www.card-gorilla.com/card/detail/1171,489,할인,할인,5.0,,"패밀리레스토랑, 패스트푸드, 주유소/충전소 업종 5%청구할인"
https://www.card-gorilla.com/card/detail/1171,489,할인,기타,5.0,,"학원, 골프/골프연습장, 미용실 업종 5%청구할인"
https://www.card-gorilla.com/card/detail/1171,489,할인,영화,,3500,"인터파크 영화 예매 시 1매당 3,500원 청구할인"
https://www.card-gorilla.com/card/detail/1171,489,할인,테마파크,50.0,,롯데월드/에버랜드/캐리비안베이 30 ~ 50% 현장할인
https://www.card-gorilla.com/card/detail/1172,490,할인,대형마트,10.0,,하나로마트 대상점 이용 시 이용금액 10% 청구 할인
https://www.card-gorilla.com/card/detail/1172,490,할인,베이커리,5.0,,베이커리 이용 시 이용금액 5% 청구 할인
https://www.card-gorilla.com/card/detail/1172,490,할인,카페,,,"KEB 하나은행 결제계좌 이용고객 월 1회 커피 청구 할인
스타벅스, 커피빈 4천원 이상 결제 시 4천원 청구할인"
https://www.card-gorilla.com/card/detail/1172,490,할인,통신,5.0,,"통신 자동이체 이용 시, 이용금액의 5% 청구 할인"
https://www.card-gorilla.com/card/detail/1172,490,할인,학원,5.0,,"학원 업종 이용 시, 이용금액의 5% 청구 할인"
https://www.card-gorilla.com/card/detail/1174,491,적립,적립,1.8,,"하나원큐페이 결제 1.8% 하나머니 적립
국내 전 가맹점 0.8% 하나머니 적립"
https://www.card-gorilla.com/card/detail/1174,491,적립,해외,,,해외에서도 전월 실적 및 횟수 제한 없는 하나머니 적립 서비스
https://www.card-gorilla.com/card/detail/1174,491,기타,LOCA LIKIT 1.2,,,롯데카드
https://www.card-gorilla.com/card/detail/1180,492,할인,푸드,,,"풀무원샵, 풀무원녹즙, 풀무원 로하스, 올가, 베이비밀, 자담터, 아미오, 잇슬림 청구할인"
https://www.card-gorilla.com/card/detail/1180,492,적립,적립,,,"온라인쇼핑, 아파트관리비 자동이체 10만원 당 5천 하나머니 적립"
https://www.card-gorilla.com/card/detail/1184,493,기타,인테리어,,,Z:IN 가맹 대리점에서 할부 이용 시 할부 수수료 혜택
https://www.card-gorilla.com/card/detail/1184,493,캐시백,캐시백,,,Z:IN 가맹 대리점 할부이용 캐시백
https://www.card-gorilla.com/card/detail/1184,493,기타,LOCA LIKIT 1.2,,,롯데카드
https://www.card-gorilla.com/card/detail/1186,494,적립,생활,5.0,,생활 가맹점 이용당 5% 하나머니 적립
https://www.card-gorilla.com/card/detail/1186,494,기타,기타,,,플레이트 디자인 선택 가능
https://www.card-gorilla.com/card/detail/1188,495,적립,적립,10.0,,"동물병원, 온라인쇼핑, 커피 10% 하나머니 적립
대중교통, 통신요금 7% 하나머니 적립"
https://www.card-gorilla.com/card/detail/1198,496,할인,쇼핑,10.0,,IKEA 매장 이용 시 10% 할인
https://www.card-gorilla.com/card/detail/1198,496,할인,생활,,,IKEA 점외 가맹점 통합 할인
https://www.card-gorilla.com/card/detail/1202,497,할인,지역,2.0,,"부산시 내 전통시장 이용 시 2% 할인
부산시 내 일반가맹점 이용 시 0.2% 할인"
https://www.card-gorilla.com/card/detail/1202,497,기타,[교통] 부산에서 교통비를 월 4만5천원 아끼는 꿀팁,,,노리2 체크카드(KB Pay)
https://www.card-gorilla.com/card/detail/1213,498,할인,애완동물,,,반려동물 특화 할인 서비스
https://www.card-gorilla.com/card/detail/1213,498,할인,마트/편의점,5.0,,"대형마트 5% 청구할인
편의점 5% 청구할인"
https://www.card-gorilla.com/card/detail/1213,498,할인,주유,,60,전국 주유소 리터당 60원 할인
https://www.card-gorilla.com/card/detail/1213,498,할인,소셜커머스,5.0,,소셜커머스 5% 청구할인
https://www.card-gorilla.com/card/detail/1215,499,적립,화장품,10.0,,아모레퍼시픽 가맹점 10% 적립
https://www.card-gorilla.com/card/detail/1215,499,적립,적립,5.0,,슈퍼/커피/제과/영화 5% 적립
https://www.card-gorilla.com/card/detail/1225,500,할인,교육/육아,,,윙크학습비 자동이체 할인 서비스
https://www.card-gorilla.com/card/detail/1225,500,기타,프리미엄 서비스,,,Master 티타늄 서비스
https://www.card-gorilla.com/card/detail/1229,501,할인,통신,,,kt M mobile 통신료 청구할인
https://www.card-gorilla.com/card/detail/1233,502,할인,기타,,,라이트할부 할인서비스 최대 1만 5천원
https://www.card-gorilla.com/card/detail/1233,502,할인,렌탈,,,렌탈요금 할인서비스 최대 1만 5천원
https://www.card-gorilla.com/card/detail/1243,503,할인,LGU+,,,U+ 알뜰모바일 통신료 청구할인 최대 1만 7천원
https://www.card-gorilla.com/card/detail/1246,504,할인,렌탈,,,"소노시즌 자동이체시 전월실적에 따라 청구할인
월 9천원~최대 2만원 할인"
https://www.card-gorilla.com/card/detail/1248,505,할인,렌탈,,,바디프랜드 렌탈요금 자동이체 시 월 1만3천원 청구할인
https://www.card-gorilla.com/card/detail/1248,505,할인,대형마트,3.0,,"이마트, 이마트 트레이더스, 홈플러스, 롯데마트 이용금액 3% 청구할인"
https://www.card-gorilla.com/card/detail/1248,505,할인,카페,10.0,,커피빈 이용금액 10% 청구할인
https://www.card-gorilla.com/card/detail/1253,506,할인,푸드,7.0,,랭킹닭컴 이용 시 7% 청구할인
https://www.card-gorilla.com/card/detail/1253,506,할인,영화,,,"지난달 이용실적 30만원 이상 시 청구할인 제공
CGV, 메가박스, 롯데시네마 3천원 할인"
https://www.card-gorilla.com/card/detail/1253,506,할인,해외이용,5.0,,"지난달 이용실적 30만원 이상 시 청구할인 제공
해외 전 가맹점 5% 할인"
https://www.card-gorilla.com/card/detail/1253,506,할인,배달앱,5.0,,"지난달 이용실적 30만원 이상 시 청구할인 제공
요기요, 배달의민족 5% 할인 (월 5천원 한도)"
https://www.card-gorilla.com/card/detail/1253,506,할인,카페,,,"지난달 이용실적 30만원 이상 시 청구할인 제공
스타벅스, 커피빈 4천원 할인 (월 4천원 한도, 월 1회)"
https://www.card-gorilla.com/card/detail/1253,506,할인,생활,7.0,,"지난달 이용실적 70만원 이상 시 제공
통신, 대중교통, 온라인 7% 청구할인"
https://www.card-gorilla.com/card/detail/1256,507,캐시백,통신,,,U+알뜰모바일 이동통신료 자동이체 캐시백
https://www.card-gorilla.com/card/detail/1256,507,기타,우리 K-패스 (COOKIE CHECK),,,우리카드
https://www.card-gorilla.com/card/detail/1258,508,기타,OK캐쉬백,,,OK캐쉬백 멤버십 서비스
https://www.card-gorilla.com/card/detail/1258,508,할인,온라인쇼핑,10.0,,"G마켓, 옥션 10% 할인"
https://www.card-gorilla.com/card/detail/1258,508,할인,카페/디저트,20.0,,"스타벅스 20% 할인(사이렌오더 포함)
파리바게뜨, 배스킨라빈스, 던킨도너츠 10% 할인"
https://www.card-gorilla.com/card/detail/1258,508,할인,푸드,10.0,,"맥도날드, 롯데리아, 버거킹, 피자헛, 미스터피자, 도미노피자 10% 할인"
https://www.card-gorilla.com/card/detail/1258,508,할인,마트/편의점,5.0,,"편의점(CU), 올리브영 5% 할인"
https://www.card-gorilla.com/card/detail/1258,508,할인,영화,10.0,,"CGV, 롯데시네마, 메가박스 10% 할인"
https://www.card-gorilla.com/card/detail/1258,508,할인,대중교통,,,"전국 시내버스, 지하철 2천원 할인"
https://www.card-gorilla.com/card/detail/1258,508,할인,교육,10.0,,"YBM시사(토익응시료 포함), 파고다, 해커스어학원 10% 할인"
https://www.card-gorilla.com/card/detail/1258,508,할인,통신,,,휴대전화 요금 3천원 할인
https://www.card-gorilla.com/card/detail/1258,508,기타,NU 오하쳌(오늘하루체크),,,우리카드
https://www.card-gorilla.com/card/detail/1259,509,할인,LGU+,,,LG U+ 통신요금 최대 5천원 할인
https://www.card-gorilla.com/card/detail/1259,509,캐시백,패밀리레스토랑,10.0,,패밀리레스토랑 10% 캐시백 할인
https://www.card-gorilla.com/card/detail/1259,509,캐시백,카페,10.0,,"스타벅스, 커피빈 10% 캐시백 할인"
https://www.card-gorilla.com/card/detail/1259,509,캐시백,영화,,,전국 영화관 2천원 캐시백 할인
https://www.card-gorilla.com/card/detail/1259,509,할인,테마파크,50.0,,주요 놀이공원 자유이용권 50% 현장할인
https://www.card-gorilla.com/card/detail/1260,510,할인,대중교통,,1500,"전국 시내버스, 지하철 1,500원 할인"
https://www.card-gorilla.com/card/detail/1260,510,할인,병원/약국,5.0,,"병원(동물병원 포함), 약국 5% 할인"
https://www.card-gorilla.com/card/detail/1260,510,할인,영화,,,모든 영화관 3천원 할인
https://www.card-gorilla.com/card/detail/1260,510,할인,패밀리레스토랑,20.0,,"아웃백, TGIF 20% 현장 할인"
https://www.card-gorilla.com/card/detail/1260,510,할인,카페,20.0,,"스타벅스, 투썸플레이스 20% 할인"
https://www.card-gorilla.com/card/detail/1260,510,할인,주유,,40,GS칼텍스 40원/L 할인
https://www.card-gorilla.com/card/detail/1278,511,기타,국민행복,,,국민행복 특화 서비스
https://www.card-gorilla.com/card/detail/1278,511,할인,병원,5.0,,의료비 5% 할인
https://www.card-gorilla.com/card/detail/1278,511,할인,온라인쇼핑,5.0,,온라인 쇼핑 5% 할인
https://www.card-gorilla.com/card/detail/1278,511,할인,패밀리레스토랑,10.0,,패밀리레스토랑 10% 할인
https://www.card-gorilla.com/card/detail/1278,511,할인,카페,20.0,,커피전문점 20% 할인
https://www.card-gorilla.com/card/detail/1278,511,할인,통신,,,이동통신요금 1천원 할인
https://www.card-gorilla.com/card/detail/1278,511,할인,테마파크,5.0,,키즈파크 5% 할인
https://www.card-gorilla.com/card/detail/1285,512,할인,게임,15.0,,넥슨캐시/세라 온라인 충전금액 15% 캐쉬백
https://www.card-gorilla.com/card/detail/1285,512,할인,교통,5.0,,"대중교통, 택시 5% 캐쉬백"
https://www.card-gorilla.com/card/detail/1285,512,할인,생활,5.0,,"온라인쇼핑, 생활영역 5% 캐쉬백"
https://www.card-gorilla.com/card/detail/1286,513,할인,온라인쇼핑,5.0,,"CJ오쇼핑, CJmall 5% 청구할인"
https://www.card-gorilla.com/card/detail/1286,513,할인,푸드,20.0,,CJ푸드빌 10~20% 현장할인
https://www.card-gorilla.com/card/detail/1286,513,할인,화장품,10.0,,CJ올리브영 10% 현장할인
https://www.card-gorilla.com/card/detail/1286,513,할인,영화,,,CGV 2~6천원 청구할인
https://www.card-gorilla.com/card/detail/1288,514,적립,모든가맹점,1.0,,전 가맹점 이용 시 기본 1.0% 토스포인트 기본적립
https://www.card-gorilla.com/card/detail/1288,514,적립,카페,4.0,,스타벅스 이용 시 추가 4.0% 토스포인트 추가적립
https://www.card-gorilla.com/card/detail/1289,515,할인,SKT,,,SKT통신요금 자동납부 할인 서비스 최대 2만 1천원
https://www.card-gorilla.com/card/detail/1290,516,할인,게임,15.0,,넥슨캐시/세라 온라인 충전금액 15% 캐쉬백
https://www.card-gorilla.com/card/detail/1290,516,할인,교통,5.0,,"대중교통, 택시 5% 캐쉬백"
https://www.card-gorilla.com/card/detail/1290,516,할인,생활,5.0,,"온라인쇼핑, 생활영역 5% 캐쉬백"
https://www.card-gorilla.com/card/detail/1294,517,적립,적립,0.3,,"국내 가맹점 0.3% 기본적립
해외이용금액 2.0% 기본적립"
https://www.card-gorilla.com/card/detail/1294,517,적립,적립,0.6,,"사업지원영역 : 주유/통신/전자상거래 업종 0.6% 추가적립
고액결제 0.6%~1.0% 추가적립"
https://www.card-gorilla.com/card/detail/1294,517,기타,기타,,,"사업지원 서비스(전자세금계산서 발행, 세금신고 지원) 제공"
https://www.card-gorilla.com/card/detail/1298,518,할인,편의점,10.0,,편의점 10% 할인
https://www.card-gorilla.com/card/detail/1298,518,할인,카페/디저트,10.0,,"베이커리 업종 10% 할인
커피전문점 10% 할인"
https://www.card-gorilla.com/card/detail/1298,518,할인,패스트푸드,10.0,,"맥도날드, 롯데리아 10% 할인"
https://www.card-gorilla.com/card/detail/1298,518,할인,쇼핑,,,온/오프라인 쇼핑 할인
https://www.card-gorilla.com/card/detail/1298,518,할인,OTT/영화/문화,,,"영화관 4천원 할인
도서 2천원 할인"
https://www.card-gorilla.com/card/detail/1298,518,기타,교통,,,후불교통기능
https://www.card-gorilla.com/card/detail/1299,519,적립,모든가맹점,1.3,,국내가맹점 1~1.3% 포인트리 적립
https://www.card-gorilla.com/card/detail/1299,519,캐시백,해외,5.0,,해외이용(직구포함) 5% 할인 캐시백
https://www.card-gorilla.com/card/detail/1299,519,바우처,바우처,,,플래티늄 바우처_쿠폰 서비스
https://www.card-gorilla.com/card/detail/1299,519,무료서비스,프리미엄 서비스,,,"인천공항 음료(HOT/ICE 아메리카노) 무료제공 등 고품격 서비스
Master / Local 플래티늄 전용서비스"
https://www.card-gorilla.com/card/detail/1302,520,기타,지역,,,제주도 제휴서비스
https://www.card-gorilla.com/card/detail/1302,520,적립,주유,,,S-OIL 리터당 40 보너스포인트 적립
https://www.card-gorilla.com/card/detail/1302,520,할인,경기관람,,,프로스포츠 경기 할인
https://www.card-gorilla.com/card/detail/1309,521,적립,적립,0.3,,국내 가맹점 포인트리 0.3% 기본 적립
https://www.card-gorilla.com/card/detail/1309,521,적립,쇼핑,0.7,,쇼핑 특화 영역 포인트리 0.7% 추가 적립
https://www.card-gorilla.com/card/detail/1309,521,적립,여행/숙박,0.7,,여행 특화 영역 포인트리 0.7% 추가 적립
https://www.card-gorilla.com/card/detail/1309,521,적립,해외,3.0,,해외이용 최대 3% 적립
https://www.card-gorilla.com/card/detail/1309,521,할인,기타,,,해외 배송대행 업체 배송료 할인
https://www.card-gorilla.com/card/detail/1311,522,캐시백,모든가맹점,0.4,,국내 이용금액 0.2~0.4% 캐시백
https://www.card-gorilla.com/card/detail/1311,522,캐시백,해외이용,1.0,,해외 이용금액 1% 캐시백
https://www.card-gorilla.com/card/detail/1315,523,기타,선택형,,,"병원,약국 / 주유 / 대형마트 中 택1"
https://www.card-gorilla.com/card/detail/1315,523,적립,적립,2.0,,골프/건강관리/여행/쇼핑/대중교통/이동통신 1~2% 적립
https://www.card-gorilla.com/card/detail/1315,523,할인,할인,10.0,,"골든라이프서비스, 반려동물 관련업종, 음식업종 5~10% 청구 할인"
https://www.card-gorilla.com/card/detail/1315,523,캐시백,해외,2.0,,해외 이용금액 2% 할인 캐시백
https://www.card-gorilla.com/card/detail/1315,523,적립,기타,,,연간 리워드 1만점 적립
https://www.card-gorilla.com/card/detail/1315,523,기타,기타,,,스마트 기능
https://www.card-gorilla.com/card/detail/1323,524,할인,쇼핑,,,온/오프라인 쇼핑 할인
https://www.card-gorilla.com/card/detail/1323,524,할인,카카오페이,15.0,,카카오페이 15% 청구할인
https://www.card-gorilla.com/card/detail/1339,525,할인,골프,20.0,,스크린골프 및 직영매장 20% 청구할인
https://www.card-gorilla.com/card/detail/1339,525,할인,레저/스포츠,5.0,,골프연습장/스포츠센터/레포츠용품점 5% 청구할인
https://www.card-gorilla.com/card/detail/1339,525,할인,주유소,,60,전 주유소 리터당 60원 청구할인
https://www.card-gorilla.com/card/detail/1339,525,할인,패스트푸드,20.0,,VIPS/아웃백/TGIF 20% 청구할인
https://www.card-gorilla.com/card/detail/1339,525,할인,통신,,,SKT/KT/LGU+ 이동통신요금 자동이체 시 3천원 청구할인
https://www.card-gorilla.com/card/detail/1339,525,기타,기타,,,"카드를 골프존 시뮬레이터에 접촉 시 자동로그인 가능
카드를 스마트폰에 터치 시 NFC를 통해 맞춤정보 확인가능"
https://www.card-gorilla.com/card/detail/1340,526,적립,해피포인트,20.0,,"해피오더, 해피마켓, 해피페이 결제 건별 5천원 당 1,000 포인트 적립
해피포인트 가맹점 2% / 온오프 가맹점 0.5~1% 적립"
https://www.card-gorilla.com/card/detail/1340,526,적립,해피포인트,,,해피포인트 가맹점 이용 시 현장 적립
https://www.card-gorilla.com/card/detail/1360,527,적립,모든가맹점,0.5,,빅포인트 0.5% 기본적립 (빅포인트계열)
https://www.card-gorilla.com/card/detail/1360,527,적립,주유,,,S-OIL 리터당 40 보너스포인트 적립
https://www.card-gorilla.com/card/detail/1360,527,기타,경기관람,,,프로스포츠 프로모션 서비스
https://www.card-gorilla.com/card/detail/1379,528,할인,주유,,60,"[주유] 주유소, 충전소 업종 리터당 60원 청구할인"
https://www.card-gorilla.com/card/detail/1379,528,할인,통신,10.0,,"[통신] 전화요금, 인터넷이용료, 케이블TV 업종 10% 청구할인"
https://www.card-gorilla.com/card/detail/1379,528,할인,교통,10.0,,"[교통] 버스, 지하철, 택시 업종10% 청구할인"
https://www.card-gorilla.com/card/detail/1379,528,할인,푸드,10.0,,"음식점, 커피전문점, 편의점, 약국 업종 10% 추가 청구할인"
https://www.card-gorilla.com/card/detail/1379,528,할인,생활,10.0,,"학원, 휘트니스센터 업종 10% 추가 청구할인"
https://www.card-gorilla.com/card/detail/1379,528,무료서비스,프리미엄 서비스,,,"인천공항 음료 무료제공 등 고품격 서비스
Master / VISA / AMEX / Local 플래티늄 전용서비스"
https://www.card-gorilla.com/card/detail/1379,528,기타,바우처,,,"쿠폰서비스 [연1회, 12가지 쿠폰서비스 중 택1]
최대 11만원 상당 제공"
https://www.card-gorilla.com/card/detail/1380,529,할인,자동차,,,넥센타이어 렌탈료 자동이체 시 1만 1천원 ~ 2만원 청구할인
https://www.card-gorilla.com/card/detail/1380,529,할인,영화,,3500,"인터파크 영화예매 시 3,500원 청구할인"
https://www.card-gorilla.com/card/detail/1380,529,할인,테마파크,50.0,,놀이공원 최대 50% 할인
https://www.card-gorilla.com/card/detail/1381,530,마일리지,여행사,1.5,,"모두투어 투어마일리지 적립
1,000원당 15~30투어마일리지 적립"
https://www.card-gorilla.com/card/detail/1381,530,할인,패밀리레스토랑,10.0,,외식 10% 청구할인
https://www.card-gorilla.com/card/detail/1381,530,할인,카페,10.0,,커피 10% 청구할인
https://www.card-gorilla.com/card/detail/1381,530,할인,OTT/영화/문화,,,놀이공원 현장할인 및 인터파크 청구할인
https://www.card-gorilla.com/card/detail/1382,531,적립,적립,0.5,,"[기본적립] 국내 가맹점 0.5% 포인트리 적립
[추가적립] 여행/커피/쇼핑 1% 추가 적립"
https://www.card-gorilla.com/card/detail/1382,531,적립,해외,3.0,,해외 전 가맹점 최대 3% 포인트리 적립
https://www.card-gorilla.com/card/detail/1382,531,적립,쇼핑,2.0,,몰테일 배송료 이용금액 2% 적립 및 수수료 할인
https://www.card-gorilla.com/card/detail/1383,532,할인,애완동물,10.0,,"반려동물 업종 10% 할인
반려동물 보호를 위한 공익기금 조성"
https://www.card-gorilla.com/card/detail/1383,532,할인,대형마트,5.0,,이마트 · 롯데마트 · 홈플러스 5%청구할인
https://www.card-gorilla.com/card/detail/1383,532,할인,온라인쇼핑,5.0,,G마켓 · 옥션 · 인터파크 · 11번가 5%청구할인
https://www.card-gorilla.com/card/detail/1390,533,할인,통신,,,LG U+ 요금 통합 최대 1만 5천원 결제일 할인
https://www.card-gorilla.com/card/detail/1390,533,무료서비스,LGU+,,,LG U+ 스마트할부 서비스 제공
https://www.card-gorilla.com/card/detail/1390,533,적립,주유,,,현대오일뱅크 주유 시 40P/L 적립
https://www.card-gorilla.com/card/detail/1390,533,할인,영화,,,"인터파크, YES24 영화 예매 할인"
https://www.card-gorilla.com/card/detail/1390,533,할인,테마파크,,,"롯데월드, 서울랜드 자유이용권 할인"
https://www.card-gorilla.com/card/detail/1394,534,캐시백,모든가맹점,0.2,,"모든 가맹점 0.2% 캐시백
특정업종 추가로 0.2% 캐시백"
https://www.card-gorilla.com/card/detail/1394,534,할인,공연/전시,,,문화할인 서비스
https://www.card-gorilla.com/card/detail/1394,534,할인,백화점,5.0,,현대백화점 5% 현장할인
https://www.card-gorilla.com/card/detail/1433,535,기타,하이패스,,,하이패스 이용방법
https://www.card-gorilla.com/card/detail/1433,535,할인,하이패스,,,통행료 자동할인 및 경차할인
https://www.card-gorilla.com/card/detail/1438,536,적립,해피포인트,,,해피포인트 가맹점 할인 및 적립
https://www.card-gorilla.com/card/detail/1438,536,캐시백,패밀리레스토랑,10.0,,패밀리레스토랑 10% 캐시백
https://www.card-gorilla.com/card/detail/1438,536,캐시백,편의점,10.0,,편의점 10% 캐시백
https://www.card-gorilla.com/card/detail/1438,536,캐시백,OTT/영화/문화,3.0,,"영화 2천원 / 서적 3% 캐시백
토익시험응시료 캐시백"
https://www.card-gorilla.com/card/detail/1443,537,할인,테마파크,50.0,,"에버랜드 자유이용권(대인 동반 소인 1매) 50% 현장할인
캐리비안베이 입장권 30% 현장할인"
https://www.card-gorilla.com/card/detail/1443,537,할인,할인,20.0,,"에버랜드 직영 기념품 매장 20% 현장할인
연간회원권 10% 현장할인"
https://www.card-gorilla.com/card/detail/1443,537,할인,패밀리레스토랑,20.0,,"VIPS, 아웃백, TGIF 20% 청구할인"
https://www.card-gorilla.com/card/detail/1443,537,할인,레저/스포츠,,,"스타포유㈜와 제휴된 전통고택, 글램핑, 카라반 우대 할인"
https://www.card-gorilla.com/card/detail/1446,538,할인,학습지,,,웅진씽크빅 자동납부요금 청구할인 월 최대 1만 7천원
https://www.card-gorilla.com/card/detail/1451,539,할인,금융,50.0,,"외환 환전 송금 최대 50% 환율 우대
우리원송금클럽"
https://www.card-gorilla.com/card/detail/1451,539,할인,영화,,,CGV 최대 4천원 청구할인
https://www.card-gorilla.com/card/detail/1451,539,할인,테마파크,50.0,,놀이공원 및 테마파크 30~50% 할인
https://www.card-gorilla.com/card/detail/1451,539,할인,대형마트,5.0,,대형마트 5% 청구할인
https://www.card-gorilla.com/card/detail/1451,539,기타,은행사,,,수수료 면제
https://www.card-gorilla.com/card/detail/1451,539,기타,NU 오하쳌(오늘하루체크),,,우리카드
https://www.card-gorilla.com/card/detail/1468,540,적립,적립,0.8333,,"신판 1,200원당 10~20P 적립"
https://www.card-gorilla.com/card/detail/1468,540,무료서비스,공항라운지,,,공항라운지 연 2회 무료 이용
https://www.card-gorilla.com/card/detail/1519,541,할인,렌탈,,13000,"LG전자 렌탈요금 자동이체 시 13,000원/23,000원 할인"
https://www.card-gorilla.com/card/detail/1523,542,적립,적립,2.0,,"L.PAY 결제/후불교통 2%, 롯데가맹점 0.5% L.POINT 적립
이외 국내 전 가맹점 0.1% L.POINT 적립"
https://www.card-gorilla.com/card/detail/1526,543,적립,적립,20.0,,"스타벅스 20%/ 편의점, 영화 10%/ 대중교통, 통신 1천 하나머니 적립
외식, 쇼핑, 어학시험, 어학원 5% 하나머니 적립"
https://www.card-gorilla.com/card/detail/1526,543,적립,OK캐쉬백,1.0,,OK캐쉬백 플러스 원클릭 충전 및 자동충전시 1% OK캐쉬백 추가 적립
https://www.card-gorilla.com/card/detail/1526,543,기타,수수료우대,,,해외 ATM 현금인출 수수료 우대
https://www.card-gorilla.com/card/detail/1526,543,할인,테마파크,50.0,,"롯데월드, 에버랜드 자유이용권 50% 할인"
https://www.card-gorilla.com/card/detail/1529,544,할인,KT,,,KT 통신요금 7천원/1만5천원 청구할인
https://www.card-gorilla.com/card/detail/1529,544,할인,카페,5.0,,5대 커피업종 5% 청구할인
https://www.card-gorilla.com/card/detail/1529,544,할인,영화,,3000,"영화업종 3,000원 청구할인"
https://www.card-gorilla.com/card/detail/1529,544,기타,기타,,,올레콘텐츠박스 이용쿠폰 제공
https://www.card-gorilla.com/card/detail/1532,545,할인,LGU+,,,"LGU+ 통신서비스 요금 7천원/1만3천원 청구할인
LGU+ 단말기 장기할부 서비스"
https://www.card-gorilla.com/card/detail/1532,545,할인,영화,,3000,"모든 영화관 3,000원 청구할인"
https://www.card-gorilla.com/card/detail/1532,545,할인,테마파크,50.0,,놀이공원 자유이용권 50% 현장할인
https://www.card-gorilla.com/card/detail/1544,546,적립,해피포인트,30.0,,"해피포인트 가맹점 10~30% 청구할인
해피포인트 가맹점 5%현장적립"
https://www.card-gorilla.com/card/detail/1544,546,할인,온라인쇼핑,5.0,,옥션 · G마켓 5% 청구할인
https://www.card-gorilla.com/card/detail/1544,546,할인,영화,,3500,"인터파크 3,500원 청구할인"
https://www.card-gorilla.com/card/detail/1544,546,할인,여행/숙박,10.0,,제너두 둔내 펜션 10%~40% 현장할인
https://www.card-gorilla.com/card/detail/1544,546,무이자할부,무이자할부,,,"백화점 및 할인점 2~3개월 무이자할부
국내 면세점 2~3개월 무이자할부"
https://www.card-gorilla.com/card/detail/1549,547,적립,여행사,10.0,,하나투어 포인트 최대 10% 적립
https://www.card-gorilla.com/card/detail/1549,547,할인,영화,,3500,"인터파크 영화예매 1매당 3,500원 청구 할인"
https://www.card-gorilla.com/card/detail/1549,547,적립,여행사,,,최대 50만원까지!! 여행을 SAVE하는 '하나투어 포인트연계할부서비스(세이브)'
https://www.card-gorilla.com/card/detail/1549,547,무이자할부,무이자할부,,,2~3개월 무이자할부 서비스
https://www.card-gorilla.com/card/detail/1549,547,할인,금융,30.0,,외국통화 매매 및 여행자 수표 매도 시 매매마진율의 30% 우대
https://www.card-gorilla.com/card/detail/1555,548,할인,SKT,,,T라이트할부 및 SKT 통신요금 월 1만원 ~ 2만원 청구할인
https://www.card-gorilla.com/card/detail/1555,548,할인,영화,,,전국 영화관 3천원 청구할인
https://www.card-gorilla.com/card/detail/1555,548,할인,패밀리레스토랑,10.0,,"VIPS, TGIF 10% 청구할인"
https://www.card-gorilla.com/card/detail/1555,548,할인,카페,20.0,,"할리스, 엔제리너스 20% 청구할인"
https://www.card-gorilla.com/card/detail/1555,548,할인,테마파크,50.0,,"롯데월드, 에버랜드, 서울랜드, 이월드(대구), 경주월드, 통도환타지아 자유이용권 50% 현장할인"
https://www.card-gorilla.com/card/detail/1558,549,할인,쇼핑,10.0,,3대 대형마트 / 3대 백화점 10% 청구할인
https://www.card-gorilla.com/card/detail/1558,549,할인,교통,5.0,,"대중교통(버스, 지하철), 택시 5% 청구할인"
https://www.card-gorilla.com/card/detail/1558,549,할인,통신,5.0,,이동통신요금 5% 청구할인
https://www.card-gorilla.com/card/detail/1558,549,할인,기타,20.0,,"외국인 선호 관광지 20% 청구할인
외국인 선호/거주 지역 음식 청구할인 5% 청구할인"
https://www.card-gorilla.com/card/detail/1572,550,적립,적립,0.2,,국내외 가맹점 0.2% 기본 포인트리 적립
https://www.card-gorilla.com/card/detail/1572,550,적립,푸드,0.2,,"음식점, 커피전문점 업종 0.2% 추가 포인트리 적립"
https://www.card-gorilla.com/card/detail/1572,550,적립,대중교통,0.2,,"대중교통(버스·지하철), 택시 0.2% 추가 포인트리 적립"
https://www.card-gorilla.com/card/detail/1572,550,적립,통신,0.2,,이동통신요금 0.2% 추가 포인트리 적립
https://www.card-gorilla.com/card/detail/1573,551,할인,패밀리레스토랑,10.0,,"아웃백·VIPS·TGIF·세븐스프링스
주중 10%, 주말 15% 환급할인"
https://www.card-gorilla.com/card/detail/1573,551,할인,영화,20.0,,CGV·메가박스 20% 환급할인
https://www.card-gorilla.com/card/detail/1573,551,할인,테마파크,30.0,,에버랜드·서울랜드·롯데월드 30% 환급할인
https://www.card-gorilla.com/card/detail/1573,551,할인,카페,5.0,,"커피빈 주중 5%, 주말 10% 환급할인"
https://www.card-gorilla.com/card/detail/1573,551,할인,제주항공,10.0,,제주항공 10% 환급할인
https://www.card-gorilla.com/card/detail/1573,551,할인,헤어,10.0,,박승철헤어스투디오·올리브영 10% 환급할인
https://www.card-gorilla.com/card/detail/1573,551,할인,도서,3.0,,교보문고 3% 환급할인
https://www.card-gorilla.com/card/detail/1573,551,할인,편의점,5.0,,GS25 5% 환급할인
https://www.card-gorilla.com/card/detail/1573,551,기타,금융,,,금융수수료 면제 서비스
https://www.card-gorilla.com/card/detail/1573,551,기타,교통,,,티머니 서비스
https://www.card-gorilla.com/card/detail/1577,552,기타,하이패스,,,고속도로 통행료 결제
https://www.card-gorilla.com/card/detail/1577,552,할인,하이패스,50.0,,출퇴근 시간대 통행료 자동할인 최대 50%
https://www.card-gorilla.com/card/detail/1584,553,적립,쇼핑,5.0,,백화점/할인점/홈쇼핑·온라인몰 1.0~5.0% 적립
https://www.card-gorilla.com/card/detail/1584,553,적립,모든가맹점,2.0,,"전국 가맹점 0.2~2.0% 적립
해외 가맹점 1~5% 적립"
https://www.card-gorilla.com/card/detail/1584,553,적립,주유소,,60,"S-OIL, 현대오일뱅크 주유 시 리터 당 60원 적립"
https://www.card-gorilla.com/card/detail/1584,553,적립,금융,0.2,,"신한금융투자 CMA 결제계좌 0.2% 추가 적립
마이신한포인트 가맹점 추가 적립"
https://www.card-gorilla.com/card/detail/1584,553,적립,통신,5.0,,SK텔레콤/KT/LG U+ 이동통신요금 1.0~5.0% 적립
https://www.card-gorilla.com/card/detail/1584,553,무이자할부,기타,,,무이자/영화/테마파크
https://www.card-gorilla.com/card/detail/1584,553,적립,적립,,,포인트 적립상세 및 포인트 사용 안내
https://www.card-gorilla.com/card/detail/1586,554,할인,쇼핑,10.0,,오프라인 쇼핑 10% 할인
https://www.card-gorilla.com/card/detail/1586,554,할인,온라인쇼핑,10.0,,온라인 쇼핑 10% 할인
https://www.card-gorilla.com/card/detail/1586,554,할인,카페,10.0,,"스타벅스, 커피빈, 카페베네,엔제리너스, 투썸플레이스 10% 할인"
https://www.card-gorilla.com/card/detail/1586,554,할인,생활,10.0,,"다이소, 올리브영, 온라인 서점 10% 할인"
https://www.card-gorilla.com/card/detail/1586,554,할인,주유소,,60,주유소 리터당 60원 할인
https://www.card-gorilla.com/card/detail/1586,554,캐시백,해외,5.0,,해외이용금액 5% 캐시백
https://www.card-gorilla.com/card/detail/1586,554,할인,푸드,10.0,,"마켓컬리, 하이프레시, 집반찬연구소 10% 할인서비스"
https://www.card-gorilla.com/card/detail/1592,555,할인,대중교통,,200,"버스, 지하철 후불 교통 이용 금액 일 200원 ~ 일 600원 할인"
https://www.card-gorilla.com/card/detail/1592,555,할인,택시,10.0,,택시/KTX 이용 금액 10% 할인
https://www.card-gorilla.com/card/detail/1592,555,할인,백화점,5.0,,4대 백화점 5% 할인
https://www.card-gorilla.com/card/detail/1592,555,할인,카페,10.0,,커피전문점 10% 할인
https://www.card-gorilla.com/card/detail/1592,555,할인,편의점,5.0,,편의점 5% 할인
https://www.card-gorilla.com/card/detail/1592,555,할인,통신,5.0,,이동통신요금 5% 할인
https://www.card-gorilla.com/card/detail/1592,555,기타,영화,,,"CGV, 메가박스"
https://www.card-gorilla.com/card/detail/1592,555,캐시백,캐시백,5.0,,"전기요금, 통신요금, 해외이용금액 5% 캐시백 제공"
https://www.card-gorilla.com/card/detail/1593,556,적립,주유,,,모든 주유소 리터당 40~150포인트/충전소 리터당 10~50포인트 적립
https://www.card-gorilla.com/card/detail/1593,556,적립,쇼핑,5.0,,1~5% 특별적립
https://www.card-gorilla.com/card/detail/1593,556,적립,마트/편의점,5.0,,1~5% 특별적립
https://www.card-gorilla.com/card/detail/1593,556,적립,택시,5.0,,1~5% 특별적립
https://www.card-gorilla.com/card/detail/1593,556,적립,정비,5.0,,1~5% 특별적립
https://www.card-gorilla.com/card/detail/1593,556,적립,모든가맹점,2.0,,국내/외 모든 가맹점 0.2~2.0% 적립
https://www.card-gorilla.com/card/detail/1593,556,기타,프리미엄,,,Platinum # 서비스
https://www.card-gorilla.com/card/detail/1595,557,무이자할부,쇼핑,5.0,,"전국 유명 백화점, 할인점, 온라인 쇼핑몰 5% 할인
전국 유명 백화점 및 할인점 상시 2~3개월 무이자 할부"
https://www.card-gorilla.com/card/detail/1595,557,할인,주유소,,60,GS칼텍스 60원/L 할인
https://www.card-gorilla.com/card/detail/1595,557,할인,푸드,30.0,,"불고기브라더스, 제일제면소 30% 할인
아웃백, 카페마마스, 스타벅스 20% 할인"
https://www.card-gorilla.com/card/detail/1595,557,할인,영화,,,"CGV, YES24 영화 7천원 할인"
https://www.card-gorilla.com/card/detail/1595,557,적립,생활,10.0,,LG계열 제휴사 최대 5~10% 할인 및 포인트 적립
https://www.card-gorilla.com/card/detail/1595,557,적립,적립,,,Love포인트 적립
https://www.card-gorilla.com/card/detail/1595,557,할인,테마파크,,,유명 테마파크 자유이용권 할인
https://www.card-gorilla.com/card/detail/1595,557,할인,경기관람,,,스포츠 할인
https://www.card-gorilla.com/card/detail/1595,557,기타,프리미엄,,,Platinum# 서비스 및 국제브랜드사 서비스
https://www.card-gorilla.com/card/detail/1597,558,마일리지,대한항공,0.1,,"국내외 이용금액 1,000원당 1마일 적립"
https://www.card-gorilla.com/card/detail/1597,558,마일리지,해외이용,0.2,,"해외 이용금액 1,000원당 총 2마일 적립"
https://www.card-gorilla.com/card/detail/1597,558,마일리지,면세점,0.2,,"신라면세점 더 심플(앱) 1,000원당 총 2마일 적립"
https://www.card-gorilla.com/card/detail/1597,558,무료서비스,프리미엄 서비스,,,AMEX PLATINUM 서비스 제공
https://www.card-gorilla.com/card/detail/1599,559,기타,바우처,,,Gift Option
https://www.card-gorilla.com/card/detail/1599,559,마일리지,대한항공,0.0667,,"전 가맹점 일시불/할부 이용금액 1,500원당 1마일 적립"
https://www.card-gorilla.com/card/detail/1599,559,마일리지,아시아나항공,0.1,,"전 가맹점 일시불/할부 이용금액 1,000원당 1마일"
https://www.card-gorilla.com/card/detail/1599,559,할인,주유소,,40,GS칼텍스 주유 시 리터당 40원 결제일 할인
https://www.card-gorilla.com/card/detail/1599,559,기타,PP,,,Priority Pass 카드 제공
https://www.card-gorilla.com/card/detail/1599,559,할인,면세점,8.0,,제주 JDC 면세점 8% 결제일 할인
https://www.card-gorilla.com/card/detail/1599,559,할인,카페,,3000,"스타벅스 3,000원 할인"
https://www.card-gorilla.com/card/detail/1599,559,무료서비스,프리미엄,,,인천공항 무료 발렛 파킹
https://www.card-gorilla.com/card/detail/1608,560,할인,통신,,,SK 7mobile 통신료 청구할인
https://www.card-gorilla.com/card/detail/1610,561,할인,통신,,2500,"이동통신요금 2,500원 환급할인"
https://www.card-gorilla.com/card/detail/1610,561,할인,영화,35.0,,CGV 35% 환급할인
https://www.card-gorilla.com/card/detail/1610,561,할인,패밀리레스토랑,20.0,,"아웃백, VIPS 20% 환급할인"
https://www.card-gorilla.com/card/detail/1610,561,할인,카페,20.0,,스타벅스 20% 환급할인
https://www.card-gorilla.com/card/detail/1610,561,할인,테마파크,50.0,,에버랜드·롯데월드 50% 환급할인
https://www.card-gorilla.com/card/detail/1610,561,기타,금융,,,금융수수료 면제 서비스
https://www.card-gorilla.com/card/detail/1610,561,할인,편의점,5.0,,GS25 5% 환급할인
https://www.card-gorilla.com/card/detail/1610,561,할인,도서,5.0,,교보문고 5% 환급할인
https://www.card-gorilla.com/card/detail/1610,561,기타,기타,,,"KB국민 티머니 체크카드
(체크카드 혜택 + 티머니서비스 + 멤버십서비스)"
https://www.card-gorilla.com/card/detail/1611,562,캐시백,게임,,,"PlayStation®Plus 정기구독서비스 결제 시 캐시백
게임 콘텐츠 결제 시 최대 1만5천원 청구 할인"
https://www.card-gorilla.com/card/detail/1611,562,적립,적립,0.2,,"모든 가맹점에서 0.2% M포인트 적립
온라인쇼핑 시 추가 M포인트 적립"
https://www.card-gorilla.com/card/detail/1615,563,할인,통신,,2500,"이동통신요금 2,500원 환급할인"
https://www.card-gorilla.com/card/detail/1615,563,할인,영화,35.0,,CGV 35% 환급할인
https://www.card-gorilla.com/card/detail/1615,563,할인,패밀리레스토랑,20.0,,"아웃백, VIPS 20% 환급할인"
https://www.card-gorilla.com/card/detail/1615,563,할인,카페,20.0,,스타벅스 20% 환급할인
https://www.card-gorilla.com/card/detail/1615,563,할인,테마파크,50.0,,에버랜드·롯데월드 50% 환급할인
https://www.card-gorilla.com/card/detail/1615,563,기타,금융,,,금융수수료 면제 서비스
https://www.card-gorilla.com/card/detail/1615,563,할인,편의점,5.0,,GS25 5% 환급할인
https://www.card-gorilla.com/card/detail/1615,563,할인,도서,5.0,,교보문고 5% 환급할인
https://www.card-gorilla.com/card/detail/1615,563,기타,기타,,,"KB국민 티머니 체크카드
(체크카드 혜택 + 티머니서비스 + 멤버십서비스)"
https://www.card-gorilla.com/card/detail/1616,564,할인,통신,,2500,"이동통신요금 2,500원 환급할인"
https://www.card-gorilla.com/card/detail/1616,564,할인,영화,35.0,,CGV 35% 환급할인
https://www.card-gorilla.com/card/detail/1616,564,할인,패밀리레스토랑,20.0,,"아웃백, VIPS 20% 환급할인"
https://www.card-gorilla.com/card/detail/1616,564,할인,카페,20.0,,스타벅스 20% 환급할인
https://www.card-gorilla.com/card/detail/1616,564,할인,테마파크,50.0,,에버랜드·롯데월드 50% 환급할인
https://www.card-gorilla.com/card/detail/1616,564,기타,금융,,,금융수수료 면제 서비스
https://www.card-gorilla.com/card/detail/1616,564,할인,편의점,5.0,,GS25 5% 환급할인
https://www.card-gorilla.com/card/detail/1616,564,할인,도서,5.0,,교보문고 5% 환급할인
https://www.card-gorilla.com/card/detail/1616,564,기타,기타,,,"KB국민 티머니 체크카드
(체크카드 혜택 + 티머니서비스 + 멤버십서비스)"
https://www.card-gorilla.com/card/detail/1617,565,할인,통신,,2500,"이동통신요금 2,500원 환급할인"
https://www.card-gorilla.com/card/detail/1617,565,할인,영화,35.0,,CGV 35% 환급할인
https://www.card-gorilla.com/card/detail/1617,565,할인,패밀리레스토랑,20.0,,"아웃백, VIPS 20% 환급할인"
https://www.card-gorilla.com/card/detail/1617,565,할인,카페,20.0,,스타벅스 20% 환급할인
https://www.card-gorilla.com/card/detail/1617,565,할인,테마파크,50.0,,에버랜드·롯데월드 50% 환급할인
https://www.card-gorilla.com/card/detail/1617,565,기타,금융,,,금융수수료 면제 서비스
https://www.card-gorilla.com/card/detail/1617,565,할인,편의점,5.0,,GS25 5% 환급할인
https://www.card-gorilla.com/card/detail/1617,565,할인,도서,5.0,,교보문고 5% 환급할인
https://www.card-gorilla.com/card/detail/1617,565,기타,기타,,,"KB국민 티머니 체크카드
(체크카드 혜택 + 티머니서비스 + 멤버십서비스)"
https://www.card-gorilla.com/card/detail/1618,566,할인,통신,,2500,"이동통신요금 2,500원 환급할인"
https://www.card-gorilla.com/card/detail/1618,566,할인,영화,35.0,,CGV 35% 환급할인
https://www.card-gorilla.com/card/detail/1618,566,할인,패밀리레스토랑,20.0,,"아웃백, VIPS 20% 환급할인"
https://www.card-gorilla.com/card/detail/1618,566,할인,카페,20.0,,스타벅스 20% 환급할인
https://www.card-gorilla.com/card/detail/1618,566,할인,테마파크,50.0,,에버랜드·롯데월드 50% 환급할인
https://www.card-gorilla.com/card/detail/1618,566,기타,금융,,,금융수수료 면제 서비스
https://www.card-gorilla.com/card/detail/1618,566,할인,편의점,5.0,,GS25 5% 환급할인
https://www.card-gorilla.com/card/detail/1618,566,할인,도서,5.0,,교보문고 5% 환급할인
https://www.card-gorilla.com/card/detail/1618,566,기타,기타,,,"KB국민 티머니 체크카드
(체크카드 혜택 + 티머니서비스 + 멤버십서비스)"
https://www.card-gorilla.com/card/detail/1619,567,할인,통신,,2500,"이동통신요금 2,500원 환급할인"
https://www.card-gorilla.com/card/detail/1619,567,할인,영화,35.0,,CGV 35% 환급할인
https://www.card-gorilla.com/card/detail/1619,567,할인,패밀리레스토랑,20.0,,"아웃백, VIPS 20% 환급할인"
https://www.card-gorilla.com/card/detail/1619,567,할인,카페,20.0,,스타벅스 20% 환급할인
https://www.card-gorilla.com/card/detail/1619,567,할인,테마파크,50.0,,에버랜드·롯데월드 50% 환급할인
https://www.card-gorilla.com/card/detail/1619,567,기타,금융,,,금융수수료 면제 서비스
https://www.card-gorilla.com/card/detail/1619,567,할인,편의점,5.0,,GS25 5% 환급할인
https://www.card-gorilla.com/card/detail/1619,567,할인,도서,5.0,,교보문고 5% 환급할인
https://www.card-gorilla.com/card/detail/1619,567,기타,기타,,,"KB국민 티머니 체크카드
(체크카드 혜택 + 티머니서비스 + 멤버십서비스)"
https://www.card-gorilla.com/card/detail/1623,568,적립,모든가맹점,0.5,,빅포인트 0.5% 기본적립
https://www.card-gorilla.com/card/detail/1623,568,적립,주유,,,S-OIL 리터당 40 보너스포인트 적립
https://www.card-gorilla.com/card/detail/1623,568,할인,경기관람,,,프로스포츠 경기 할인
https://www.card-gorilla.com/card/detail/1630,569,할인,주유,,,SK주유소(LPG포함) 주유 할인
https://www.card-gorilla.com/card/detail/1630,569,할인,교통,5.0,,"대중교통 건당 50~100원 청구할인
택시 5% 청구할인 / KTX 10% 할인"
https://www.card-gorilla.com/card/detail/1630,569,할인,여행/숙박,5.0,,"국내선 5%, 국제선 7% 발권 수수료 할인 (횟수제한 없음)
롯데렌터카 35% 현장할인"
https://www.card-gorilla.com/card/detail/1630,569,할인,통신,3.0,,"KT, SKT, LGU+ 매월 청구금액의 3% 청구할인"
https://www.card-gorilla.com/card/detail/1630,569,할인,할인,10.0,,"다양한 통합할인 혜택
- 커피, 베이커리 10% 청구할인 / 마트, 편의점 5% 청구할인"
https://www.card-gorilla.com/card/detail/1630,569,할인,테마파크,50.0,,놀이공원 자유이용권 50% 현장할인
https://www.card-gorilla.com/card/detail/1630,569,할인,영화,,,영화관 할인
https://www.card-gorilla.com/card/detail/1630,569,무료서비스,여행/숙박,,,"여행서비스 할인
골프 라운지 혜택"
https://www.card-gorilla.com/card/detail/1630,569,기타,기타,,,한화그룹 계열사 서비스
https://www.card-gorilla.com/card/detail/1648,570,할인,보험사,,,보험료 결제금액에 따라 2~3만원 청구할인
https://www.card-gorilla.com/card/detail/1648,570,할인,주유,5.0,,"Sk에너지, 농협주유소 5% 청구할인(충전소 제외)"
https://www.card-gorilla.com/card/detail/1648,570,할인,푸드,3.0,,"국내음식점, 커피전문점, 제과점, 아이스크림점, 패밀리레스토랑 및 패스트푸드점 3% 청구할인"
https://www.card-gorilla.com/card/detail/1673,571,적립,주유,,,S-OIL 주유소에소 주유 시 리터당 80 빅포인트 적립
https://www.card-gorilla.com/card/detail/1673,571,적립,적립,1.0,,업종별 1%~3% 빅포인트 적립
https://www.card-gorilla.com/card/detail/1673,571,할인,베이커리,10.0,,파리바게뜨·배스킨라빈스·던킨도너츠 10% 결제일할인(청구할인)
https://www.card-gorilla.com/card/detail/1673,571,할인,영화,,3000,"CGV 현장 결제 시 3,000원 현장할인 및 온라인 예매 시 3,000원 즉시할인"
https://www.card-gorilla.com/card/detail/1695,572,할인,주유,,,SK주유소(LPG포함) 주유 할인
https://www.card-gorilla.com/card/detail/1695,572,할인,교통,5.0,,"대중교통 건당 50~100원 청구할인
택시 5% 청구할인 / KTX 10% 할인"
https://www.card-gorilla.com/card/detail/1695,572,할인,여행/숙박,5.0,,"국내선 5%, 국제선 7% 발권 수수료 할인 (횟수제한 없음)
롯데렌터카 35% 현장할인"
https://www.card-gorilla.com/card/detail/1695,572,할인,통신,3.0,,"KT, SKT, LGU+ 매월 청구금액의 3% 청구할인"
https://www.card-gorilla.com/card/detail/1695,572,할인,할인,10.0,,"다양한 통합할인 혜택
- 커피, 베이커리 10% 청구할인 / 마트, 편의점 5% 청구할인"
https://www.card-gorilla.com/card/detail/1695,572,할인,테마파크,50.0,,놀이공원 자유이용권 50% 현장할인
https://www.card-gorilla.com/card/detail/1695,572,할인,영화,,,영화관 할인
https://www.card-gorilla.com/card/detail/1695,572,할인,여행/숙박,,,"여행서비스 할인
뮤지컬, 연극 등 공윤 할인 및 이벤트 제공"
https://www.card-gorilla.com/card/detail/1695,572,기타,기타,,,한화그룹 계열사 서비스
https://www.card-gorilla.com/card/detail/1699,573,할인,주유,,40,SK주유소(LPG포함) 40원/L 청구할인
https://www.card-gorilla.com/card/detail/1699,573,할인,대중교통,,50,"전국 버스, 지하철 건당 50원 청구할인"
https://www.card-gorilla.com/card/detail/1699,573,할인,통신,3.0,,휴대폰 요금 3% 청구할인
https://www.card-gorilla.com/card/detail/1699,573,할인,렌터카,35.0,,롯데렌터카 35% 현장할인
https://www.card-gorilla.com/card/detail/1699,573,할인,카페/디저트,5.0,,커피/베이커리 5% 청구할인
https://www.card-gorilla.com/card/detail/1699,573,기타,기타,,,한화그룹 계열사 서비스
https://www.card-gorilla.com/card/detail/1702,574,기타,해외,,,"해외이용금액 외화결제계좌 달러 인출
해외가맹점(해외직구 포함) 이용 시 이용수수료 면제"
https://www.card-gorilla.com/card/detail/1702,574,적립,모든가맹점,0.3,,국내 전가맹점 0.3% 모아포인트 적립
https://www.card-gorilla.com/card/detail/1710,575,적립,적립,5.0,,"특별가맹점 5%~1% 모아포인트 적립
이외 국내가맹점 0.6% 모아포인트 적립"
https://www.card-gorilla.com/card/detail/1710,575,적립,간편결제,3.0,,주요 간편결제 모아포인트 3% 추가적립
https://www.card-gorilla.com/card/detail/1710,575,기타,기타,,,광복회 후원
https://www.card-gorilla.com/card/detail/1714,576,적립,편의점,0.7,,"세븐일레븐에서 결제 시 1,000원당 7포인트 적립"
https://www.card-gorilla.com/card/detail/1714,576,무료서비스,연회비지원,,,연회비 면제 및 SMS 무료 서비스
https://www.card-gorilla.com/card/detail/1714,576,할인,헤어,20.0,,미용실 최대 20% 할인
https://www.card-gorilla.com/card/detail/1714,576,할인,테마파크,50.0,,테마파크 최대 50% 할인
https://www.card-gorilla.com/card/detail/1714,576,할인,레저/스포츠,20.0,,롯데 자이언츠 20% 할인
https://www.card-gorilla.com/card/detail/1714,576,할인,쇼핑,10.0,,롯데멤버스 제휴사 최대 10% 할인
https://www.card-gorilla.com/card/detail/1714,576,할인,여행/숙박,7.0,,롯데카드 여행서비스 최대 7% 할인
https://www.card-gorilla.com/card/detail/1714,576,할인,푸드,10.0,,외식 10% 할인
https://www.card-gorilla.com/card/detail/1714,576,적립,주유,,50,SK주유소 리터당 SK주유포인트 50원적립
https://www.card-gorilla.com/card/detail/1714,576,적립,멤버십포인트,0.2,,국내 및 해외 가맹점에서 사용한 금액에 대해 L.POINT 0.2% 적립
https://www.card-gorilla.com/card/detail/1731,577,바우처,바우처,,,100만원 상당 선택 제공 기프트 ①~⑤ 택 1 (연 1회)
https://www.card-gorilla.com/card/detail/1731,577,기타,프리미엄 서비스,,,CONCIERGE Service
https://www.card-gorilla.com/card/detail/1731,577,기타,항공마일리지,,,Airport Service
https://www.card-gorilla.com/card/detail/1731,577,기타,공항라운지/PP,,,Airport Service
https://www.card-gorilla.com/card/detail/1731,577,기타,골프,,,Golf Service
https://www.card-gorilla.com/card/detail/1731,577,기타,여행/숙박,,,Premium Service - Travel
https://www.card-gorilla.com/card/detail/1731,577,기타,쇼핑,,,Premium Service - Shopping
https://www.card-gorilla.com/card/detail/1731,577,기타,주유,,,Premium Service - Life style
https://www.card-gorilla.com/card/detail/1741,578,바우처,바우처,,,"프리미엄 기프트(연 1회, 택1)"
https://www.card-gorilla.com/card/detail/1741,578,바우처,여행/숙박,,,프리미엄 여행기프트
https://www.card-gorilla.com/card/detail/1741,578,무료서비스,공항라운지,,,공항라운지 이용 서비스(THE LOUNGE)
https://www.card-gorilla.com/card/detail/1741,578,적립,적립,1.0,,모아포인트 1% ~ 2% 적립
https://www.card-gorilla.com/card/detail/1741,578,기타,프리미엄 서비스,,,프리미엄 서비스 (주유/해외/여행보험)
https://www.card-gorilla.com/card/detail/1741,578,기타,the OPUS silver,,,우리카드
https://www.card-gorilla.com/card/detail/1754,579,적립,주유소,,,GS칼텍스주유포인트 리터당 60점 적립
https://www.card-gorilla.com/card/detail/1754,579,기타,헤어,,,건강/미용
https://www.card-gorilla.com/card/detail/1754,579,기타,테마파크,,,놀이공원
https://www.card-gorilla.com/card/detail/1754,579,기타,쇼핑,,,쇼핑
https://www.card-gorilla.com/card/detail/1754,579,할인,영화,,1500,"롯데시네마 관람료 1,500원 청구할인"
https://www.card-gorilla.com/card/detail/1754,579,기타,푸드,,,외식
https://www.card-gorilla.com/card/detail/1758,580,적립,적립,0.7,,"국내외 이용가맹점 0.7% 적립
온/오프라인 쇼핑 0.5% 추가적립"
https://www.card-gorilla.com/card/detail/1758,580,적립,금융,,,"대출 보유 시 매월 최대 6,000 NH포인트 적립"
https://www.card-gorilla.com/card/detail/1759,581,마일리지,아시아나항공,0.1,,"국내외 가맹점 이용금액 1,000원당 아시아나 1 마일리지 기본 적립"
https://www.card-gorilla.com/card/detail/1759,581,마일리지,아시아나항공,0.2,,"온라인쇼핑몰·홈쇼핑 이용금액 1,000원당 아시아나 2 마일리지 적립"
https://www.card-gorilla.com/card/detail/1759,581,마일리지,아시아나항공,0.3,,"커피전문점 이용금액 1,000원당 아시아나 3 마일리지 적립"
https://www.card-gorilla.com/card/detail/1759,581,적립,주유,,,S-OIL 주유소에서 주유 시 리터당 40 보너스포인트 적립
https://www.card-gorilla.com/card/detail/1759,581,할인,테마파크,50.0,,놀이공원 자유이용권 50%·워터파크 입장권 30% 현장할인
https://www.card-gorilla.com/card/detail/1759,581,무료서비스,정비,,,차량 점검 서비스 제공
https://www.card-gorilla.com/card/detail/1759,581,기타,은행사,,,SC제일은행 제휴 프로모션
https://www.card-gorilla.com/card/detail/1763,582,적립,적립,0.7,,"국내외 이용금액 0.7% 적립
온/오프라인쇼핑 0.5% 추가적립"
https://www.card-gorilla.com/card/detail/1763,582,적립,금융,,,"대출 보유 시 매월 최대 6,000 NH포인트 적립"
https://www.card-gorilla.com/card/detail/1763,582,무료서비스,프리미엄 서비스,,,브랜드 서비스 제공
https://www.card-gorilla.com/card/detail/1768,583,바우처,바우처,,,"프리미엄 기프트(연 1회, 택1)"
https://www.card-gorilla.com/card/detail/1768,583,바우처,여행/숙박,,,프리미엄 여행기프트
https://www.card-gorilla.com/card/detail/1768,583,무료서비스,공항라운지/PP,,,공항라운지 - Priority Pass 카드 제공
https://www.card-gorilla.com/card/detail/1768,583,마일리지,항공마일리지,0.1,,"이용금액 1,000원당 1~2 대한항공 마일리지 적립"
https://www.card-gorilla.com/card/detail/1768,583,기타,프리미엄 서비스,,,프리미엄 서비스 (주유/해외/여행보험)
https://www.card-gorilla.com/card/detail/1787,584,할인,하이패스,50.0,,"카드의정석 후불 하이패스
평일 출퇴근 시간대 통행료 20~50% 할인"
https://www.card-gorilla.com/card/detail/1807,585,캐시백,게임,5.0,,"구글 플레이스토어, 애플 앱스토어, 원스토어 5% 캐시백"
https://www.card-gorilla.com/card/detail/1807,585,캐시백,카페,20.0,,스타벅스 20% 캐시백
https://www.card-gorilla.com/card/detail/1809,586,적립,항공마일리지,1.5,,UniMile 0.2~ 1.5% 적립
https://www.card-gorilla.com/card/detail/1809,586,무료서비스,공항라운지,,,국내외 공항라운지 무료 이용 서비스
https://www.card-gorilla.com/card/detail/1809,586,할인,공연/전시,,,해외 유명 박물관ㆍ미술관 입장권 할인
https://www.card-gorilla.com/card/detail/1809,586,기타,프리미엄 서비스,,,UnionPay Platinum 서비스
https://www.card-gorilla.com/card/detail/1816,587,적립,적립,3.0,,"모아포인트 1.0 ~ 3.0% 적립
포인트 현금 자동입금 / 보너스 캐쉬백"
https://www.card-gorilla.com/card/detail/1816,587,무료서비스,공항라운지,,,인천공항라운지 무료이용 서비스
https://www.card-gorilla.com/card/detail/1816,587,할인,영화,,12000,"전국 영화관 12,000원 이상 결제 시 3,000원 청구할인"
https://www.card-gorilla.com/card/detail/1816,587,할인,카페,10.0,,커피전문점 10% 청구할인
https://www.card-gorilla.com/card/detail/1816,587,기타,여행/숙박,,,프리미엄 투어 서비스
https://www.card-gorilla.com/card/detail/1816,587,기타,하이브리드,,,Two-in-One 결제서비스
https://www.card-gorilla.com/card/detail/1818,588,할인,보험사,,,삼성화재 보험료 장기할부 및 청구할인 서비스
https://www.card-gorilla.com/card/detail/1818,588,할인,영화,,3000,"전국 영화관 3,000원 청구할인"
https://www.card-gorilla.com/card/detail/1818,588,할인,카페,,1000,"스타벅스, 투썸플레이스 1,000원 청구할인"
https://www.card-gorilla.com/card/detail/1829,589,할인,렌탈,,,바드프랜드 렌탈요금 할인서비스
https://www.card-gorilla.com/card/detail/1829,589,할인,영화,,12000,"영화 12,000원 이상 결제 시 6,000원 청구할인"
https://www.card-gorilla.com/card/detail/1829,589,할인,카페,5.0,,"스타벅스, 커피빈, 카페베네, 투썸플레이스에서 결제 시 5% 청구할인"
https://www.card-gorilla.com/card/detail/1829,589,할인,테마파크,50.0,,전국 놀이공원 자유이용권 50% 현장할인
https://www.card-gorilla.com/card/detail/1839,590,할인,보험사,,,AIA생명 보험료 결제 시 월 3천원~5천원 할인
https://www.card-gorilla.com/card/detail/1839,590,무료서비스,연회비지원,,,연회비 면제 및 SMS 무료
https://www.card-gorilla.com/card/detail/1839,590,할인,헤어,20.0,,미용실 최대 20% 할인
https://www.card-gorilla.com/card/detail/1839,590,할인,테마파크,50.0,,놀이공원 최대 50% 할인
https://www.card-gorilla.com/card/detail/1839,590,할인,경기관람,20.0,,롯데 자이언츠 20% 할인
https://www.card-gorilla.com/card/detail/1839,590,기타,쇼핑,,,"롯데백화점, 롯데ON, 롯데마트, 롯데슈퍼, 토이저러스 혜택"
https://www.card-gorilla.com/card/detail/1839,590,기타,항공권,,,여행서비스
https://www.card-gorilla.com/card/detail/1839,590,할인,영화,,,롯데시네마 할인
https://www.card-gorilla.com/card/detail/1839,590,할인,푸드,,,"보네스뻬, 보네스뻬브레드, T.G.I.F, 롯데리아, 엔제리너스커피, 나뚜루 할인"
https://www.card-gorilla.com/card/detail/1839,590,적립,멤버십포인트,,,L.POINT 적립
https://www.card-gorilla.com/card/detail/1854,591,적립,적립,1.0,,모아포인트 1.0% ~ 1.8% 적립
https://www.card-gorilla.com/card/detail/1854,591,적립,주유,,,SK주유소 머핀포인트 적립 서비스
https://www.card-gorilla.com/card/detail/1854,591,적립,멤버십포인트,,,"멀티 멤버십 서비스 - ""모아포인트와 4대 멤버십을 1장의 카드로!"""
https://www.card-gorilla.com/card/detail/1854,591,기타,OTT/영화/문화,,,NHN Entertainment 서비스
https://www.card-gorilla.com/card/detail/1854,591,할인,생활,,,"치킨/피자, 영화관, 커피, 놀이공원, 전기차 충전 할인"
https://www.card-gorilla.com/card/detail/1856,592,할인,쇼핑,,,하이마트 슬림할부 및 청구할인
https://www.card-gorilla.com/card/detail/1856,592,할인,생활,,,"영화관, 패밀리레스토랑, 커피전문점 할인"
https://www.card-gorilla.com/card/detail/1859,593,기타,OK캐쉬백,,,OK캐쉬백 멤버십 서비스
https://www.card-gorilla.com/card/detail/1859,593,적립,생활,7.0,,"각영역별 주요 9대 업종 7% 청구할인
자동이체시 매월 포인트 적립"
https://www.card-gorilla.com/card/detail/1859,593,기타,OTT/영화/문화,,,NHN Entertainment 서비스
https://www.card-gorilla.com/card/detail/1859,593,할인,생활,,,"치킨/피자, 영화관, 커피, 놀이공원, 전기차충전 할인"
https://www.card-gorilla.com/card/detail/1860,594,기타,기타,,,RAUME O 카드 소개
https://www.card-gorilla.com/card/detail/1860,594,기타,기타,,,RAUME 회원만을 위한 퍼스널 라이프 케어
https://www.card-gorilla.com/card/detail/1860,594,바우처,바우처,,,"골프, 호텔, 쇼핑 등 프리미엄 기프트 바우처 제공"
https://www.card-gorilla.com/card/detail/1860,594,기타,골프,,,항공 및 골프클럽 우대 서비스 등
https://www.card-gorilla.com/card/detail/1860,594,할인,프리미엄,,,제휴 대상점 할인 및 우대 서비스
https://www.card-gorilla.com/card/detail/1860,594,적립,멤버십포인트,,,RAUME O 포인트 적립 서비스
https://www.card-gorilla.com/card/detail/1860,594,기타,프리미엄,,,RAUME 회원을 위한 특별한 혜택
https://www.card-gorilla.com/card/detail/1860,594,기타,여행/숙박,,,MASTER 서비스
https://www.card-gorilla.com/card/detail/1860,594,기타,the black,,,현대카드
https://www.card-gorilla.com/card/detail/1861,595,할인,드럭스토어,15.0,,롭스매장 이용시 최대 15% + 커피/베이커리/대중교통 업종 최대 10% 청구할인
https://www.card-gorilla.com/card/detail/1861,595,할인,헤어,20.0,,미용실 최대 20% 할인
https://www.card-gorilla.com/card/detail/1861,595,기타,테마파크,,,놀이공원
https://www.card-gorilla.com/card/detail/1861,595,할인,경기관람,20.0,,롯데 자이언츠 20% 할인
https://www.card-gorilla.com/card/detail/1861,595,기타,쇼핑,,,쇼핑
https://www.card-gorilla.com/card/detail/1861,595,할인,공연/전시,30.0,,"뮤지컬, 연극 등 공연 10~30% 할인"
https://www.card-gorilla.com/card/detail/1861,595,기타,푸드,,,외식
https://www.card-gorilla.com/card/detail/1861,595,적립,멤버십포인트,,,L.POINT 적립
https://www.card-gorilla.com/card/detail/1865,596,기타,기타,,,RAUME O 카드 소개
https://www.card-gorilla.com/card/detail/1865,596,마일리지,대한항공,,,RAUME O 스카이패스 마일리지 적립 서비스
https://www.card-gorilla.com/card/detail/1865,596,바우처,바우처,,,"골프, 호텔, 쇼핑 등 프리미엄 기프트 바우처 제공"
https://www.card-gorilla.com/card/detail/1865,596,기타,골프,,,항공 및 골프클럽 우대 서비스 등
https://www.card-gorilla.com/card/detail/1865,596,할인,프리미엄,,,제휴 대상점 할인 및 우대 서비스
https://www.card-gorilla.com/card/detail/1865,596,기타,프리미엄,,,RAUME 회원을 위한 특별한 혜택
https://www.card-gorilla.com/card/detail/1865,596,기타,여행/숙박,,,MASTER 서비스
https://www.card-gorilla.com/card/detail/1866,597,기타,기타,,,RAUME O 카드 소개
https://www.card-gorilla.com/card/detail/1866,597,마일리지,아시아나항공,,,RAUME O 아시아나 마일리지 적립 서비스
https://www.card-gorilla.com/card/detail/1866,597,기타,기타,,,RAUME 회원만을 위한 퍼스널 라이프 케어
https://www.card-gorilla.com/card/detail/1866,597,바우처,바우처,,,"골프, 호텔, 쇼핑 등 프리미엄 기프트 바우처 제공"
https://www.card-gorilla.com/card/detail/1866,597,기타,골프,,,항공 및 골프클럽 우대 서비스 등
https://www.card-gorilla.com/card/detail/1866,597,할인,프리미엄,,,제휴 대상점 할인 및 우대 서비스
https://www.card-gorilla.com/card/detail/1866,597,기타,프리미엄,,,RAUME 회원을 위한 특별한 혜택
https://www.card-gorilla.com/card/detail/1866,597,기타,여행/숙박,,,MASTER 서비스
https://www.card-gorilla.com/card/detail/1866,597,기타,L.CLASS L60 (아시아나클럽형),,,롯데카드
https://www.card-gorilla.com/card/detail/1868,598,할인,공과금,,,보험료 매월 1 / 1.5 / 2 / 3만원 할인
https://www.card-gorilla.com/card/detail/1868,598,할인,영화,,12000,"전국 영화관 12,000원 이상 결제 시 3,000원 청구할인"
https://www.card-gorilla.com/card/detail/1868,598,할인,테마파크,50.0,,"에버랜드, 롯데월드, 서울랜드, 대구이월드, 경주월드, 통도환타지아 자유이용권 50% 현장할인"
https://www.card-gorilla.com/card/detail/1868,598,할인,패밀리레스토랑,10.0,,"아웃백, TGIF, 베니건스 10% 청구 할인"
https://www.card-gorilla.com/card/detail/1868,598,할인,카페,20.0,,"스타벅스, 투썸플레이스 20% 청구할인"
https://www.card-gorilla.com/card/detail/1868,598,기타,보험엔로카,,,롯데카드
https://www.card-gorilla.com/card/detail/1882,599,기타,쇼핑,,,삼성스토어에서 가전제품 구매 시 24·36개월 라이트할부 제공
https://www.card-gorilla.com/card/detail/1882,599,기타,쇼핑,,11000,"삼성스토어 라이트할부 이용 시 11,000원·미이용 시 4,000원 결제대금 차감"
https://www.card-gorilla.com/card/detail/1882,599,할인,교통,5.0,,대중교통·택시 5% 결제일할인(청구할인)
https://www.card-gorilla.com/card/detail/1882,599,할인,카페,5.0,,10대 커피전문점 5% 결제일할인(청구할인)
https://www.card-gorilla.com/card/detail/1882,599,할인,쇼핑,3.0,,삼성닷컴 3% 결제일할인(청구할인)
https://www.card-gorilla.com/card/detail/1882,599,할인,쇼핑,10.0,,삼성전자 서비스센터 10% 결제일할인(청구할인)
https://www.card-gorilla.com/card/detail/1883,600,적립,간편결제,5.0,,PAYCO로 결제 시 5% PAYCO 포인트 적립
https://www.card-gorilla.com/card/detail/1883,600,적립,음원사이트,50.0,,벅스 50% PAYCO 포인트 적립
https://www.card-gorilla.com/card/detail/1883,600,적립,카페/디저트,5.0,,커피전문점·헬스&뷰티 5% PAYCO 포인트 적립
https://www.card-gorilla.com/card/detail/1883,600,적립,편의점,5.0,,편의점·배달앱 5% PAYCO 포인트 적립
https://www.card-gorilla.com/card/detail/1884,601,할인,보험사,3.3333,,"보험료 결제 시 30만원당 연 10,000원 결제일할인(청구할인)"
https://www.card-gorilla.com/card/detail/1884,601,할인,보험사,,10000,"보험료 10,000원 이상 결제 시 월 3,000원·5,000원 결제일할인(청구할인)"
https://www.card-gorilla.com/card/detail/1884,601,할인,주유,,30000,"주유소에서 30,000원 이상 결제 시 3,000원 결제일할인(청구할인)"
https://www.card-gorilla.com/card/detail/1884,601,할인,대형마트,,30000,"할인점에서 30,000원 이상 결제 시 2,000원 결제일할인(청구할인)"
https://www.card-gorilla.com/card/detail/1884,601,할인,병원/약국,,3000,"의료비 3,000원 이상 결제 시 1,000원 결제일할인(청구할인)"
https://www.card-gorilla.com/card/detail/1884,601,할인,영화,,12000,"영화 티켓 12,000원 이상 결제 시 5,000원 결제일할인(청구할인)"
https://www.card-gorilla.com/card/detail/1887,602,할인,게임,10.0,,"구글플레이스토어, 애플 앱스토어, 원스토어 10% 할인"
https://www.card-gorilla.com/card/detail/1887,602,할인,편의점,10.0,,"GS25, CU 10% 할인"
https://www.card-gorilla.com/card/detail/1887,602,할인,카페,10.0,,"스타벅스, 커피빈 10% 할인"
https://www.card-gorilla.com/card/detail/1887,602,할인,베이커리,10.0,,"파리바게뜨, 뚜레쥬르 10% 할인"
https://www.card-gorilla.com/card/detail/1887,602,할인,영화,20.0,,"CGV, 롯데시네마 20% 할인"
https://www.card-gorilla.com/card/detail/1889,603,적립,모든가맹점,1.0,,모든 가맹점 1% 빅포인트 적립
https://www.card-gorilla.com/card/detail/1889,603,할인,주유,,2000,"모든 주유소·LPG 2,000원 결제일할인"
https://www.card-gorilla.com/card/detail/1889,603,할인,OTT/영화/문화,,5000,"모든 영화관 5,000원 결제일할인"
https://www.card-gorilla.com/card/detail/1899,604,적립,쇼핑,10.0,,"LG전자 5~10% 청구할인
LG전자 베스트샵 멤버십 포인트 0.5% 적립"
https://www.card-gorilla.com/card/detail/1899,604,적립,무이자할부,3.0,,베스트 플러스 할부 포인트 최고 3% 적립
https://www.card-gorilla.com/card/detail/1899,604,할인,테마파크,50.0,,"롯데월드, 서울랜드 50% 할인"
https://www.card-gorilla.com/card/detail/1899,604,기타,프리미엄 서비스,,,마스터카드 플래티늄 서비스
https://www.card-gorilla.com/card/detail/1906,605,할인,자동차/하이패스,,,출퇴근 시간대 통행료 자동할인
https://www.card-gorilla.com/card/detail/1909,606,바우처,바우처,,,기프트 옵션 서비스(택1)
https://www.card-gorilla.com/card/detail/1909,606,마일리지,대한항공,0.2,,스카이패스 1천원당 최대 2 마일리지 적립
https://www.card-gorilla.com/card/detail/1909,606,할인,택시,,2000,"일반 택시요금 1만원 이상 결제 시 2,000원 결제일할인(청구할인)"
https://www.card-gorilla.com/card/detail/1909,606,할인,카페,,2000,"스타벅스 1만원 이상 결제 시 2,000원 결제일할인(청구할인)"
https://www.card-gorilla.com/card/detail/1909,606,할인,공항,,10000,"인천공항 주차요금 3만원 이상 결제 시 10,000원 결제일할인(청구할인)"
https://www.card-gorilla.com/card/detail/1909,606,기타,프리미엄 서비스,,,아멕스 PLATINUM ELITE 등급 서비스
https://www.card-gorilla.com/card/detail/1926,607,적립,충전소,,,E1충전소(리터당 87포인트) 외 5개 업종 이용 시 E1 오렌지포인트 적립
https://www.card-gorilla.com/card/detail/1926,607,기타,정비,,,E1 오렌지카드 서비스
https://www.card-gorilla.com/card/detail/1926,607,할인,보험,,,자동차보험료 청구할인
https://www.card-gorilla.com/card/detail/1926,607,할인,헤어,20.0,,미용실 최대 20% 할인
https://www.card-gorilla.com/card/detail/1926,607,할인,테마파크,50.0,,놀이공원 최대 50% 할인
https://www.card-gorilla.com/card/detail/1926,607,할인,경기관람,20.0,,롯데 자이언츠 20% 할인
https://www.card-gorilla.com/card/detail/1926,607,기타,쇼핑,,,"롯데백화점, 롯데ON, 롯데면세점, 롯데마트, 롯데슈퍼, 토이저러스 혜택"
https://www.card-gorilla.com/card/detail/1926,607,할인,OTT/영화/문화,,,"롯데시네마, 뮤지컬, 연극 할인"
https://www.card-gorilla.com/card/detail/1926,607,할인,패밀리레스토랑,,,"보네스뻬, 보네스뻬브레드, T.G.I.F, 미스터피자 할인"
https://www.card-gorilla.com/card/detail/1926,607,기타,멤버십포인트,,,L.POINT
https://www.card-gorilla.com/card/detail/1932,608,적립,멤버십포인트,,,E1 LPG 충전소 리터당 47 오렌지포인트 적립
https://www.card-gorilla.com/card/detail/1932,608,기타,정비,,,E1 오렌지카드 서비스
https://www.card-gorilla.com/card/detail/1932,608,무료서비스,연회비지원,,,연회비 면제 및 SMS 무료 서비스
https://www.card-gorilla.com/card/detail/1932,608,할인,헤어,20.0,,미용실 최대 20% 할인
https://www.card-gorilla.com/card/detail/1932,608,할인,테마파크,50.0,,놀이공원 최대 50% 할인
https://www.card-gorilla.com/card/detail/1932,608,할인,경기관람,20.0,,롯데 자이언츠 20% 할인
https://www.card-gorilla.com/card/detail/1932,608,기타,쇼핑,,,"롯데백화점, 롯데ON, 롯데마트, 롯데슈퍼, 토이저러스 혜택"
https://www.card-gorilla.com/card/detail/1932,608,할인,영화,,,롯데시네마 할인
https://www.card-gorilla.com/card/detail/1932,608,할인,푸드,,,"보네스뻬, 보네스뻬브레드, T.G.I.F, 롯데리아, 엔제리너스커피, 나뚜루 할인"
https://www.card-gorilla.com/card/detail/1932,608,기타,멤버십포인트,,,L.POINT
https://www.card-gorilla.com/card/detail/1944,609,적립,멤버십포인트,,,롯데 쇼핑계열 특별가맹점 L.POINT 적립
https://www.card-gorilla.com/card/detail/1944,609,적립,멤버십포인트,,,생활편의업종 L.POINT 적립
https://www.card-gorilla.com/card/detail/1944,609,할인,대형마트,3.0,,농협하나로 클럽·마트 3% 청구할인
https://www.card-gorilla.com/card/detail/1944,609,할인,테마파크,,,주요 놀이공원 할인
https://www.card-gorilla.com/card/detail/1944,609,기타,멤버십포인트,,,L.POINT 안내
https://www.card-gorilla.com/card/detail/1944,609,기타,디지로카 London,,,롯데카드
https://www.card-gorilla.com/card/detail/1977,610,적립,기타,,,"GS 제휴 혜택 GS&POINT 할인 및 적립, 사용"
https://www.card-gorilla.com/card/detail/1977,610,할인,편의점,10.0,,[쇼핑할인혜택] GS25 10% 할인
https://www.card-gorilla.com/card/detail/1977,610,할인,온라인쇼핑,5.0,,[쇼핑할인혜택] 온라인쇼핑 5% 할인
https://www.card-gorilla.com/card/detail/1977,610,할인,대형마트,5.0,,[쇼핑할인혜택] 오프라인쇼핑 5% 할인
https://www.card-gorilla.com/card/detail/1977,610,할인,카페,20.0,,[쇼핑할인혜택] 스타벅스 20% 할인
https://www.card-gorilla.com/card/detail/1977,610,기타,기타,,,추가 금융 혜택
https://www.card-gorilla.com/card/detail/1980,611,할인,렌탈,,,LG전자 베스트렌탈 자동이체 청구할인 최대 2만원
https://www.card-gorilla.com/card/detail/1984,612,할인,보험사,,,동양생명 보험료 자동이체 청구할인
https://www.card-gorilla.com/card/detail/1987,613,할인,대형마트,10.0,,"롯데마트 온/오프라인 매장에서 5만원 이상 결제시, 10%청구할인"
https://www.card-gorilla.com/card/detail/1987,613,무이자할부,무이자할부,,,롯데마트 및 토이저러스 2~3개월 무이자할부
https://www.card-gorilla.com/card/detail/1987,613,할인,헤어,20.0,,미용실 최대 20% 할인
https://www.card-gorilla.com/card/detail/1987,613,기타,테마파크,,,놀이공원
https://www.card-gorilla.com/card/detail/1987,613,기타,경기관람,,,레저/스포츠
https://www.card-gorilla.com/card/detail/1987,613,기타,쇼핑,,,쇼핑
https://www.card-gorilla.com/card/detail/1987,613,기타,OTT/영화/문화,,,영화/공연
https://www.card-gorilla.com/card/detail/1987,613,기타,푸드,,,외식
https://www.card-gorilla.com/card/detail/1990,614,할인,생활,10.0,,엉 서비스 - O2O 앱 이용 시 10% 청구할인
https://www.card-gorilla.com/card/detail/1990,614,할인,마트/편의점,10.0,,"GS 25, GS 수퍼 10% 청구할인
GS POP 서비스"
https://www.card-gorilla.com/card/detail/1990,614,할인,카페,10.0,,스타벅스 10% 청구할인
https://www.card-gorilla.com/card/detail/1990,614,할인,영화,,,온라인 영화예매 2천원 청구할인
https://www.card-gorilla.com/card/detail/1991,615,마일리지,대한항공,,,"토탈마일리지 적립서비스
결제납부금액에 따라 월간 3만 마일리지까지 적립"
https://www.card-gorilla.com/card/detail/1991,615,무료서비스,바우처,,,동반자 1인에 대한 대한항공 이코노미 클래스 또는 비즈니스 클래스 왕복항공권을 무료로 제공
https://www.card-gorilla.com/card/detail/1991,615,기타,바우처,,,이코노미클래스 좌석을 비즈니스 클래스 좌석으로 또는 비즈니스 클래스 좌석을 퍼스트 클래스 좌석으로 승급
https://www.card-gorilla.com/card/detail/1991,615,할인,바우처,,,3인 이상 하나투어 해외여행/해외호텔을 예약하실 경우 1인 여행경비에 대해 100만원까지 현장할인
https://www.card-gorilla.com/card/detail/1991,615,무료서비스,바우처,,,"서비스 ① CGV CINE de CHEF 동반자 1인 무료 서비스
서비스 ② 인터파크 공연 동반자 1인 무료 서비스"
https://www.card-gorilla.com/card/detail/1991,615,기타,프리미엄 서비스,,,BeV Ⅸ 서비스 / BeV Ⅸ VISA Infinite 전용서비스 등
https://www.card-gorilla.com/card/detail/1993,616,적립,멤버십포인트,0.5,,국내외 가맹점 L.POINT 0.5% 적립
https://www.card-gorilla.com/card/detail/1993,616,기타,프리미엄,,,MASTER 서비스
https://www.card-gorilla.com/card/detail/1993,616,기타,프리미엄,,,마스터 월드 서비스
https://www.card-gorilla.com/card/detail/1996,617,할인,렌탈,,,LG Best Shop 라이트할부 및 렌탈료 자동이체 할인서비스
https://www.card-gorilla.com/card/detail/1996,617,할인,생활할인,10.0,,"커피 (스타벅스/이디야), 베이커리/아이스크림10% 청구할인
영화 CGV 1천원 청구할인"
https://www.card-gorilla.com/card/detail/1996,617,할인,테마파크,50.0,,전국 주요 놀이공원 할인 50% 할인
https://www.card-gorilla.com/card/detail/2005,618,할인,쇼핑,,,GS계열사 이용 시 결제일 청구 할인
https://www.card-gorilla.com/card/detail/2005,618,기타,멤버십포인트,,,"L.POINT, GS&POINT"
https://www.card-gorilla.com/card/detail/2007,619,할인,렌탈,,,LG전자 할인 서비스
https://www.card-gorilla.com/card/detail/2007,619,할인,패밀리레스토랑,10.0,,"아웃백, VIPS 10% 청구할인"
https://www.card-gorilla.com/card/detail/2007,619,할인,카페,20.0,,"스타벅스, 커피빈 20% 청구할인"
https://www.card-gorilla.com/card/detail/2007,619,할인,영화,,,전국 영화관 3천원 청구할인
https://www.card-gorilla.com/card/detail/2007,619,할인,테마파크,50.0,,주요 놀이공원 자유이용권 50% 현장할인
https://www.card-gorilla.com/card/detail/2016,620,할인,항공권,10.0,,진에어 항공권 10% 청구할인 (최대3만원)
https://www.card-gorilla.com/card/detail/2016,620,할인,카페,5.0,,커피전문점 5% 청구할인
https://www.card-gorilla.com/card/detail/2016,620,할인,해외이용,,,해외가맹점 할인(JCB브랜드 서비스)
https://www.card-gorilla.com/card/detail/2016,620,할인,테마파크,50.0,,롯데월드 본인 종합이용권 50% 현장할인
https://www.card-gorilla.com/card/detail/2016,620,기타,쇼핑,,,"롯데백화점, 롯데ON, 롯데면세점, 신라아이파크면세점, 롯데마트, 롯데슈퍼, 토이저러스 혜택"
https://www.card-gorilla.com/card/detail/2016,620,할인,영화,,1500,"롯데시네마 관람료 1,500원 청구할인"
https://www.card-gorilla.com/card/detail/2016,620,할인,푸드,,,"T.G.I.F, 롯데리아, 나뚜루, 엔제리너스 할인"
https://www.card-gorilla.com/card/detail/2016,620,기타,멤버십포인트,,,L.POINT
https://www.card-gorilla.com/card/detail/2019,621,할인,렌탈,,,매월 넥센타이어 렌탈료 1~3만원 청구할인
https://www.card-gorilla.com/card/detail/2019,621,할인,테마파크,50.0,,전국 주요 놀이공원 할인 50% 할인
https://www.card-gorilla.com/card/detail/2021,622,할인,렌탈,,,매월 바디프랜드 렌탈료 1~3만원 청구할인
https://www.card-gorilla.com/card/detail/2021,622,할인,테마파크,50.0,,전국 주요 놀이공원 할인 50% 할인
https://www.card-gorilla.com/card/detail/2023,623,할인,렌탈,,,매월 코웨이 렌탈료 1~3만원 청구할인
https://www.card-gorilla.com/card/detail/2023,623,할인,테마파크,50.0,,전국 주요 놀이공원 할인 50% 할인
https://www.card-gorilla.com/card/detail/2026,624,할인,카카오페이,15.0,,카카오페이 가맹점 이용금액 15% 청구할인
https://www.card-gorilla.com/card/detail/2026,624,할인,온라인쇼핑,10.0,,[On-line 쇼핑] 온라인 쇼핑 10% 청구할인
https://www.card-gorilla.com/card/detail/2026,624,할인,편의점,5.0,,[Off-line 쇼핑] 편의점 및 드럭스토어 5% 청구할인
https://www.card-gorilla.com/card/detail/2060,625,적립,멤버십포인트,0.2,,전국 가맹점에서 롯데카드 제공 L.POINT 0.2% 적립
https://www.card-gorilla.com/card/detail/2060,625,기타,연회비지원,,,연회비 면제
https://www.card-gorilla.com/card/detail/2060,625,기타,해외이용,,,해외이용 안내
https://www.card-gorilla.com/card/detail/2060,625,기타,기타,,,청소년후불교통 서비스
https://www.card-gorilla.com/card/detail/2070,626,할인,카페,,,"스타벅스, 투썸플레이스, 폴바셋 5천원 결제일 할인"
https://www.card-gorilla.com/card/detail/2070,626,할인,디지털구독,50.0,,"넷플릭스, 유튜브, 왓챠, 멜론 50% 결제일 할인"
https://www.card-gorilla.com/card/detail/2070,626,할인,편의점,,,"GS25, CU, 세븐일레븐 1천원 결제일 할인"
https://www.card-gorilla.com/card/detail/2070,626,할인,배달앱,,,배달앱 할인
https://www.card-gorilla.com/card/detail/2070,626,기타,멤버십포인트,,,L.POINT
https://www.card-gorilla.com/card/detail/2071,627,할인,삼성페이,,,국내 가맹점에서 삼성페이 롯데카드 결제 시 청구할인
https://www.card-gorilla.com/card/detail/2071,627,할인,푸드,,,L.POINT 외식업종 제휴사 청구할인
https://www.card-gorilla.com/card/detail/2071,627,기타,쇼핑,,,쇼핑
https://www.card-gorilla.com/card/detail/2071,627,기타,공연/전시,,,영화/공연
https://www.card-gorilla.com/card/detail/2072,628,할인,전통시장,15.0,,전통시장 15% 할인
https://www.card-gorilla.com/card/detail/2072,628,할인,기타,15.0,,나들가게 15% 할인
https://www.card-gorilla.com/card/detail/2072,628,할인,통신,,2000,"이동통신요금 2,000원 할인"
https://www.card-gorilla.com/card/detail/2072,628,할인,기타,5.0,,교통 5% 할인
https://www.card-gorilla.com/card/detail/2076,629,할인,기타,,,이동통신비 2천원 할인
https://www.card-gorilla.com/card/detail/2076,629,할인,기타,5.0,,"병원, 약국 5% 할인"
https://www.card-gorilla.com/card/detail/2076,629,할인,골프,5.0,,"골프장, 골프연습장 5% 할인"
https://www.card-gorilla.com/card/detail/2076,629,할인,대형마트,5.0,,대형마트 5% 할인
https://www.card-gorilla.com/card/detail/2076,629,할인,호텔,5.0,,숙박업종 5% 할인
https://www.card-gorilla.com/card/detail/2076,629,할인,정비,,5000,"자동차정비 5,000원 할인"
https://www.card-gorilla.com/card/detail/2076,629,할인,영화,,2000,"영화 2,000원 할인"
https://www.card-gorilla.com/card/detail/2076,629,할인,교통,5.0,,"고속버스, KTX/SRT, 렌터카 5% 할인"
https://www.card-gorilla.com/card/detail/2076,629,할인,베이커리,10.0,,"파리바케트, 뚜레쥬르 10% 할인"
https://www.card-gorilla.com/card/detail/2078,630,할인,기타,,,간편결제 1천원 할인
https://www.card-gorilla.com/card/detail/2078,630,할인,영화,,,CGV 3천원 할인
https://www.card-gorilla.com/card/detail/2078,630,할인,기타,,,"TOEIC, TEPS 2천원 할인"
https://www.card-gorilla.com/card/detail/2079,631,할인,홈쇼핑,6.0,,홈쇼핑 6% 할인
https://www.card-gorilla.com/card/detail/2079,631,할인,백화점,5.0,,백화점 5% 할인
https://www.card-gorilla.com/card/detail/2079,631,할인,베이커리,10.0,,베이커리 10% 할인
https://www.card-gorilla.com/card/detail/2079,631,할인,통신,,,통신비 5천원 할인
https://www.card-gorilla.com/card/detail/2080,632,할인,백화점,7.0,,백화점 7% 할인
https://www.card-gorilla.com/card/detail/2080,632,할인,온라인쇼핑,10.0,,온라인쇼핑 10% 할인
https://www.card-gorilla.com/card/detail/2080,632,할인,카페,,,커피 1천원 할인
https://www.card-gorilla.com/card/detail/2080,632,할인,화장품,10.0,,뷰티업종 10% 할인
https://www.card-gorilla.com/card/detail/2080,632,할인,공연/전시,5.0,,인터파크 공연 5% 할인
https://www.card-gorilla.com/card/detail/2080,632,할인,영화,,,영화 2천원 할인
https://www.card-gorilla.com/card/detail/2080,632,할인,학원,5.0,,학원 5% 할인
https://www.card-gorilla.com/card/detail/2082,633,할인,통신,,,이동통신요금 2천원 할인
https://www.card-gorilla.com/card/detail/2082,633,할인,학원,5.0,,학원 5% 할인
https://www.card-gorilla.com/card/detail/2082,633,할인,병원,5.0,,"병원, 약국 5% 할인"
https://www.card-gorilla.com/card/detail/2082,633,할인,온라인쇼핑,5.0,,인터넷쇼핑 5% 할인
https://www.card-gorilla.com/card/detail/2082,633,할인,백화점,5.0,,"백화점, 대형마트 5% 할인"
https://www.card-gorilla.com/card/detail/2082,633,할인,영화,,,영화 2천원 할인
https://www.card-gorilla.com/card/detail/2082,633,할인,도서,,2000,"도서 2,000원 할인"
https://www.card-gorilla.com/card/detail/2082,633,할인,공연/전시,3.0,,공연 3% 할인
https://www.card-gorilla.com/card/detail/2083,634,할인,주유,,60,전국 주유 리터당 최대 60원 할인
https://www.card-gorilla.com/card/detail/2083,634,할인,도서,,,도서 2천원 할인
https://www.card-gorilla.com/card/detail/2083,634,할인,카페,10.0,,커피 10% 할인
https://www.card-gorilla.com/card/detail/2083,634,할인,대형마트,5.0,,대형마트 5% 할인
https://www.card-gorilla.com/card/detail/2083,634,할인,편의점,5.0,,편의점 5% 할인
https://www.card-gorilla.com/card/detail/2084,635,할인,카페,10.0,,커피전문점 10% 할인
https://www.card-gorilla.com/card/detail/2084,635,할인,도서,,4000,"영화 최대 4,000원 할인"
https://www.card-gorilla.com/card/detail/2084,635,할인,공연/전시,3.0,,공연 3% 할인
https://www.card-gorilla.com/card/detail/2084,635,할인,기타,,2000,"어학응시료 2,000원 할인"
https://www.card-gorilla.com/card/detail/2084,635,할인,도서,,,도서 2천원 할인
https://www.card-gorilla.com/card/detail/2084,635,할인,백화점,5.0,,백화점 5% 할인
https://www.card-gorilla.com/card/detail/2084,635,할인,온라인쇼핑,10.0,,인터넷 쇼핑 10% 할인
https://www.card-gorilla.com/card/detail/2084,635,기타,기타,,,그린카드 서비스
https://www.card-gorilla.com/card/detail/2090,636,마일리지,대한항공,0.0667,,"국내 이용금액 1,500원당 1마일리지 적립
해외 이용금액 1,500원당 1~3마일리지 적립"
https://www.card-gorilla.com/card/detail/2090,636,기타,호텔,,,특급 호텔의 1박2일 Package 연 1회 제공
https://www.card-gorilla.com/card/detail/2090,636,무료서비스,항공권,,,본인회원 좌석 업그레이드 또는 동반 1인 무료항공권 제공 서비스 중 택 1
https://www.card-gorilla.com/card/detail/2090,636,무료서비스,PP,,,공항 VIP라운지 무료이용 서비스 제공
https://www.card-gorilla.com/card/detail/2090,636,무료서비스,생활,,,"글로벌 라이프 서비스 제공
공항 의전 서비스 (FAST TRACK) / 해외 의료 지원 서비스 제공"
https://www.card-gorilla.com/card/detail/2090,636,기타,기타,,,공항/골프장 리무진 서비스
https://www.card-gorilla.com/card/detail/2090,636,무료서비스,골프,,,"홀인원 축하금 300만원 서비스
제휴 골프장 그린피 무료 서비스 및 부킹 대행 서비스"
https://www.card-gorilla.com/card/detail/2090,636,할인,면세점,10.0,,국내 유명 면세점 10% 할인
https://www.card-gorilla.com/card/detail/2091,637,마일리지,항공마일리지,,,"대한항공 / 아시아나 항공 마일리지 적립
항공 좌석 승급(비즈니스→퍼스트 또는 비즈니스 스위트) 또는 동반자 비즈니스석 무료 항공권 (택1)"
https://www.card-gorilla.com/card/detail/2091,637,기타,선택형,,,"trendy OPTION
(개인 or 법인카드 연 3개/가족카드 연 1개 선택 가능)"
https://www.card-gorilla.com/card/detail/2091,637,기타,쇼핑,,,HOTEL & Duty Free
https://www.card-gorilla.com/card/detail/2091,637,무료서비스,골프,,,"KLPGA 하나금융그룹 Championship
홀인원 상금 지원 서비스 / 골프 상해보험 무료 가입 서비스"
https://www.card-gorilla.com/card/detail/2091,637,기타,생활,,,가족카드 서비스
https://www.card-gorilla.com/card/detail/2091,637,기타,기타,,,"Finance
- 하나금융그룹 우대서비스"
https://www.card-gorilla.com/card/detail/2093,638,마일리지,대한항공,0.0667,,"국내외 가맹점 이용금액 1,500원당 1 스카이패스 마일리지 적립"
https://www.card-gorilla.com/card/detail/2093,638,바우처,바우처,,,연 1회 스페셜기프트 제공
https://www.card-gorilla.com/card/detail/2093,638,기타,프리미엄 서비스,,,호텔/쇼핑/골프 프리미엄 서비스
https://www.card-gorilla.com/card/detail/2094,639,할인,카카오페이,15.0,,카카오페이 15% 할인
https://www.card-gorilla.com/card/detail/2094,639,할인,편의점,5.0,,편의점 5% 할인
https://www.card-gorilla.com/card/detail/2094,639,할인,온라인쇼핑,10.0,,온라인쇼핑 10% 할인
https://www.card-gorilla.com/card/detail/2094,639,할인,기타,,,어학시험 2천원 할인
https://www.card-gorilla.com/card/detail/2094,639,할인,영화,,,영화 2천원 할인
https://www.card-gorilla.com/card/detail/2094,639,할인,카페,10.0,,커피 10% 할인
https://www.card-gorilla.com/card/detail/2094,639,할인,패스트푸드,10.0,,패스트푸드 10% 할인
https://www.card-gorilla.com/card/detail/2097,640,마일리지,아시아나항공,0.1,,"국내 이용금액 1,000원당 1마일리지 적립
해외 이용금액 1,000원당 1~3마일리지 적립"
https://www.card-gorilla.com/card/detail/2097,640,기타,호텔,,,특급 호텔의 1박2일 Package 연 1회 제공
https://www.card-gorilla.com/card/detail/2097,640,무료서비스,항공권,,,본인회원 좌석 업그레이드 또는 동반 1인 무료항공권 제공 서비스 중 택 1
https://www.card-gorilla.com/card/detail/2097,640,무료서비스,PP,,,공항 VIP라운지 무료이용 서비스 제공
https://www.card-gorilla.com/card/detail/2097,640,무료서비스,생활,,,"글로벌 라이프 서비스 제공
공항 의전 서비스 (FAST TRACK) / 해외 의료 지원 서비스 제공"
https://www.card-gorilla.com/card/detail/2097,640,기타,기타,,,공항/골프장 리무진 서비스
https://www.card-gorilla.com/card/detail/2097,640,무료서비스,골프,,,"홀인원 축하금 300만원 서비스
제휴 골프장 그린피 무료 서비스 및 부킹 대행 서비스"
https://www.card-gorilla.com/card/detail/2097,640,할인,면세점,10.0,,국내 유명 면세점 10% 할인
https://www.card-gorilla.com/card/detail/2104,641,적립,모든가맹점,1.0,,국내외 가맹점 1% L.POINT 적립
https://www.card-gorilla.com/card/detail/2104,641,바우처,바우처,,,연 1회 스페셜기프트 제공
https://www.card-gorilla.com/card/detail/2104,641,기타,프리미엄 서비스,,,호텔/쇼핑/골프 프리미엄 서비스
https://www.card-gorilla.com/card/detail/2106,642,마일리지,아시아나항공,0.1,,"국내외 가맹점 이용금액 1,000원당 1 아시아나 마일리지 적립"
https://www.card-gorilla.com/card/detail/2106,642,바우처,바우처,,,연 1회 스페셜기프트 제공
https://www.card-gorilla.com/card/detail/2106,642,기타,프리미엄 서비스,,,호텔/쇼핑/골프 프리미엄 서비스
https://www.card-gorilla.com/card/detail/2106,642,기타,RAUME O (아시아나),,,삼성카드
https://www.card-gorilla.com/card/detail/2132,643,할인,주유소,,100,전국 모든 정유사 대상 리터당 100원 할인
https://www.card-gorilla.com/card/detail/2132,643,할인,할인,5.0,,"보험료할인, 차량관련업종 할인
GS편의점, 스타벅스, 투썸플레이스 5% 청구할인"
https://www.card-gorilla.com/card/detail/2139,644,할인,편의점,10.0,,세븐일레븐매장 10%할인
https://www.card-gorilla.com/card/detail/2139,644,기타,연회비지원,,,연회비 면제 서비스
https://www.card-gorilla.com/card/detail/2139,644,할인,헤어,20.0,,미용실 최대 20% 할인
https://www.card-gorilla.com/card/detail/2139,644,할인,테마파크,,,놀이공원 할인
https://www.card-gorilla.com/card/detail/2139,644,할인,경기관람,20.0,,롯데 자이언츠 20% 할인
https://www.card-gorilla.com/card/detail/2139,644,기타,쇼핑,,,쇼핑
https://www.card-gorilla.com/card/detail/2139,644,기타,여행/숙박,,,여행서비스
https://www.card-gorilla.com/card/detail/2139,644,할인,공연/전시,30.0,,"뮤지컬, 연극 등 공연 10~30% 할인"
https://www.card-gorilla.com/card/detail/2139,644,기타,푸드,,,외식
https://www.card-gorilla.com/card/detail/2139,644,적립,주유소,,50,SK주유소 리터당 SK주유포인트 50원적립
https://www.card-gorilla.com/card/detail/2139,644,적립,멤버십포인트,,,L.POINT 적립
https://www.card-gorilla.com/card/detail/2140,645,적립,홈쇼핑,,,롯데홈쇼핑 포인트 적립 및 할인쿠폰 제공
https://www.card-gorilla.com/card/detail/2140,645,무료서비스,연회비지원,,,연회비 면제 및 SMS 무료
https://www.card-gorilla.com/card/detail/2140,645,할인,헤어,20.0,,미용실 최대 20% 할인
https://www.card-gorilla.com/card/detail/2140,645,기타,테마파크,,,놀이공원
https://www.card-gorilla.com/card/detail/2140,645,할인,경기관람,20.0,,롯데 자이언츠 20% 할인
https://www.card-gorilla.com/card/detail/2140,645,할인,쇼핑,5.0,,쇼핑 5% 할인
https://www.card-gorilla.com/card/detail/2140,645,할인,영화,,1500,"롯데시네마 관람료 1,500원 청구할인"
https://www.card-gorilla.com/card/detail/2140,645,기타,푸드,,,외식
https://www.card-gorilla.com/card/detail/2140,645,적립,주유소,,50,SK주유소 리터당 SK주유포인트 50원적립
https://www.card-gorilla.com/card/detail/2140,645,적립,멤버십포인트,,,포인트 적립
https://www.card-gorilla.com/card/detail/2147,646,캐시백,캐시백,,,Weekly 캐시백 서비스
https://www.card-gorilla.com/card/detail/2147,646,기타,쇼핑,,,쇼핑
https://www.card-gorilla.com/card/detail/2147,646,할인,테마파크,50.0,,놀이공원 최대 50% 현장할인
https://www.card-gorilla.com/card/detail/2147,646,할인,영화,,1500,"롯데시네마 1,500원 할인"
https://www.card-gorilla.com/card/detail/2147,646,기타,푸드,,,외식
https://www.card-gorilla.com/card/detail/2149,647,할인,온라인쇼핑,7.0,,이랜드리테일 이용금액 7% 결제일할인
https://www.card-gorilla.com/card/detail/2149,647,할인,대형마트,5.0,,주요 마트 이용금액 5% 결제일 할인
https://www.card-gorilla.com/card/detail/2149,647,기타,연회비지원,,,자동납부 실적 연 6회 이상 시 다음 해 제휴연회비 면제
https://www.card-gorilla.com/card/detail/2149,647,적립,멤버십포인트,,,L.POINT 적립
https://www.card-gorilla.com/card/detail/2150,648,기타,국민행복,,,A-Type(for Baby)
https://www.card-gorilla.com/card/detail/2150,648,기타,국민행복,,,B-Type(for Children)
https://www.card-gorilla.com/card/detail/2150,648,기타,국민행복,,,C-Type(for Green Life)
https://www.card-gorilla.com/card/detail/2150,648,기타,기타,,,그린카드 멤버십 서비스
https://www.card-gorilla.com/card/detail/2151,649,할인,카페,10.0,,커피전문점 10% 청구할인
https://www.card-gorilla.com/card/detail/2151,649,할인,영화,,2000,"영화관 2,000원 청구 할인"
https://www.card-gorilla.com/card/detail/2151,649,적립,적립,0.8,,"국내 가맹점 이용금액의 0.2∼0.8% 에코머니 포인트 적립
대중교통 이용금액의 5∼20% 에코머니 포인트 적립"
https://www.card-gorilla.com/card/detail/2151,649,기타,기타,,,"전자금융(인터넷뱅킹, 텔레뱅킹) 이용수수료 면제
그린카드 특화서비스 (모든 그린카드 제공되는 공통서비스)"
https://www.card-gorilla.com/card/detail/2172,650,할인,대중교통,10.0,,대중교통 10% 청구 할인
https://www.card-gorilla.com/card/detail/2172,650,할인,교육/육아,,,"토익 응시료 할인
도내 서비스 할인 (영어학원, 서점)"
https://www.card-gorilla.com/card/detail/2172,650,할인,통신,3.0,,이동통신요금 3% 청구 할인
https://www.card-gorilla.com/card/detail/2172,650,할인,편의점,7.0,,편의점(CU) 최대 7% 청구 할인
https://www.card-gorilla.com/card/detail/2172,650,할인,푸드,20.0,,"패밀리레스토랑(VIPS) 20% 청구 할인
커피전문점 20% 청구 할인"
https://www.card-gorilla.com/card/detail/2175,651,할인,주유소,,120,"SK주유소, 충전소 리터당 최대 120원 청구할인"
https://www.card-gorilla.com/card/detail/2175,651,할인,생활,10.0,,생활 할인 서비스 5~10% 청구할인
https://www.card-gorilla.com/card/detail/2178,652,적립,선택형,1.0,,"Triple 적립서비스
- 전월실적, 한도제한없이 선택 타입 업종 최대 1% 적립"
https://www.card-gorilla.com/card/detail/2178,652,적립,적립,,,JUST LIFE 적립서비스
https://www.card-gorilla.com/card/detail/2179,653,캐시백,선택형,,,"기본 선택서비스 적립 또는 캐시백
프리미엄 선택서비스 적립 또는 캐시백"
https://www.card-gorilla.com/card/detail/2179,653,캐시백,모든가맹점,0.5,,전 가맹점 이용액 0.5% 적립/캐시백
https://www.card-gorilla.com/card/detail/2179,653,할인,영화,,,전국 영화관 건당 8천원 이상 이용시 3천원 할인
https://www.card-gorilla.com/card/detail/2179,653,기타,기타,,,당행 ATM 출금 수수료 면제
https://www.card-gorilla.com/card/detail/2189,654,캐시백,캐시백,,,TRIPLE 캐시백 서비스
https://www.card-gorilla.com/card/detail/2189,654,기타,기타,,,"전북은행 ATM 출금수수료 면제 (월5회)
카드디자인"
https://www.card-gorilla.com/card/detail/2190,655,적립,해피포인트,,,해피포인트 가맹점 할인 서비스
https://www.card-gorilla.com/card/detail/2190,655,할인,생활,10.0,,"영화(CGV, 메가박스, 롯데시네마) 2천원 청구할인
대중교통(버스/지하철) 및 편의점 10% 청구할인"
https://www.card-gorilla.com/card/detail/2191,656,캐시백,캐시백,0.2,,건당 이용금액 구간별 0.2% ~ 1.2% 캐시백 서비스
https://www.card-gorilla.com/card/detail/2192,657,기타,국민행복,,,"A-Type ""for Baby Service"""
https://www.card-gorilla.com/card/detail/2192,657,기타,국민행복,,,"B-Type ""for Children Service"""
https://www.card-gorilla.com/card/detail/2194,658,할인,할인,5.0,,전월 실적에 따라 5% ~ 최대 20% 다양한 할인
https://www.card-gorilla.com/card/detail/2195,659,적립,적립,,,모든 가맹점에서 기본 M포인트 적립
https://www.card-gorilla.com/card/detail/2195,659,적립,자동차/하이패스,1.5,,"기아 신차 구매 시 1.5% M포인트 적립
기아 신차 구매 시 2만 기아멤버스 포인트 적립"
https://www.card-gorilla.com/card/detail/2195,659,적립,제휴/PLCC,,,"Kia Members 멤버십 서비스
연간 이용금액 6백만원 이상 시 차년도 1만 기아멤버스 포인트 적립"
https://www.card-gorilla.com/card/detail/2195,659,적립,멤버십포인트,,,주유/정비·외식·쇼핑·영화 등 제휴 사용처에서 M포인트 사용
https://www.card-gorilla.com/card/detail/2196,660,적립,적립,0.5,,"당월 이용금액에 따라 국내외 가맹점 이용금액의 0.5% M포인트 적립
Kia Members 제휴처에서 이용 시 당월 이용금액에 따라 0.5% 동시 적립"
https://www.card-gorilla.com/card/detail/2196,660,할인,자동차,70.0,,전기차 충전 시 당월 이용금액에 따라 30~70% 할인
https://www.card-gorilla.com/card/detail/2196,660,기타,제휴/PLCC,,,Kia Members 멤버십 서비스
https://www.card-gorilla.com/card/detail/2196,660,적립,멤버십포인트,,,주유/정비·외식·쇼핑·영화 등 제휴 사용처에서 M포인트 사용
https://www.card-gorilla.com/card/detail/2197,661,적립,적립,0.5,,"월 100만원 미만 이용 시 0.5% M포인트 적립
월 100만원 이상 이용 시 1% M포인트 적립"
https://www.card-gorilla.com/card/detail/2197,661,기타,기타,,,정부 유류세환급제도 지원
https://www.card-gorilla.com/card/detail/2197,661,할인,기타,,,프로스포츠 입장권 할인
https://www.card-gorilla.com/card/detail/2197,661,적립,멤버십포인트,,,주유/정비·외식·쇼핑·영화 등 제휴 사용처에서 M포인트 사용
https://www.card-gorilla.com/card/detail/2198,662,할인,제휴/PLCC,,,캐롯손해보험료 청구 할인
https://www.card-gorilla.com/card/detail/2198,662,적립,적립,3.0,,"업종별 0.5~3% 적립
월 100만원 이상 이용 시 1.5배 적립"
https://www.card-gorilla.com/card/detail/2199,663,할인,제휴/PLCC,,,산림조합상조 납부금액 청구 할인
https://www.card-gorilla.com/card/detail/2199,663,적립,적립,0.2,,국내외 가맹점에서 0.2% M포인트 적립
https://www.card-gorilla.com/card/detail/2214,664,할인,금융,0.1,,"CMA 우대금리 0.1% 제공
업무시간 內 롯데ATM 입/출금 수수료 면제 등"
https://www.card-gorilla.com/card/detail/2215,665,할인,점심,10.0,,점심할인 10%(월10회)
https://www.card-gorilla.com/card/detail/2215,665,할인,카페,10.0,,커피할인 10%(월10회)
https://www.card-gorilla.com/card/detail/2215,665,할인,편의점,10.0,,편의점할인 10%(월10회)
https://www.card-gorilla.com/card/detail/2215,665,할인,할인,20.0,,할인액의 20%를 추가 할인!
https://www.card-gorilla.com/card/detail/2218,666,할인,소셜커머스,10.0,,소셜커머스 10% 할인
https://www.card-gorilla.com/card/detail/2218,666,할인,카페,10.0,,커피 10% 할인
https://www.card-gorilla.com/card/detail/2218,666,할인,편의점,10.0,,편의점 10% 할인
https://www.card-gorilla.com/card/detail/2218,666,할인,택시,10.0,,택시요금 10% 할인
https://www.card-gorilla.com/card/detail/2219,667,할인,대형마트,5.0,,대형마트 이용금액의 5% 할인
https://www.card-gorilla.com/card/detail/2219,667,할인,온라인쇼핑,5.0,,온라인쇼핑몰 이용금액의 5% 할인
https://www.card-gorilla.com/card/detail/2219,667,할인,배달앱,5.0,,배달 앱 이용금액의 5% 할인
https://www.card-gorilla.com/card/detail/2219,667,할인,주유,,40,주유 시 리터당 40원 할인
https://www.card-gorilla.com/card/detail/2219,667,할인,할인,,,"현장할인서비스
특급호텔, F&B, 유명 레스토랑 Life 스타일 제휴처 현장할인"
https://www.card-gorilla.com/card/detail/2219,667,기타,금융,,,출금 및 이체수수료 면제 서비스
https://www.card-gorilla.com/card/detail/2220,668,할인,모든가맹점,0.3,,모든 가맹점 0.3% 캐쉬백
https://www.card-gorilla.com/card/detail/2220,668,기타,주유,,100,GS칼텍스 리터당 100원 캐쉬백
https://www.card-gorilla.com/card/detail/2220,668,할인,통신,,5000,"이동통신요금 5,000원 할인"
https://www.card-gorilla.com/card/detail/2220,668,기타,금융,,,"수시입출금의 편리함과 주식거래, 고금리를 하나의 계좌로,
결제계좌 이체/출금 수수료 면제"
https://www.card-gorilla.com/card/detail/2221,669,할인,모든가맹점,0.6,,"모든 가맹점 0.6% 캐쉬백
금융상품가입 시 최대 2.5% 추가 캐쉬백"
https://www.card-gorilla.com/card/detail/2221,669,기타,금융,,,"수시입출금의 편리함과 주식거래, 고금리를 하나의 계좌로,
결제계좌 이체/출금 수수료 면제"
https://www.card-gorilla.com/card/detail/2224,670,기타,멤버십포인트,,,통합멤버십서비스
https://www.card-gorilla.com/card/detail/2224,670,기타,기타,,,모바일쿠폰서비스 최대 3만원
https://www.card-gorilla.com/card/detail/2224,670,할인,할인,,,"현장할인서비스
높은 할인율과 다양한 제휴처!"
https://www.card-gorilla.com/card/detail/2224,670,기타,금융,,,"able 금융서비스
언제 어디서나 수수료 면제!"
https://www.card-gorilla.com/card/detail/2225,671,캐시백,할인,0.5,,"언제 어디서든 한도없이, 사용 금액의 0.5% 무제한 캐시백"
https://www.card-gorilla.com/card/detail/2225,671,할인,할인,,,"현장할인서비스
높은 할인율과 다양한 제휴처!"
https://www.card-gorilla.com/card/detail/2225,671,기타,금융,,,"able 금융서비스
언제 어디서나 수수료 면제!"
https://www.card-gorilla.com/card/detail/2226,672,캐시백,모든가맹점,0.5,,"기본캐시백: 전월 실적조건 없이 0.5% 캐시백
특별캐시백: 최대 5% 캐시백"
https://www.card-gorilla.com/card/detail/2226,672,기타,프리미엄 서비스,,,플래티넘(Platinum) 서비스
https://www.card-gorilla.com/card/detail/2226,672,기타,멤버십포인트,,,L.POINT
https://www.card-gorilla.com/card/detail/2228,673,할인,카페,50.0,,"스타벅스 50% 결제일 할인
간편결제 시 스타벅스 60% 결제일 할인"
https://www.card-gorilla.com/card/detail/2228,673,할인,영화,50.0,,"롯데시네마, CGV 50% 결제일 할인"
https://www.card-gorilla.com/card/detail/2228,673,할인,대중교통,10.0,,"시내버스, 지하철 10% 결제일 할인"
https://www.card-gorilla.com/card/detail/2228,673,할인,통신,10.0,,"SKT, KT, LG U+ 10% 결제일 할인"
https://www.card-gorilla.com/card/detail/2228,673,할인,배달앱,5.0,,"배달의 민족, 쿠팡이츠 5% 결제일 할인"
https://www.card-gorilla.com/card/detail/2230,674,할인,생활,5.0,,생활업종 5% 결제일 할인
https://www.card-gorilla.com/card/detail/2230,674,할인,보험,,,자동차보험료 3만원 결제일 할인
https://www.card-gorilla.com/card/detail/2230,674,무이자할부,무이자할부,,,국내 가맹점에서 5만원 이상 2~3개월 할부 결제 시 무이자 할부 혜택이 제공
https://www.card-gorilla.com/card/detail/2232,675,적립,적립,0.3,,"[데일리 적립]
전월실적 없이도 0.3%~1.0% 하나머니 적립(적립한도 없음)"
https://www.card-gorilla.com/card/detail/2232,675,적립,적립,,,"[플러스 적립]
온라인쇼핑, 통신/교통/자동이체, 해외영역별 이번달 합산 이용금액 10만원 이상시 5천 하나머니 적립"
https://www.card-gorilla.com/card/detail/2232,675,할인,주유,,,SK주유소 월 최대 6천원 할인
https://www.card-gorilla.com/card/detail/2232,675,할인,카페,,,스타벅스/커피빈 4천원 이상 결제시 4천원 청구할인
https://www.card-gorilla.com/card/detail/2232,675,적립,공과금,,,"이번달 아파트관리비 / 4대보험 자동이체 금액
합산 10만원 이상일 때 5천 하나머니 적립"
https://www.card-gorilla.com/card/detail/2233,676,무료서비스,디지털구독,,,네이버플러스 멤버십 무료 이용권 제공
https://www.card-gorilla.com/card/detail/2233,676,적립,네이버페이,5.0,,네이버페이 포인트 최대 5% 적립
https://www.card-gorilla.com/card/detail/2234,677,할인,할인,5.0,,"많이 쓰는 영역 5% 자동 맞춤 할인
(백화점·할인점·슈퍼마켓 영역)"
https://www.card-gorilla.com/card/detail/2234,677,할인,생활,2.5,,주유·이동통신·아파트 관리비 2.5% 할인
https://www.card-gorilla.com/card/detail/2234,677,할인,모든가맹점,0.5,,국내외 가맹점 0.5% 할인
https://www.card-gorilla.com/card/detail/2234,677,기타,선택형,,,"내 마음대로 고르는 디자인-
다양한 스타일로 새롭게 선보이는 삼성 iD 카드를 소개합니다."
https://www.card-gorilla.com/card/detail/2235,678,할인,할인,30.0,,"많이 쓰는 영역 30% 자동 맞춤 할인
(커피전문점·배달앱·델리 영역)"
https://www.card-gorilla.com/card/detail/2235,678,할인,생활,10.0,,교통·이동통신·스트리밍 10% 할인
https://www.card-gorilla.com/card/detail/2235,678,할인,할인,3.0,,온라인 간편결제·해외 3%·1% 할인
https://www.card-gorilla.com/card/detail/2235,678,기타,선택형,,,"내 마음대로 고르는 디자인-
다양한 스타일로 새롭게 선보이는 삼성 iD 카드를 소개합니다."
https://www.card-gorilla.com/card/detail/2236,679,무료서비스,편의점,,,"GS25 행사상품 현장 즉시 할인 및 추가 증정 행사
GS&POINT: GS리테일 이용 시 적립"
https://www.card-gorilla.com/card/detail/2236,679,기타,편의점,,,모바일 기프티콘 발송 최대 6천원
https://www.card-gorilla.com/card/detail/2236,679,기타,선택형,,,3가지 카드 디자인 중 선택 가능
https://www.card-gorilla.com/card/detail/2237,680,마일리지,대한항공,,,스카이패스 마일리지 적립 (지난달 실적 조건 확인)
https://www.card-gorilla.com/card/detail/2237,680,무료서비스,공항라운지,,,"인천공항 라운지 이용 시 무료서비스 제공 (월 1회, 연 2회, 서비스 실적 조건 확인)"
https://www.card-gorilla.com/card/detail/2238,681,할인,테마파크,50.0,,롯데월드 운영 시설 이용권 본인 및 동반 1인 50% 현장할인
https://www.card-gorilla.com/card/detail/2238,681,할인,테마파크,25.0,,롯데월드 운영 시설 연간이용권 25% 현장할인
https://www.card-gorilla.com/card/detail/2238,681,할인,테마파크,10.0,,"전월 이용금액 관계없이, 할인한도 없이 롯데월드 직영 기념품샵 10% 현장할인"
https://www.card-gorilla.com/card/detail/2238,681,할인,테마파크,20.0,,전월 이용금액에 관계없이 롯데월드 운영 시설 기타 서비스 20%·50% 현장할인
https://www.card-gorilla.com/card/detail/2238,681,할인,생활,7.0,,"생활 필수 영역 7% 결제일할인
(아파트 관리비, 온라인쇼핑몰, 주유, 배달앱, 신선식품 배송, 온라인서점)"
https://www.card-gorilla.com/card/detail/2238,681,할인,모든가맹점,0.5,,"전월 이용금액에 관계없이, 할인한도 없이 국내 가맹점 0.5% 결제일할인"
https://www.card-gorilla.com/card/detail/2238,681,할인,해외,1.5,,전월 이용금액에 관계없이 해외 1.5% 결제일할인
https://www.card-gorilla.com/card/detail/2238,681,할인,디지털구독,,5000,"스트리밍 이용료 건별 5,000원 이상 정기결제 시 2,000원 결제일할인"
https://www.card-gorilla.com/card/detail/2238,681,기타,제휴/PLCC,,,롯데월드 어드벤처 매직패스프리미엄(2회권) 현장 구매 가능
https://www.card-gorilla.com/card/detail/2240,682,적립,적립,4.0,,Weverse Shop 이용금액의 4% Weverse Shop 캐시 추가 적립
https://www.card-gorilla.com/card/detail/2240,682,적립,생활,10.0,,생활영역 이용금액의 10% Weverse Shop 캐시 적립
https://www.card-gorilla.com/card/detail/2240,682,할인,기타,50.0,,"HYBE INSIGHT 내 매장 결제 시 50% 할인,
연 1회 Gift 서비스"
https://www.card-gorilla.com/card/detail/2240,682,기타,선택형,,,카드 디자인 선택가능
https://www.card-gorilla.com/card/detail/2241,683,캐시백,캐시백,5.0,,"카카오페이지에서 결제 시 5% 캐시백
국내외 온·오프라인 최대 0.5% 캐시백"
https://www.card-gorilla.com/card/detail/2241,683,기타,멤버십포인트,,,L.POINT
https://www.card-gorilla.com/card/detail/2241,683,기타,선택형,,,카드 디자인 선택 가능
https://www.card-gorilla.com/card/detail/2242,684,할인,주유,15.0,,GS칼텍스 이용금액 최대 15% 할인 및 Mobility 업종 이용금액 5% 할인
https://www.card-gorilla.com/card/detail/2242,684,기타,선택형,,,카드 디자인 선택 가능
https://www.card-gorilla.com/card/detail/2243,685,적립,쇼핑,2.0,,GS리테일 점내 이용 시 GS&POINT 2% 적립
https://www.card-gorilla.com/card/detail/2243,685,적립,모든가맹점,0.3,,그 외 모든 가맹점 이용 시 GS&POINT 0.3% 기본 적립
https://www.card-gorilla.com/card/detail/2244,686,적립,적립,2.0,,Weverse Shop 이용금액의 2% Weverse Shop 캐시 추가 적립
https://www.card-gorilla.com/card/detail/2244,686,적립,생활,5.0,,생활영역 이용금액의 5% Weverse Shop 캐시 적립
https://www.card-gorilla.com/card/detail/2244,686,할인,기타,25.0,,HYBE INSIGHT 내 매장 결제 시 25% 할인
https://www.card-gorilla.com/card/detail/2244,686,기타,선택형,,,카드 디자인 선택가능
https://www.card-gorilla.com/card/detail/2245,687,적립,적립,2.0,,Weverse Shop 이용금액의 2% Weverse Shop 캐시 추가 적립
https://www.card-gorilla.com/card/detail/2245,687,적립,생활,5.0,,생활영역 이용금액의 5% Weverse Shop 캐시 적립
https://www.card-gorilla.com/card/detail/2245,687,할인,기타,25.0,,HYBE INSIGHT 내 매장 결제 시 25% 할인
https://www.card-gorilla.com/card/detail/2245,687,기타,선택형,,,카드 디자인 선택가능
https://www.card-gorilla.com/card/detail/2246,688,적립,적립,2.0,,Weverse Shop 이용금액의 2% Weverse Shop 캐시 추가 적립
https://www.card-gorilla.com/card/detail/2246,688,적립,생활,5.0,,생활영역 이용금액의 5% Weverse Shop 캐시 적립
https://www.card-gorilla.com/card/detail/2246,688,할인,기타,25.0,,HYBE INSIGHT 내 매장 결제 시 25% 할인
https://www.card-gorilla.com/card/detail/2246,688,기타,선택형,,,카드 디자인 선택가능
https://www.card-gorilla.com/card/detail/2247,689,적립,적립,2.0,,Weverse Shop 이용금액의 2% Weverse Shop 캐시 추가 적립
https://www.card-gorilla.com/card/detail/2247,689,적립,생활,5.0,,생활영역 이용금액의 5% Weverse Shop 캐시 적립
https://www.card-gorilla.com/card/detail/2247,689,할인,기타,25.0,,HYBE INSIGHT 내 매장 결제 시 25% 할인
https://www.card-gorilla.com/card/detail/2247,689,기타,선택형,,,카드 디자인 선택가능
https://www.card-gorilla.com/card/detail/2248,690,적립,적립,4.0,,Weverse Shop 이용금액의 4% Weverse Shop 캐시 추가 적립
https://www.card-gorilla.com/card/detail/2248,690,적립,생활,10.0,,생활영역 이용금액의 10% Weverse Shop 캐시 적립
https://www.card-gorilla.com/card/detail/2248,690,할인,기타,50.0,,"HYBE INSIGHT 내 매장 결제 시 50% 할인,
연 1회 Gift 서비스"
https://www.card-gorilla.com/card/detail/2248,690,기타,선택형,,,카드 디자인 선택가능
https://www.card-gorilla.com/card/detail/2249,691,적립,적립,4.0,,Weverse Shop 이용금액의 4% Weverse Shop 캐시 추가 적립
https://www.card-gorilla.com/card/detail/2249,691,적립,생활,10.0,,생활영역 이용금액의 10% Weverse Shop 캐시 적립
https://www.card-gorilla.com/card/detail/2249,691,할인,기타,50.0,,"HYBE INSIGHT 내 매장 결제 시 50% 할인,
연 1회 Gift 서비스"
https://www.card-gorilla.com/card/detail/2249,691,기타,선택형,,,카드 디자인 선택가능
https://www.card-gorilla.com/card/detail/2250,692,적립,적립,4.0,,Weverse Shop 이용금액의 4% Weverse Shop 캐시 추가 적립
https://www.card-gorilla.com/card/detail/2250,692,적립,생활,10.0,,생활영역 이용금액의 10% Weverse Shop 캐시 적립
https://www.card-gorilla.com/card/detail/2250,692,할인,기타,50.0,,"HYBE INSIGHT 내 매장 결제 시 50% 할인,
연 1회 Gift 서비스"
https://www.card-gorilla.com/card/detail/2250,692,기타,선택형,,,카드 디자인 선택가능
https://www.card-gorilla.com/card/detail/2251,693,기타,쇼핑,,,오케이몰 상품 구매 시 장기할부 제공
https://www.card-gorilla.com/card/detail/2251,693,할인,카페,5.0,,"스타벅스, 투썸플레이스, 이디야, 폴바셋 이용금액 5% 할인"
https://www.card-gorilla.com/card/detail/2251,693,할인,편의점,5.0,,"GS25, CU, 세븐일레븐, 이마트24 이용금액 5% 할인"
https://www.card-gorilla.com/card/detail/2255,694,적립,적립,,,KB Pay 3회 이용하면 포인트리 1천점 적립
https://www.card-gorilla.com/card/detail/2255,694,적립,적립,,,매 주 포인트리 1천점 적립
https://www.card-gorilla.com/card/detail/2255,694,기타,선택형,,,디자인 선택가능
https://www.card-gorilla.com/card/detail/2256,695,적립,적립,,,KB Pay 3회 이용하면 포인트리 1천점 적립
https://www.card-gorilla.com/card/detail/2256,695,적립,적립,,,매 주 포인트리 1천점 적립
https://www.card-gorilla.com/card/detail/2256,695,적립,적립,,,이용 리워드 4천점 적립
https://www.card-gorilla.com/card/detail/2256,695,기타,선택형,,,디자인 선택가능
https://www.card-gorilla.com/card/detail/2257,696,적립,적립,5.0,,갤럭시 스토어 5% 삼성전자 포인트 적립
https://www.card-gorilla.com/card/detail/2257,696,적립,적립,10.0,,삼성닷컴에서 10만원 이상 결제 시 10% 삼성전자 포인트 적립
https://www.card-gorilla.com/card/detail/2257,696,적립,통신,10.0,,이동통신요금 정기결제 시 10% 삼성전자 포인트 적립
https://www.card-gorilla.com/card/detail/2257,696,적립,생활,5.0,,배달앱·편의점·주유 5% 삼성전자 포인트 적립
https://www.card-gorilla.com/card/detail/2257,696,적립,간편결제,1.0,,온라인 간편결제 1% 삼성전자 포인트 적립
https://www.card-gorilla.com/card/detail/2257,696,적립,디지털구독,50.0,,스트리밍 이용료 정기결제시 50% 삼성전자 포인트 적립
https://www.card-gorilla.com/card/detail/2258,697,적립,간편결제,5.0,,7개 간편결제(Pay)로 국내 거래시 5% 마이신한포인트 적립
https://www.card-gorilla.com/card/detail/2259,698,바우처,바우처,,,"최대 20만원 상당의 바우처 제공
총 5개 영역에서 최대 20만원까지 선택하여 사용"
https://www.card-gorilla.com/card/detail/2259,698,무료서비스,프리미엄 서비스,,,"전 세계 공항라운지 / 무료 발레파킹 서비스
VISA Signature / MasterCard World 서비스"
https://www.card-gorilla.com/card/detail/2259,698,마일리지,대한항공,0.1,,[마일리지형] 대한항공 : 1천원당 1마일리지 적립
https://www.card-gorilla.com/card/detail/2259,698,적립,적립,1.0,,"[M포인트형] 국내외 가맹점 1% 적립
월 200만원 이상 이용 시 2배, 월 100만원 이상 이용 시 1.5배 적립"
https://www.card-gorilla.com/card/detail/2259,698,기타,프리미엄,,,"로열티 보너스: 연간 이용금액 2,000만원 이상 시 로열티 보너스 제공(연 1회, 택 1)"
https://www.card-gorilla.com/card/detail/2259,698,기타,선택형,,,"the Red Edition5의 특별한 디자인을 소개합니다.
내 취향에 맞는 카드 디자인을 선택해서 발급 받으세요."
https://www.card-gorilla.com/card/detail/2260,699,바우처,바우처,,,10만원 상당의 바우처 제공
https://www.card-gorilla.com/card/detail/2260,699,무료서비스,프리미엄 서비스,,,"전 세계 공항라운지 / 무료 발레파킹 서비스
VISA Signature / MasterCard World 서비스"
https://www.card-gorilla.com/card/detail/2260,699,적립,적립,5.0,,기본적립/특별적립 최대 5% 적립
https://www.card-gorilla.com/card/detail/2260,699,적립,적립,,,"보너스 리워드
7만 M포인트 적립 또는 연회비 7만원 감면(택 1)"
https://www.card-gorilla.com/card/detail/2260,699,기타,선택형,,,"the Green Edition2의 특별한 디자인을 소개합니다.
내 취향에 맞는 카드 디자인을 선택해서 발급 받으세요."
https://www.card-gorilla.com/card/detail/2261,700,할인,국내외가맹점,1.2,,"국내외 1.2% 결제일 할인
국내 가맹점 1.2%, 해외 이용금액 1.2%"
https://www.card-gorilla.com/card/detail/2261,700,할인,온라인쇼핑,1.5,,온라인 1.5% 결제일 할인
https://www.card-gorilla.com/card/detail/2262,701,할인,일반음식점,60.0,,음식점 60% 결제일 할인
https://www.card-gorilla.com/card/detail/2262,701,할인,배달앱,60.0,,"배달의 민족, 쿠팡이츠, 요기요 60% 결제일 할인"
https://www.card-gorilla.com/card/detail/2262,701,할인,카페,60.0,,"스타벅스, 투썸플레이스, 할리스커피, 폴바셋 60% 결제일 할인"
https://www.card-gorilla.com/card/detail/2262,701,할인,디지털구독,60.0,,"쿠팡 로켓와우, 네이버플러스 멤버십 60% 결제일 할인"
https://www.card-gorilla.com/card/detail/2263,702,할인,주유소,60.0,,"SK에너지, S-OIL, GS칼텍스, 현대오일뱅크 60% 결제일 할인"
https://www.card-gorilla.com/card/detail/2263,702,할인,영화,60.0,,"롯데시네마, CGV, 메가박스 60% 결제일 할인"
https://www.card-gorilla.com/card/detail/2263,702,할인,디지털구독,60.0,,"넷플릭스, 왓챠, 유튜브, 멜론, 지니 60% 결제일 할인"
https://www.card-gorilla.com/card/detail/2263,702,할인,디지털구독,60.0,,"쿠팡 로켓와우, 네이버플러스 멤버십 60% 결제일 할인"
https://www.card-gorilla.com/card/detail/2264,703,할인,온라인쇼핑,60.0,,"쿠팡, SSG.COM, 티몬 60% 결제일 할인"
https://www.card-gorilla.com/card/detail/2264,703,할인,헤어,60.0,,미용실 60% 결제일 할인
https://www.card-gorilla.com/card/detail/2264,703,할인,편의점,60.0,,"GS25, CU, 세븐일레븐 60% 결제일 할인"
https://www.card-gorilla.com/card/detail/2264,703,할인,디지털구독,60.0,,"쿠팡 로켓와우, 네이버플러스 멤버십 60% 결제일 할인"
https://www.card-gorilla.com/card/detail/2265,704,할인,홈쇼핑,7.0,,롯데홈쇼핑에서 7% 결제일 할인
https://www.card-gorilla.com/card/detail/2265,704,적립,홈쇼핑,3.5,,롯데홈쇼핑 적립금 최대 3.5% 적립
https://www.card-gorilla.com/card/detail/2265,704,기타,디지털구독,,,클럽롤라 서비스(롯데카드의 구독형 멤버십 상품)
https://www.card-gorilla.com/card/detail/2267,705,적립,적립,0.1,,[기본적립] 국내/해외 이용금액 0.1% 포인트 적립
https://www.card-gorilla.com/card/detail/2267,705,적립,적립,1.0,,"[특별적립] 후불교통(버스/지하철) 및 택시, 롯데 더드림영역 이용금액 1% 포인트 적립"
https://www.card-gorilla.com/card/detail/2267,705,적립,적립,6.0,,[추가적립] 특별적립 대상 롯데 더드림영역에서 L.PAY 결제시 최대 6% 추가 포인트 적립
https://www.card-gorilla.com/card/detail/2270,706,기타,은행사,,,"국내에서는 원화로, 해외에서는 달러(USD)로!
하나의 카드에 원화·외화 결제계좌를 모두 연결"
https://www.card-gorilla.com/card/detail/2270,706,캐시백,해외,,,"수수료 면제, 추가 캐시백 혜택"
https://www.card-gorilla.com/card/detail/2270,706,할인,할인,0.5,,"실적 조건 없이 0.5%, 특정가맹점 최대 50% 결제일 할인"
https://www.card-gorilla.com/card/detail/2270,706,기타,[해외] 일본여행 때 환전 손해 안 보는 방법 3가지,,,우리카드 인기 순위 TOP 3 - 2026 상반기  혜택 좋은 신용카드 결산
https://www.card-gorilla.com/card/detail/2270,706,기타,"[꿀팁] 넷플릭스 이제 계정 공유금지? 넷플 2,000원대로 보는 방법",,,밀리언달러 하나카드
https://www.card-gorilla.com/card/detail/2272,707,적립,적립,5.0,,음원/앱스토어/편의점 5% 리워드 적립에 쓸때마다 0.1% 적립
https://www.card-gorilla.com/card/detail/2277,708,할인,디지털구독,10.0,,"요기패스 멤버십 청구할인 9,900원
넷플릭스, 웨이브 청구할인 10%"
https://www.card-gorilla.com/card/detail/2277,708,할인,생활,5.0,,생활업종 청구할인 5%
https://www.card-gorilla.com/card/detail/2277,708,기타,선택형,,,신용카드 디자인 선택
https://www.card-gorilla.com/card/detail/2278,709,할인,홈쇼핑,10.0,,NS홈쇼핑 10% 결제일할인
https://www.card-gorilla.com/card/detail/2278,709,할인,생활,5.0,,주유·커피전문점·제과점·편의점·생활잡화 5% 결제일할인
https://www.card-gorilla.com/card/detail/2278,709,할인,생활,,10000,"생활요금 정기결제 10,000원 이상 결제건별 1,000원 결제일할인"
https://www.card-gorilla.com/card/detail/2279,710,할인,아울렛,10.0,,신세계사이먼 프리미엄 아울렛 10% 결제일할인
https://www.card-gorilla.com/card/detail/2279,710,할인,마트/편의점,7.0,,할인점·슈퍼마켓·편의점 7% 결제일할인
https://www.card-gorilla.com/card/detail/2279,710,할인,카페/디저트,10.0,,커피전문점·제과점 10% 결제일할인
https://www.card-gorilla.com/card/detail/2279,710,할인,배달앱,10.0,,배달앱 10% 결제일할인
https://www.card-gorilla.com/card/detail/2279,710,할인,간편결제,1.0,,"전월 이용금액에 관계없이, 할인한도 없이 온라인 간편결제 1% 결제일할인"
https://www.card-gorilla.com/card/detail/2279,710,할인,해외,1.5,,전월 이용금액에 관계없이 해외 1.5% 결제일할인
https://www.card-gorilla.com/card/detail/2279,710,기타,기타,,,신세계백화점 제휴 서비스
https://www.card-gorilla.com/card/detail/2280,711,적립,적립,,,100만원 상당의 10만 멤버십 리워즈(MR) 매년 적립
https://www.card-gorilla.com/card/detail/2280,711,적립,모든가맹점,,,한도 제한 없는 기본적립/특별적립
https://www.card-gorilla.com/card/detail/2280,711,무료서비스,공항라운지,,,"전 세계 공항라운지 무료 이용서비스 제공
The Centurion® 라운지, Delta Sky Club® 라운지 무료 이용 (Global Lounge Collection)"
https://www.card-gorilla.com/card/detail/2280,711,무료서비스,프리미엄 서비스,,,"메탈 플레이트 기본 제공 (교통카드 기능 탑재)
국내 주요 공항 및 특급호텔 월 5회 무료 발레파킹, Amex THE PLATINUM 서비스"
https://www.card-gorilla.com/card/detail/2280,711,마일리지,항공마일리지,,,멤버십 리워즈(MR)를 10여개 항공사 마일리지로 전환
https://www.card-gorilla.com/card/detail/2280,711,무료서비스,여행/숙박,,,"멤버십 리워즈(MR)를 글로벌 체인 호텔 멤버십 포인트로 전환 또는 전세계 호텔 예약에 사용
글로벌 호텔 체인 멤버십 골드 등급 업그레이드 , 전 세계 호텔/리조트에서 프리미엄 서비스 제공"
https://www.card-gorilla.com/card/detail/2280,711,할인,할인,,,"호텔델리/레스토랑, 패밀리 레스토랑 할인 (아멕스 Be My Guest 서비스)"
https://www.card-gorilla.com/card/detail/2280,711,기타,교통,,,공항 리무진 • 공항철도 서비스
https://www.card-gorilla.com/card/detail/2280,711,무료서비스,카페,,,공항 무료 커피서비스
https://www.card-gorilla.com/card/detail/2280,711,할인,도서,,,공항 Book Store 할인서비스
https://www.card-gorilla.com/card/detail/2281,712,적립,적립,,,30만원 상당의 3만 멤버십 리워즈(MR) 매년 적립
https://www.card-gorilla.com/card/detail/2281,712,적립,모든가맹점,,,한도 제한 없는 기본적립/특별적립
https://www.card-gorilla.com/card/detail/2281,712,무료서비스,공항라운지,,,전 세계 공항라운지 무료 이용서비스 제공
https://www.card-gorilla.com/card/detail/2281,712,무료서비스,프리미엄 서비스,,,"메탈 플레이트 기본 제공(교통카드 기능 탑재)
국내 주요 공항 및 특급호텔 월 5회 무료 발레파킹, Amex PLATINUM ELITE 서비스"
https://www.card-gorilla.com/card/detail/2281,712,마일리지,항공마일리지,,,멤버십 리워즈(MR)를 10여개 항공사 마일리지로 전환
https://www.card-gorilla.com/card/detail/2281,712,적립,여행/숙박,,,"멤버십 리워즈(MR)를 글로벌 체인 호텔 멤버십 포인트로 전환
또는 전세계 호텔 예약에 사용"
https://www.card-gorilla.com/card/detail/2281,712,할인,할인,,,"호텔델리/레스토랑, 패밀리 레스토랑 할인 (아멕스 Be My Guest 서비스)"
https://www.card-gorilla.com/card/detail/2281,712,기타,교통,,,공항 리무진 • 공항철도 서비스
https://www.card-gorilla.com/card/detail/2281,712,무료서비스,카페,,,공항 무료 커피서비스
https://www.card-gorilla.com/card/detail/2281,712,할인,도서,,,공항 Book Store 할인서비스
https://www.card-gorilla.com/card/detail/2282,713,적립,적립,,,최대 10만원 상당의 1만 멤버십 리워즈(MR) 매년 적립
https://www.card-gorilla.com/card/detail/2282,713,적립,모든가맹점,,,한도 제한 없는 기본적립/특별적립
https://www.card-gorilla.com/card/detail/2282,713,무료서비스,공항라운지,,,국내 공항 라운지 연 2회 무료 이용
https://www.card-gorilla.com/card/detail/2282,713,무료서비스,프리미엄 서비스,,,"국내 주요 공항 및 국내 특급호텔 월 2회 무료 발레파킹
Amex PLATINUM ELITE 서비스"
https://www.card-gorilla.com/card/detail/2282,713,마일리지,항공마일리지,,,멤버십 리워즈(MR)를 10여개 항공사 마일리지로 전환
https://www.card-gorilla.com/card/detail/2282,713,적립,여행/숙박,,,"멤버십 리워즈(MR)를 글로벌 체인 호텔 멤버십 포인트로 전환
또는 전세계 호텔 예약에 사용"
https://www.card-gorilla.com/card/detail/2282,713,할인,할인,,,"호텔델리/레스토랑, 패밀리 레스토랑 할인 (아멕스 Be My Guest 서비스)"
https://www.card-gorilla.com/card/detail/2282,713,기타,교통,,,공항 리무진 • 공항철도 서비스
https://www.card-gorilla.com/card/detail/2282,713,무료서비스,카페,,,공항 무료 커피서비스
https://www.card-gorilla.com/card/detail/2282,713,할인,도서,,,공항 Book Store 할인서비스
https://www.card-gorilla.com/card/detail/2283,714,할인,렌터카,,,롯데렌터카 장기렌터카 대여료 자동납부 청구할인 최대 2만5천원
https://www.card-gorilla.com/card/detail/2283,714,할인,주유,,,주유(LPG 충전)/전기차 충전 청구할인 최대 8천원
https://www.card-gorilla.com/card/detail/2283,714,할인,기타,,,주차장 5천원 이상 결제 건당 1천원 할인
https://www.card-gorilla.com/card/detail/2283,714,할인,하이패스,,,후불 하이패스카드 이용금액 1천원 할인
https://www.card-gorilla.com/card/detail/2285,715,캐시백,마트/편의점,,,"CU, GS25, 세븐일레븐, 이마트24, 올리브영 건당 1만원 이상 결제 시, 1천원 캐시백"
https://www.card-gorilla.com/card/detail/2285,715,캐시백,도서,,,"교보문고, 영풍문고, 반디앤루니스 건당 1만원 이상 결제 시, 1천원 캐시백"
https://www.card-gorilla.com/card/detail/2285,715,캐시백,푸드,,,"뚜레쥬르, 파리바게트, 버거킹, 맥도날드, 롯데리아 건당 1만원 이상 결제 시, 1천원 캐시백"
https://www.card-gorilla.com/card/detail/2285,715,캐시백,대중교통,,,"버스, 지하철, 후불교통 이용금액 월 합산 2만원 이상 결제 시, 2천원 캐시백"
https://www.card-gorilla.com/card/detail/2285,715,캐시백,학원,,,"YBM시사(토익 응시료 포함), 해커스어학원 건당 2만원 이상 결제 시, 2천원 캐시백"
https://www.card-gorilla.com/card/detail/2286,716,적립,적립,0.5,,[BASIC] 국내 가맹점 0.5% 무제한 적립
https://www.card-gorilla.com/card/detail/2286,716,적립,적립,2.0,,[LIFE-STYLE] S.T.Y.L.E 가맹점에서 이용한 일시불+할부 이용금액에 대해 2.0% 적립
https://www.card-gorilla.com/card/detail/2286,716,적립,적립,,,[UNIQ LIFE-STYLE] S.T.Y.L.E 중 가장 많이 이용한 영역 한번 더 적립
https://www.card-gorilla.com/card/detail/2286,716,적립,주유,,,"[PLUS] S-OIL, 현대오일뱅크 주유 및 충전시 리터(ℓ)당 60점 적립"
https://www.card-gorilla.com/card/detail/2287,717,할인,쇼핑,10.0,,[MX Black Zone] Shopping Zone 10% 청구 할인
https://www.card-gorilla.com/card/detail/2287,717,할인,푸드,10.0,,[MX Black Zone] Food & Drink Zone 10% 청구 할인
https://www.card-gorilla.com/card/detail/2287,717,할인,기타,10.0,,[MX Black Zone] Mobility Zone 10% 청구 할인
https://www.card-gorilla.com/card/detail/2287,717,무료서비스,기타,,,MX Black Zone 할인서비스 제공 기준
https://www.card-gorilla.com/card/detail/2287,717,적립,적립,1.0,,"모든 가맹점에서 1% M포인트 적립
신차 구매 시 2% M포인트 적립, 주유 시 리터당 80 M포인트 적립"
https://www.card-gorilla.com/card/detail/2287,717,기타,프리미엄 서비스,,,VISA/MasterCard 플래티넘서비스
https://www.card-gorilla.com/card/detail/2287,717,기타,선택형,,,현대카드 MX Black의 특별한 디자인을 소개합니다.
https://www.card-gorilla.com/card/detail/2288,718,할인,쇼핑,5.0,,"신세계백화점, 신세계 아카데미, 시코르닷컴 5% 할인"
https://www.card-gorilla.com/card/detail/2288,718,할인,간편결제,5.0,,"SSG페이, 하나원큐페이, 카카오페이 5% 할인"
https://www.card-gorilla.com/card/detail/2288,718,할인,카페/디저트,20.0,,커피/제과/택시 20% 할인(1만원 이상 결제 건)
https://www.card-gorilla.com/card/detail/2288,718,할인,테마파크,30.0,,놀이공원/워터파크 30% 할인
https://www.card-gorilla.com/card/detail/2288,718,할인,레저/스포츠,30.0,,프로야구/프로축구 30% 할인
https://www.card-gorilla.com/card/detail/2289,719,할인,충전소,50.0,,전기차 충전요금 50%·70% 결제일할인
https://www.card-gorilla.com/card/detail/2289,719,할인,자동차,10.0,,주차장·하이패스·대리운전 10% 결제일 할인
https://www.card-gorilla.com/card/detail/2289,719,할인,보험사,,30000,"현대해상 다이렉트 자동차보험 보험료 30만원 이상 결제 시 30,000원 결제일할인"
https://www.card-gorilla.com/card/detail/2289,719,할인,배달앱,10.0,,배달앱 10% 결제일할인
https://www.card-gorilla.com/card/detail/2289,719,할인,디지털구독,20.0,,스트리밍 이용료 정기결제 시 20% 결제일할인
https://www.card-gorilla.com/card/detail/2289,719,할인,해외,1.0,,"전월 이용금액에 관계없이, 할인한도 없이 해외 1% 결제일할인"
https://www.card-gorilla.com/card/detail/2289,719,할인,선택형,50.0,,미래지향적 라이프스타일-친환경 소재(Recycling-PVC)를 50% 이상 사용한 삼성 iD EV 카드
https://www.card-gorilla.com/card/detail/2290,720,할인,주유소,,10000,"주유 10,000원 결제일할인"
https://www.card-gorilla.com/card/detail/2290,720,할인,대중교통,10.0,,대중교통·택시·전기차 충전요금 10% 결제일할인
https://www.card-gorilla.com/card/detail/2290,720,할인,자동차,10.0,,주차장·대리운전 10% 결제일할인
https://www.card-gorilla.com/card/detail/2290,720,할인,기타,10.0,,고속도로 통행료 10% 결제일할인
https://www.card-gorilla.com/card/detail/2290,720,할인,카페,30.0,,스타벅스 드라이브 스루 30% 결제일할인
https://www.card-gorilla.com/card/detail/2290,720,무료서비스,자동차,,,"엔진오일(오일필터/에어클리너 포함) 교환 시 2만원 현장할인(연 2회)
차량 안전점검/타이어 펑크 수리/타이어 위치 교환 무료(연1회)"
https://www.card-gorilla.com/card/detail/2290,720,할인,선택형,50.0,,미래지향적 라이프스타일-친환경 소재(Recycling-PVC)를 50% 이상 사용한 삼성 iD ENERGY 카드
https://www.card-gorilla.com/card/detail/2291,721,적립,적립,,,"15,000 메리어트 본보이™ 포인트 제공 (연회비 주기 내 1백만원 이상)"
https://www.card-gorilla.com/card/detail/2291,721,적립,적립,,,이용 금액에 따른 메리어트 본보이™ 포인트 적립(최대 4포인트)
https://www.card-gorilla.com/card/detail/2291,721,적립,적립,,,연회비 주기 내 이용 실적에 따른 메리어트 본보이™ 보너스 포인트 적립 (연회비 주기 내 5백만원 이상)
https://www.card-gorilla.com/card/detail/2291,721,기타,프리미엄 서비스,,,메리어트 본보이™ 엘리트 멤버십 제공 (연회비 주기 내 2천만원 이상)
https://www.card-gorilla.com/card/detail/2291,721,기타,호텔,,,메리어트 본보이™ 엘리트 숙박 크레딧 제공 (연회비 주기 내 1천만원 이상)
https://www.card-gorilla.com/card/detail/2291,721,무료서비스,호텔,,,국내 메리어트 참여 호텔 라운지 무료 음료 서비스 (전월실적 30만원 이상)
https://www.card-gorilla.com/card/detail/2291,721,무료서비스,공항라운지,,,The Lounge Members 모바일 앱을 통한 전세계 공항 라운지 무료 이용 (전월실적 30만원 이상)
https://www.card-gorilla.com/card/detail/2292,722,기타,비즈니스,,,"사업지원서비스 2.0
현대카드 앱에서 누리는 사업지원서비스 토탈 패키지"
https://www.card-gorilla.com/card/detail/2292,722,할인,비즈니스,1.5,,사업성 경비 영역에서 이용 시 1.5% 할인
https://www.card-gorilla.com/card/detail/2292,722,할인,모든가맹점,0.7,,모든 가맹점에서 이용 시 0.7% 할인
https://www.card-gorilla.com/card/detail/2292,722,무이자할부,기타,,,"사업구매전용 플레이트(2021. 11. 25 ~ 2022. 11. 24)
모든 가맹점에서 2~3개월 할부 결제 시 무이자 혜택 제공"
https://www.card-gorilla.com/card/detail/2293,723,기타,비즈니스,,,"사업지원서비스 2.0
현대카드 앱에서 누리는 사업지원서비스 토탈 패키지"
https://www.card-gorilla.com/card/detail/2293,723,할인,비즈니스,1.5,,사업성 경비 영역에서 이용 시 1.5% 할인
https://www.card-gorilla.com/card/detail/2293,723,할인,모든가맹점,0.7,,모든 가맹점에서 이용 시 0.7% 할인
https://www.card-gorilla.com/card/detail/2293,723,무이자할부,기타,,,"사업구매전용 플레이트(2021. 11. 25 ~ 2022. 11. 24)
모든 가맹점에서 2~3개월 할부 결제 시 무이자 혜택 제공"
https://www.card-gorilla.com/card/detail/2294,724,기타,비즈니스,,,"사업지원서비스 2.0
현대카드 앱에서 누리는 사업지원서비스 토탈 패키지"
https://www.card-gorilla.com/card/detail/2294,724,할인,비즈니스,1.5,,사업성 경비 영역에서 이용 시 1.5% 할인
https://www.card-gorilla.com/card/detail/2294,724,할인,모든가맹점,0.7,,모든 가맹점에서 이용 시 0.7% 할인
https://www.card-gorilla.com/card/detail/2296,725,마일리지,디지털구독,100.0,,"멤버십(네이버플러스 멤버십, 쿠팡 로켓와우, 마켓컬리 컬리패스, 스마일클럽, 요기요 요기패스) 100% 할인"
https://www.card-gorilla.com/card/detail/2296,725,할인,간편결제,10.0,,온라인 간편결제 10% 청구할인
https://www.card-gorilla.com/card/detail/2296,725,할인,편의점,5.0,,편의점 5% 청구할인
https://www.card-gorilla.com/card/detail/2296,725,할인,대중교통,5.0,,대중교통 5% 청구할인
https://www.card-gorilla.com/card/detail/2297,726,할인,쇼핑,50.0,,"패션플랫폼(지그재그, 무신사, 브랜디, 에이블리) 50% 청구할인"
https://www.card-gorilla.com/card/detail/2297,726,할인,간편결제,10.0,,온라인 간편결제 10% 청구할인
https://www.card-gorilla.com/card/detail/2297,726,할인,편의점,5.0,,편의점 5% 청구할인
https://www.card-gorilla.com/card/detail/2297,726,할인,대중교통,5.0,,대중교통 5% 청구할인
https://www.card-gorilla.com/card/detail/2298,727,할인,디지털구독,100.0,,OTT 플랫폼 100% 청구할인
https://www.card-gorilla.com/card/detail/2298,727,할인,간편결제,10.0,,온라인 간편결제 10% 청구할인
https://www.card-gorilla.com/card/detail/2298,727,할인,편의점,5.0,,편의점 5% 청구할인
https://www.card-gorilla.com/card/detail/2298,727,할인,대중교통,5.0,,대중교통 5% 청구할인
https://www.card-gorilla.com/card/detail/2299,728,할인,배달앱,50.0,,"배달앱(배달의민족, 요기요, 쿠팡이츠, 마켓컬리) 50% 청구할인"
https://www.card-gorilla.com/card/detail/2299,728,할인,간편결제,10.0,,온라인 간편결제 10% 청구할인
https://www.card-gorilla.com/card/detail/2299,728,할인,편의점,5.0,,편의점 5% 청구할인
https://www.card-gorilla.com/card/detail/2299,728,할인,대중교통,5.0,,대중교통 5% 청구할인
https://www.card-gorilla.com/card/detail/2300,729,적립,모든가맹점,0.5,,국내외 전 가맹점 0.5% 하나머니 적립
https://www.card-gorilla.com/card/detail/2300,729,적립,간편결제,1.0,,"페이결제 건 1% 하나머니 적립
페이결제 추가 하나머니 적립 0.5%"
https://www.card-gorilla.com/card/detail/2300,729,적립,쇼핑,5.0,,"백화점, 홈쇼핑, 마트 5% 하나머니 적립"
https://www.card-gorilla.com/card/detail/2300,729,적립,쇼핑,5.0,,"패션, 명품 5% 하나머니 적립"
https://www.card-gorilla.com/card/detail/2300,729,적립,주유,5.0,,"주유 5% 하나머니 적립
EV충전 20% 하나머니 적립"
https://www.card-gorilla.com/card/detail/2300,729,적립,교육/육아,5.0,,"학원, 헬스장 / 수영장 5% 하나머니 적립"
https://www.card-gorilla.com/card/detail/2300,729,적립,골프,10.0,,골프장 / 골프연습장 / 스크린골프 / 카카오골프 10% 하나머니 적립
https://www.card-gorilla.com/card/detail/2300,729,적립,여행/숙박,10.0,,"숙박, 고속철도, 항공 10% 하나머니 적립"
https://www.card-gorilla.com/card/detail/2300,729,적립,병원/약국,10.0,,"병원, 동물병원 10% 하나머니 적립"
https://www.card-gorilla.com/card/detail/2301,730,할인,APP,2.0,,ONEstore(원스토어) 2% 할인
https://www.card-gorilla.com/card/detail/2301,730,할인,게임,5.0,,PC게임방 5% 할인
https://www.card-gorilla.com/card/detail/2301,730,할인,배달앱,5.0,,"배달의 민족, 요기요, 쿠팡이츠 5% 할인"
https://www.card-gorilla.com/card/detail/2302,731,캐시백,디지털구독,,9900,"우주패스 구독료 캐시백 서비스
최대 9,900원 캐시백"
https://www.card-gorilla.com/card/detail/2302,731,적립,생활,5.0,,"할인점, 온라인쇼핑 이용 시 5% 적립
생활친화업종 이용 시 10% 적립"
https://www.card-gorilla.com/card/detail/2304,732,적립,적립,,,"[기본 적립서비스]
국내외가맹점 5천원 이상 결제 시 1천원 미만 금액 마이신한포인트 적립"
https://www.card-gorilla.com/card/detail/2304,732,적립,적립,,,"[추가 적립서비스]
요식업종 / 배달앱 / 온라인마켓 이용건별 마이신한포인트 정액 적립(신한pLay앱을 통한 결제 시 건당 100포인트 추가 적립)"
https://www.card-gorilla.com/card/detail/2304,732,적립,금융,,,"[적립포인트 투자 서비스]
신한은행 달러 예금 계좌 혜택: 마이신한포인트 외화체인지업 계좌 입금 시 환전수수료 면제(USD 계좌에 한함)"
https://www.card-gorilla.com/card/detail/2304,732,기타,선택형,,,원하는 플레이트 디자인 선택 가능
https://www.card-gorilla.com/card/detail/2306,733,적립,적립,2.0,,L.POINT 최대 2% 적립
https://www.card-gorilla.com/card/detail/2306,733,기타,디지털구독,,,클럽롤라 서비스
https://www.card-gorilla.com/card/detail/2307,734,적립,적립,0.2,,전국 가맹점에서 롯데카드 제공 L.POINT 0.2% 적립
https://www.card-gorilla.com/card/detail/2307,734,적립,주유소,,,SK주유소(LPG 제외)에서 리터당 50포인트 SK주유포인트 적립
https://www.card-gorilla.com/card/detail/2307,734,기타,디지털구독,,,클럽롤라 서비스
https://www.card-gorilla.com/card/detail/2308,735,할인,게임,10.0,,[로스트아크 모험가 전용 혜택] 로스트아크 모험가를 위한 로열 크리스탈 10% 청구할인
https://www.card-gorilla.com/card/detail/2308,735,할인,할인,0.5,,"[기본 혜택] 전월실적 조건 없이 국내외 가맹점 0.5%, 국내 온라인 가맹점 1.5% 청구할인"
https://www.card-gorilla.com/card/detail/2309,736,할인,디지털구독,,,카카오 구독ON 1만원 청구할인
https://www.card-gorilla.com/card/detail/2309,736,할인,디지털구독,50.0,,카카오 MY구독 카카오 이모티콘 플러스/ 톡서랍 플러스 50% 청구할인
https://www.card-gorilla.com/card/detail/2309,736,할인,디지털구독,10.0,,"넷플릭스, 유튜브 프리미엄, 웨이브, 티빙, 멜론 구독 10% 청구할인"
https://www.card-gorilla.com/card/detail/2311,737,기타,혜택 프로모션,,,1만원 이상 결제마다 럭키권 2장씩 발급
https://www.card-gorilla.com/card/detail/2311,737,할인,카페/디저트,15.0,,커피빈 15% 할인
https://www.card-gorilla.com/card/detail/2311,737,캐시백,마트/편의점,10.0,,"GS25, 세븐일레븐 10% 캐시백"
https://www.card-gorilla.com/card/detail/2311,737,캐시백,기타,3.0,,단골 매장 3% 캐시백
https://www.card-gorilla.com/card/detail/2312,738,기타,혜택 프로모션,,,1만원이상 결제시 럭키권 1장 발급
https://www.card-gorilla.com/card/detail/2312,738,할인,카페,15.0,,커피빈 15% 할인
https://www.card-gorilla.com/card/detail/2312,738,캐시백,편의점,10.0,,"GS25, 세븐일레븐 10% 캐시백"
https://www.card-gorilla.com/card/detail/2312,738,캐시백,기타,3.0,,단골 매장 3% 캐시백
https://www.card-gorilla.com/card/detail/2315,739,캐시백,무실적,0.3,,무조건 0.3% 캐시백 제공
https://www.card-gorilla.com/card/detail/2315,739,무료서비스,해외직구,,,해외 결제수수료 무료
https://www.card-gorilla.com/card/detail/2315,739,무료서비스,수수료우대,,,해외ATM 이용수수료 무료
https://www.card-gorilla.com/card/detail/2315,739,기타,선택형,,,두가지 플레이트 선택 가능
https://www.card-gorilla.com/card/detail/2316,740,캐시백,대중교통,2.0,,대중교통 2% 캐시백
https://www.card-gorilla.com/card/detail/2316,740,기타,NU 오하쳌(오늘하루체크),,,우리카드
https://www.card-gorilla.com/card/detail/2317,741,기타,캐시백,,,"차이로 쌓은 번개, 헤택 받을 준비 끝!
결제할 때마다 번개를 모아요"
https://www.card-gorilla.com/card/detail/2318,742,적립,적립,1.0,,이용 실적에 따라 최대 1% 적립
https://www.card-gorilla.com/card/detail/2318,742,기타,기타,,,"내 소비생활의 중심 핀크계좌 + 핀크카드
AI핀고의정확한 소비 분석"
https://www.card-gorilla.com/card/detail/2318,742,기타,선택형,,,"디자인 선택의 즐거움 망설이다 품절주의!
핀크에만 있는 한정판 디자인"
https://www.card-gorilla.com/card/detail/2322,743,기타,대중교통,,,"전국 버스, 지하철 사용 가능"
https://www.card-gorilla.com/card/detail/2322,743,할인,공과금,30.0,,30% 소득공제 혜택
https://www.card-gorilla.com/card/detail/2322,743,기타,온라인쇼핑,,,온라인 쇼핑몰 이용 가능
https://www.card-gorilla.com/card/detail/2323,744,기타,대중교통,,,교통카드 사용 가능
https://www.card-gorilla.com/card/detail/2323,744,할인,공과금/렌탈,30.0,,30% 소득공제 혜택 제공
https://www.card-gorilla.com/card/detail/2324,745,할인,비즈니스,1.5,,"4대 사회보험, 도시가스요금, 전기요금, 할인점, 온라인쇼핑몰, 식자재몰, 해외 1.5% 결제 할인"
https://www.card-gorilla.com/card/detail/2324,745,할인,모든가맹점,0.5,,국내 가맹점 0.5% 결제일할인
https://www.card-gorilla.com/card/detail/2324,745,할인,생활,3.0,,주유·전기차 충전요금·이동통신·인터넷/유선통신·렌탈·보안·방역 3% 결제일할인
https://www.card-gorilla.com/card/detail/2324,745,기타,공과금/렌탈,,,세무지원 서비스
https://www.card-gorilla.com/card/detail/2324,745,기타,선택형,,,원하는 플레이트 디자인 선택 가능
https://www.card-gorilla.com/card/detail/2325,746,할인,온라인쇼핑,10.0,,프레딧 10% 청구 할인
https://www.card-gorilla.com/card/detail/2325,746,할인,카페/디저트,10.0,,"스타벅스, 파리바게뜨, 뚜레쥬르 10% 청구 할인"
https://www.card-gorilla.com/card/detail/2325,746,할인,간편결제,3.0,,"네이버페이, 카카오페이에 카드 등록 및 결제 건 3% 청구 할인"
https://www.card-gorilla.com/card/detail/2325,746,할인,통신,5.0,,"SKT, KT, LG U+ 통신요금 자동이체 5% 청구 할인"
https://www.card-gorilla.com/card/detail/2325,746,할인,모든가맹점,0.5,,국내외 전 가맹점 0.5% 청구 할인
https://www.card-gorilla.com/card/detail/2326,747,적립,해피포인트,35.0,,해피포인트 가맹점 이용시 해피포인트 최대 35% 적립
https://www.card-gorilla.com/card/detail/2326,747,적립,생활,5.0,,"학원, 골프/골프연습장, 약국, 미용실 5% 적립"
https://www.card-gorilla.com/card/detail/2326,747,적립,디지털구독,10.0,,"넷플릭스, 웨이브, 멜론, 지니 10% 해피포인트 적립"
https://www.card-gorilla.com/card/detail/2326,747,적립,선택형,,,해피포인트 해피리워드 카드 디자인 선택
https://www.card-gorilla.com/card/detail/2327,748,마일리지,모든가맹점,,,[대한항공 마일리지]국내 및 해외 가맹점 대한항공 1마일 기본 적립
https://www.card-gorilla.com/card/detail/2327,748,마일리지,해외이용,,,"[대한항공 마일리지]해외 이용(직구, 온라인 포함) 대한항공 1마일 추가 적립"
https://www.card-gorilla.com/card/detail/2327,748,마일리지,면세점,,,[대한항공 마일리지]면세점 업종 1마일 대한항공 추가 적립
https://www.card-gorilla.com/card/detail/2327,748,무료서비스,공항라운지,,,[티타늄 전용 서비스] 공항 라운지 무료이용 서비스
https://www.card-gorilla.com/card/detail/2327,748,무료서비스,공항,,,[티타늄 전용 서비스] 인천공항 무료 발레파킹 서비스
https://www.card-gorilla.com/card/detail/2327,748,무료서비스,호텔,,,[티타늄 전용 서비스] 국내 호텔 무료 발레파킹 서비스
https://www.card-gorilla.com/card/detail/2327,748,기타,프리미엄,,,[티타늄 전용 서비스] Master 티타늄 공통서비스
https://www.card-gorilla.com/card/detail/2327,748,무료서비스,공항라운지,,,[K-WORLD/국내전용 티타늄 서비스] 공항 라운지 무료 입장
https://www.card-gorilla.com/card/detail/2327,748,무료서비스,공항,,,[K-WORLD/국내전용 티타늄 서비스] 인천공항 무료 발레파킹 서비스
https://www.card-gorilla.com/card/detail/2327,748,무료서비스,호텔,,,[K-WORLD/국내전용 티타늄 서비스] 국내 호텔 무료 발레파킹 서비스
https://www.card-gorilla.com/card/detail/2329,749,캐시백,금융,0.6,,전월 실적 없이 최대 0.6% 무제한 캐시백
https://www.card-gorilla.com/card/detail/2330,750,할인,공과금,10.0,,[생활업종]아파트관리비 10% 할인
https://www.card-gorilla.com/card/detail/2330,750,할인,공과금,10.0,,"[생활업종]공과금(도시가스비, 전기료) 10% 할인"
https://www.card-gorilla.com/card/detail/2330,750,할인,대중교통,10.0,,[생활업종]대중교통 10% 할인
https://www.card-gorilla.com/card/detail/2330,750,할인,통신,10.0,,"[생활업종]SKT, KT, LG U+ 10% 할인"
https://www.card-gorilla.com/card/detail/2330,750,할인,배달앱,10.0,,"[생활업종]배달의 민족, 요기요, 쿠팡이츠 10% 할인"
https://www.card-gorilla.com/card/detail/2330,750,할인,보험사,10.0,,"[생활업종]생명보험, 손해보험 10% 할인"
https://www.card-gorilla.com/card/detail/2330,750,할인,학습지,10.0,,[생활업종]학습지 10% 할인
https://www.card-gorilla.com/card/detail/2330,750,할인,디지털구독,,1500,"[생활업종]넷플릭스, 유튜브, 왓챠, 멜론, 지니뮤직, 디즈니 플러스 1,500원 할인"
https://www.card-gorilla.com/card/detail/2330,750,무이자할부,무이자할부,,,국내 가맹점 2~3개월 무이자 할부
https://www.card-gorilla.com/card/detail/2331,751,적립,배달앱,10.0,,땡겨요앱 이용금액 마이신한포인트 10% 적립
https://www.card-gorilla.com/card/detail/2331,751,적립,편의점,5.0,,편의점 이용금액 마이신한포인트 5% 적립
https://www.card-gorilla.com/card/detail/2332,752,할인,생활,10.0,,세탁소 10% 할인
https://www.card-gorilla.com/card/detail/2332,752,할인,기타,10.0,,정육점 10% 할인
https://www.card-gorilla.com/card/detail/2332,752,할인,SSM,5.0,,슈퍼마켓 5% 할인
https://www.card-gorilla.com/card/detail/2332,752,할인,기타,5.0,,반찬가게 5% 할인
https://www.card-gorilla.com/card/detail/2332,752,할인,기타,5.0,,야채과일가게 5% 할인
https://www.card-gorilla.com/card/detail/2332,752,할인,기타,5.0,,번개장터(번개페이) 5% 할인
https://www.card-gorilla.com/card/detail/2332,752,기타,선택형,,,카드 디자인 선택 가능
https://www.card-gorilla.com/card/detail/2333,753,적립,배달앱,10.0,,땡겨요 앱 이용금액 마이신한포인트 10% 적립
https://www.card-gorilla.com/card/detail/2333,753,적립,카페,2.0,,스타벅스 이용금액 마이신한포인트 2% 적립
https://www.card-gorilla.com/card/detail/2333,753,적립,편의점,2.0,,편의점 이용금액 마이신한포인트 2% 적립
https://www.card-gorilla.com/card/detail/2334,754,적립,모든가맹점,0.2,,전가맹점 이용금액 마이신한포인트 0.2% 적립
https://www.card-gorilla.com/card/detail/2334,754,적립,주유소,0.2,,주유소 이용금액 마이신한포인트 0.2% 추가 적립
https://www.card-gorilla.com/card/detail/2334,754,적립,편의점,0.2,,편의점 이용금액 마이신한포인트 0.2% 추가 적립
https://www.card-gorilla.com/card/detail/2335,755,할인,해피포인트,,1000,"[Reward ON]
해피오더/해피마켓/해피페이 결제 시 1,000원 환급할인"
https://www.card-gorilla.com/card/detail/2335,755,할인,해피포인트,,1000,"[Reward OFF]
해피가맹점(파리바게뜨, 던킨도너츠, 배스킨라빈스, 파스쿠찌) 결제 시 1,000원 환급할인"
https://www.card-gorilla.com/card/detail/2338,756,적립,대중교통,5.0,,대중교통(버스/지하철) 이용 시 최대 5% 적립
https://www.card-gorilla.com/card/detail/2338,756,적립,생활,2.0,,생활편의영역 이용 시 최대 2% 적립
https://www.card-gorilla.com/card/detail/2338,756,적립,해외,1.3,,해외 이용금액에 대해 1.3% 적립
https://www.card-gorilla.com/card/detail/2340,757,할인,온라인쇼핑,7.0,,"[온라인] 쿠팡, G마켓, 옥션 7% 청구할인"
https://www.card-gorilla.com/card/detail/2340,757,마일리지,온라인쇼핑,7.0,,"[온라인] 로켓와우, 스마일클럽 멤버십 7% 청구할인"
https://www.card-gorilla.com/card/detail/2340,757,할인,드럭스토어,7.0,,[라이프] H&B 스토어 7% 청구할인
https://www.card-gorilla.com/card/detail/2340,757,할인,디지털구독,7.0,,[라이프] 디지털구독 7% 청구할인
https://www.card-gorilla.com/card/detail/2340,757,할인,편의점,7.0,,[라이프] 편의점 7% 청구할인
https://www.card-gorilla.com/card/detail/2342,758,캐시백,카페,20.0,,투썸플레이스 20% 캐시백
https://www.card-gorilla.com/card/detail/2342,758,기타,카페,,,투썸플레이스 추가 혜택
https://www.card-gorilla.com/card/detail/2342,758,캐시백,디지털구독,,,OTT 1천원 캐시백
https://www.card-gorilla.com/card/detail/2342,758,기타,선택형,,,카드 플레이트 선택 가능
https://www.card-gorilla.com/card/detail/2343,759,적립,간편결제,2.0,,간편결제(Pay) 이용 시 최대 2% 적립
https://www.card-gorilla.com/card/detail/2343,759,적립,생활,2.0,,생활편의영역 이용 시 최대 2% 적립
https://www.card-gorilla.com/card/detail/2343,759,적립,해외,1.3,,해외 이용금액에 대해 1.3% 적립
https://www.card-gorilla.com/card/detail/2343,759,기타,선택형,,,카드 플레이트 선택 가능
https://www.card-gorilla.com/card/detail/2349,760,할인,선택형,30.0,,"[맞춤혜택] 옵션 서비스 1(Needs & Identity Option)
온라인패션·오늘의집 30% 할인 / 스타벅스 50%, 교보문고·스트리밍 30% 할인"
https://www.card-gorilla.com/card/detail/2349,760,할인,선택형,7.0,,"[맞춤혜택] 옵션 서비스 2(My Shopping Otion)
온라인쇼핑몰 / 편의점·다이소·올리브영 / 해외 7% 할인"
https://www.card-gorilla.com/card/detail/2349,760,할인,생활,10.0,,이동통신요금·아파트 관리비 10% 결제일 할인
https://www.card-gorilla.com/card/detail/2349,760,할인,교통,10.0,,대중교통·택시 10% 결제일 할인
https://www.card-gorilla.com/card/detail/2349,760,할인,배달앱,10.0,,배달앱 10% 결제일 할인
https://www.card-gorilla.com/card/detail/2349,760,기타,선택형,,,내 마음대로 고르는 디자인
https://www.card-gorilla.com/card/detail/2352,761,적립,마트/편의점,3.0,,GS가맹점 최대 3% GS&POINT 적립
https://www.card-gorilla.com/card/detail/2352,761,적립,모든가맹점,0.7,,국내 전 가맹점 0.7% GS&POINT 적립
https://www.card-gorilla.com/card/detail/2352,761,무료서비스,기타,,,GS POP서비스 제공
https://www.card-gorilla.com/card/detail/2353,762,적립,모든가맹점,1.8,,국내 전 가맹점 1~1.8% 포인트적립
https://www.card-gorilla.com/card/detail/2353,762,적립,해외,3.0,,해외 전 가맹점 3% 포인트적립
https://www.card-gorilla.com/card/detail/2353,762,적립,적립,,,"보너스 포인트 20,000점 적립"
https://www.card-gorilla.com/card/detail/2353,762,무료서비스,공항라운지,,,[The Premium] 전세계 공항라운지 무료 이용
https://www.card-gorilla.com/card/detail/2353,762,무료서비스,대중교통,,,[The Premium] K리무진 버스 무료 이용
https://www.card-gorilla.com/card/detail/2353,762,기타,골프,,,[The Premium] 골프 서비스
https://www.card-gorilla.com/card/detail/2353,762,무료서비스,호텔,,,[The Premium] 전국 부티크 호텔 무료 브런치 제공
https://www.card-gorilla.com/card/detail/2354,763,할인,모든가맹점,0.5,,국내 가맹점 0.5%할인
https://www.card-gorilla.com/card/detail/2354,763,할인,모든가맹점,0.3,,국내 가맹점 우리페이 결제시 0.3% 추가할인
https://www.card-gorilla.com/card/detail/2354,763,할인,소셜커머스,1.5,,"[LIVING] 쿠팡, G마켓, 11번가 1.5% 할인"
https://www.card-gorilla.com/card/detail/2354,763,할인,배달앱,1.5,,"[LIVING] 배달의민족, B마트, 쿠팡이츠 1.5% 할인"
https://www.card-gorilla.com/card/detail/2354,763,할인,대형마트,1.5,,"[LIVING] 이마트, 롯데마트, 홈플러스 1.5% 할인"
https://www.card-gorilla.com/card/detail/2354,763,할인,교통,1.5,,"[LIVING] 대중교통, 택시, 전기차, 주유 1.5% 할인"
https://www.card-gorilla.com/card/detail/2354,763,적립,적립,1.5,,[UNIQ LIVING] 1.5% 한번 더 적립
https://www.card-gorilla.com/card/detail/2354,763,할인,디지털구독,5.0,,"[ENJOY] 넷플릭스, 유튜브 프리미엄, 멜론, 디즈니플러스 5% 할인"
https://www.card-gorilla.com/card/detail/2354,763,할인,카페,5.0,,"[ENJOY] 스타벅스, 투썸플레이스, 폴바셋, 이디야, 커피빈, 탐앤탐스, 카페베네, 할리스, 엔제리너스 5% 할인"
https://www.card-gorilla.com/card/detail/2355,764,할인,테마파크,10.0,,[레고랜드] 레고랜드 리조트 10% 청구할인
https://www.card-gorilla.com/card/detail/2355,764,할인,푸드,10.0,,[배달간식] 배달앱/커피/제과/패스트푸드 10% 청구할인
https://www.card-gorilla.com/card/detail/2355,764,할인,기타,5.0,,[쇼핑교육] 대형마트/온라인쇼핑/소셜커머스/교육 5% 청구할인
https://www.card-gorilla.com/card/detail/2355,764,할인,APP,5.0,,[KB Pay온라인쇼핑] KB Pay 온라인쇼핑 결제 5% 청구할인
https://www.card-gorilla.com/card/detail/2355,764,캐시백,해외,5.0,,[해외이용] 해외 가맹점 이용 5% 캐시백
https://www.card-gorilla.com/card/detail/2356,765,할인,테마파크,5.0,,레고랜드 코리아 5% 환급할인
https://www.card-gorilla.com/card/detail/2356,765,할인,대중교통,10.0,,대중교통(버스/지하철) 10% 환급할인
https://www.card-gorilla.com/card/detail/2356,765,할인,통신,,2500,"SKT, KT, LGU+, LiivM 2,500원 환급할인"
https://www.card-gorilla.com/card/detail/2356,765,할인,디지털구독,5.0,,"멜론, 지니, 넷플릭스, 웨이브 5% 환급할인"
https://www.card-gorilla.com/card/detail/2356,765,할인,카페,20.0,,스타벅스 20% 환급할인
https://www.card-gorilla.com/card/detail/2356,765,할인,도서,5.0,,교보문고 5% 환급할인
https://www.card-gorilla.com/card/detail/2356,765,할인,편의점,5.0,,GS25 5% 환급할인
https://www.card-gorilla.com/card/detail/2357,766,할인,테마파크,30.0,,레고랜드 리조트 30% 청구할인
https://www.card-gorilla.com/card/detail/2357,766,할인,기타,10.0,,레고/완구 구매 10% 청구할인
https://www.card-gorilla.com/card/detail/2357,766,할인,쇼핑,10.0,,백화점/대형마트 10% 청구할인
https://www.card-gorilla.com/card/detail/2357,766,할인,배달앱,10.0,,배달앱 10% 청구할인
https://www.card-gorilla.com/card/detail/2357,766,할인,디지털구독,20.0,,구독서비스 20% 청구할인
https://www.card-gorilla.com/card/detail/2357,766,할인,간편결제,10.0,,KB Pay 결제 10% 청구할인
https://www.card-gorilla.com/card/detail/2357,766,캐시백,해외이용,10.0,,해외 가맹점 이용 10% 캐시백
https://www.card-gorilla.com/card/detail/2357,766,적립,프리미엄 서비스,,,[리워드 서비스] 웰컴 레고랜드 포인트리 7만점 적립
https://www.card-gorilla.com/card/detail/2357,766,적립,프리미엄 서비스,,,[리워드 서비스] 레고랜드 포인트리 8만점 적립
https://www.card-gorilla.com/card/detail/2358,767,할인,학원,10.0,,교육 10% 결제일할인
https://www.card-gorilla.com/card/detail/2358,767,할인,공과금,,5000,"아파트 관리비 5,000원 결제일할인"
https://www.card-gorilla.com/card/detail/2358,767,할인,온라인쇼핑,50.0,,온라인쇼핑몰 멤버십 50% 결제일할인
https://www.card-gorilla.com/card/detail/2358,767,할인,배달앱,5.0,,배달앱 5% 결제일 할인
https://www.card-gorilla.com/card/detail/2358,767,할인,해외,1.5,,해외 1.5% 결제일 할인
https://www.card-gorilla.com/card/detail/2358,767,기타,선택형,,,카드 디자인 소개
https://www.card-gorilla.com/card/detail/2359,768,적립,주유소,,,현대오빌뱅크/SK에너지 우대 주유소 25~85 포인트 적립
https://www.card-gorilla.com/card/detail/2359,768,적립,모든가맹점,0.2,,일반 가맹점 이용 시 0.2% 블루멤버스 포인트 적립
https://www.card-gorilla.com/card/detail/2359,768,적립,멤버십포인트,1.5,,현대자동차 신차 구매 시 1.5% 블루멤버스 포인트 적립
https://www.card-gorilla.com/card/detail/2359,768,기타,정비,,,[제휴서비스] Bluemembers 멤버십 서비스
https://www.card-gorilla.com/card/detail/2359,768,기타,선택형,,,카드 플레이트 선택 가능
https://www.card-gorilla.com/card/detail/2360,769,할인,테마파크,10.0,,"[지역 특화 서비스]롯데월드 부산, 스카이라인루지 부산 10% 할인"
https://www.card-gorilla.com/card/detail/2360,769,할인,경기관람,10.0,,[지역 특화 서비스] 롯데자이언츠 관람권 10% 할인
https://www.card-gorilla.com/card/detail/2360,769,할인,쇼핑,5.0,,[지역 특화 서비스] 오프라인 쇼핑 5% 할인
https://www.card-gorilla.com/card/detail/2360,769,할인,온라인쇼핑,5.0,,[지역 특화 서비스] 온라인 쇼핑 5% 할인
https://www.card-gorilla.com/card/detail/2361,770,캐시백,모든가맹점,0.5,,모든 가맹점 0.5% 기본 캐시백
https://www.card-gorilla.com/card/detail/2361,770,캐시백,모든가맹점,1.0,,"전월 실적 충족하면, 모든 가맹점 1% 특별캐시백"
https://www.card-gorilla.com/card/detail/2361,770,캐시백,간편결제,50.0,,"[라이프 가맹점] 페이, 스트리밍, 배달 등 최대 50% 캐시백"
https://www.card-gorilla.com/card/detail/2361,770,기타,프리미엄,,,Master / AMEX Platinum Service
https://www.card-gorilla.com/card/detail/2361,770,기타,선택형,,,카드 플레이트 선택 가능
https://www.card-gorilla.com/card/detail/2363,771,할인,디지털구독,,7900,"wavve 월 이용권 7,900원 청구할인"
https://www.card-gorilla.com/card/detail/2363,771,할인,푸드,10.0,,식음료 10% 청구할인
https://www.card-gorilla.com/card/detail/2363,771,할인,디지털구독,20.0,,멤버십 정기구독 20% 청구할인
https://www.card-gorilla.com/card/detail/2363,771,할인,생활,5.0,,자기관리(미용/스포츠) 5% 청구할인
https://www.card-gorilla.com/card/detail/2364,772,할인,교통,10.0,,대중교통·택시 10% 결제일할인
https://www.card-gorilla.com/card/detail/2364,772,할인,통신,10.0,,이동통신·스트리밍 10% 결제일할인
https://www.card-gorilla.com/card/detail/2364,772,할인,카페/디저트,10.0,,커피전문점·편의점 10% 결제일할인
https://www.card-gorilla.com/card/detail/2364,772,할인,기타,1.5,,해외·항공·철도 1.5% 결제일 할인
https://www.card-gorilla.com/card/detail/2364,772,기타,선택형,,,카드디자인 소개
https://www.card-gorilla.com/card/detail/2365,773,할인,통신,,15000,"[자동이체 청구할인] 통신요금 자동이체 최대 15,000원 청구할인"
https://www.card-gorilla.com/card/detail/2365,773,할인,렌탈,,15000,"[자동이체 청구할인] 렌탈요금 자동이체 최대 15,000원 청구할인"
https://www.card-gorilla.com/card/detail/2365,773,할인,보험사,,15000,"[자동이체 청구할인] 손해/생명보험사 자동이체 최대 15,000원 청구할인"
https://www.card-gorilla.com/card/detail/2365,773,할인,기타,,15000,"[자동이체 청구할인] 기타 자동이체 가맹점 최대 15,000원 청구할인"
https://www.card-gorilla.com/card/detail/2365,773,기타,우리 K-패스 (COOKIE CHECK),,,우리카드
https://www.card-gorilla.com/card/detail/2369,774,적립,해피포인트,10.0,,해피포인트 가맹점에서 10% 해피포인트 적립
https://www.card-gorilla.com/card/detail/2369,774,적립,생활,5.0,,"일상 가맹점, 업종에서 5% 해피포인트 적립"
https://www.card-gorilla.com/card/detail/2369,774,적립,모든가맹점,0.5,,국내외 온·오프라인 가맹점에서 최대 0.5% 해피포인트 적립
https://www.card-gorilla.com/card/detail/2369,774,적립,멤버십포인트,5.0,,"해피포인트 멤버십 서비스
해피포인트 가맹점 이용 시 5% 현장적립"
https://www.card-gorilla.com/card/detail/2369,774,무료서비스,프리미엄 서비스,,,국제브랜드사의 Platinum 등급의 서비스 제공
https://www.card-gorilla.com/card/detail/2369,774,기타,선택형,,,플레이트 디자인 선택 가능
https://www.card-gorilla.com/card/detail/2370,775,적립,모든가맹점,0.2,,국내 가맹점 0.2% 적립
https://www.card-gorilla.com/card/detail/2370,775,적립,쇼핑,1.0,,"[DAILY] 해외, 쿠팡, 11번가, 이마트, 롯데마트 1% 적립"
https://www.card-gorilla.com/card/detail/2370,775,적립,교통,1.0,,"[DAILY] 대중교통, 전기차충전, 주유 1% 적립"
https://www.card-gorilla.com/card/detail/2370,775,적립,디지털구독,1.0,,"[DAILY] (정기결제) 넷플릭스, 유튜브 프리미엄, 멜론, 디즈니플러스, 이동통신 1% 적립"
https://www.card-gorilla.com/card/detail/2370,775,적립,기타,0.5,,[DAILY] UNIQ DAILY 0.5% 한번 더 적립
https://www.card-gorilla.com/card/detail/2370,775,적립,카페,1.0,,"[EAT] 스타벅스, 투썸플레이스, 이디야 1% 적립"
https://www.card-gorilla.com/card/detail/2370,775,적립,편의점,1.0,,"[EAT] CU, 세븐일레븐, GS25 1% 적립"
https://www.card-gorilla.com/card/detail/2370,775,적립,배달앱,1.0,,"[EAT] 배달의민족, 쿠팡이츠. 마켓컬리 1% 적립"
https://www.card-gorilla.com/card/detail/2371,776,할인,국내외가맹점,0.9,,[Daily 결제일 할인] 국내 이용금액 최대 0.9% / 해외 이용금액 0.5% 결제일 할인
https://www.card-gorilla.com/card/detail/2371,776,할인,기타,,,[Weekly 할인 쿠폰] 매주 1회 국내 이용 할인 쿠폰 제공 (전월실적 40만원 이상)
https://www.card-gorilla.com/card/detail/2371,776,적립,적립,,1000,"[Monthly 단골 적립] My Pick 가맹점 월 3, 6, 9번째 이용 건에 대해 마이신한포인트 1,000원 적립
(전월실적 40만원 이상)"
https://www.card-gorilla.com/card/detail/2371,776,기타,선택형,,,카드 플레이트 선택 가능
https://www.card-gorilla.com/card/detail/2372,777,할인,국내외가맹점,0.3,,"[Daily 할인] 국내 이용금액 최대 0.3% 할인, 해외 이용금액 0.2% 할인"
https://www.card-gorilla.com/card/detail/2372,777,할인,기타,,,[Weekly 할인 쿠폰] 매월 2회 국내 이용 할인 쿠폰 제공
https://www.card-gorilla.com/card/detail/2372,777,적립,적립,,,"[Monthly 단골 적립] My Pick 가맹점 월 3, 6, 9번째 이용 건에 대해 마이신한포인트 1,000포인트 적립"
https://www.card-gorilla.com/card/detail/2373,778,적립,간편결제,2.0,,간편결제(Pay) 이용 시 최대 2% 적립
https://www.card-gorilla.com/card/detail/2373,778,적립,생활,2.0,,생활편의영역 이용 시 최대 2% 적립
https://www.card-gorilla.com/card/detail/2373,778,적립,해외,1.3,,해외 이용금액에 대해 1.3% 적립
https://www.card-gorilla.com/card/detail/2374,779,적립,대중교통,5.0,,대중교통(버스/지하철) 이용 시 최대 5% 적립
https://www.card-gorilla.com/card/detail/2374,779,적립,생활,2.0,,생활편의영역 이용 시 최대 2% 적립
https://www.card-gorilla.com/card/detail/2374,779,적립,해외,1.3,,해외 이용금액에 대해 1.3% 적립
https://www.card-gorilla.com/card/detail/2376,780,할인,모든가맹점,0.7,,국내외 가맹점 0.7% 할인
https://www.card-gorilla.com/card/detail/2376,780,할인,모든가맹점,1.0,,국내외 가맹점 1% 할인
https://www.card-gorilla.com/card/detail/2376,780,할인,온라인쇼핑,50.0,,"온라인쇼핑몰 멤버십 50% 할인
전월 이용금액 30만원 이상 시 제공"
https://www.card-gorilla.com/card/detail/2376,780,할인,영화,,3000,"영화 3,000원 할인
전월 이용금액 30만원 이상 시 제공"
https://www.card-gorilla.com/card/detail/2376,780,기타,선택형,,,내 마음대로 고르는 디자인!
https://www.card-gorilla.com/card/detail/2377,781,적립,적립,0.5,,국내가맹점 0.5% 적립
https://www.card-gorilla.com/card/detail/2377,781,적립,간편결제,5.0,,KB Pay 5% 적립
https://www.card-gorilla.com/card/detail/2377,781,적립,적립,,,연간 리워드 적립
https://www.card-gorilla.com/card/detail/2377,781,기타,선택형,,,플레이트 디자인 선택 가능
https://www.card-gorilla.com/card/detail/2378,782,적립,선택형,10.0,,"A팩: 온라인쇼핑, 대형마트, 렌탈/이동통신요금 10% 적립
B팩: 학원/서점 업종, 식품/배달 업체, 슈퍼마켓, 제과/아이스크림업종 10% 적립"
https://www.card-gorilla.com/card/detail/2378,782,적립,간편결제,5.0,,KB Pay 5% 적립
https://www.card-gorilla.com/card/detail/2378,782,기타,선택형,,,플레이트 디자인 선택 가능
https://www.card-gorilla.com/card/detail/2379,783,적립,간편결제,2.0,,간편결제(Pay) 이용 시 최대 2% 적립
https://www.card-gorilla.com/card/detail/2379,783,적립,생활,2.0,,생활편의영역 이용 시 최대 2% 적립
https://www.card-gorilla.com/card/detail/2379,783,적립,해외,1.3,,해외 이용금액에 대해 1.3% 적립
https://www.card-gorilla.com/card/detail/2379,783,기타,선택형,,,카드 플레이트 선택 가능
https://www.card-gorilla.com/card/detail/2385,784,기타,프리미엄 서비스,,,몽블랑 에디션 패키지
https://www.card-gorilla.com/card/detail/2385,784,적립,모든가맹점,0.5,,국내외 가맹점 L.POINT 0.5% 적립
https://www.card-gorilla.com/card/detail/2385,784,할인,생활,,,스트리밍·커피 결제일 할인
https://www.card-gorilla.com/card/detail/2385,784,할인,면세점,15.0,,롯데면세점 5~15% 현장할인
https://www.card-gorilla.com/card/detail/2385,784,기타,멤버십포인트,,,L.POINT
https://www.card-gorilla.com/card/detail/2385,784,기타,프리미엄 서비스,,,Master WORLD 서비스
https://www.card-gorilla.com/card/detail/2386,785,기타,대중교통,,,K-패스 안내
https://www.card-gorilla.com/card/detail/2386,785,할인,대중교통,30.0,,"[교통서비스 할인(모바일티머니)]
대중교통(버스, 지하철) 30% 결제일 할인"
https://www.card-gorilla.com/card/detail/2386,785,할인,교통,20.0,,"[교통서비스 할인(티머니GO)]
고속/시외 버스, 따릉이, 킥보드, 택시 20% 결제일 할인"
https://www.card-gorilla.com/card/detail/2386,785,할인,백화점,5.0,,"[생활서비스 할인]
4대 백화점 5% 결제일 할인"
https://www.card-gorilla.com/card/detail/2386,785,할인,편의점,5.0,,"[생활서비스 할인]
5대 편의점 5% 결제일 할인"
https://www.card-gorilla.com/card/detail/2386,785,할인,통신,5.0,,"[생활서비스 할인]
이동통신요금 자동이체 5% 결제일 할인"
https://www.card-gorilla.com/card/detail/2386,785,할인,카페,5.0,,"[생활서비스 할인]
커피전문점 5% 결제일 할인"
https://www.card-gorilla.com/card/detail/2386,785,기타,선택형,,,카드 플레이트 선택 가능
https://www.card-gorilla.com/card/detail/2388,786,적립,모든가맹점,3.0,,전월 이용금액에 따라 국내외 가맹점 이용금액 최대 3% 넥슨 현대카드 포인트 적립
https://www.card-gorilla.com/card/detail/2388,786,바우처,바우처,,,연간 6만 넥슨 현대카드 포인트 바우처
https://www.card-gorilla.com/card/detail/2388,786,할인,생활,,,생활 편의 영역 6대 업종 결제 시 연간 통합 6만원 청구 할인
https://www.card-gorilla.com/card/detail/2388,786,할인,게임,,,PC방 이용 시 최대 3천원 청구 할인
https://www.card-gorilla.com/card/detail/2388,786,할인,공연/전시,,,넥슨컴퓨터박물관 메가티켓 2장 결제금액 청구 할인
https://www.card-gorilla.com/card/detail/2388,786,기타,프리미엄 서비스,,,차별화된 가치를 담은 메탈플레이트 제공
https://www.card-gorilla.com/card/detail/2388,786,기타,프리미엄 서비스,,,MasterCard World서비스
https://www.card-gorilla.com/card/detail/2389,787,적립,모든가맹점,0.5,,제한 없이 기본 0.5% 적립
https://www.card-gorilla.com/card/detail/2389,787,적립,모든가맹점,1.5,,이용금액 30만원 이상 시 1.5% 추가 적립
https://www.card-gorilla.com/card/detail/2389,787,기타,선택형,,,넥슨 현대카드의 특별한 디자인을 소개합니다
https://www.card-gorilla.com/card/detail/2390,788,적립,모든가맹점,0.5,,월 이용금액 50만원 한도까지 실적 조건 없이 0.5% 넥슨 현대카드 포인트 적립
https://www.card-gorilla.com/card/detail/2390,788,기타,선택형,,,넥슨 현대카드 CHECK의특별한 디자인을 소개합니다
https://www.card-gorilla.com/card/detail/2392,789,할인,온라인쇼핑,7.0,,CJ온스타일 7% 결제일 할인
https://www.card-gorilla.com/card/detail/2392,789,할인,드럭스토어,10.0,,올리브영 10% 결제일할인
https://www.card-gorilla.com/card/detail/2392,789,할인,베이커리,10.0,,뚜레쥬르 10% 결제일할인
https://www.card-gorilla.com/card/detail/2392,789,할인,패밀리레스토랑,20.0,,VIPS 20% 결제일할인
https://www.card-gorilla.com/card/detail/2392,789,할인,영화,,4000,"CGV 4,000원·8,000원 결제일할인"
https://www.card-gorilla.com/card/detail/2392,789,할인,디지털구독,30.0,,티빙 30% 결제일할인
https://www.card-gorilla.com/card/detail/2392,789,할인,배달앱,5.0,,배달앱 5% 결제일할인
https://www.card-gorilla.com/card/detail/2392,789,할인,편의점,5.0,,편의점 5% 결제일할인
https://www.card-gorilla.com/card/detail/2392,789,할인,통신,5.0,,이동통신요금 5% 결제일할인
https://www.card-gorilla.com/card/detail/2392,789,기타,CJ ONE,,,CJ ONE 멤버십 기능
https://www.card-gorilla.com/card/detail/2393,790,적립,온라인쇼핑,7.0,,SSG.COM 결제 시 SSG MONEY 7% 적립
https://www.card-gorilla.com/card/detail/2393,790,적립,모든가맹점,0.5,,SSG.COM 외 가맹점 결제 시 SSG MONEY 0.5% 적립
https://www.card-gorilla.com/card/detail/2393,790,마일리지,디지털구독,,,스마일클럽 정기 결제 금액 지원
https://www.card-gorilla.com/card/detail/2393,790,기타,선택형,,,SSG.COM카드 Edition2의 특별한 디자인을 소개합니다.
https://www.card-gorilla.com/card/detail/2394,791,기타,해외이용,,,해외 가맹점 이용수수료 면제
https://www.card-gorilla.com/card/detail/2394,791,기타,수수료우대,,,해외 ATM 인출 수수료 면제
https://www.card-gorilla.com/card/detail/2394,791,적립,적립,0.3,,국내 가맹점 이용 시 0.3% 적립
https://www.card-gorilla.com/card/detail/2394,791,기타,선택형,,,플레이트 3종 선택
https://www.card-gorilla.com/card/detail/2395,792,기타,LOCA 나누기 혜택,,,일시불 이용금액에 따라 최대 6개월까지 나누기 혜택 제공
https://www.card-gorilla.com/card/detail/2395,792,기타,멤버십포인트,,,L.POINT
https://www.card-gorilla.com/card/detail/2396,793,적립,적립,2.3,,국내 가맹점 1~2.3% 포인트 적립
https://www.card-gorilla.com/card/detail/2396,793,적립,해외,2.0,,"해외, 면세점 2% 포인트 적립"
https://www.card-gorilla.com/card/detail/2396,793,무료서비스,공항라운지,,,"국내 및 해외 공항 라운지 무료 이용(월 2회, 연 10회)"
https://www.card-gorilla.com/card/detail/2396,793,무료서비스,교통,,,[프리미엄 서비스] K리무진 버스 무료 이용
https://www.card-gorilla.com/card/detail/2396,793,무료서비스,골프,,,"[프리미엄 서비스] 국내 지정 골프장 커피(4잔) 무료 제공, 국내 지정 골프연습장 타석권 무료 제공"
https://www.card-gorilla.com/card/detail/2396,793,바우처,바우처,,,[프리미엄 기프트] 공항 라운지 무료이용권 8매
https://www.card-gorilla.com/card/detail/2396,793,바우처,바우처,,,[프리미엄 기프트] 프리미엄여행 할인권 20만원 제공
https://www.card-gorilla.com/card/detail/2396,793,바우처,바우처,,,[프리미엄 기프트] 신세계 상품권 모바일 교환권 20만원
https://www.card-gorilla.com/card/detail/2396,793,바우처,바우처,,,[프리미엄 기프트] 신라면세점 선불카드 20만원권 교환쿠폰
https://www.card-gorilla.com/card/detail/2396,793,바우처,바우처,,,[프리미엄 기프트] 우리WON꿀머니 20만점
https://www.card-gorilla.com/card/detail/2396,793,적립,적립,,,"[보너스 리워드] 보너스 포인트 100,000점 적립"
https://www.card-gorilla.com/card/detail/2397,794,마일리지,적립,,,국내 가맹점 1마일 적립
https://www.card-gorilla.com/card/detail/2397,794,마일리지,해외,,,"해외, 면세점 2마일 적립"
https://www.card-gorilla.com/card/detail/2397,794,무료서비스,공항라운지,,,"국내 및 해외 공항 라운지 무료 이용(월 2회, 연 10회)"
https://www.card-gorilla.com/card/detail/2397,794,무료서비스,교통,,,[프리미엄 서비스] K리무진 버스 무료 이용
https://www.card-gorilla.com/card/detail/2397,794,무료서비스,골프,,,"[프리미엄 서비스] 국내 지정 골프장 커피(4잔) 무료 제공, 국내 지정 골프연습장 타석권 무료 제공"
https://www.card-gorilla.com/card/detail/2397,794,바우처,바우처,,,[프리미엄 기프트] 공항 라운지 무료이용권 8매
https://www.card-gorilla.com/card/detail/2397,794,바우처,바우처,,,[프리미엄 기프트] 프리미엄여행 할인권 20만원 제공
https://www.card-gorilla.com/card/detail/2397,794,바우처,바우처,,,[프리미엄 기프트] 신세계 상품권 모바일 교환권 20만원
https://www.card-gorilla.com/card/detail/2397,794,바우처,바우처,,,[프리미엄 기프트] 신라면세점 선불카드 20만원권 교환쿠폰
https://www.card-gorilla.com/card/detail/2397,794,바우처,바우처,,,[프리미엄 기프트] 우리WON꿀머니 20만점
https://www.card-gorilla.com/card/detail/2397,794,마일리지,적립,,,"[보너스 리워드] 보너스 포인트 마일리지 5,000마일 적립"
https://www.card-gorilla.com/card/detail/2398,795,마일리지,모든가맹점,,,국내외 가맹점 스카이패스 1마일리지 적립
https://www.card-gorilla.com/card/detail/2398,795,마일리지,쇼핑,,,신세계백화점·신세계면세점 스카이패스 1마일리지 추가적립
https://www.card-gorilla.com/card/detail/2398,795,기타,백화점,,,신세계백화점 제휴 서비스
https://www.card-gorilla.com/card/detail/2398,795,기타,면세점,,,신세계면세점 멤버십 우대 서비스
https://www.card-gorilla.com/card/detail/2398,795,기타,프리미엄 서비스,,,Mastercard PLATINUM 등급 서비스
https://www.card-gorilla.com/card/detail/2399,796,할인,푸드,5.0,,"[YUMMY!] 편의점(GS25/CU), 커피/음료 전문점 5% 환급할인"
https://www.card-gorilla.com/card/detail/2399,796,할인,생활,5.0,,"[Enjoy!] 올리브영, 다이소 결제 시 5% 환급할인"
https://www.card-gorilla.com/card/detail/2399,796,할인,게임,5.0,,"구글 플레이스토어, 앱스토어 결제 시 5% 환급할인"
https://www.card-gorilla.com/card/detail/2399,796,기타,선택형,,,다양한 플레이트 선택 가능
https://www.card-gorilla.com/card/detail/2400,797,적립,푸드,8.0,,종일커피/점심식사/저녁간식 페이북머니 8% 적립
https://www.card-gorilla.com/card/detail/2400,797,적립,모든가맹점,0.1,,국내 가맹점 이용금액 0.1% 기부 기금 적립
https://www.card-gorilla.com/card/detail/2401,798,적립,충전소,60.0,,[친환경 생활] 전기차 충전 60% 적립
https://www.card-gorilla.com/card/detail/2401,798,적립,대중교통,10.0,,[친환경 생활] 대중교통 (버스/지하철) 10% 적립
https://www.card-gorilla.com/card/detail/2401,798,적립,기타,10.0,,[친환경 생활] 공유 모빌리티 10% 적립
https://www.card-gorilla.com/card/detail/2401,798,적립,디지털구독,10.0,,[디지털 생활] 스트리밍 10% 적립
https://www.card-gorilla.com/card/detail/2401,798,적립,디지털구독,10.0,,[디지털 생활] 전자책 10% 적립
https://www.card-gorilla.com/card/detail/2401,798,적립,카페,10.0,,[디지털 생활] 커피 10% 적립
https://www.card-gorilla.com/card/detail/2401,798,적립,간편결제,1.6,,[간편결제] 주요 간편결제 1.6% 적립
https://www.card-gorilla.com/card/detail/2402,799,적립,멤버십포인트,2.0,,GS리테일 점내 이용 시 2% GS&POINT 적립
https://www.card-gorilla.com/card/detail/2402,799,적립,모든가맹점,1.0,,"국내 이용금액의 1%, 국외 이용금액의 2% NH포인트 적립"
https://www.card-gorilla.com/card/detail/2402,799,무료서비스,공항라운지,,,국제공항 라운지 무료이용 연 2회 제공
https://www.card-gorilla.com/card/detail/2403,800,할인,할인,1.0,,[SIMPLE할인] 국내가맹점 1.0%~0.7% 청구할인
https://www.card-gorilla.com/card/detail/2403,800,할인,주유,,100,[Daily 할인] 주유 리터당 60~100원 청구할인
https://www.card-gorilla.com/card/detail/2403,800,할인,대중교통,10.0,,[Daily 할인] 대중교통 10% 청구할인
https://www.card-gorilla.com/card/detail/2403,800,할인,카페,10.0,,[Daily 할인] 커피 10% 청구할인
https://www.card-gorilla.com/card/detail/2404,801,할인,쇼핑,,,코오롱 FnC 온/오프라인 매장 상품 구매시 청구할인 제공
https://www.card-gorilla.com/card/detail/2404,801,할인,쇼핑,,,코오롱 FnC 온/오프라인 매장 상품 구매시 장기할부 및 12/24/36개월 할부금 청구할인 제공
https://www.card-gorilla.com/card/detail/2404,801,무료서비스,공항라운지,,,"국내외 공항 라운지 무료 이용 서비스(통합 월 1회, 연 2회)"
https://www.card-gorilla.com/card/detail/2404,801,할인,편의점,5.0,,편의점 5% 청구할인 서비스
https://www.card-gorilla.com/card/detail/2404,801,기타,선택형,,,카드 플레이트 선택 가능
https://www.card-gorilla.com/card/detail/2405,802,할인,디지털구독,50.0,,디지털 구독 50% 청구할인
https://www.card-gorilla.com/card/detail/2405,802,할인,간편결제,1.0,,디지털 결제 1% 청구할인
https://www.card-gorilla.com/card/detail/2405,802,할인,할인,0.5,,국내외 전 가맹점 기본 0.5% 청구할인
https://www.card-gorilla.com/card/detail/2405,802,기타,선택형,,,플레이트 선택 가능
https://www.card-gorilla.com/card/detail/2406,803,마일리지,항공마일리지,0.1,,국내 이용금액 1천원당 1마일리지 적립
https://www.card-gorilla.com/card/detail/2406,803,마일리지,항공마일리지,0.2,,해외 이용금액 1천원당 2마일리지 적립 (지난달 실적 조건 확인)
https://www.card-gorilla.com/card/detail/2406,803,무료서비스,공항라운지,,,"인천공항 라운지 무료 서비스 (월 2회, 연 4회, 서비스 실적 조건 확인)"
https://www.card-gorilla.com/card/detail/2406,803,기타,프리미엄 서비스,,,Special Service 메탈 플레이트 기본 제공
https://www.card-gorilla.com/card/detail/2406,803,기타,프리미엄 서비스,,,국제 브랜드 서비스
https://www.card-gorilla.com/card/detail/2407,804,할인,애완동물,30.0,,동물병원/반려동물쇼핑몰 30% 할인
https://www.card-gorilla.com/card/detail/2407,804,할인,간편결제,5.0,,온라인 간편결제 5% 할인
https://www.card-gorilla.com/card/detail/2407,804,할인,보험사,10.0,,손해보험 10% 할인
https://www.card-gorilla.com/card/detail/2407,804,할인,해외,1.5,,해외 1.5% 할인
https://www.card-gorilla.com/card/detail/2407,804,할인,디지털구독,10.0,,스트리밍 10% 할인
https://www.card-gorilla.com/card/detail/2407,804,할인,카페/디저트,,1000,"커피전문점/편의점 1,000원 할인"
https://www.card-gorilla.com/card/detail/2409,805,할인,대중교통,,300,대중교통 건당 300원 할인
https://www.card-gorilla.com/card/detail/2409,805,할인,카페,,300,커피 건당 300원 할인
https://www.card-gorilla.com/card/detail/2409,805,할인,편의점,,300,편의점 건당 300원 할인
https://www.card-gorilla.com/card/detail/2409,805,할인,디지털구독,,3000,"디지털 구독 건당 3,000원 할인"
https://www.card-gorilla.com/card/detail/2409,805,할인,주유,,3000,"주유/충전 건당 3,000원 할인"
https://www.card-gorilla.com/card/detail/2409,805,할인,쇼핑,,3000,"쇼핑 건당 3,000원 할인"
https://www.card-gorilla.com/card/detail/2409,805,할인,생활,,3000,"생활요금 건당 3,000원 할인"
https://www.card-gorilla.com/card/detail/2409,805,무이자할부,무이자할부,,,#MYWAY 2~3개월 무이자 할부 서비스
https://www.card-gorilla.com/card/detail/2410,806,적립,제주항공,,,[특별적립] 여행특화 1천원당 제주항공 리프레시 포인트 30p 적립
https://www.card-gorilla.com/card/detail/2410,806,적립,제주항공,,,[특별적립] 쇼핑/구독/레저 1천원당 제주항공 리프레시 포인트 20p 적립
https://www.card-gorilla.com/card/detail/2410,806,적립,적립,,,[일반적립] 국내 전가맹점 1천원당 제주항공 리프레시 포인트 5p 적립
https://www.card-gorilla.com/card/detail/2411,807,할인,할인,0.7,,국내 가맹점 0.7% 청구할인
https://www.card-gorilla.com/card/detail/2411,807,할인,온라인쇼핑,1.7,,국내 온라인 가맹점 1.7% 청구할인
https://www.card-gorilla.com/card/detail/2411,807,할인,해외이용,1.7,,해외 가맹점 1.7% 청구할인
https://www.card-gorilla.com/card/detail/2412,808,마일리지,아시아나항공,0.1,,아시아나마일리지 1천원당 1마일리지 적립
https://www.card-gorilla.com/card/detail/2412,808,무료서비스,공항라운지,,,공항라운지 무료 이용 서비스(AMEX 브랜드 카드 발급 시 제공)
https://www.card-gorilla.com/card/detail/2412,808,기타,멤버십포인트,,,L.POINT
https://www.card-gorilla.com/card/detail/2414,809,기타,프리미엄 서비스,,,[인플카 전용 혜택]인플카 현대카드 보유 시 인플카 앱 서비스 이용 가능
https://www.card-gorilla.com/card/detail/2414,809,적립,생활,10.0,,생활 필수 영역 이용 금액의 10% M포인트 적립
https://www.card-gorilla.com/card/detail/2414,809,기타,선택형,,,인플카 현대카드의 특별한 디자인을 소개합니다
https://www.card-gorilla.com/card/detail/2416,810,할인,대형마트,30.0,,이마트/트레이더스 최대 30% 청구할인
https://www.card-gorilla.com/card/detail/2416,810,할인,카페,10.0,,스타벅스 최대 10% 청구할인
https://www.card-gorilla.com/card/detail/2416,810,할인,생활,10.0,,생활업종 최대 10% 청구할인
https://www.card-gorilla.com/card/detail/2416,810,할인,디지털구독,10.0,,구독서비스 10% 청구할인
https://www.card-gorilla.com/card/detail/2417,811,적립,배달앱,1.0,,배달앱 1% M포인트 적립
https://www.card-gorilla.com/card/detail/2417,811,적립,편의점,1.0,,편의점 1% M포인트 적립
https://www.card-gorilla.com/card/detail/2417,811,적립,통신,1.0,,통신요금 자동이체 1% M포인트 적립
https://www.card-gorilla.com/card/detail/2419,813,할인,대중교통,1.0,,대중교통 1%·2% 결제일할인
https://www.card-gorilla.com/card/detail/2419,813,할인,생활,1.0,,편의점·배달앱·델리·커피전문점 1%·8% 결제일 할인
https://www.card-gorilla.com/card/detail/2419,813,기타,선택형,,,"보기만 해도 소장 욕구 뿜뿜!
청소년의 눈길과 마음을 사로잡은 삼성 iD POCKET 카드를 소개합니다."
https://www.card-gorilla.com/card/detail/2420,814,할인,비즈니스,5.0,,사업 필수 경비 5% 결제일할인
https://www.card-gorilla.com/card/detail/2420,814,할인,비즈니스,1.5,,사업장 운영 경비 1.5% 결제일할인
https://www.card-gorilla.com/card/detail/2420,814,할인,기타,1.5,,온라인 간편결제/커피전문점/해외 1.5% 결제일할인
https://www.card-gorilla.com/card/detail/2420,814,할인,할인,1.0,,국내 가맹점 1% 결제일할인
https://www.card-gorilla.com/card/detail/2420,814,기타,금융,,,세무지원 서비스
https://www.card-gorilla.com/card/detail/2421,815,캐시백,생활,0.3,,매일 가는 곳은 혜택 고민 없이 0.3% 캐시백
https://www.card-gorilla.com/card/detail/2421,815,캐시백,비즈니스,3.0,,사업운영에 꼭 필요한 곳에서 3% 캐시백
https://www.card-gorilla.com/card/detail/2422,816,할인,카페,10.0,,"[일상] 스타벅스, 커피빈 10% 할인"
https://www.card-gorilla.com/card/detail/2422,816,할인,게임,10.0,,"[일상] 구글플레이스토어, 앱스토어 10% 할인"
https://www.card-gorilla.com/card/detail/2422,816,할인,공연/전시,10.0,,[일상] 인터파크 티켓 10% 할인
https://www.card-gorilla.com/card/detail/2422,816,할인,드럭스토어,5.0,,"[일상] 올리브영, 미용실 업종 5% 할인"
https://www.card-gorilla.com/card/detail/2422,816,할인,편의점,5.0,,"[일상] GS25, CU 5% 할인"
https://www.card-gorilla.com/card/detail/2422,816,할인,디지털구독,,1000,"[일상]넷플릭스, 유튜브프리미엄 1,000원 할인"
https://www.card-gorilla.com/card/detail/2422,816,할인,배달앱,,1000,"[일상] 배달의 민족, 요기요 1,000원 할인"
https://www.card-gorilla.com/card/detail/2422,816,할인,통신,,2500,"[일상] SKT, KT, LG U+, Liiv M 2,500원 할인"
https://www.card-gorilla.com/card/detail/2422,816,할인,영화,,4000,"[일상] CGV 4,000원 할인"
https://www.card-gorilla.com/card/detail/2422,816,할인,테마파크,,15000,"[일상] 에버랜드, 롯데월드 15,000원 할인"
https://www.card-gorilla.com/card/detail/2422,816,할인,간편결제,2.0,,[KB Pay] 오프라인 가맹점 2% 추가 할인
https://www.card-gorilla.com/card/detail/2422,816,할인,간편결제,2.0,,[KB Pay] 온라인 가맹점 2% 추가 할인
https://www.card-gorilla.com/card/detail/2423,817,할인,카페,10.0,,"[일상] 스타벅스, 커피빈 10% 할인"
https://www.card-gorilla.com/card/detail/2423,817,할인,게임,10.0,,"[일상] 구글플레이스토어, 앱스토어 10% 할인"
https://www.card-gorilla.com/card/detail/2423,817,할인,공연/전시,10.0,,[일상] 인터파크 티켓 10% 할인
https://www.card-gorilla.com/card/detail/2423,817,할인,드럭스토어,5.0,,"[일상] 올리브영, 미용실 업종 5% 할인"
https://www.card-gorilla.com/card/detail/2423,817,할인,편의점,5.0,,"[일상] GS25, CU 5% 할인"
https://www.card-gorilla.com/card/detail/2423,817,할인,디지털구독,,1000,"[일상]넷플릭스, 유튜브프리미엄 1,000원 할인"
https://www.card-gorilla.com/card/detail/2423,817,할인,배달앱,,1000,"[일상] 배달의 민족, 요기요 1,000원 할인"
https://www.card-gorilla.com/card/detail/2423,817,할인,통신,,2500,"[일상] SKT, KT, LG U+, Liiv M 2,500원 할인"
https://www.card-gorilla.com/card/detail/2423,817,할인,OTT/영화/문화,,4000,"[일상] CGV 4,000원 할인"
https://www.card-gorilla.com/card/detail/2423,817,할인,테마파크,,15000,"[일상] 에버랜드, 롯데월드 15,000원 할인"
https://www.card-gorilla.com/card/detail/2423,817,할인,해외이용,2.0,,[Global] 해외 가맹점 2% 할인
https://www.card-gorilla.com/card/detail/2423,817,무료서비스,공항라운지,,,[Global] 공항라운지 더라운지멤버스
https://www.card-gorilla.com/card/detail/2424,818,할인,렌탈,,25000,"렌탈료 결제일 최대 25,000원 할인"
https://www.card-gorilla.com/card/detail/2424,818,캐시백,캐시백,,25000,"장기할부 최대 25,000원 캐시백"
https://www.card-gorilla.com/card/detail/2424,818,기타,LOCA LIKIT 1.2,,,롯데카드
https://www.card-gorilla.com/card/detail/2429,819,할인,할인,,,"특화서비스 청구할인
지난달 실적에 따라 월 통합 최대 3만원 청구할인"
https://www.card-gorilla.com/card/detail/2429,819,할인,간편결제,1.0,,"간편결제 청구할인
월 할인한도 제한없이 1% 청구할인"
https://www.card-gorilla.com/card/detail/2429,819,할인,할인,0.7,,"국내/외 가맹점 청구할인
월 할인한도 제한없이 0.7% 청구할인"
https://www.card-gorilla.com/card/detail/2430,820,적립,적립,,,M포인트 적립
https://www.card-gorilla.com/card/detail/2430,820,기타,금융,,,SC제일은행 혜택
https://www.card-gorilla.com/card/detail/2430,820,적립,기타,,,M포인트 사용
https://www.card-gorilla.com/card/detail/2431,821,캐시백,캐시백,,,X캐시백 적립
https://www.card-gorilla.com/card/detail/2431,821,기타,금융,,,SC제일은행 혜택
https://www.card-gorilla.com/card/detail/2431,821,캐시백,기타,,,X캐시백 사용
https://www.card-gorilla.com/card/detail/2432,822,적립,적립,,,네이버페이 포인트 적립 서비스
https://www.card-gorilla.com/card/detail/2432,822,기타,선택형,,,플레이트 디자인 선택 가능
https://www.card-gorilla.com/card/detail/2433,823,적립,적립,,,네이버페이 포인트 적립서비스
https://www.card-gorilla.com/card/detail/2433,823,기타,금융,,,장기할부 서비스
https://www.card-gorilla.com/card/detail/2433,823,기타,선택형,,,다양한 플레이트 디자인 선택 가능
https://www.card-gorilla.com/card/detail/2434,824,할인,백화점,5.0,,갤러리아 백화점 5% 현장할인
https://www.card-gorilla.com/card/detail/2434,824,할인,온라인쇼핑,5.0,,갤러리아 백화점(Mall) 5% 청구할인
https://www.card-gorilla.com/card/detail/2434,824,마일리지,멤버십포인트,,,갤러리아 마일리지 적립
https://www.card-gorilla.com/card/detail/2434,824,기타,선택형,,,갤러리아 KB국민카드 디자인 선택
https://www.card-gorilla.com/card/detail/2435,825,캐시백,충전소,30.0,,전기차 충전요금의 30%~50% 캐시백
https://www.card-gorilla.com/card/detail/2435,825,캐시백,디지털구독,20.0,,디지털 구독 20% 캐시백
https://www.card-gorilla.com/card/detail/2435,825,캐시백,통신,5.0,,이동통신 5% 캐시백
https://www.card-gorilla.com/card/detail/2435,825,캐시백,편의점,5.0,,편의점 5% 캐시백
https://www.card-gorilla.com/card/detail/2435,825,캐시백,카페/디저트,5.0,,베이커리·커피전문점 5% 캐시백
https://www.card-gorilla.com/card/detail/2435,825,캐시백,기타,,,"주차앱 5천원 이상 결제 시, 5천원 캐시백"
https://www.card-gorilla.com/card/detail/2436,826,바우처,바우처,,,취향대로 선택하는 럭셔리 라이프 바우처
https://www.card-gorilla.com/card/detail/2436,826,마일리지,선택형,0.1,,"항공 마일리지와 M포인트 중 선택 적립
[선택1] 대한항공 마일리지 이용 금액 1천원당 1마일리지 적립"
https://www.card-gorilla.com/card/detail/2436,826,마일리지,선택형,2.0,,"항공 마일리지와 M포인트 중 선택 적립
[선택2] M포인트 당월 이용 금액에 따라 1~2% 적립"
https://www.card-gorilla.com/card/detail/2436,826,기타,프리미엄 서비스,,,"메탈 플레이트
the Red Stripe의 헤리티지를 담은 메탈 플레이트"
https://www.card-gorilla.com/card/detail/2436,826,무료서비스,공항라운지,,,전 세계 공항라운지 무료 이용 서비스
https://www.card-gorilla.com/card/detail/2436,826,무료서비스,프리미엄 서비스,,,무료 발레파킹 서비스
https://www.card-gorilla.com/card/detail/2436,826,기타,프리미엄 서비스,,,VISA Signature 서비스
https://www.card-gorilla.com/card/detail/2436,826,기타,프리미엄 서비스,,,MasterCard World 서비스
https://www.card-gorilla.com/card/detail/2436,826,기타,프리미엄 서비스,,,"[로열티 보너스] 연간(카드 발급 확정일로부터 1년) 이용 금액 2,000만원 이상 시 로열티 보너스 제공(연 1회, 택1)"
https://www.card-gorilla.com/card/detail/2436,826,기타,선택형,,,the Red Stripe의 특별한 디자인을 소개합니다
https://www.card-gorilla.com/card/detail/2437,827,적립,적립,2.0,,GS리테일 점내 이용 시 2% GS&POINT 적립
https://www.card-gorilla.com/card/detail/2437,827,적립,적립,0.2,,"국내 이용금액의 0.2%, 국외 이용금액의 1% NH포인트 적립"
https://www.card-gorilla.com/card/detail/2437,827,무료서비스,공항라운지,,,국제공항 라운지 무료이용 연 1회 제공
https://www.card-gorilla.com/card/detail/2440,828,할인,할인,1.0,,국내 가맹점 1% 청구할인
https://www.card-gorilla.com/card/detail/2440,828,할인,해외,2.0,,해외 가맹점 2% 청구할인
https://www.card-gorilla.com/card/detail/2440,828,할인,생활,50.0,,"쇼핑 멤버십 50%, OTT 10%, 이동통신요금 5% 청구할인(자동납부 할인)"
https://www.card-gorilla.com/card/detail/2441,829,할인,간편결제,10.0,,[나한테 진심 서비스] KB Pay 10% 할인
https://www.card-gorilla.com/card/detail/2441,829,할인,푸드,10.0,,"[나한테 진심 서비스] 음식점, 편의점 10% 할인"
https://www.card-gorilla.com/card/detail/2441,829,할인,통신,10.0,,[나한테 진심 서비스] 이동통신요금 10% 할인
https://www.card-gorilla.com/card/detail/2441,829,할인,디지털구독,30.0,,[나한테 진심 서비스] OTT 30% 할인
https://www.card-gorilla.com/card/detail/2441,829,할인,선택형,5.0,,[더욱 진심 서비스] 먹는데 진심-배달/커피 5% 할인
https://www.card-gorilla.com/card/detail/2441,829,할인,선택형,5.0,,"[더욱 진심 서비스] 노는데 진심-택시/커피 5%, 영화관 30% 할인"
https://www.card-gorilla.com/card/detail/2441,829,할인,선택형,5.0,,"[더욱 진심 서비스] 관리에 진심-미용실, 스포츠, 온라인서점, 올리브영 5% 할인"
https://www.card-gorilla.com/card/detail/2441,829,기타,기타,,,WE:SH 서비스
https://www.card-gorilla.com/card/detail/2441,829,기타,선택형,,,카드 플레이트 선택 가능
https://www.card-gorilla.com/card/detail/2442,830,할인,선택형,5.0,,[1st 선택] 마트중심/백화점중심/동네중심 5% 할인 (택 1)
https://www.card-gorilla.com/card/detail/2442,830,할인,선택형,10.0,,[2nd 선택] 둘이중심/자녀중심/돌봄중심 10% 할인 (택 1)
https://www.card-gorilla.com/card/detail/2442,830,할인,기타,10.0,,"[YOU With 기본 서비스]
이동통신자동납부 10% 할인 / Happy Family Month / 전월실적 채워드림"
https://www.card-gorilla.com/card/detail/2443,831,적립,게임,,,게임특화 서비스 NH포인트 적립
https://www.card-gorilla.com/card/detail/2443,831,적립,생활,,,일상생활업종 NH포인트 적립
https://www.card-gorilla.com/card/detail/2444,832,할인,대형마트,,30000,"롯데마트, MAXX 월 최대 30,000원 결제일 할인"
https://www.card-gorilla.com/card/detail/2444,832,할인,생활,,25000,"5대 생활업종 월 최대 25,000원 결제일 할인"
https://www.card-gorilla.com/card/detail/2444,832,기타,선택형,,,플레이트 디자인 선택 가능
https://www.card-gorilla.com/card/detail/2445,833,할인,배달앱,10.0,,딜리버리 10% 할인
https://www.card-gorilla.com/card/detail/2445,833,할인,편의점,10.0,,편의점 10% 할인
https://www.card-gorilla.com/card/detail/2445,833,할인,디지털구독,40.0,,영상 스트리밍 40% 할인
https://www.card-gorilla.com/card/detail/2445,833,할인,교통,10.0,,택시 10% 할인
https://www.card-gorilla.com/card/detail/2445,833,할인,대중교통,10.0,,대중교통 10% 할인
https://www.card-gorilla.com/card/detail/2445,833,할인,푸드,10.0,,하나페이 맛집 10% 할인
https://www.card-gorilla.com/card/detail/2445,833,할인,온라인쇼핑,10.0,,온라인식품&쇼핑 10% 할인
https://www.card-gorilla.com/card/detail/2446,834,할인,국내외가맹점,0.7,,전가맹점 0.7% 할인
https://www.card-gorilla.com/card/detail/2446,834,할인,간편결제,1.2,,간편결제 1.2% 할인
https://www.card-gorilla.com/card/detail/2446,834,할인,생활,2.0,,"쿠팡/마트/베이커리 2% 할인
대중교통 3% 할인"
https://www.card-gorilla.com/card/detail/2446,834,무이자할부,무이자할부,,,무이자할부
https://www.card-gorilla.com/card/detail/2447,835,할인,공과금,10.0,,생활요금 10% 할인
https://www.card-gorilla.com/card/detail/2447,835,할인,병원/약국,10.0,,병원/약국 10% 할인
https://www.card-gorilla.com/card/detail/2447,835,할인,주유,10.0,,주유/LPG충전 10% 할인
https://www.card-gorilla.com/card/detail/2447,835,할인,택시,10.0,,택시 10% 할인
https://www.card-gorilla.com/card/detail/2447,835,할인,카페,10.0,,커피 10% 할인
https://www.card-gorilla.com/card/detail/2447,835,할인,생활,10.0,,세탁 10% 할인
https://www.card-gorilla.com/card/detail/2447,835,무이자할부,무이자할부,,,무이자할부
https://www.card-gorilla.com/card/detail/2448,836,할인,국내외가맹점,0.5,,전가맹점 0.5% 할인
https://www.card-gorilla.com/card/detail/2448,836,할인,간편결제,5.0,,간편결제 5% 할인
https://www.card-gorilla.com/card/detail/2448,836,할인,대형마트,5.0,,마트 5% 할인
https://www.card-gorilla.com/card/detail/2448,836,할인,주유,5.0,,주유/LPG충전 5% 할인
https://www.card-gorilla.com/card/detail/2448,836,할인,카페,5.0,,커피 5% 할인
https://www.card-gorilla.com/card/detail/2448,836,할인,기타,5.0,,뷰티&펫 5% 할인
https://www.card-gorilla.com/card/detail/2448,836,무이자할부,무이자할부,,,무이자할부
https://www.card-gorilla.com/card/detail/2449,837,적립,SKT,20.0,,SKT통신요금 20% 하나머니 적립
https://www.card-gorilla.com/card/detail/2449,837,적립,간편결제,20.0,,T멤버십 바코드 결제 20% 하나머니 적립
https://www.card-gorilla.com/card/detail/2449,837,적립,주유,10.0,,SK주유&쇼핑 10% 하나머니 적립
https://www.card-gorilla.com/card/detail/2449,837,적립,대형마트,10.0,,마트 10% 하나머니 적립
https://www.card-gorilla.com/card/detail/2449,837,적립,대중교통,10.0,,대중교통 10% 하나머니 적립
https://www.card-gorilla.com/card/detail/2449,837,적립,택시,10.0,,택시 10% 하나머니 적립
https://www.card-gorilla.com/card/detail/2449,837,무이자할부,무이자할부,,,무이자할부
https://www.card-gorilla.com/card/detail/2450,838,기타,바우처,,,"[HERITAGE 전용혜택] 쿠폰서비스(연 1회 제공, 3가지 중 택1)"
https://www.card-gorilla.com/card/detail/2450,838,할인,국내외가맹점,1.0,,"국내 가맹점 1% 할인
해외 가맹점 3% 할인"
https://www.card-gorilla.com/card/detail/2450,838,할인,할인,5.0,,특별 영역 5% 할인
https://www.card-gorilla.com/card/detail/2450,838,기타,금융,,,[HERITAGE Smart 서비스] 금융서비스
https://www.card-gorilla.com/card/detail/2450,838,기타,프리미엄,,,[HERITAGE Smart 서비스] Mastercard World 서비스
https://www.card-gorilla.com/card/detail/2450,838,기타,프리미엄,,,[HERITAGE Smart 서비스] 전용고객센터
https://www.card-gorilla.com/card/detail/2451,839,기타,바우처,,,"[HERITAGE 전용혜택] 쿠폰서비스 (연 1회 제공, 3가지 중 택1)"
https://www.card-gorilla.com/card/detail/2451,839,마일리지,국내외가맹점,0.1,,"국내 가맹점 1천원 당 대한항공 1마일리지 적립
해외 가맹점 1천원 당 대한항공 2마일리지 적립"
https://www.card-gorilla.com/card/detail/2451,839,마일리지,간편결제,0.05,,KB Pay 2천원당 '대한항공 1마일리지' 적립
https://www.card-gorilla.com/card/detail/2451,839,기타,금융,,,[HERITAGE 전용혜택] 금융서비스
https://www.card-gorilla.com/card/detail/2451,839,기타,프리미엄,,,[HERITAGE 전용혜택] Mastercard World 서비스
https://www.card-gorilla.com/card/detail/2451,839,기타,프리미엄,,,[HERITAGE Smart 서비스] 전용고객센터
https://www.card-gorilla.com/card/detail/2452,840,할인,디지털구독,50.0,,디지털 구독 50% 할인
https://www.card-gorilla.com/card/detail/2452,840,할인,간편결제,1.0,,디지털 결제 1% 할인
https://www.card-gorilla.com/card/detail/2452,840,할인,모든가맹점,0.5,,국내외 전 가맹점 기본 0.5% 할인
https://www.card-gorilla.com/card/detail/2453,841,할인,디지털구독,,,5개 영역 디지털 구독 가맹점 정기결제 이용 시 결제일 할인
https://www.card-gorilla.com/card/detail/2453,841,할인,할인,,,서비스 대상 정기결제 자동이체 시 결제일 할인
https://www.card-gorilla.com/card/detail/2453,841,할인,생활,,,서비스 대상 배달앱/생활편의 가맹점 이용 시 결제일 할인
https://www.card-gorilla.com/card/detail/2455,842,할인,기타,50.0,,카카오톡 선물하기 50% 할인
https://www.card-gorilla.com/card/detail/2455,842,할인,카카오페이,10.0,,카카오페이 결제 10% 할인
https://www.card-gorilla.com/card/detail/2457,843,할인,보험사,,15000,"캐롯손해보험료 최대 15,000원 결제일 할인"
https://www.card-gorilla.com/card/detail/2457,843,기타,멤버십포인트,,,L.POINT 안내
https://www.card-gorilla.com/card/detail/2459,844,바우처,프리미엄 서비스,,,GIFT 기프트 서비스
https://www.card-gorilla.com/card/detail/2459,844,적립,적립,2.0,,REWARD 국내외 가맹점 2%/1%/0.5% 빅포인트 적립
https://www.card-gorilla.com/card/detail/2459,844,할인,디지털구독,50.0,,디지털콘텐츠/멤버십 50% 할인
https://www.card-gorilla.com/card/detail/2459,844,할인,영화,,5000,"영화 5,000원 할인"
https://www.card-gorilla.com/card/detail/2459,844,할인,패스트푸드,30.0,,쉐이크쉑/써브웨이 30% 할인
https://www.card-gorilla.com/card/detail/2459,844,기타,프리미엄 서비스,,,국제브랜드 서비스(해외겸용카드 전용)
https://www.card-gorilla.com/card/detail/2460,845,바우처,바우처,,,[GIFT] 5가지 기프트 중에서 매년 1가지를 선택
https://www.card-gorilla.com/card/detail/2460,845,적립,적립,1.0,,"[REWARD] 국내 가맹점 1%, 생활 편의 영역 1.2%, 특별 가맹점 1.5% 빅포인트 적립"
https://www.card-gorilla.com/card/detail/2460,845,할인,디지털구독,50.0,,[DAILY LIFESTYLE] 디지털콘텐츠 50% 할인
https://www.card-gorilla.com/card/detail/2460,845,할인,카페,,3000,"[DAILY LIFESTYLE] 스타벅스 3,000원 할인"
https://www.card-gorilla.com/card/detail/2460,845,무료서비스,공항라운지,,,[PREMIUM LIFESTYLE] 공항 라운지 서비스(The Lounge)
https://www.card-gorilla.com/card/detail/2460,845,기타,선택형,,,[SPECIAL PLATE] 특수 소재 카드
https://www.card-gorilla.com/card/detail/2460,845,기타,프리미엄 서비스,,,국제브랜드 서비스(해외겸용카드 전용)
https://www.card-gorilla.com/card/detail/2460,845,바우처,하얏트 호텔 포인트 없이 하얏트 브랜드 익스플로러 어워즈로 1박 무료 숙박권 얻는 꿀팁,,,"직원이 뽑은 2024 프리미엄카드 TOP5 ㅣ 프리미엄 카드 쓰는 이유, 연회비 대비 바우처!"
https://www.card-gorilla.com/card/detail/2461,846,바우처,바우처,,,[GIFT] 5가지 기프트 중에서 매년 2가지를 선택
https://www.card-gorilla.com/card/detail/2461,846,할인,적립,1.2,,"[REWARD] 국내 가맹점 1.2%, 생활 편의 영역 1.5%"
https://www.card-gorilla.com/card/detail/2461,846,할인,생활,,50000,"[PREMIUM LIFESTYLE] 라이프스타일 50,000원 할인"
https://www.card-gorilla.com/card/detail/2461,846,무료서비스,공항라운지,,,[PREMIUM LIFESTYLE] 공항 라운지 서비스(THE Lounge)
https://www.card-gorilla.com/card/detail/2461,846,기타,프리미엄 서비스,,,국제브랜드 서비스(해외겸용카드 전용)
https://www.card-gorilla.com/card/detail/2461,846,기타,선택형,,,[SPECIAL PLATE] 특수 소재 카드
https://www.card-gorilla.com/card/detail/2463,847,할인,대중교통,50.0,,대중교통 50% 할인
https://www.card-gorilla.com/card/detail/2463,847,할인,카페,50.0,,커피 50% 할인
https://www.card-gorilla.com/card/detail/2463,847,할인,헤어,50.0,,미용실 50% 할인
https://www.card-gorilla.com/card/detail/2463,847,할인,온라인쇼핑,50.0,,온라인쇼핑 50% 할인
https://www.card-gorilla.com/card/detail/2463,847,할인,디지털구독,50.0,,"스트리밍 서비스 50% 할인
멤버십 서비스 50% 할인"
https://www.card-gorilla.com/card/detail/2463,847,무료서비스,교통,,,"LOCA Mobility 반띵 카드 발급 시, '로카모빌리티카드' 1매 무료 제공"
https://www.card-gorilla.com/card/detail/2465,848,마일리지,아시아나항공,,,아시아나항공 마일리지 적립 서비스
https://www.card-gorilla.com/card/detail/2465,848,기타,백화점,,,신세계백화점 제휴 서비스
https://www.card-gorilla.com/card/detail/2465,848,기타,면세점,,,신세계면세점 멤버십 우대 서비스
https://www.card-gorilla.com/card/detail/2466,849,기타,카페,,,이디야 멤버스 음료쿠폰 제공
https://www.card-gorilla.com/card/detail/2466,849,할인,카페,,,이디야커피 청구할인
https://www.card-gorilla.com/card/detail/2466,849,할인,디지털구독,30.0,,디지털 구독 30% 청구할인
https://www.card-gorilla.com/card/detail/2466,849,할인,교통,5.0,,교통 5% 청구할인
https://www.card-gorilla.com/card/detail/2466,849,기타,선택형,,,다양한 플레이트 선택 가능
https://www.card-gorilla.com/card/detail/2467,850,할인,통신,,,알뜰폰 통신요금 월최대 1만 5천원 할인
https://www.card-gorilla.com/card/detail/2468,851,할인,통신,,,"KMVNO 알뜰폰
통신요금 자동이체 할인 서비스"
https://www.card-gorilla.com/card/detail/2469,852,캐시백,국내외가맹점,1.0,,국내외가맹점 최대 1% 캐시백
https://www.card-gorilla.com/card/detail/2469,852,캐시백,대중교통,50.0,,"[라이프 캐시백]
대중교통(버스, 지하철) 50% 캐시백"
https://www.card-gorilla.com/card/detail/2469,852,캐시백,카페,50.0,,"[라이프 캐시백]
커피(스타벅스 사이렌 오더) 50% 캐시백"
https://www.card-gorilla.com/card/detail/2469,852,캐시백,디지털구독,30.0,,"[라이프 캐시백]
스트리밍(넷플릭스, 디즈니 +, CGV) 30% 캐시백"
https://www.card-gorilla.com/card/detail/2469,852,기타,프리미엄 서비스,,,Platinum Service
https://www.card-gorilla.com/card/detail/2469,852,기타,선택형,,,원하는 디자인 선택 가능
https://www.card-gorilla.com/card/detail/2470,853,적립,대형마트,5.0,,트레이더스 홀세일 클럽 1/3/5% TR CASH 적립
https://www.card-gorilla.com/card/detail/2470,853,적립,생활,2.0,,생활 편의 영역 1/2% TR CASH 적립
https://www.card-gorilla.com/card/detail/2470,853,적립,백화점,,,신세계포인트 적립 서비스
https://www.card-gorilla.com/card/detail/2470,853,기타,선택형,,,카드플레이트 선택 가능
https://www.card-gorilla.com/card/detail/2471,854,적립,대중교통,5.0,,대중교통(버스/지하철) 이용 시 최대 5% 적립
https://www.card-gorilla.com/card/detail/2471,854,적립,생활,2.0,,생활편의영역 이용 시 최대 2% 적립
https://www.card-gorilla.com/card/detail/2471,854,적립,해외,1.3,,해외 이용금액에 대해 1.3% 적립
https://www.card-gorilla.com/card/detail/2471,854,기타,선택형,,,카드플레이트 선택 가능
https://www.card-gorilla.com/card/detail/2472,855,할인,SKT,,,SKT 라이트할부 이용 시 최대 2만 5천원 할인 혜택
https://www.card-gorilla.com/card/detail/2472,855,적립,적립,3.0,,국내외 가맹점에서 0.5~3% M포인트 적립
https://www.card-gorilla.com/card/detail/2472,855,적립,적립,1.5,,"현대자동차·기아 신차 구매 시 1.5% 적립
GS칼텍스 주유 시 리터당 60 M포인트 적립"
https://www.card-gorilla.com/card/detail/2472,855,적립,적립,2.0,,"온라인쇼핑 결제 시 M포인트 추가 적립
M포인트 신차구매통장 통장포인트 월 2% 적립받아 신차 구매 시 사용"
https://www.card-gorilla.com/card/detail/2473,856,할인,렌탈,,30000,"롯데렌탈 월 대여료 5,000~30,000원 결제일 할인"
https://www.card-gorilla.com/card/detail/2473,856,할인,주유,5.0,,모든 주유소(LPG 포함) 5% 및 전기차 충전 50% 결제일 할인
https://www.card-gorilla.com/card/detail/2473,856,할인,자동차,10.0,,"카카오 대리운전 2,000원 결제일 할인
그린카 및 세차클링 이용료 10% 결제일 할인"
https://www.card-gorilla.com/card/detail/2474,857,할인,SKT,,,SKT 통신요금 자동이체 시 전월 실적에 따라 청구 할인
https://www.card-gorilla.com/card/detail/2475,858,기타,캐시백,1.0,,"생활 밀착 업종 사용금액 2만원당 200원 캐쉬백
그외 업종 사용금액 2만원당 100원 캐쉬백"
https://www.card-gorilla.com/card/detail/2475,858,마일리지,기타,2.0,,"G마켓/옥션 결제시 2만원당 400마일리지 적립, G마켓 SVIP+옥션 VIP 서비스
CU편의점 결제시 CU 포인트 2% 적립 ＋OK캐쉬백 1% 동시적립"
https://www.card-gorilla.com/card/detail/2475,858,기타,금융,,,KEB하나은행 자동화기기(CD/ATM) 수수료 월 10회 면제
https://www.card-gorilla.com/card/detail/2475,858,기타,해외,,,해외에서 ATM 사용 및 물품구매 가능
https://www.card-gorilla.com/card/detail/2476,859,할인,자동차,,,우리카드 자동차할부 이용고객 월 납부금 청구할인
https://www.card-gorilla.com/card/detail/2476,859,할인,주유,,,주유(LPG 충전)/전기차 충전 청구할인
https://www.card-gorilla.com/card/detail/2476,859,할인,기타,,,주차장 5천원 이상 결제 건당 1천원 할인
https://www.card-gorilla.com/card/detail/2476,859,할인,하이패스,,,후불 하이패스카드 이용금액 1천원 할인
https://www.card-gorilla.com/card/detail/2476,859,기타,NU 후불하이패스,,,우리카드
https://www.card-gorilla.com/card/detail/2477,860,기타,SKT,,,SKT 대상 단말기 구매 시 24개월 라이트할부 제공
https://www.card-gorilla.com/card/detail/2477,860,할인,SKT,,7000,"통신요금 월 7,000원~16,000원 결제일할인"
https://www.card-gorilla.com/card/detail/2479,861,할인,리조트,15.0,,제주신화월드 객실 15% 할인
https://www.card-gorilla.com/card/detail/2479,861,할인,쇼핑,10.0,,쇼핑 10% 할인
https://www.card-gorilla.com/card/detail/2479,861,할인,생활,10.0,,생활 10% 할인
https://www.card-gorilla.com/card/detail/2481,862,할인,쇼핑,7.0,,생활쇼핑 가맹점 7% 결제일 할인
https://www.card-gorilla.com/card/detail/2481,862,할인,카페/디저트,10.0,,커피전문점/제과점 10% 결제일 할인
https://www.card-gorilla.com/card/detail/2481,862,할인,쇼핑,10.0,,"주말 복합쇼핑몰 10% 결제일 할인
주말 3대 할인점 10% 결제일 할인"
https://www.card-gorilla.com/card/detail/2483,863,캐시백,생활,1.0,,"6대 생활영역 이용금액 1% 기본캐시백
음식점, 온라인쇼핑, 대형마트·편의점, 통신비, 병원비, 교통"
https://www.card-gorilla.com/card/detail/2484,864,할인,KT,,25000,"kt 통신요금 청구할인
전월실적 별 월 최대 25,000원 할인"
https://www.card-gorilla.com/card/detail/2484,864,할인,주유소,1.0,,SK 주유소 1% 청구할인
https://www.card-gorilla.com/card/detail/2484,864,기타,프리미엄 서비스,,,"국제 브랜드 서비스
VISA Young Premium 서비스"
https://www.card-gorilla.com/card/detail/2486,865,할인,쇼핑,5.0,,LFmall (lfmall.co.kr) 이용 시 5% 청구할인
https://www.card-gorilla.com/card/detail/2486,865,적립,모든가맹점,0.5,,국내외 가맹점 이용 시 0.5% 포인트리 적립
https://www.card-gorilla.com/card/detail/2486,865,기타,선택형,,,원하는 플레이트 선택 가능
https://www.card-gorilla.com/card/detail/2487,866,무료서비스,영화,,,"CGV 영화관람권 1매 무료 예매, CGV 영화관람권 5천원 할인
CGV 매점 콤보 할인"
https://www.card-gorilla.com/card/detail/2487,866,적립,적립,5.0,,모아포인트 이용금액의 5% ~ 0.5% 적립
https://www.card-gorilla.com/card/detail/2487,866,기타,선택형,,,원하는 플레이트 선택 가능
https://www.card-gorilla.com/card/detail/2488,867,할인,기타,10.0,,베베쿡 10% 할인
https://www.card-gorilla.com/card/detail/2488,867,할인,쇼핑,5.0,,"일상생활 쇼핑 할 때에도 5% 결제일 할인
할인점/백화점/창고형 할인매장/신선식품 배송"
https://www.card-gorilla.com/card/detail/2488,867,할인,쇼핑,5.0,,"주요 커피점, 잡화, 온라인서점 쇼핑할 때에도 5% 결제일 할인"
https://www.card-gorilla.com/card/detail/2489,868,할인,모든가맹점,1.0,,전 가맹점 1% 할인
https://www.card-gorilla.com/card/detail/2489,868,할인,생활,0.5,,생활 편의 업종 0.5% 추가 할인
https://www.card-gorilla.com/card/detail/2489,868,할인,쇼핑,5.0,,페이북 쇼핑 5% 할인
https://www.card-gorilla.com/card/detail/2489,868,무료서비스,여행/숙박,,,비씨투어 멤버스 서비스 무료 가입
https://www.card-gorilla.com/card/detail/2491,869,할인,모든가맹점,0.9,,[Daily 결제일 할인] 국내 이용금액 최대 0.9% / 해외 이용금액 0.5% 결제일 할인
https://www.card-gorilla.com/card/detail/2491,869,할인,기타,,,[Weekly 할인 쿠폰] 매주 1회 국내 이용 할인 쿠폰 제공
https://www.card-gorilla.com/card/detail/2491,869,적립,적립,,1000,"[Monthly 단골 적립] My Pick 가맹점 월 3, 6, 9번째 이용 건에 대해 마이신한포인트 1,000원 적립"
https://www.card-gorilla.com/card/detail/2491,869,기타,선택형,,,카드 플레이트 선택 가능
https://www.card-gorilla.com/card/detail/2492,870,할인,국내외가맹점,0.3,,"[Daily 할인] 국내 이용금액 최대 0.3% 할인, 해외 이용금액 0.2% 할인"
https://www.card-gorilla.com/card/detail/2492,870,할인,기타,,,[Weekly 할인 쿠폰] 매월 2회 국내 이용 할인 쿠폰 제공
https://www.card-gorilla.com/card/detail/2492,870,적립,적립,,,"[Monthly 단골 적립] My Pick 가맹점 월 3, 6, 9번째 이용 건에 대해 마이신한포인트 1,000포인트 적립"
https://www.card-gorilla.com/card/detail/2492,870,기타,선택형,,,카드 플레이트 선택 가능
https://www.card-gorilla.com/card/detail/2494,871,무료서비스,멤버십포인트,5.0,,"현대 백화점·아울렛·홈쇼핑·면세점에서 H.Point 5% 적립
특별적립 대상 가맹점 장기할부(24/36개월) 서비스 제공"
https://www.card-gorilla.com/card/detail/2494,871,적립,적립,0.5,,"실적·한도 제한 없이 0.5% ""H.Point"" 적립"
https://www.card-gorilla.com/card/detail/2494,871,무료서비스,공항라운지,,,"국내외 공항 라운지 월 1회, 연 2회 무료 이용"
https://www.card-gorilla.com/card/detail/2495,872,적립,백화점,7.0,,"신세계백화점 최대 7% 할인, 마이신한포인트 1% 적립"
https://www.card-gorilla.com/card/detail/2495,872,할인,쇼핑,5.0,,신세계 계열사 5% 할인
https://www.card-gorilla.com/card/detail/2495,872,할인,생활,5.0,,커피·배달앱·온라인서점·잡화 5% 할인
https://www.card-gorilla.com/card/detail/2495,872,기타,멤버십포인트,,,신세계 멤버십 혜택 제공
https://www.card-gorilla.com/card/detail/2495,872,기타,프리미엄,,,Platinum 서비스
https://www.card-gorilla.com/card/detail/2495,872,기타,선택형,,,플레이트 디자인 선택가능
https://www.card-gorilla.com/card/detail/2496,873,할인,아울렛,10.0,,신세계사이먼 프리미엄 아울렛 10% 할인
https://www.card-gorilla.com/card/detail/2496,873,할인,쇼핑,7.0,,신세계 계열사 7% 할인
https://www.card-gorilla.com/card/detail/2496,873,할인,주유소,,40,"GS칼텍스, S-OIL 리터 당 40원 할인"
https://www.card-gorilla.com/card/detail/2496,873,기타,멤버십포인트,,,신세계 멤버십 혜택
https://www.card-gorilla.com/card/detail/2497,874,기타,기타,,,LG 전자 베스트샵 매장에서 할부 수수료 혜택
https://www.card-gorilla.com/card/detail/2497,874,캐시백,기타,,11000,"할부 이용 시 월 11,000원 캐시백"
https://www.card-gorilla.com/card/detail/2511,875,캐시백,캐시백,0.5,,국내외 이용금액 최대 0.5% 캐시백
https://www.card-gorilla.com/card/detail/2511,875,캐시백,대중교통,,,버스/지하철 후불교통 이용금액 캐시백
https://www.card-gorilla.com/card/detail/2511,875,캐시백,디지털구독,,,디지털 구독 이용금액 월 최대 1만원 캐시백
https://www.card-gorilla.com/card/detail/2512,876,캐시백,캐시백,0.3,,국내외 이용금액 월 최대 0.3% 캐시백
https://www.card-gorilla.com/card/detail/2512,876,캐시백,대중교통,,,버스/지하철 후불교통 이용금액 캐시백
https://www.card-gorilla.com/card/detail/2514,877,마일리지,멤버십포인트,,,스탁마일리지 2X-특별적립
https://www.card-gorilla.com/card/detail/2514,877,마일리지,멤버십포인트,,,스탁마일리지 1X-기본적립
https://www.card-gorilla.com/card/detail/2514,877,기타,기타,,,미래에셋증권 서비스등급 혜택
https://www.card-gorilla.com/card/detail/2514,877,기타,선택형,,,플레이트 2종 선택
https://www.card-gorilla.com/card/detail/2515,878,마일리지,멤버십포인트,,,스탁마일리지 3X-특별적립
https://www.card-gorilla.com/card/detail/2515,878,마일리지,멤버십포인트,,,스탁마일리지 2X-특별적립
https://www.card-gorilla.com/card/detail/2515,878,마일리지,멤버십포인트,,,스탁마일리지 1X-기본적립
https://www.card-gorilla.com/card/detail/2515,878,기타,기타,,,미래에셋증권 서비스등급 혜택
https://www.card-gorilla.com/card/detail/2515,878,바우처,바우처,,,투자/쇼핑/호텔/골프 바우처 중 택1 10만원 상당 바우처 제공 (연 1회)
https://www.card-gorilla.com/card/detail/2515,878,기타,프리미엄 서비스,,,미래에셋 현대카드 Gold 회원만을 위한 프리미엄 서비스
https://www.card-gorilla.com/card/detail/2515,878,기타,프리미엄 서비스,,,VISA 프리미엄 서비스
https://www.card-gorilla.com/card/detail/2515,878,기타,선택형,,,플레이트 3종 선택
https://www.card-gorilla.com/card/detail/2516,879,마일리지,멤버십포인트,,,스탁마일리지 5X-특별적립
https://www.card-gorilla.com/card/detail/2516,879,마일리지,멤버십포인트,,,스탁마일리지 3X-특별적립
https://www.card-gorilla.com/card/detail/2516,879,마일리지,멤버십포인트,,,스탁마일리지 1X-기본적립
https://www.card-gorilla.com/card/detail/2516,879,기타,기타,,,미래에셋증권 서비스등급 혜택
https://www.card-gorilla.com/card/detail/2516,879,바우처,바우처,,,"투자/쇼핑/호텔/골프 바우처 중 택3, 30만원 상당 바우처 제공 (연 1회)"
https://www.card-gorilla.com/card/detail/2516,879,기타,프리미엄 서비스,,,미래에셋 현대카드 Diamond 회원만을 위한 프리미엄 서비스
https://www.card-gorilla.com/card/detail/2516,879,기타,프리미엄 서비스,,,VISA 프리미엄 서비스
https://www.card-gorilla.com/card/detail/2516,879,기타,선택형,,,플레이트 3종 선택
https://www.card-gorilla.com/card/detail/2517,880,적립,디지털구독,50.0,,네이버 디지털콘텐츠/네이버플러스 멤버십 50% 네이버페이 포인트 적립
https://www.card-gorilla.com/card/detail/2517,880,적립,네이버페이,1.0,,네이버페이로 결제 시 국내 가맹점 1% 네이버페이 포인트 적립
https://www.card-gorilla.com/card/detail/2517,880,적립,네이버페이,5.0,,배달앱/커피전문점 5% 네이버페이 포인트 적립
https://www.card-gorilla.com/card/detail/2517,880,적립,온라인쇼핑,5.0,,온라인쇼핑몰 5% 네이버페이 포인트 적립
https://www.card-gorilla.com/card/detail/2517,880,적립,해외이용,1.0,,해외 1% 네이버페이 포인트 적립
https://www.card-gorilla.com/card/detail/2519,881,캐시백,할인,0.3,,국내 전 가맹점 0.3% 캐시백
https://www.card-gorilla.com/card/detail/2519,881,캐시백,디지털구독,30.0,,OTT 30% 캐시백
https://www.card-gorilla.com/card/detail/2519,881,캐시백,온라인쇼핑,30.0,,패션 30% 캐시백
https://www.card-gorilla.com/card/detail/2519,881,캐시백,디지털구독,30.0,,멤버십 30% 캐시백
https://www.card-gorilla.com/card/detail/2521,882,적립,멤버십포인트,10.0,,야놀자·인터파크(투어/티켓)·트리플 NOL 포인트 10% 적립
https://www.card-gorilla.com/card/detail/2521,882,적립,멤버십포인트,10.0,,커피전문점·편의점·디지털 콘텐츠 서비스 NOL 포인트 10% 적립
https://www.card-gorilla.com/card/detail/2521,882,적립,멤버십포인트,10.0,,쇼핑·영화·골프·대중교통 NOL 포인트 10% 적립
https://www.card-gorilla.com/card/detail/2521,882,적립,멤버십포인트,10.0,,해외 가맹점 NOL 포인트 10% 적립
https://www.card-gorilla.com/card/detail/2521,882,기타,프리미엄 서비스,,,VISA/AMEX 플래티넘 서비스
https://www.card-gorilla.com/card/detail/2521,882,기타,선택형,,,플레이트 6종 선택
https://www.card-gorilla.com/card/detail/2522,883,할인,KT,,,KT 통신서비스 요금 청구할인
https://www.card-gorilla.com/card/detail/2522,883,기타,KT,,,KT 단말기 장기할부 서비스
https://www.card-gorilla.com/card/detail/2523,884,할인,LGU+,,,LG U+ 유무선 통신요금 할인
https://www.card-gorilla.com/card/detail/2523,884,할인,패밀리레스토랑,10.0,,패밀리레스토랑 10% 청구할인
https://www.card-gorilla.com/card/detail/2523,884,할인,카페,20.0,,커피 20% 청구할인
https://www.card-gorilla.com/card/detail/2523,884,할인,영화,,,전국 영화관 3천원 청구할인
https://www.card-gorilla.com/card/detail/2523,884,할인,테마파크,50.0,,주요 놀이공원 자유이용권 50% 현장할인
https://www.card-gorilla.com/card/detail/2525,885,할인,주유소,,100,[Daily 할인] 주유 리터당 60~100원 청구할인
https://www.card-gorilla.com/card/detail/2525,885,할인,대중교통,10.0,,[Daily 할인] 대중교통 10% 청구할인
https://www.card-gorilla.com/card/detail/2525,885,할인,카페,10.0,,[Daily 할인] 커피 10% 청구할인
https://www.card-gorilla.com/card/detail/2525,885,할인,할인,1.0,,[Simple 할인] 국내 가맹점 1.0%~0.7% 청구할인
https://www.card-gorilla.com/card/detail/2526,886,할인,경기관람,,,LG트윈스 입장권 할인
https://www.card-gorilla.com/card/detail/2526,886,할인,쇼핑,10.0,,LG트윈스 용품 구매 시 10% 현장 할인
https://www.card-gorilla.com/card/detail/2526,886,할인,영화,,3000,"전국 CGV 영화관 3,000원(2매 기준) 현장할인"
https://www.card-gorilla.com/card/detail/2526,886,할인,테마파크,50.0,,"롯데월드, 서울랜드, 에버랜드 자유이용권 50% 및 캐리비안베이 입장권 30% 할인"
https://www.card-gorilla.com/card/detail/2527,887,적립,편의점,10.0,,4대 편의점 이용 시 10% 적립
https://www.card-gorilla.com/card/detail/2527,887,적립,카페,10.0,,커피 업종 이용 시 10% 적립
https://www.card-gorilla.com/card/detail/2527,887,적립,해외이용,1.0,,해외 이용금액 1% 적립
https://www.card-gorilla.com/card/detail/2527,887,적립,디지털구독,10.0,,디지털 구독 영역 이용 시 10% 적립
https://www.card-gorilla.com/card/detail/2527,887,적립,온라인쇼핑,,,One Pick 온라인 쇼핑몰 가맹점 최대 3천 포인트 적립
https://www.card-gorilla.com/card/detail/2528,888,적립,편의점,10.0,,4대 편의점 이용 시 10% 적립
https://www.card-gorilla.com/card/detail/2528,888,적립,카페,10.0,,커피 업종 이용 시 10% 적립
https://www.card-gorilla.com/card/detail/2528,888,적립,해외이용,1.0,,해외 이용금액 1% 적립
https://www.card-gorilla.com/card/detail/2528,888,적립,생활,10.0,,놀이 영역 이용 시 10% 적립
https://www.card-gorilla.com/card/detail/2528,888,적립,푸드,,,One Pick 맛집 가맹점 최대 3천 포인트 적립
https://www.card-gorilla.com/card/detail/2529,889,적립,국내외가맹점,1.0,,국내외 가맹점 1.0% 하나머니 적립
https://www.card-gorilla.com/card/detail/2529,889,적립,간편결제,1.0,,간편결제 1.0%~1.3% 하나머니 적립
https://www.card-gorilla.com/card/detail/2529,889,적립,해외이용,3.0,,해외 가맹점 3% 하나머니 적립 (신용카드 결제 시)
https://www.card-gorilla.com/card/detail/2529,889,적립,항공권,3.0,,항공사 3% 하나머니 적립
https://www.card-gorilla.com/card/detail/2529,889,적립,면세점,3.0,,면세점 3% 하나머니 적립
https://www.card-gorilla.com/card/detail/2529,889,적립,온라인 여행사,3.0,,여행 3% 하나머니 적립
https://www.card-gorilla.com/card/detail/2529,889,기타,수수료우대,,,외화 하나머니 결제 안내 및 혜택
https://www.card-gorilla.com/card/detail/2529,889,기타,선택형,,,카드 플레이트 선택
https://www.card-gorilla.com/card/detail/2530,890,할인,일반음식점,5.0,,"한식, 휴게음식점 업종 5% 환급할인 (평일만)"
https://www.card-gorilla.com/card/detail/2530,890,할인,카페,5.0,,커피음료전문점 업종 5% 환급할인 (평일만)
https://www.card-gorilla.com/card/detail/2530,890,할인,아이스크림,5.0,,제과아이스크림 업종 5% 환급할인 (평일만)
https://www.card-gorilla.com/card/detail/2530,890,할인,대중교통,5.0,,"대중교통(버스, 지하철) 5% 청구할인"
https://www.card-gorilla.com/card/detail/2530,890,기타,선택형,,,카드 플레이트 선택
https://www.card-gorilla.com/card/detail/2532,891,할인,수수료우대,,,해외 수수료 할인 서비스(전월실적 없음)
https://www.card-gorilla.com/card/detail/2532,891,적립,멤버십포인트,,,마이신한포인트 적립(전월실적 30만원 이상)
https://www.card-gorilla.com/card/detail/2532,891,무료서비스,프리미엄 서비스,,,Mastercard Platinum 서비스 제공
https://www.card-gorilla.com/card/detail/2533,892,할인,공과금,,,에너지 공과금 청구할인 서비스
https://www.card-gorilla.com/card/detail/2533,892,할인,생활,,,일상생활 청구할인 서비스
https://www.card-gorilla.com/card/detail/2533,892,무이자할부,무이자할부,,,2~3개월 무이자 할부 서비스
https://www.card-gorilla.com/card/detail/2534,893,할인,병원/약국,20.0,,의료 20% 결제일 할인
https://www.card-gorilla.com/card/detail/2534,893,할인,보험사,10.0,,보험 10% 결제일 할인
https://www.card-gorilla.com/card/detail/2534,893,할인,뷰티/피트니스,20.0,,헬스/뷰티 20% 결제일 할인
https://www.card-gorilla.com/card/detail/2534,893,할인,대형마트,10.0,,할인점 10% 결제일 할인
https://www.card-gorilla.com/card/detail/2534,893,할인,할인,10.0,,이동통신/렌탈/멤버십 정기결제 시 10% 결제일 할인
https://www.card-gorilla.com/card/detail/2534,893,할인,해외이용,1.0,,"전월 이용금액에 관계없이, 할인한도 없이 해외 1% 결제일할인"
https://www.card-gorilla.com/card/detail/2534,893,기타,선택형,,,카드 플레이트 선택
https://www.card-gorilla.com/card/detail/2537,894,할인,대형마트,,30000,"롯데마트, MAXX 월 최대 30,000원 결제일 할인"
https://www.card-gorilla.com/card/detail/2538,895,할인,국내외가맹점,1.0,,국내외 가맹점에서 최대 1% 할인
https://www.card-gorilla.com/card/detail/2539,896,할인,주유소,10.0,,S-OIL 주유 10% 결제일할인
https://www.card-gorilla.com/card/detail/2539,896,할인,카페,30.0,,스타벅스 드라이브스루 30% 결제일할인
https://www.card-gorilla.com/card/detail/2539,896,할인,하이패스,10.0,,고속도로 통행료 10% 결제일할인
https://www.card-gorilla.com/card/detail/2539,896,할인,기타,10.0,,주차장/대리운전 10% 결제일 할인
https://www.card-gorilla.com/card/detail/2540,897,적립,멤버십포인트,3.0,,국내외 가맹점 1~3% 적립
https://www.card-gorilla.com/card/detail/2540,897,기타,프리미엄 서비스,,,"Excusive 전용 쿠폰서비스1 [연 1회 제공, 4가지 중 1가지 선택]"
https://www.card-gorilla.com/card/detail/2540,897,기타,프리미엄 서비스,,,"Excusive 전용 쿠폰서비스2 [연 1회 제공, 2가지 중 1가지 선택]"
https://www.card-gorilla.com/card/detail/2540,897,기타,프리미엄 서비스,,,Excusive 전용 특별 서비스
https://www.card-gorilla.com/card/detail/2540,897,기타,프리미엄 서비스,,,Visa Infinite 서비스
https://www.card-gorilla.com/card/detail/2541,898,마일리지,대한항공,,,대한항공 마일리지 적립 서비스
https://www.card-gorilla.com/card/detail/2541,898,기타,프리미엄 서비스,,,"Reserve 전용혜택 쿠폰서비스 [연 1회 제공, 3가지 중 1가지 선택]"
https://www.card-gorilla.com/card/detail/2541,898,기타,프리미엄 서비스,,,Reserve 전용혜택 특별서비스
https://www.card-gorilla.com/card/detail/2541,898,기타,프리미엄 서비스,,,Amex Elite & ICON 서비스
https://www.card-gorilla.com/card/detail/2541,898,기타,HERITAGE Smart [대한항공 마일리지형],,,KB국민카드
https://www.card-gorilla.com/card/detail/2542,899,적립,멤버십포인트,,,국내외/특정 업종 포인트리 적립
https://www.card-gorilla.com/card/detail/2542,899,기타,프리미엄 서비스,,,"Reserve 전용혜택 쿠폰서비스 [연 1회 제공, 3가지 중 1가지 선택]"
https://www.card-gorilla.com/card/detail/2542,899,기타,프리미엄 서비스,,,Reserve 전용혜택 특별서비스
https://www.card-gorilla.com/card/detail/2542,899,기타,프리미엄 서비스,,,Amex Elite & ICON 서비스
https://www.card-gorilla.com/card/detail/2542,899,기타,HERITAGE Smart [할인형],,,KB국민카드
https://www.card-gorilla.com/card/detail/2542,899,기타,HERITAGE Exclusive,,,KB국민카드
https://www.card-gorilla.com/card/detail/2543,900,할인,백화점,1.0,,신세계백화점 1% 할인
https://www.card-gorilla.com/card/detail/2543,900,할인,국내외가맹점,0.5,,0.5% 결제일할인
https://www.card-gorilla.com/card/detail/2543,900,할인,기타,,,교육•할인점•이동통신•병원•약국 할인
https://www.card-gorilla.com/card/detail/2543,900,할인,영화,,10000,"모든 영화관 10,000원 결제일할인"
https://www.card-gorilla.com/card/detail/2543,900,할인,카페,20.0,,커피전문점 20% 결제일할인
https://www.card-gorilla.com/card/detail/2543,900,할인,패밀리레스토랑,,20000,"VIPS•더플레이스 20,000원 결제일할인"
https://www.card-gorilla.com/card/detail/2543,900,할인,테마파크,,,놀이공원•워터파크 할인 서비스
https://www.card-gorilla.com/card/detail/2543,900,기타,정비,,,닥터카 서비스
https://www.card-gorilla.com/card/detail/2543,900,기타,백화점,,,신세계백화점 제휴 서비스
https://www.card-gorilla.com/card/detail/2543,900,기타,프리미엄 서비스,,,Mastercard PLATINUM 등급 서비스
https://www.card-gorilla.com/card/detail/2543,900,기타,경기관람,,,프로스포츠 프로모션 서비스
https://www.card-gorilla.com/card/detail/2546,901,적립,편의점,10.0,,4대 편의점 10% 적립
https://www.card-gorilla.com/card/detail/2546,901,적립,카페,10.0,,커피 업종 10% 적립
https://www.card-gorilla.com/card/detail/2546,901,적립,생활,10.0,,놀이 영역 이용 시 10% 적립
https://www.card-gorilla.com/card/detail/2546,901,적립,푸드,,,One Pick 맛집 가맹점 최대 3천 포인트 적립
https://www.card-gorilla.com/card/detail/2547,902,적립,편의점,10.0,,4대 편의점 이용 시 10% 적립
https://www.card-gorilla.com/card/detail/2547,902,적립,카페,10.0,,커피 업종 이용 시 10% 적립
https://www.card-gorilla.com/card/detail/2547,902,적립,디지털구독,10.0,,디지털 구독 영역 이용 시 10% 적립
https://www.card-gorilla.com/card/detail/2547,902,적립,온라인쇼핑,,,One Pick 온라인 쇼핑몰 가맹점 최대 3천 포인트 적립
https://www.card-gorilla.com/card/detail/2548,903,기타,하이패스,,,e hi-pass 카드 소개
https://www.card-gorilla.com/card/detail/2548,903,기타,하이패스,,,후불 하이패스
https://www.card-gorilla.com/card/detail/2548,903,적립,멤버십포인트,,,포인트리 적립/할인
https://www.card-gorilla.com/card/detail/2549,904,적립,적립,5.0,,요일별 서비스영역 대상 가맹점 이용시 5% 카카오페이포인트 적립
https://www.card-gorilla.com/card/detail/2549,904,적립,간편결제,,,"토/일 카카오페이로 이용 시, 3천 카카오페이포인트 적립"
https://www.card-gorilla.com/card/detail/2549,904,적립,적립,10.0,,"OTT 및 멤버십 서비스, 커피 대상가맹점 이용 시 10% 카카오페이포인트 적립"
https://www.card-gorilla.com/card/detail/2549,904,기타,선택형,,,다양한 플레이트 선택 가능
https://www.card-gorilla.com/card/detail/2550,905,할인,카페,10.0,,"[일상] 스타벅스, 커피빈 10% 할인"
https://www.card-gorilla.com/card/detail/2550,905,할인,게임,10.0,,"[일상] 구글플레이스토어, 앱스토어 10% 할인"
https://www.card-gorilla.com/card/detail/2550,905,할인,공연/전시,10.0,,[일상] 인터파크 티켓 10% 할인
https://www.card-gorilla.com/card/detail/2550,905,할인,헤어,5.0,,"[일상] 올리브영, 미용실 업종 5% 할인"
https://www.card-gorilla.com/card/detail/2550,905,할인,편의점,5.0,,"[일상] GS25, CU 5% 할인"
https://www.card-gorilla.com/card/detail/2550,905,할인,디지털구독,,1000,"[일상] 넷플릭스, 유튜브프리미엄 1,000원 할인"
https://www.card-gorilla.com/card/detail/2550,905,할인,배달앱,,1000,"[일상] 배달의민족, 요기요 1,000원 할인"
https://www.card-gorilla.com/card/detail/2550,905,할인,통신,,2500,"[일상] SKT, KT, LG U+, Liiv M 2,500원 할인"
https://www.card-gorilla.com/card/detail/2550,905,할인,영화,,4000,"[일상] CGV 4,000원 할인"
https://www.card-gorilla.com/card/detail/2550,905,할인,테마파크,,15000,"[일상] 에버랜드, 롯데월드 15,000원 할인"
https://www.card-gorilla.com/card/detail/2550,905,할인,게임,10.0,,[Play] PC방 업종 10% 할인
https://www.card-gorilla.com/card/detail/2550,905,할인,패스트푸드,,1000,"[Play] 패스트푸드 업종 1,000원 할인"
https://www.card-gorilla.com/card/detail/2551,906,할인,무실적,1.0,,[기본 할인] 국내외 가맹점 1% 청구할인
https://www.card-gorilla.com/card/detail/2551,906,할인,할인,,,[추가 할인] 전월실적에 따라 매월 최대 2만원 청구할인
https://www.card-gorilla.com/card/detail/2551,906,기타,선택형,,,플레이트 2종 선택
https://www.card-gorilla.com/card/detail/2552,907,적립,무실적,0.2,,[기본 적립] 국내외 가맹점 이용금액 0.2% 적립
https://www.card-gorilla.com/card/detail/2552,907,적립,적립,,,[추가 적립] 전월실적에 따라 최대 3천원 추가 적립
https://www.card-gorilla.com/card/detail/2552,907,적립,적립,,,[특별 적립] 4대 일상영역 중 한 곳 1만원 적립
https://www.card-gorilla.com/card/detail/2552,907,기타,선택형,,,플레이트 3종 선택
https://www.card-gorilla.com/card/detail/2553,908,마일리지,대한항공,,,SKYPASS 최대 2마일리지 적립
https://www.card-gorilla.com/card/detail/2553,908,기타,수수료우대,,,해외수수료 면제
https://www.card-gorilla.com/card/detail/2553,908,무료서비스,공항라운지,,,국내 공항라운지 동반 1인 동시 이용 가능 (전월실적 50만원 이상 시 제공)
https://www.card-gorilla.com/card/detail/2554,909,기타,수수료우대,,,해외수수료 면제 서비스
https://www.card-gorilla.com/card/detail/2554,909,적립,해외이용,,,해외 가맹점 하나머니 적립
https://www.card-gorilla.com/card/detail/2554,909,적립,멤버십포인트,,,국내 가맹점 하나머니 적립
https://www.card-gorilla.com/card/detail/2555,910,할인,할인,,,청구 할인 서비스
https://www.card-gorilla.com/card/detail/2556,911,적립,적립,,,포인트리 적립 서비스
https://www.card-gorilla.com/card/detail/2558,912,할인,교통,10.0,,대중교통 10% 결제일 할인
https://www.card-gorilla.com/card/detail/2558,912,할인,카페,20.0,,커피전문점 20% 결제일 할인
https://www.card-gorilla.com/card/detail/2558,912,할인,디지털구독,20.0,,디지털콘텐츠/멤버십 정기결제 시 20% 결제일 할인
https://www.card-gorilla.com/card/detail/2558,912,할인,온라인쇼핑,3.0,,온라인쇼핑 3% 결제일 할인
https://www.card-gorilla.com/card/detail/2558,912,기타,선택형,,,특수 소재 카드
https://www.card-gorilla.com/card/detail/2558,912,마일리지,교통,,,K-패스 마일리지
https://www.card-gorilla.com/card/detail/2563,913,캐시백,대중교통,10.0,,대중교통 10% 캐시백
https://www.card-gorilla.com/card/detail/2563,913,캐시백,통신,10.0,,이동통신 10% 캐시백
https://www.card-gorilla.com/card/detail/2563,913,기타,편의점,,1000,"편의점/커피전문점/제과 1,000원 캐시벡"
https://www.card-gorilla.com/card/detail/2563,913,할인,영화,,3000,"CGV 3,000원 할인"
https://www.card-gorilla.com/card/detail/2563,913,마일리지,대중교통,,,K-패스 마일리지
https://www.card-gorilla.com/card/detail/2565,914,할인,애완동물,30.0,,동물병원/반려동물업종 30% 할인
https://www.card-gorilla.com/card/detail/2565,914,할인,애완동물,30.0,,반려동물사진관 30% 할인
https://www.card-gorilla.com/card/detail/2565,914,할인,온라인쇼핑,10.0,,온라인쇼핑 10% 할인
https://www.card-gorilla.com/card/detail/2565,914,할인,카페,10.0,,커피 10% 할인
https://www.card-gorilla.com/card/detail/2565,914,할인,대형마트,5.0,,대형마트 5% 할인
https://www.card-gorilla.com/card/detail/2565,914,할인,편의점,5.0,,편의점 5% 할인
https://www.card-gorilla.com/card/detail/2566,915,할인,모든가맹점,1.2,,국내 가맹점 1.2% 결제일 할인
https://www.card-gorilla.com/card/detail/2566,915,할인,해외,2.0,,해외 가맹점 2.0% 결제일 할인
https://www.card-gorilla.com/card/detail/2567,916,할인,편의점,1.0,,GS25 1%/5%/10% 결제일 할인
https://www.card-gorilla.com/card/detail/2567,916,할인,SSM,1.0,,GS THE FRESH 1%/5%/10% 결제일 할인
https://www.card-gorilla.com/card/detail/2567,916,기타,멤버십포인트,,,GS리테일 POP서비스
https://www.card-gorilla.com/card/detail/2567,916,할인,카페,10.0,,커피전문점/배달앱 10% 결제일할인
https://www.card-gorilla.com/card/detail/2567,916,할인,디지털구독,30.0,,디지털콘텐츠 30% 결제일 할인
https://www.card-gorilla.com/card/detail/2567,916,할인,해외,1.0,,해외 1% 결제일 할인
https://www.card-gorilla.com/card/detail/2567,916,기타,선택형,,,플레이트 선택
https://www.card-gorilla.com/card/detail/2568,917,할인,대중교통,10.0,,버스·지하철 10% 청구할인
https://www.card-gorilla.com/card/detail/2568,917,할인,통신,5.0,,이동통신요금 5% 환급할인
https://www.card-gorilla.com/card/detail/2568,917,할인,영화,35.0,,CGV 35% 환급할인
https://www.card-gorilla.com/card/detail/2568,917,할인,패밀리레스토랑,20.0,,"아웃백, VIPS 20% 환급할인"
https://www.card-gorilla.com/card/detail/2568,917,할인,카페,20.0,,스타벅스 20% 환급할인
https://www.card-gorilla.com/card/detail/2568,917,할인,테마파크,50.0,,에버랜드·롯데월드 50% 환급할인
https://www.card-gorilla.com/card/detail/2568,917,기타,금융,,,금융수수료 면제 서비스
https://www.card-gorilla.com/card/detail/2568,917,할인,편의점,5.0,,GS25 5% 환급할인
https://www.card-gorilla.com/card/detail/2568,917,할인,도서,5.0,,교보문고 5% 환급할인
https://www.card-gorilla.com/card/detail/2569,918,적립,적립,,,트래블 포인트 적립 포인트
https://www.card-gorilla.com/card/detail/2569,918,기타,수수료우대,,,해외 이용 수수료 면제 서비스
https://www.card-gorilla.com/card/detail/2570,919,캐시백,온라인쇼핑,5.0,,[오늘 하루 SHOPPING] 온라인 쇼핑 5% 캐시백
https://www.card-gorilla.com/card/detail/2570,919,캐시백,간편결제,5.0,,[오늘 하루 SHOPPING] 간편결제 5% 캐시백
https://www.card-gorilla.com/card/detail/2570,919,캐시백,생활,5.0,,[오늘 하루 SHOPPING] 안경/렌즈 5% 캐시백
https://www.card-gorilla.com/card/detail/2570,919,캐시백,카페,5.0,,[오늘 하루 EAT] 커피 5% 캐시백
https://www.card-gorilla.com/card/detail/2570,919,캐시백,배달앱,5.0,,[오늘 하루 EAT] 배달/주문 5% 캐시백
https://www.card-gorilla.com/card/detail/2570,919,캐시백,대중교통,5.0,,[오늘 하루 LIFE] 대중교통(버스/지하철) 5% 캐시백
https://www.card-gorilla.com/card/detail/2570,919,캐시백,통신,5.0,,[오늘 하루 LIFE] 이동통신 5% 캐시백
https://www.card-gorilla.com/card/detail/2570,919,캐시백,해외,5.0,,[오늘 하루 LIFE] 해외 5% 캐시백
https://www.card-gorilla.com/card/detail/2570,919,캐시백,생활,5.0,,[오늘 하루 LIFE] 어학시험 5% 캐시백
https://www.card-gorilla.com/card/detail/2570,919,캐시백,디지털구독,5.0,,[오늘 하루 PLAY] OTT 5% 캐시백
https://www.card-gorilla.com/card/detail/2570,919,캐시백,공연/전시,5.0,,[오늘 하루 PLAY] 공연티켓 5% 캐시백
https://www.card-gorilla.com/card/detail/2571,920,할인,학원,,7000,"메가스터디교육 7,000원~12,000원 할인"
https://www.card-gorilla.com/card/detail/2571,920,할인,생활,,3000,"생활요금 정기결제 월 최대 3,000원 할인"
https://www.card-gorilla.com/card/detail/2571,920,기타,선택형,,,플레이트 2종 선택
https://www.card-gorilla.com/card/detail/2572,921,적립,항공마일리지,,,UniMile 적립
https://www.card-gorilla.com/card/detail/2572,921,무료서비스,공항라운지,,,[Global 서비스] 인천공항 라운지 무료 입장 및 위탁수화물 서비스
https://www.card-gorilla.com/card/detail/2572,921,기타,프리미엄 서비스,,,UPI 플래티늄 서비스
https://www.card-gorilla.com/card/detail/2583,922,적립,멤버십포인트,,,PAYCO 포인트 적립 서비스
https://www.card-gorilla.com/card/detail/2583,922,무료서비스,기타,,,PAYCO 36 우리카드 장기할부 서비스 제공
https://www.card-gorilla.com/card/detail/2583,922,할인,카페,5.0,,커피전문점 5% 청구할인
https://www.card-gorilla.com/card/detail/2583,922,할인,편의점,5.0,,편의점 5% 청구할인
https://www.card-gorilla.com/card/detail/2583,922,기타,PAYCO taptap,,,삼성카드
https://www.card-gorilla.com/card/detail/2585,923,적립,대중교통,5.0,,대중교통(버스/지하철) 이용 시 최대 5% 적립
https://www.card-gorilla.com/card/detail/2585,923,적립,생활,2.0,,생활편의영역(통신·편의점·생활잡화·디지털컨텐츠·커피) 이용시 2% 적립
https://www.card-gorilla.com/card/detail/2585,923,적립,해외이용,1.3,,해외 이용금액에 대해 1.3% 적립
https://www.card-gorilla.com/card/detail/2586,924,기타,교육/육아,,,용돈도 신용카드로
https://www.card-gorilla.com/card/detail/2586,924,기타,교통,,,버스와 지하철 충전 없이 탈 수 있어요
https://www.card-gorilla.com/card/detail/2586,924,기타,간편결제,,,어디서나 간편하게 로카페이로 결제할 수 있어요
https://www.card-gorilla.com/card/detail/2587,925,할인,무실적,1.0,,[기본할인] 국내외 가맹점 1% 청구할인
https://www.card-gorilla.com/card/detail/2587,925,할인,할인,,,[추가 할인] 전월실적에 따라 매월 최대 2만원 청구할인
https://www.card-gorilla.com/card/detail/2587,925,기타,선택형,,,플레이트 2종 선택
https://www.card-gorilla.com/card/detail/2588,926,할인,카페,10.0,,"스타벅스, 커피빈 10% 할인"
https://www.card-gorilla.com/card/detail/2588,926,할인,게임,10.0,,"구글플레이스토어, 앱스토어 10% 할인"
https://www.card-gorilla.com/card/detail/2588,926,할인,공연/전시,10.0,,인터파크 티켓 10% 할인
https://www.card-gorilla.com/card/detail/2588,926,할인,드럭스토어,5.0,,"올리브영, 미용실 업종 5% 할인"
https://www.card-gorilla.com/card/detail/2588,926,할인,편의점,5.0,,"GS25, CU 5% 할인"
https://www.card-gorilla.com/card/detail/2588,926,할인,디지털구독,,1000,"넷플릭스, 유튜브프리미엄 1,000원 할인"
https://www.card-gorilla.com/card/detail/2588,926,할인,배달앱,,1000,"배달의 민족, 요기요 1,000원 할인"
https://www.card-gorilla.com/card/detail/2588,926,할인,통신,,2500,"SKT, KT, LG U+, Liiv M 2,500원 할인"
https://www.card-gorilla.com/card/detail/2588,926,할인,영화,,4000,"CGV 4,000원 할인"
https://www.card-gorilla.com/card/detail/2588,926,할인,테마파크,,15000,"에버랜드, 롯데월드 15,000원 할인"
https://www.card-gorilla.com/card/detail/2588,926,할인,해외이용,2.0,,해외 가맹점 2% 할인
https://www.card-gorilla.com/card/detail/2588,926,무료서비스,공항라운지,,,공항라운지 더라운지멤버스
https://www.card-gorilla.com/card/detail/2589,927,적립,쇼핑,1.0,,GS리테일 점내 이용 시 GS&POINT 1% 적립
https://www.card-gorilla.com/card/detail/2589,927,적립,모든가맹점,0.1,,그 외 모든 가맹점 이용 시 GS&POINT 0.1% 기본 적립
https://www.card-gorilla.com/card/detail/2592,929,바우처,항공마일리지,,,[웰컴기프트] 싱가포르항공 크리스플라이어(이하 KF) 1만 5천 마일리지 적립 (발급 첫해 1회)
https://www.card-gorilla.com/card/detail/2592,929,바우처,항공마일리지,,,[연간기프트] 국내외 가맹점 싱가포르항공 크리스플라이어 마일리지 적립
https://www.card-gorilla.com/card/detail/2592,929,마일리지,항공마일리지,,,국내외 가맹점 싱가포르항공 크리스플라이어 마일리지 적립
https://www.card-gorilla.com/card/detail/2592,929,기타,기타,,,싱가포르항공 크리스플라이어 엘리트 멤버십 제공
https://www.card-gorilla.com/card/detail/2592,929,마일리지,항공마일리지,,,싱가포르항공 크리스플라이어 보너스 마일리지 적립
https://www.card-gorilla.com/card/detail/2592,929,마일리지,기타,0.0667,,"[부스터마일즈] 이용금액 1,500원당 1크리스플라이어 마일리지 추가 적립"
https://www.card-gorilla.com/card/detail/2592,929,마일리지,할인,,,싱가포르항공 크리스플라이어 공제 마일리지 할인 쿠폰 제공
https://www.card-gorilla.com/card/detail/2592,929,기타,기타,,,싱가포르항공 인천/김해공항 특별 우대
https://www.card-gorilla.com/card/detail/2592,929,할인,할인,,,싱가포르항공 이용금액 결제일 할인
https://www.card-gorilla.com/card/detail/2592,929,무료서비스,공항라운지,,,The Lounge 공항 라운지 무료 제공 (연 2회)
https://www.card-gorilla.com/card/detail/2594,930,마일리지,아시아나항공,,,특별적립처 이용 시 아시아나클럽 마일리지 더블 적립
https://www.card-gorilla.com/card/detail/2594,930,무료서비스,공항라운지,,,"스카이허브 라운지, 마티나(인천공항 제1여객터미널) 라운지 연 1회 무료 이용"
https://www.card-gorilla.com/card/detail/2595,931,할인,쇼핑,20.0,,랭킹닭컴 20% 청구할인
https://www.card-gorilla.com/card/detail/2595,931,할인,골프,10.0,,골프(연습)장 최대 10% 청구할인
https://www.card-gorilla.com/card/detail/2595,931,할인,디지털구독,10.0,,구독서비스 10% 청구할인
https://www.card-gorilla.com/card/detail/2596,932,캐시백,캐시백,0.5,,국내외 이용금액 최대 0.5% 캐시백
https://www.card-gorilla.com/card/detail/2596,932,캐시백,대중교통,,,버스/지하철 후불교통 이용금액 캐시백
https://www.card-gorilla.com/card/detail/2596,932,캐시백,디지털구독,,,디지털 구독 이용금액 월 최대 1만원 캐시백
https://www.card-gorilla.com/card/detail/2597,933,캐시백,캐시백,0.3,,국내외 이용금액 월 최대 0.3% 캐시백
https://www.card-gorilla.com/card/detail/2597,933,캐시백,대중교통,,,버스/지하철 후불교통 이용금액 캐시백
https://www.card-gorilla.com/card/detail/2598,934,적립,드럭스토어,10.0,,올리브영 이용금액 10% CJ ONE 포인트 적립
https://www.card-gorilla.com/card/detail/2598,934,적립,푸드,30.0,,빕스/뚜레쥬르/CGV 이용금액 30% CJ ONE 포인트 적립
https://www.card-gorilla.com/card/detail/2598,934,적립,CJ ONE,3.0,,7대 CJ브랜드 이용금액 최대 3% CJ ONE 포인트 적립
https://www.card-gorilla.com/card/detail/2598,934,적립,국내외가맹점,0.3,,국내외 전가맹점(7대 CJ브랜드 제외) 최대 0.3% CJ ONE 포인트 적립
https://www.card-gorilla.com/card/detail/2602,935,할인,디지털구독,,,5개 영역 디지털 구독 가맹점 정기결제 이용 시 결제일 할인
https://www.card-gorilla.com/card/detail/2602,935,할인,할인,,,서비스 대상 정기결제 자동이체 시 결제일 할인
https://www.card-gorilla.com/card/detail/2602,935,할인,할인,,,서비스 대상 배달앱/생활편의 가맹점 이용 시 결제일 할인
https://www.card-gorilla.com/card/detail/2603,936,할인,주유,,150,주유소(충전소 포함) 리터당 150원~300원 청구할인
https://www.card-gorilla.com/card/detail/2603,936,할인,자동차,10.0,,"차량정비, 주차장, 세차장 업종 10% 청구할인"
https://www.card-gorilla.com/card/detail/2604,937,할인,대중교통,,,"후불교통(시내버스, 지하철) 청구할인, 고속/시외버스 환급할인 (최대 4천원)"
https://www.card-gorilla.com/card/detail/2604,937,할인,편의점,,,CU편의점 최대 4천원 환급할인
https://www.card-gorilla.com/card/detail/2604,937,할인,카페,,,스타벅스(사이렌오더 포함) 최대 4천원 환급할인
https://www.card-gorilla.com/card/detail/2604,937,할인,영화,,,CGV 최대 4천원 환급할인
https://www.card-gorilla.com/card/detail/2604,937,할인,쇼핑,,,텐바이텐 최대 4천원 환급할인
https://www.card-gorilla.com/card/detail/2604,937,할인,간편결제,,,네이버페이·카카오페이·SSG페이 최대 4천원 환급할인 (온라인만)
https://www.card-gorilla.com/card/detail/2604,937,할인,뷰티/피트니스,,,"올리브영, 안경(렌즈)점 최대 4천원 환급할인"
https://www.card-gorilla.com/card/detail/2604,937,할인,도서,,,"YES24, 교보문고 최대 4천원 환급할인 (온라인만)"
https://www.card-gorilla.com/card/detail/2604,937,할인,공연/전시,,,인터파크티켓 최대 4천원 환급할인 (온라인만)
https://www.card-gorilla.com/card/detail/2605,938,할인,자동차,50.0,,티맵 최대 50% 청구 할인
https://www.card-gorilla.com/card/detail/2605,938,할인,디지털구독,10.0,,OTT 10% 청구 할인
https://www.card-gorilla.com/card/detail/2605,938,할인,주유,5.0,,주유 5% 청구 할인
https://www.card-gorilla.com/card/detail/2605,938,할인,푸드,5.0,,식음료 5% 청구 할인
https://www.card-gorilla.com/card/detail/2606,939,기타,보험사,,,신한라이프 전용보험 우대서비스
https://www.card-gorilla.com/card/detail/2606,939,기타,병원,,,GC헬스케어 Basic 서비스
https://www.card-gorilla.com/card/detail/2606,939,할인,병원/약국,,,의료 업종 할인
https://www.card-gorilla.com/card/detail/2606,939,할인,피트니스,,,스포츠 및 헬스 업종 할인
https://www.card-gorilla.com/card/detail/2606,939,할인,생활,,,생활편의 가맹점 할인
https://www.card-gorilla.com/card/detail/2608,940,캐시백,학원,5.0,,대성학원 및 학원업종 3~5% 캐시백
https://www.card-gorilla.com/card/detail/2608,940,할인,주유,,40,GS칼텍스 주유시 리터랑 40원 결제일 할인
https://www.card-gorilla.com/card/detail/2608,940,할인,테마파크,,,테마파크 자유이용권 본인 할인
https://www.card-gorilla.com/card/detail/2609,941,적립,혜택 프로모션,,,"쿠팡, 쿠팡이츠, 쿠팡플레이 최대 4만원 적립(전월실적 조건 없음)
쿠팡 외 최대 2.4만원 적립(전월실적 조건 없음)"
https://www.card-gorilla.com/card/detail/2609,941,적립,적립,2.0,,"(상품 기본 혜택) 쿠팡, 쿠팡이츠, 쿠팡플레이 2% 쿠팡캐시 적립"
https://www.card-gorilla.com/card/detail/2609,941,적립,적립,0.2,,(상품 기본 혜택) 쿠팡 외 가맹점 0.2% 쿠팡캐시 적립
https://www.card-gorilla.com/card/detail/2611,942,적립,적립,,,Applus포인트 기본 적립
https://www.card-gorilla.com/card/detail/2611,942,기타,기타,,,iPhone for Life 프로그램 이용 시
https://www.card-gorilla.com/card/detail/2611,942,적립,적립,,,iPhone for Life 프로그램 미 이용 시 Applus포인트 특별 적립
https://www.card-gorilla.com/card/detail/2612,943,바우처,프리미엄,,,"[아코르 서비스] 4,000 ALL 리워드 포인트 기프트 제공"
https://www.card-gorilla.com/card/detail/2612,943,기타,프리미엄,,,[아코르 서비스] ALL회원 SILVER 등급 제공 및 업그레이드
https://www.card-gorilla.com/card/detail/2612,943,적립,프리미엄,,,[아코르 서비스] ALL 리워드 포인트 적립
https://www.card-gorilla.com/card/detail/2612,943,적립,프리미엄,,,"[아코르 서비스] 2,000 ALL 리워드 포인트 보너스 제공"
https://www.card-gorilla.com/card/detail/2612,943,무료서비스,공항라운지,,,[Premium Service] 국내외 공항 라운지 무료이용 서비스 제공
https://www.card-gorilla.com/card/detail/2612,943,무료서비스,여행/숙박,,,[Premium Service] KAL 리무진 버스 무료이용 서비스 제공
https://www.card-gorilla.com/card/detail/2612,943,무료서비스,여행/숙박,,,[Premium Service] 국내외 여행자 보험 서비스 제공
https://www.card-gorilla.com/card/detail/2612,943,무료서비스,호텔,,,[Premium Service] 아코르 호텔 프리미엄 서비스 제공
https://www.card-gorilla.com/card/detail/2613,944,바우처,프리미엄,,,"[아코르 서비스] 14,000 ALL 리워드 포인트 기프트 제공"
https://www.card-gorilla.com/card/detail/2613,944,기타,프리미엄,,,[아코르 서비스] 아코르 플러스 유료 멤버십 자동 가입
https://www.card-gorilla.com/card/detail/2613,944,기타,프리미엄,,,[아코르 서비스] ALL 회원 GOLD 등급 제공 및 업그레이드
https://www.card-gorilla.com/card/detail/2613,944,적립,프리미엄,,,[아코르 서비스] ALL 리워드 포인트 적립
https://www.card-gorilla.com/card/detail/2613,944,적립,프리미엄,,,"[아코르 서비스] 5,000 ALL 리워드 포인트 보너스 제공"
https://www.card-gorilla.com/card/detail/2613,944,무료서비스,공항라운지,,,[Premium Service] 국내외 공항 라운지 무료이용 서비스 제공
https://www.card-gorilla.com/card/detail/2613,944,무료서비스,여행/숙박,,,[Premium Service] KAL 리무진 버스 무료이용 서비스 제공
https://www.card-gorilla.com/card/detail/2613,944,무료서비스,골프,,,[Premium Service] 국내 지정 골프장 무료 커피 또는 지정 골프연습장 무료 타석권 제공
https://www.card-gorilla.com/card/detail/2613,944,무료서비스,여행/숙박,,,[Premium Service] 국내외 여행자 보험 서비스 제공
https://www.card-gorilla.com/card/detail/2613,944,무료서비스,호텔,,,[Premium Service] 아코르 호텔 프리미엄 서비스 제공
https://www.card-gorilla.com/card/detail/2613,944,기타,선택형,,,플레이트 선택
https://www.card-gorilla.com/card/detail/2614,945,적립,적립,,,KB Pay '다 되는' 적립
https://www.card-gorilla.com/card/detail/2614,945,적립,간편결제,,,KB Pay 온라인 '더 되는' 적립
https://www.card-gorilla.com/card/detail/2614,945,적립,간편결제,,,KB Pay 오프라인 '더 되는' 적립
https://www.card-gorilla.com/card/detail/2618,946,할인,주유소,,70,주유 리터당 70원·90원 결제일 할인
https://www.card-gorilla.com/card/detail/2618,946,할인,자동차/하이패스,10.0,,주차장·하이패스·대리운전 10% 결제일 할인
https://www.card-gorilla.com/card/detail/2618,946,할인,국내외가맹점,0.5,,국내외 가맹점 0.5% 결제일 할인
https://www.card-gorilla.com/card/detail/2618,946,할인,생활,1.5,,할인점·온라인쇼핑몰·편의점·배달앱·커피전문점 1.5% 결제일 할인
https://www.card-gorilla.com/card/detail/2618,946,할인,영화,,5000,"영화 5,000원 결제일 할인"
https://www.card-gorilla.com/card/detail/2618,946,기타,정비,,,차량 점검 서비스
https://www.card-gorilla.com/card/detail/2619,947,적립,적립,,,에코머니 포인트 적립서비스
https://www.card-gorilla.com/card/detail/2623,948,할인,온라인쇼핑,10.0,,온라인 쇼핑 10% 할인(KB Pay 결제 시)
https://www.card-gorilla.com/card/detail/2623,948,할인,카페,10.0,,커피/편의점 10% 할인(KB Pay 결제 시)
https://www.card-gorilla.com/card/detail/2623,948,할인,쇼핑,5.0,,오프라인 쇼핑 5% 할인(KB Pay 결제 시)
https://www.card-gorilla.com/card/detail/2623,948,할인,항공권,5.0,,온라인 항공/면세점 5% 할인(KB Pay 결제 시)
https://www.card-gorilla.com/card/detail/2623,948,기타,프리미엄 서비스,,,Amex Selects(셀렉츠) 서비스
https://www.card-gorilla.com/card/detail/2624,949,할인,온라인쇼핑,10.0,,온라인 쇼핑 10% 할인 (KB Pay 결제 시)
https://www.card-gorilla.com/card/detail/2624,949,할인,주유,5.0,,"주유 100원/L, 편의점 5% 할인"
https://www.card-gorilla.com/card/detail/2624,949,할인,통신,10.0,,"이동통신 10%, OTT 30% 할인"
https://www.card-gorilla.com/card/detail/2624,949,할인,패밀리레스토랑,30.0,,패밀리레스토랑 30% 할인
https://www.card-gorilla.com/card/detail/2624,949,할인,해외이용,5.0,,해외 가맹점 5% 할인
https://www.card-gorilla.com/card/detail/2624,949,할인,테마파크,,,놀이공원 현장 할인
https://www.card-gorilla.com/card/detail/2624,949,기타,프리미엄 서비스,,,Amex Selects(셀렉츠) 서비스
https://www.card-gorilla.com/card/detail/2625,950,할인,카페,,100,커피 업종 100원 할인
https://www.card-gorilla.com/card/detail/2625,950,할인,편의점,,200,편의점 200원 할인
https://www.card-gorilla.com/card/detail/2625,950,할인,게임,,200,모바일 200원 할인
https://www.card-gorilla.com/card/detail/2625,950,할인,배달앱,,500,배달음식 500원 할인
https://www.card-gorilla.com/card/detail/2625,950,할인,대중교통,,1000,"대중교통 1,000원 할인"
https://www.card-gorilla.com/card/detail/2627,951,바우처,바우처,,,[기프트 바우처] Voucher : Premium Gift
https://www.card-gorilla.com/card/detail/2627,951,적립,적립,2.0,,"[적립 서비스] 기본적립 2%, 연간 리워드 1%"
https://www.card-gorilla.com/card/detail/2627,951,무료서비스,프리미엄 서비스,,,[프리미엄 서비스] 공항라운지 서비스
https://www.card-gorilla.com/card/detail/2627,951,마일리지,프리미엄 서비스,,,[프리미엄 서비스] 항공사 마일리지 전환
https://www.card-gorilla.com/card/detail/2627,951,기타,프리미엄 서비스,,,[프리미엄 서비스] 메탈 플레이트 제공
https://www.card-gorilla.com/card/detail/2627,951,기타,프리미엄 서비스,,,VISA Infinite 선택 서비스
https://www.card-gorilla.com/card/detail/2627,951,기타,HERITAGE Exclusive,,,KB국민카드
https://www.card-gorilla.com/card/detail/2629,952,마일리지,국내외가맹점,0.7,,국내외 가맹점 이용 시 스마일캐시 0.7% 적립
https://www.card-gorilla.com/card/detail/2629,952,마일리지,적립,2.0,,추가 적립 대상점 이용 시 스마일캐시 2% 적립(기본0.7%+추가1.3%)
https://www.card-gorilla.com/card/detail/2629,952,기타,SmileCard Edition2,,,현대카드
https://www.card-gorilla.com/card/detail/2629,952,기타,SmileCard the Club,,,현대카드
https://www.card-gorilla.com/card/detail/2630,953,할인,테마파크,50.0,,"에버랜드 종일권(대인 동반 소인 1매) 50% 현장할인
캐리비안베이 종일권 30% 현장할인"
https://www.card-gorilla.com/card/detail/2630,953,할인,테마파크,20.0,,"직영 기념품 매장 20% 현장할인
정기권 10% 현장할인"
https://www.card-gorilla.com/card/detail/2630,953,할인,주유,,60,SK주유소 리터당 60원 청구할인
https://www.card-gorilla.com/card/detail/2630,953,할인,패밀리레스토랑,20.0,,"VIPS, 아웃백, TGIF 20% 청구할인"
https://www.card-gorilla.com/card/detail/2630,953,할인,레저/스포츠,,,"스타포유㈜와 제휴된 전통고택, 글램핑, 카라반 우대 할인"
https://www.card-gorilla.com/card/detail/2631,954,적립,국내외가맹점,0.5,,국내외 가맹점 0.5%/1% 모니머니 리워드 적립
https://www.card-gorilla.com/card/detail/2631,954,적립,보험사,9.0,,보험 9% 모니머니 리워드 추가 적립
https://www.card-gorilla.com/card/detail/2631,954,적립,생활,1.0,,생활 필수 영역 1% 모니머니 리워드 추가 적립
https://www.card-gorilla.com/card/detail/2631,954,할인,카페,,5000,"스타벅스 5,000원 할인"
https://www.card-gorilla.com/card/detail/2631,954,기타,선택형,,,매일 모니모를 찾는 당신을 위해 모니모A 카드의 더 새롭고 감각적인 디자인을 소개합니다.
https://www.card-gorilla.com/card/detail/2632,955,캐시백,국내외가맹점,0.7,,0.7% 캐시백
https://www.card-gorilla.com/card/detail/2632,955,캐시백,캐시백,1.0,,즉시 결제 1% 추가 캐시백
https://www.card-gorilla.com/card/detail/2632,955,기타,무이자할부,,,LOCA 나누기 혜택
https://www.card-gorilla.com/card/detail/2633,956,할인,국내외가맹점,0.7,,0.7% 결제일 할인
https://www.card-gorilla.com/card/detail/2633,956,할인,온라인쇼핑,5.0,,온라인 쇼핑 최대 5% 결제일 할인
https://www.card-gorilla.com/card/detail/2634,957,할인,국내외가맹점,1.0,,어디서나 1% 결제일 할인
https://www.card-gorilla.com/card/detail/2634,957,할인,온라인쇼핑,5.0,,온라인 쇼핑 최대 5% 결제일 할인
https://www.card-gorilla.com/card/detail/2634,957,할인,배달앱,5.0,,"배달의 민족, 쿠팡이츠, 요기요 5% 결제일 할인"
https://www.card-gorilla.com/card/detail/2634,957,할인,통신,5.0,,"SKT, KT, LG U+ 5% 결제일 할인"
https://www.card-gorilla.com/card/detail/2634,957,할인,디지털구독,50.0,,"넷플릭스, 유튜브프리미엄, 왓챠, 멜론, 지니뮤직 50% 결제일 할인"
https://www.card-gorilla.com/card/detail/2634,957,기타,프리미엄,,,SPECIAL GIFT 혜택
https://www.card-gorilla.com/card/detail/2634,957,기타,프리미엄 서비스,,,Master Platinum Service
https://www.card-gorilla.com/card/detail/2635,958,할인,선택형,,30000,"Triple in 혜택
5개의 생활 업종 중 3개 최대 30,000원 할인"
https://www.card-gorilla.com/card/detail/2636,959,캐시백,국내외가맹점,1.0,,"1% 캐시백
국내 가맹점 1%, 해외 이용금액 1%"
https://www.card-gorilla.com/card/detail/2636,959,캐시백,캐시백,1.0,,"즉시결제 1% 추가 캐시백
일시불 이용 후 5일 이내 즉시결제 시 1%"
https://www.card-gorilla.com/card/detail/2636,959,기타,기타,,,LOCA 나누기 혜택
https://www.card-gorilla.com/card/detail/2636,959,기타,바우처,,,"Special Gift 혜택 (롯데상품권카드 5만원권 1매 / 3개월간 1,000만원 이상 이용시 제공)"
https://www.card-gorilla.com/card/detail/2636,959,기타,프리미엄 서비스,,,Master World 서비스
https://www.card-gorilla.com/card/detail/2637,960,적립,카카오페이,,,카카오페이 이용 시 적립
https://www.card-gorilla.com/card/detail/2637,960,적립,카페,5.0,,커피전문점 업종 이용금액에 5% 카카오페이포인트 적립
https://www.card-gorilla.com/card/detail/2637,960,적립,대중교통,5.0,,대중교통 이용금액에 5% 카카오페이포인트 적립(버스/지하철)
https://www.card-gorilla.com/card/detail/2637,960,적립,해외,1.0,,해외(온라인 포함) 이용금액에 1% 카카오페이포인트 적립
https://www.card-gorilla.com/card/detail/2637,960,기타,프리미엄,,,VISA Platinum
https://www.card-gorilla.com/card/detail/2638,961,적립,카카오페이,,,카카오페이 이용 시 적립
https://www.card-gorilla.com/card/detail/2638,961,적립,편의점,5.0,,편의점 이용금액에 5% 카카오페이포인트 적립
https://www.card-gorilla.com/card/detail/2638,961,적립,통신,5.0,,통신요금 자동이체 이용금액에 5% 카카오페이포인트 적립
https://www.card-gorilla.com/card/detail/2638,961,적립,해외,1.0,,해외(온라인 포함) 이용금액에 1% 카카오페이포인트 적립
https://www.card-gorilla.com/card/detail/2638,961,기타,프리미엄,,,VISA Platinum
https://www.card-gorilla.com/card/detail/2639,962,적립,푸드,5.0,,"[DO EAT] 편의점, 배달의민족 5% 적립"
https://www.card-gorilla.com/card/detail/2639,962,적립,쇼핑,5.0,,"[DO BUY] 쿠팡, 무신사 5% 적립"
https://www.card-gorilla.com/card/detail/2639,962,적립,게임,5.0,,"[DO PLAY] 구글 Play스토어, 애플 APP Store 5% 적립"
https://www.card-gorilla.com/card/detail/2640,963,적립,멤버십포인트,1.0,,[기본 혜택] 국내외 가맹점 1% 코스트코 리워드 포인트 적립 (전월실적 50만원 이상)
https://www.card-gorilla.com/card/detail/2640,963,적립,멤버십포인트,3.0,,[추가 혜택] 코스트코 최대 3% 코스트코 리워드 포인트 적립 (전월실적 50만원 이상)
https://www.card-gorilla.com/card/detail/2640,963,바우처,멤버십포인트,,,코스트코 리워드 포인트 바우처 교환
https://www.card-gorilla.com/card/detail/2640,963,기타,멤버십포인트,,,"코스트코멤버십카드 기능 추가
코스트코멤버십 연회비 자동납부서비스"
https://www.card-gorilla.com/card/detail/2640,963,기타,프리미엄 서비스,,,Visa 브랜드 플래티넘서비스
https://www.card-gorilla.com/card/detail/2641,964,적립,충전소,40.0,,친환경 자동차 충전(20~40% 에코머니포인트 적립)
https://www.card-gorilla.com/card/detail/2641,964,적립,대중교통,10.0,,대중 교통(10% 에코머니포인트 적립)
https://www.card-gorilla.com/card/detail/2641,964,적립,고속버스,10.0,,일반 교통(10% 에코머니포인트 적립)
https://www.card-gorilla.com/card/detail/2641,964,적립,생활,10.0,,공유 모빌리티 (10% 에코머니포인트 적립)
https://www.card-gorilla.com/card/detail/2641,964,적립,카페,10.0,,커피 전문점 (10% 에코머니포인트 적립)
https://www.card-gorilla.com/card/detail/2641,964,적립,적립,0.2,,국내 가맹점 (0.2% 에코머니포인트 적립)
https://www.card-gorilla.com/card/detail/2642,965,적립,적립,,,GS칼텍스 주유소 및 국내외 가맹점 이용 시 M포인트 적립
https://www.card-gorilla.com/card/detail/2642,965,할인,바우처,,,[우대 서비스] 2만원 바로할인 보너스 카드 제공(6개월마다 1만원씩 총 2만원)
https://www.card-gorilla.com/card/detail/2642,965,적립,멤버십포인트,,,[프로모션] GS칼텍스 주유 시 리터당 최대 150 M포인트 사용
https://www.card-gorilla.com/card/detail/2642,965,기타,프리미엄 서비스,,,VISA 플래티넘 서비스
https://www.card-gorilla.com/card/detail/2643,966,기타,수수료우대,,,트래블로그 스위치 서비스
https://www.card-gorilla.com/card/detail/2643,966,적립,국내외가맹점,0.2,,국내외 가맹점 0.2% 하나머니 적립
https://www.card-gorilla.com/card/detail/2643,966,적립,간편결제,0.4,,각종 페이결제 0.4% 하나머니 적립
https://www.card-gorilla.com/card/detail/2643,966,적립,쇼핑,0.6,,"마트, SSM, 백화점 0.6% 하나머니 적립"
https://www.card-gorilla.com/card/detail/2643,966,적립,배달앱,0.8,,"배달의민족, 요기요 0.8% 하나머니 적립"
https://www.card-gorilla.com/card/detail/2643,966,적립,대중교통,1.0,,"버스, 지하철 1.0% 하나머니 적립"
https://www.card-gorilla.com/card/detail/2645,967,할인,할인,10.0,,생활요금・교육・병의원・교통 10% 할인
https://www.card-gorilla.com/card/detail/2646,968,할인,할인,0.8,,실적・한도 제한 없이 국내외 가맹점 이용 금액의 0.8% 청구 할인
https://www.card-gorilla.com/card/detail/2647,969,적립,적립,1.2,,실적・한도 제한 없이 국내외 가맹점 이용 금액의 1.2% M포인트 적립
https://www.card-gorilla.com/card/detail/2651,970,적립,멤버십포인트,7.0,,W컨셉 7% W POINT 적립
https://www.card-gorilla.com/card/detail/2651,970,적립,카페,7.0,,커피전문점/헬스&뷰티/온라인쇼핑몰/이동통신 7% W POINT 적립
https://www.card-gorilla.com/card/detail/2651,970,적립,디지털구독,20.0,,디지털콘텐츠 20% W POINT 적립
https://www.card-gorilla.com/card/detail/2651,970,적립,해외,1.5,,해외 1.5% W POINT 적립
https://www.card-gorilla.com/card/detail/2652,971,할인,테마파크,50.0,,에버랜드 50%/캐리비안 베이 30% 할인
https://www.card-gorilla.com/card/detail/2652,971,기타,테마파크,,,에버랜드 꿈빛 솜사탕 등급 적용
https://www.card-gorilla.com/card/detail/2652,971,적립,테마파크,3.0,,에버랜드리조트 3% 솜 적립
https://www.card-gorilla.com/card/detail/2652,971,적립,적립,0.5,,국내 가맹점 0.5% 솜 적립
https://www.card-gorilla.com/card/detail/2652,971,적립,적립,4.5,,생활 필수 영역 4.5% 솜 추가 적립
https://www.card-gorilla.com/card/detail/2652,971,적립,디지털구독,50.0,,디지털콘텐츠 50% 솜 추가 적립
https://www.card-gorilla.com/card/detail/2652,971,적립,해외,1.5,,해외 1.5% 솜 적립
https://www.card-gorilla.com/card/detail/2653,972,적립,적립,0.3,,전월 실적 조건 없이 결제 금액 0.3% 010PAY 포인트 적립
https://www.card-gorilla.com/card/detail/2653,972,기타,혜택 프로모션,,,결제할 때마다 최대 1억 당첨 가능 010PAY 리또 지급
https://www.card-gorilla.com/card/detail/2653,972,무료서비스,혜택 프로모션,100.0,,"리또 이용 고객 리워드 30,000 010PAY 포인트 100% 증정"
https://www.card-gorilla.com/card/detail/2653,972,무료서비스,혜택 프로모션,,,"체크카드 고객 감사 혜택 10,000 010PAY 포인트 증정"
https://www.card-gorilla.com/card/detail/2654,973,할인,할인,40.0,,[자동이체] 영상 스트리밍 40% 할인
https://www.card-gorilla.com/card/detail/2654,973,할인,할인,10.0,,[자동이체] 생활요금 10% 할인
https://www.card-gorilla.com/card/detail/2654,973,할인,배달앱,10.0,,딜리버리 10% 할인
https://www.card-gorilla.com/card/detail/2654,973,할인,대중교통,10.0,,대중교통 10% 할인
https://www.card-gorilla.com/card/detail/2654,973,할인,카페,10.0,,커피 10% 할인
https://www.card-gorilla.com/card/detail/2654,973,할인,편의점,10.0,,편의점 10% 할인
https://www.card-gorilla.com/card/detail/2655,974,할인,모든가맹점,0.8,,기본 Discount - 0.8% 기본 청구할인
https://www.card-gorilla.com/card/detail/2655,974,할인,할인,0.5,,"추가 Discount - 0.5% 추가 청구할인
(기본 0.8% + 추가 0.5% = 1.3% 청구할인)"
https://www.card-gorilla.com/card/detail/2655,974,무료서비스,공항라운지,,,국내 공항라운지 무료 이용 서비스 안내
https://www.card-gorilla.com/card/detail/2656,975,할인,통신,,20000,"SKT, KT, LG U+ 월 최대 20,000원 결제일 할인"
https://www.card-gorilla.com/card/detail/2656,975,기타,멤버십포인트,,,L.POINT
https://www.card-gorilla.com/card/detail/2657,976,바우처,바우처,,,"바우처 5가지 중 1가지를 선택하여 이용 (연 1회, 서비스 실적 조건 확인)"
https://www.card-gorilla.com/card/detail/2657,976,무료서비스,공항라운지,,,"전세계 공항 라운지 무료이용 (연 3회, 일 3회, 서비스 실적 조건 확인)"
https://www.card-gorilla.com/card/detail/2657,976,적립,적립,1.0,,[REWARD] 국내외 가맹점 1% 하나머니 적립
https://www.card-gorilla.com/card/detail/2657,976,적립,적립,1.2,,[REWARD] 영역별 1.5~1.2% 하나머니 적립 제공 (지난달 실적 조건 및 적립한도 확인)
https://www.card-gorilla.com/card/detail/2657,976,적립,디지털구독,50.0,,[REWARD] 디지털 컨텐츠 50% 하나머니 적립 (지난달 실적 조건 및 적립한도 확인)
https://www.card-gorilla.com/card/detail/2657,976,적립,카페,50.0,,[REWARD] 커피 50% 하나머니 적립 (지난달 실적 조건 및 적립한도 확인)
https://www.card-gorilla.com/card/detail/2657,976,적립,택시,50.0,,[REWARD] 택시 50% 하나머니 적립 (지난달 실적 조건 및 적립한도 확인)
https://www.card-gorilla.com/card/detail/2658,977,할인,국내외가맹점,0.5,,[ALL] 국내・외 가맹점 0.5% 기부
https://www.card-gorilla.com/card/detail/2658,977,할인,할인,1.0,,[LIVING] 1%~1.5% 할인
https://www.card-gorilla.com/card/detail/2658,977,할인,할인,5.0,,[MEMBERSHIP] 5%~7% 할인
https://www.card-gorilla.com/card/detail/2658,977,기타,I-ALL,,,IBK기업은행
https://www.card-gorilla.com/card/detail/2659,978,캐시백,자동차,,,자동차보험 캐시백
https://www.card-gorilla.com/card/detail/2659,978,기타,자동차,,,자동차보험 장기할부
https://www.card-gorilla.com/card/detail/2659,978,할인,보험사,,,생명보험/손해보험 결제일 할인
https://www.card-gorilla.com/card/detail/2661,979,할인,충전소,20.0,,전기차 충전요금 20%/40% 결제일 할인
https://www.card-gorilla.com/card/detail/2661,979,할인,자동차,20.0,,주차장/대리운전 20% 할인
https://www.card-gorilla.com/card/detail/2661,979,할인,보험사,,30000,"현대해상 다이렉트 자동차보험 30,000원 할인"
https://www.card-gorilla.com/card/detail/2661,979,할인,디지털구독,20.0,,디지털콘텐츠 20% 할인
https://www.card-gorilla.com/card/detail/2661,979,할인,해외,1.0,,해외 1% 할인
https://www.card-gorilla.com/card/detail/2662,980,바우처,바우처,,,연간 12만원 상당 바우처 제공(연 1회)
https://www.card-gorilla.com/card/detail/2662,980,적립,적립,0.2,,"대상점에 따라 이용 금액 1,000원당 최대 2 멤버십 리워즈(MR) 적립"
https://www.card-gorilla.com/card/detail/2662,980,무료서비스,공항라운지,,,"전 세계 공항 라운지 이용, 공항 리무진・공항철도서비스"
https://www.card-gorilla.com/card/detail/2662,980,무료서비스,프리미엄 서비스,,,공항 및 국내 특급 호텔 무료 발레파킹 서비스
https://www.card-gorilla.com/card/detail/2662,980,할인,프리미엄 서비스,,,"Be My Guest 호텔 델리/레스토랑, 패밀리 레스토랑 할인"
https://www.card-gorilla.com/card/detail/2663,981,바우처,바우처,,,연간 25만원 상당 바우처 제공(연 1회)
https://www.card-gorilla.com/card/detail/2663,981,적립,적립,0.3,,"대상점에 따라 이용 금액 1,000원당 최대 3 멤버십 리워즈(MR) 적립"
https://www.card-gorilla.com/card/detail/2663,981,무료서비스,공항라운지,,,"전 세계 공항 라운지 이용, 공항 리무진・공항철도서비스"
https://www.card-gorilla.com/card/detail/2663,981,무료서비스,프리미엄 서비스,,,공항 및 국내 특급 호텔 무료 발레파킹 서비스
https://www.card-gorilla.com/card/detail/2663,981,할인,프리미엄 서비스,,,"Be My Guest 호텔 델리/레스토랑, 패밀리 레스토랑 할인"
https://www.card-gorilla.com/card/detail/2663,981,기타,프리미엄 서비스,,,The Hotel Collection 객실 업그레이드 및 호텔 크레딧 100달러(USD) 제공
https://www.card-gorilla.com/card/detail/2663,981,기타,프리미엄 서비스,,,메탈 플레이트 제공
https://www.card-gorilla.com/card/detail/2664,982,적립,적립,0.5,,"대상점에 따라 이용 금액 1,000원당 최대 5MR 적립"
https://www.card-gorilla.com/card/detail/2664,982,바우처,바우처,,,국내 트래블・패션/뷰티 영역에서 사용 가능한 85만원 상당 바우처 제공(연 1회)
https://www.card-gorilla.com/card/detail/2664,982,기타,프리미엄 서비스,,,본인 회원 메탈 플레이트 제공
https://www.card-gorilla.com/card/detail/2664,982,무료서비스,공항라운지,,,"전 세계 공항 라운지 이용, 공항 리무진・공항철도서비스"
https://www.card-gorilla.com/card/detail/2664,982,무료서비스,프리미엄 서비스,,,인천국제공항 및 국내 특급호텔 무료 발레파킹
https://www.card-gorilla.com/card/detail/2664,982,할인,프리미엄 서비스,,,"호텔 델리/레스토랑, 패밀리 레스토랑 할인"
https://www.card-gorilla.com/card/detail/2664,982,기타,프리미엄 서비스,,,럭셔리 & 프리미엄 호텔 혜택
https://www.card-gorilla.com/card/detail/2664,982,기타,프리미엄 서비스,,,American Express PLATINUM ELITE 서비스
https://www.card-gorilla.com/card/detail/2665,983,할인,할인,5.0,,외식 200원 할인・뷰티 500원 할인・대중교통 5% 할인・NH페이 0.2% 할인
https://www.card-gorilla.com/card/detail/2666,984,적립,적립,3.0,,"[일상 생활비 적립 서비스] 국내 건당 결제금액별 0.5~3% 포인트 적립·해외 결제금액 1% 포인트 적립
가족행사월(5월,12월) 적립 한도 1만 포인트 추가 제공 (전월실적 40만원 이상)"
https://www.card-gorilla.com/card/detail/2666,984,적립,적립,,,[필수 생활비 적립 서비스] 주말 외식비 포인트 적립 (전월실적 40만원 이상)
https://www.card-gorilla.com/card/detail/2666,984,적립,적립,,,[필수 생활비 적립 서비스] 정기결제 자동납부 포인트 적립 (전월실적 40만원 이상)
https://www.card-gorilla.com/card/detail/2667,985,기타,해외이용,,,해외 이용금액 현지 통화 결제 서비스
https://www.card-gorilla.com/card/detail/2667,985,할인,수수료우대,1.0,,국제 브랜드 수수료(1%)/해외 서비스 수수료(0.2%) 면제
https://www.card-gorilla.com/card/detail/2667,985,무료서비스,공항라운지,,,더라운지 공항라운지 본인 무료 입장 (전월실적 30만원 이상)
https://www.card-gorilla.com/card/detail/2667,985,할인,해외,1.0,,해외 대중교통 컨택리스 방식으로 이용 시 1% 결제일 할인
https://www.card-gorilla.com/card/detail/2667,985,할인,할인,5.0,,"국내 4대 편의점 5% 결제일 할인
국내 대중교통 1% 결제일 할인"
https://www.card-gorilla.com/card/detail/2667,985,기타,해외이용,,,해외이용 프로모션
https://www.card-gorilla.com/card/detail/2668,986,캐시백,캐시백,0.2,,국내 가맹점 0.2% 기본 캐시백・제주도 내 가맹점 0.3% 추가 캐시백
https://www.card-gorilla.com/card/detail/2669,987,적립,적립,1.5,,"[기본 혜택] 국내외 가맹점 1.5% M포인트 적립
전월 이용 금액 50만원 이상 이용 시"
https://www.card-gorilla.com/card/detail/2669,987,적립,적립,5.0,,"[추가 혜택] 온라인몰·외식·해외 가맹점 5% M포인트 적립(월 1만 M포인트 적립 한도)
전월 이용 금액 100만원 이상 이용 시"
https://www.card-gorilla.com/card/detail/2669,987,적립,적립,,,M 긴급적립(선지급 포인트 서비스)
https://www.card-gorilla.com/card/detail/2670,988,적립,적립,1.5,,[기본 혜택] 전월 이용 금액 50만원 이상 시 국내외 가맹점 1.5% M포인트 적립
https://www.card-gorilla.com/card/detail/2670,988,적립,적립,10.0,,"[추가 혜택] 전월 이용 금액 100만원 이상 시 온라인몰, 일반음식점, 해외 가맹점 10% M포인트 적립"
https://www.card-gorilla.com/card/detail/2670,988,적립,적립,,,M 긴급적립(선지급 포인트 서비스)
https://www.card-gorilla.com/card/detail/2670,988,무료서비스,공항라운지,,,전월 이용 금액 50만원 이상 시 인천국제공항 라운지 무료 이용
https://www.card-gorilla.com/card/detail/2670,988,무료서비스,공항,,,전월 이용 금액 50만원 이상 시 인천국제공항 발레파킹 무료 이용
https://www.card-gorilla.com/card/detail/2671,989,할인,국내외가맹점,0.8,,전가맹점 0.8% 할인
https://www.card-gorilla.com/card/detail/2671,989,할인,간편결제,1.2,,간편결제 1.2% 할인
https://www.card-gorilla.com/card/detail/2671,989,할인,쇼핑,2.0,,쿠팡&슈퍼마켓 2% 할인
https://www.card-gorilla.com/card/detail/2671,989,할인,배달앱,4.0,,딜리버리 4% 할인
https://www.card-gorilla.com/card/detail/2671,989,할인,온라인쇼핑,4.0,,온라인식품&쇼핑 4% 할인
https://www.card-gorilla.com/card/detail/2671,989,할인,온라인쇼핑,4.0,,오픈마켓 4% 할인
https://www.card-gorilla.com/card/detail/2671,989,할인,택시,4.0,,택시 4% 할인
https://www.card-gorilla.com/card/detail/2671,989,무이자할부,무이자할부,,,2~3개월 무이자할부
https://www.card-gorilla.com/card/detail/2673,990,적립,생활,1.0,,[일상 생활비 적립 서비스] 국내 건당 결제금액별 0.2~1% 포인트 적립・해외 결제금액 1% 포인트 적립
https://www.card-gorilla.com/card/detail/2673,990,적립,배달앱,,,[필수 생활비] 주말 배달앱 적립
https://www.card-gorilla.com/card/detail/2673,990,적립,편의점,,,[필수 생활비] 편의점 적립
https://www.card-gorilla.com/card/detail/2676,991,할인,수수료우대,,,해외 수수료 할인
https://www.card-gorilla.com/card/detail/2676,991,할인,해외이용,2.0,,해외 2% 할인
https://www.card-gorilla.com/card/detail/2676,991,할인,삼성페이,5.0,,삼성페이로 결제 시 해외 오프라인 가맹점 5% 할인
https://www.card-gorilla.com/card/detail/2676,991,무료서비스,공항라운지,,,공항 라운지 서비스 (The Lounge)
https://www.card-gorilla.com/card/detail/2676,991,할인,디지털구독,50.0,,인앱 결제/디지털콘텐츠/멤버십 50% 할인
https://www.card-gorilla.com/card/detail/2676,991,할인,생활,1.0,,일상 필수 영역 1% 할인
https://www.card-gorilla.com/card/detail/2676,991,할인,할인,0.5,,국내 가맹점 0.5% 할인
https://www.card-gorilla.com/card/detail/2677,992,바우처,바우처,,,"프리미엄 기프트 제공(①-④ 중 택 1, 연 1회)"
https://www.card-gorilla.com/card/detail/2677,992,적립,쇼핑,5.0,,[퍼스널 쇼핑 적립] 패션/럭셔리/라이프/해외 5% 적립
https://www.card-gorilla.com/card/detail/2677,992,적립,적립,1.0,,[기본 적립] 국내 가맹점 1% 적립
https://www.card-gorilla.com/card/detail/2677,992,적립,적립,5.0,,[FLEX 적립] 국내 가맹점 건당 100만원 이상 결제 시 5% 적립
https://www.card-gorilla.com/card/detail/2677,992,적립,적립,,,[보너스 적립] 본인카드로 국내 가맹점 1천만원 이상 이용 시 5만점 적립
https://www.card-gorilla.com/card/detail/2677,992,무료서비스,공항라운지,,,[더라운지 서비스] 국내외 공항라운지 무료 이용 (본인+동반 1인까지 제공)
https://www.card-gorilla.com/card/detail/2678,993,바우처,바우처,,,"프리미엄 기프트 제공(①-④ 중 택 1, 연 1회)"
https://www.card-gorilla.com/card/detail/2678,993,적립,여행/숙박,5.0,,퍼스널 트래블(패키지/플랫폼/교통/해외) 5% 적립
https://www.card-gorilla.com/card/detail/2678,993,적립,적립,1.0,,[기본 적립] 국내 가맹점 1% 적립
https://www.card-gorilla.com/card/detail/2678,993,적립,적립,5.0,,[FLEX 적립] 국내 가맹점 건당 100만원 이상 결제 시 5% 적립
https://www.card-gorilla.com/card/detail/2678,993,적립,적립,,,[보너스 적립] 본인카드로 국내 가맹점 1천만원 이상 이용 시 5만점 적립
https://www.card-gorilla.com/card/detail/2678,993,무료서비스,공항라운지,,,[더라운지 서비스] 국내외 공항라운지 무료 이용 (본인+동반 1인까지 제공)
https://www.card-gorilla.com/card/detail/2679,994,적립,할인,1.0,,"[기본적립] 국내외 가맹점 1% 청구 할인
전월 이용 금액 50만원 이상 시"
https://www.card-gorilla.com/card/detail/2679,994,캐시백,캐시백,,,연간 이용 금액에 따라 연간 최대 10만원 캐시백
https://www.card-gorilla.com/card/detail/2680,995,할인,온라인쇼핑,10.0,,온라인 쇼핑몰 10% 청구 할인
https://www.card-gorilla.com/card/detail/2680,995,할인,편의점,10.0,,편의점 10% 청구 할인
https://www.card-gorilla.com/card/detail/2680,995,할인,카페,10.0,,커피전문점 10% 청구 할인
https://www.card-gorilla.com/card/detail/2680,995,할인,대중교통,10.0,,대중교통 10% 청구 할인(K-패스 또는 후불형 기후동행카드 신청 가능)
https://www.card-gorilla.com/card/detail/2680,995,할인,도서,10.0,,도서 10% 청구 할인
https://www.card-gorilla.com/card/detail/2681,996,할인,대중교통,10.0,,"버스/지하철 10% 청구할인 (월 1만원, 월 2만원)"
https://www.card-gorilla.com/card/detail/2681,996,할인,드럭스토어,10.0,,"다이소/올리브영 10% 청구할인 (일 1천원, 월 1만원)"
https://www.card-gorilla.com/card/detail/2681,996,할인,카페,10.0,,스타벅스/커피빈 10% 청구할인 (월 5천원)
https://www.card-gorilla.com/card/detail/2682,997,캐시백,대중교통,10.0,,"버스/지하철 10% 캐시백 (월 3천원, 월 6천원)"
https://www.card-gorilla.com/card/detail/2682,997,캐시백,드럭스토어,1.0,,다이소/올리브영 1% 캐시백 (월 1만원)
https://www.card-gorilla.com/card/detail/2682,997,캐시백,카페,1.0,,스타벅스/커피빈 1% 캐시백 (월 5천원)
https://www.card-gorilla.com/card/detail/2683,998,할인,온라인쇼핑,10.0,,온라인 쇼핑몰 10% 청구 할인
https://www.card-gorilla.com/card/detail/2683,998,할인,병원/약국,10.0,,병원・약국 10% 청구 할인
https://www.card-gorilla.com/card/detail/2683,998,할인,학원,10.0,,학원 10% 청구 할인
https://www.card-gorilla.com/card/detail/2683,998,할인,주유,10.0,,주유 10% 청구 할인
https://www.card-gorilla.com/card/detail/2683,998,할인,생활,10.0,,생활 요금 정기 결제 10% 청구 할인
https://www.card-gorilla.com/card/detail/2684,999,할인,온라인쇼핑,10.0,,온라인 쇼핑몰 10% 청구 할인
https://www.card-gorilla.com/card/detail/2684,999,할인,일반음식점,10.0,,일반음식점 10% 청구 할인
https://www.card-gorilla.com/card/detail/2684,999,할인,영화,10.0,,영화 10% 청구 할인
https://www.card-gorilla.com/card/detail/2684,999,할인,해외,10.0,,해외 가맹점 10% 청구 할인
https://www.card-gorilla.com/card/detail/2684,999,할인,디지털구독,10.0,,디지털 콘텐츠 서비스 10% 청구 할인
https://www.card-gorilla.com/card/detail/2685,1000,할인,수수료우대,1.25,,해외 이용 수수료 총 1.25% 면제
https://www.card-gorilla.com/card/detail/2685,1000,할인,해외이용,100.0,,해외 이용 환율우대 100% (USD기준)
https://www.card-gorilla.com/card/detail/2685,1000,무료서비스,공항라운지,,,공항 라운지 무료
https://www.card-gorilla.com/card/detail/2685,1000,할인,생활,10.0,,자주 쓰는 일상 영역 10% 할인 (KB Pay 결제 시)
https://www.card-gorilla.com/card/detail/2685,1000,할인,쇼핑,5.0,,온라인 항공/면세점 5% 할인 (KB Pay 결제 시)
https://www.card-gorilla.com/card/detail/2685,1000,할인,보험사,10.0,,여행자보험 10% 할인 (KB Pay 결제 시)
https://www.card-gorilla.com/card/detail/2685,1000,할인,교통,10.0,,철도・고속버스 10% 할인
https://www.card-gorilla.com/card/detail/2686,1001,할인,카페,55.0,,"[Discount 4 서비스] 하나. Discount 55% 커피 4대 브랜드통합 스타벅스, 투썸플레이스, 커피빈, 폴바셋"
https://www.card-gorilla.com/card/detail/2686,1001,할인,교통,33.0,,"[Discount 4 서비스] 둘. Discount 33% 대중교통 시내버스/지하철 (후불 교통기능 선택 시 제공), 택시"
https://www.card-gorilla.com/card/detail/2686,1001,할인,편의점,11.0,,[Discount 4 서비스] 셋. Discount 11% 편의점
https://www.card-gorilla.com/card/detail/2686,1001,기타,영화,,5500,"[Discount 4 서비스] 넷. Discount 5,500원 영화관"
https://www.card-gorilla.com/card/detail/2687,1002,할인,온라인쇼핑,10.0,,[쇼핑 할인의 정석] 온라인 쇼핑 10% 청구할인
https://www.card-gorilla.com/card/detail/2687,1002,할인,쇼핑,10.0,,[쇼핑 할인의 정석] 오프라인 쇼핑 10% 청구할인
https://www.card-gorilla.com/card/detail/2687,1002,할인,간편결제,5.0,,[추가 할인의 정석] 온라인 업종 4대 PAY 결제 시 5% 추가할인
https://www.card-gorilla.com/card/detail/2687,1002,할인,주유,,60,[생활밀착 할인의 정석] 4대 주유소 주말 주유시 리터당 60원 청구할인
https://www.card-gorilla.com/card/detail/2687,1002,할인,카페,10.0,,"[생활밀착 할인의 정석] 스타벅스, 폴바셋 10% 청구할인"
https://www.card-gorilla.com/card/detail/2688,1003,할인,할인,0.7,,[Simple 할인] 국내 가맹점 1.0~0.7% 청구할인
https://www.card-gorilla.com/card/detail/2688,1003,할인,주유,,100,[Daily 할인] 주유 리터당 60~100원 청구할인
https://www.card-gorilla.com/card/detail/2688,1003,할인,대중교통,10.0,,[Daily 할인] 대중교통 10% 청구할인
https://www.card-gorilla.com/card/detail/2688,1003,할인,카페,10.0,,[Daily 할인] 커피 10% 청구할인
https://www.card-gorilla.com/card/detail/2689,1004,적립,적립,0.8,,[기본 적립] 국내외 가맹점 0.8% 적립
https://www.card-gorilla.com/card/detail/2689,1004,적립,간편결제,2.0,,[추가 적립] 국내 온라인 간편결제 2% 추가 적립
https://www.card-gorilla.com/card/detail/2690,1005,할인,대중교통,10.0,,"대중교통(버스, 지하철) 이용 시 10% 결제일 할인"
https://www.card-gorilla.com/card/detail/2690,1005,할인,간편결제,5.0,,간편결제로 결제 시 5% 결제일 할인
https://www.card-gorilla.com/card/detail/2690,1005,할인,생활,5.0,,생활서비스 5% 결제일 할인
https://www.card-gorilla.com/card/detail/2691,1006,기타,해외,,,"[해외 혜택] 해외 가맹점, ATM 이용 수수료 면제"
https://www.card-gorilla.com/card/detail/2691,1006,할인,할인,,200,[국내 혜택] KB Pay 200원 추가 할인
https://www.card-gorilla.com/card/detail/2691,1006,할인,카페,,1000,"[국내 혜택] 카페 1,000원 할인"
https://www.card-gorilla.com/card/detail/2691,1006,할인,베이커리,,2000,"[국내 혜택] 빵집 2,000원 할인"
https://www.card-gorilla.com/card/detail/2691,1006,할인,기차,,5000,"[국내 혜택] 철도 5,000원 할인"
https://www.card-gorilla.com/card/detail/2691,1006,할인,고속버스,,2000,"[국내 혜택] 고속버스 2,000원 할인"
https://www.card-gorilla.com/card/detail/2691,1006,할인,자동차,,500,[국내 혜택] 주차장 500원 할인
https://www.card-gorilla.com/card/detail/2691,1006,할인,푸드,,5000,"[국내 혜택] 전국맛집 5,000원 할인"
https://www.card-gorilla.com/card/detail/2692,1007,적립,적립,1.5,,[기본 혜택] 전월 이용 금액 50만원 이상 시 국내외 가맹점 1.5% M포인트 적립
https://www.card-gorilla.com/card/detail/2692,1007,적립,교육/육아,5.0,,[추가 혜택] 전월 이용 금액 100만원 이상 시 교육 영역 5% M포인트 적립
https://www.card-gorilla.com/card/detail/2692,1007,적립,병원/약국,5.0,,[추가 혜택] 전월 이용 금액 100만원 이상 시 병원 영역 5% M포인트 적립
https://www.card-gorilla.com/card/detail/2692,1007,적립,여행/숙박,5.0,,[추가 혜택] 전월 이용 금액 100만원 이상 시 여행 영역 5% M포인트 적립
https://www.card-gorilla.com/card/detail/2692,1007,적립,골프,5.0,,[추가 혜택] 전월 이용 금액 100만원 이상 시 골프 영역 5% M포인트 적립
https://www.card-gorilla.com/card/detail/2692,1007,바우처,바우처,,,"[바우처] 전년도(카드 발급 확정월 포함 12개월) 이용 금액 1,200만원 이상 시
15만원권 바우처 제공(연 1회)"
https://www.card-gorilla.com/card/detail/2692,1007,무료서비스,기타,,,전월 이용 금액 50만원 이상 시 공항 및 특급호텔 발레파킹 무료 이용
https://www.card-gorilla.com/card/detail/2692,1007,무료서비스,공항라운지,,,전월 이용 금액 50만원 이상 시 공항 라운지 무료 이용
https://www.card-gorilla.com/card/detail/2693,1008,할인,대중교통,10.0,,"대중교통(버스, 지하철) 이용 시 10% 결제일 할인"
https://www.card-gorilla.com/card/detail/2693,1008,할인,간편결제,2.0,,간편결제로 결제 시 2% 결제일 할인
https://www.card-gorilla.com/card/detail/2693,1008,할인,생활,2.0,,생활서비스 2% 결제일 할인
https://www.card-gorilla.com/card/detail/2694,1009,적립,적립,5.0,,[오늘도 5% 적립 서비스] 음식점·카페·편의점·온라인쇼핑 5% 마이신한포인트 적립
https://www.card-gorilla.com/card/detail/2694,1009,적립,생활,5.0,,[일상 속 5% 적립 서비스] 생활·여행·패션 5% 마이신한포인트 적립
https://www.card-gorilla.com/card/detail/2694,1009,적립,디지털구독,20.0,,"[정기결제 최대 20% 적립 서비스] 통신 10% , OTT 15%, 멤버십 20% 마이신한포인트 적립"
https://www.card-gorilla.com/card/detail/2694,1009,적립,적립,,,소비관리 보너스 적립 서비스 소개
https://www.card-gorilla.com/card/detail/2697,1010,적립,국내외가맹점,1.0,,적립 한도 제한 없이 국내외 가맹점 1% M포인트 적립
https://www.card-gorilla.com/card/detail/2697,1010,할인,온라인쇼핑,10.0,,[추가혜택] 전월 이용 금액 100만원 이상 시 10% 할인
https://www.card-gorilla.com/card/detail/2697,1010,할인,백화점,10.0,,[추가혜택] 전월 이용 금액 100만원 이상 시 10% 할인
https://www.card-gorilla.com/card/detail/2697,1010,할인,카페,10.0,,[추가혜택] 전월 이용 금액 100만원 이상 시 10% 할인
https://www.card-gorilla.com/card/detail/2697,1010,할인,베이커리,10.0,,[추가혜택] 전월 이용 금액 100만원 이상 시 10% 할인
https://www.card-gorilla.com/card/detail/2697,1010,할인,편의점,10.0,,[추가혜택] 전월 이용 금액 100만원 이상 시 10% 할인
https://www.card-gorilla.com/card/detail/2697,1010,할인,주유,10.0,,[추가혜택] 전월 이용 금액 100만원 이상 시 10% 할인
https://www.card-gorilla.com/card/detail/2697,1010,할인,대중교통,10.0,,[추가혜택] 전월 이용 금액 100만원 이상 시 10% 할인
https://www.card-gorilla.com/card/detail/2697,1010,무료서비스,공항라운지,,,THE LOUNGE : 공항 라운지 연 5회 무료 이용
https://www.card-gorilla.com/card/detail/2697,1010,무료서비스,기타,,,공항 및 특급호텔 발레파킹 무료 이용
https://www.card-gorilla.com/card/detail/2699,1011,할인,할인,10.0,,[TEN Discount] 5대 일상영역 10% 청구할인
https://www.card-gorilla.com/card/detail/2699,1011,할인,할인,1.0,,[ONE Discount] 음식점/주점 및 온라인 간편결제 1% 청구할인
https://www.card-gorilla.com/card/detail/2700,1012,기타,수수료우대,,,해외 수수료 면제 서비스
https://www.card-gorilla.com/card/detail/2700,1012,캐시백,해외,5.0,,해외 5% 캐시백
https://www.card-gorilla.com/card/detail/2700,1012,캐시백,쇼핑,5.0,,쇼핑 5% 캐시백
https://www.card-gorilla.com/card/detail/2700,1012,캐시백,푸드,5.0,,푸드 5% 캐시백
https://www.card-gorilla.com/card/detail/2700,1012,캐시백,생활,5.0,,일상 5% 캐시백
https://www.card-gorilla.com/card/detail/2701,1013,기타,온라인 여행사,,,하나투어 12/24개월 라이트할부
https://www.card-gorilla.com/card/detail/2701,1013,기타,온라인 여행사,,14000,"라이트할부 이용 시 7,000~14,000원 결제대금 차감"
https://www.card-gorilla.com/card/detail/2701,1013,할인,생활,5.0,,생활요금 정기결제 5%/10% 할인
https://www.card-gorilla.com/card/detail/2701,1013,할인,생활,5.0,,일상 필수 영역 5%/10% 할인
https://www.card-gorilla.com/card/detail/2701,1013,무료서비스,공항라운지,,,공항 라운지 서비스 (The Lounge)
https://www.card-gorilla.com/card/detail/2701,1013,할인,해외,1.5,,해외 1.5% 할인
https://www.card-gorilla.com/card/detail/2701,1013,기타,프리미엄 서비스,,,국제브랜드 서비스(해외겸용카드 전용)
https://www.card-gorilla.com/card/detail/2702,1014,바우처,할인,,35000,"[기프트 서비스] 할인점에서 건별 35,000원 이상 결제 시 35,000원 결제일 할인 (연 1회)"
https://www.card-gorilla.com/card/detail/2702,1014,적립,적립,2.0,,[국내외 가맹점 적립] 국내외 가맹점 0.5~2% 빅포인트 적립
https://www.card-gorilla.com/card/detail/2702,1014,할인,카페,20.0,,[커피전문점 할인] 커피전문점 20% 결제일 할인
https://www.card-gorilla.com/card/detail/2702,1014,할인,영화,,,[영화 할인] 영화 5천원 결제일할인
https://www.card-gorilla.com/card/detail/2703,1015,바우처,바우처,,,"바우처 4가지 중 1가지를 선택하여 이용 (연 1회, 서비스 실적 조건 확인)"
https://www.card-gorilla.com/card/detail/2703,1015,적립,바우처,,,"연 누적 이용금액 2,400만원 이상 시 10만 하나머니 적립 (연 1회, 서비스 실적 조건 확인)"
https://www.card-gorilla.com/card/detail/2703,1015,무료서비스,공항라운지,,,"전세계 공항 라운지 무료 이용 (연 6회, 일 3회, 서비스 실적 조건 확인)"
https://www.card-gorilla.com/card/detail/2703,1015,적립,적립,1.5,,[REWARD] 국내 가맹점 1.5%~1.0% 하나머니 적립 (지난달 실적 조건 및 적립한도 확인)
https://www.card-gorilla.com/card/detail/2703,1015,적립,적립,3.0,,[REWARD] 영역별 3% 하나머니 적립 (지난달 실적 조건 및 적립한도 확인)
https://www.card-gorilla.com/card/detail/2703,1015,적립,주유,,,[REWARD] 주유/EV충전 적립 (지난달 실적 조건 및 적립한도 확인)
https://www.card-gorilla.com/card/detail/2703,1015,적립,택시,50.0,,[REWARD] 택시 50% 적립 (지난달 실적 조건 및 적립한도 확인)
https://www.card-gorilla.com/card/detail/2703,1015,적립,디지털구독,50.0,,[REWARD] 디지털 컨텐츠 50% 적립 (지난달 실적 조건 및 적립한도 확인)
https://www.card-gorilla.com/card/detail/2704,1016,할인,바우처,,,"해외/항공/면세/여행 30만원 청구 할인 (연 30만원 한도, 서비스 실적 조건 확인)"
https://www.card-gorilla.com/card/detail/2704,1016,할인,바우처,,,"특급호텔 레스토랑 20만원 현장 할인 (연 1회, 서비스 실적 조건 확인)"
https://www.card-gorilla.com/card/detail/2704,1016,할인,바우처,50.0,,연 누적 이용금액별 골프/프리미엄 아울렛 50% 할인 (서비스 실적 조건 확인)
https://www.card-gorilla.com/card/detail/2704,1016,무료서비스,공항라운지,,,"전세계 공항라운지 무료 (연 8회, 일 3회, 서비스 실적 조건 확인)"
https://www.card-gorilla.com/card/detail/2704,1016,적립,적립,1.5,,[REWARD] 국내 가맹점 1.5%~1.0% 하나머니 적립 (지난달 실적 조건 및 적립한도 확인)
https://www.card-gorilla.com/card/detail/2704,1016,적립,적립,3.0,,[REWARD] 영역별 3.0% 하나머니 적립 (지난달 실적 조건 및 적립한도 확인)
https://www.card-gorilla.com/card/detail/2704,1016,적립,자동차,,,[DRIVING] 주유/EV충전 적립 (지난달 실적 조건 및 적립한도 확인)
https://www.card-gorilla.com/card/detail/2704,1016,무료서비스,자동차,,,[DRIVING] 제휴 주차장 무료 주차 제공 (지난달 실적 조건 확인)
https://www.card-gorilla.com/card/detail/2704,1016,기타,JADE Prime,,,하나카드
https://www.card-gorilla.com/card/detail/2704,1016,기타,JADE First Centum,,,하나카드
https://www.card-gorilla.com/card/detail/2704,1016,기타,JADE Classic,,,하나카드
https://www.card-gorilla.com/card/detail/2704,1016,기타,JADE Classic,,,트래블로그+(플러스) 신용카드
https://www.card-gorilla.com/card/detail/2705,1017,바우처,바우처,,,[PREMIUM VOUCHER] 바우처 2가지 중 1가지를 선택하여 이용 (연 1회)
https://www.card-gorilla.com/card/detail/2705,1017,할인,바우처,,,[DINING VOUCHER] 특급호텔 레스토랑 20만원 현장 할인 (연 1회)
https://www.card-gorilla.com/card/detail/2705,1017,할인,바우처,50.0,,[BONUS VOUCHER] 연 누적 이용금액별 골프/프리미엄 아울렛 50% 청구 할인
https://www.card-gorilla.com/card/detail/2705,1017,무료서비스,공항라운지,,,"[AIRPORT] 전세계 공항 라운지 무료 이용 (본인/가족/동반자 통합 연 10회, 일 3회)"
https://www.card-gorilla.com/card/detail/2705,1017,적립,적립,1.5,,[REWARD] 국내 가맹점 1.5%~1.0% 하나머니 적립 제공・영역별 3.0% 하나머니 적립
https://www.card-gorilla.com/card/detail/2705,1017,무료서비스,자동차,50.0,,"[DRIVING] 주유(LPG) 리터당 200하나머니・EV충전 50% 하나머니 적립 제공
・제휴 주차장 무료 주차 제공"
https://www.card-gorilla.com/card/detail/2705,1017,기타,선택형,,,[SPECIAL PLATE] 특수 소재 카드 신청 가능 (신청 건별 발급수수료 10만원)
https://www.card-gorilla.com/card/detail/2707,1018,할인,할인,2.0,,국내외 가맹점 최대 2% 할인 (월 통합 할인한도 10만원)
https://www.card-gorilla.com/card/detail/2707,1018,무이자할부,무이자할부,,,국내 가맹점 2~3개월 무이자 할부
https://www.card-gorilla.com/card/detail/2708,1019,적립,할인,0.5,,[기본 적립] 국내 가맹점 0.5% 청구할인
https://www.card-gorilla.com/card/detail/2708,1019,할인,선택형,,,[선택 할인] 쇼핑/편의/커피/생활/먹빵/취향 택 1
https://www.card-gorilla.com/card/detail/2708,1019,기타,기타,,,전월실적 채워드림
https://www.card-gorilla.com/card/detail/2709,1020,마일리지,대한항공,,,대한항공 마일리지 적립
https://www.card-gorilla.com/card/detail/2709,1020,마일리지,적립,,,연간 보너스 1천 마일리지 적립(연 1회)
https://www.card-gorilla.com/card/detail/2709,1020,할인,항공권,,,대한항공 직판 항공권 할인 쿠폰 제공
https://www.card-gorilla.com/card/detail/2709,1020,기타,프리미엄 서비스,,,Visa Platinum 서비스
https://www.card-gorilla.com/card/detail/2710,1021,마일리지,대한항공,,,대한항공 마일리지 적립
https://www.card-gorilla.com/card/detail/2710,1021,마일리지,적립,,,연간 보너스 6천 마일리지 적립(연 1회)
https://www.card-gorilla.com/card/detail/2710,1021,할인,항공권,,,대한항공 직판 항공권 할인 쿠폰 제공
https://www.card-gorilla.com/card/detail/2710,1021,기타,프리미엄,,,우대 서비스
https://www.card-gorilla.com/card/detail/2710,1021,기타,프리미엄 서비스,,,Visa Platinum 서비스
https://www.card-gorilla.com/card/detail/2711,1022,마일리지,대한항공,,,대한항공 마일리지 적립
https://www.card-gorilla.com/card/detail/2711,1022,마일리지,적립,,,연간 보너스 1만 마일리지 적립(연 1회)
https://www.card-gorilla.com/card/detail/2711,1022,할인,항공권,,,대한항공 직판 항공권 할인 쿠폰 제공
https://www.card-gorilla.com/card/detail/2711,1022,기타,프리미엄,,,우대 서비스
https://www.card-gorilla.com/card/detail/2711,1022,기타,프리미엄 서비스,,,Visa Signature 서비스
https://www.card-gorilla.com/card/detail/2712,1023,마일리지,대한항공,,,대한항공 마일리지 적립
https://www.card-gorilla.com/card/detail/2712,1023,마일리지,적립,,,연간 보너스 3만 마일리지 적립(연 1회)
https://www.card-gorilla.com/card/detail/2712,1023,할인,항공권,,,대한항공 직판 항공권 할인 쿠폰 제공
https://www.card-gorilla.com/card/detail/2712,1023,기타,프리미엄,,,우대 서비스
https://www.card-gorilla.com/card/detail/2712,1023,기타,프리미엄 서비스,,,Visa Infinite 서비스
https://www.card-gorilla.com/card/detail/2713,1024,캐시백,애완동물,,,"반려동물 센터, 동물병원 캐시백 혜택"
https://www.card-gorilla.com/card/detail/2713,1024,무이자할부,무이자할부,,,국내 가맹점 2~3개월 무이자 할부
https://www.card-gorilla.com/card/detail/2713,1024,기타,"교육부터 자기관리, 반려동물 등 5개 업종 월 최대 5만원 캐시백 가능! ‘디지로카 발견 에디션’ 5종 출시!",,,삼성 iD PET 카드
https://www.card-gorilla.com/card/detail/2714,1025,캐시백,교육/육아,,,"학원, 유치원 캐시백 혜택"
https://www.card-gorilla.com/card/detail/2714,1025,무이자할부,무이자할부,,,국내 가맹점 2~3개월 무이자 할부
https://www.card-gorilla.com/card/detail/2715,1026,캐시백,뷰티/피트니스,,,"피부과, 성형외과, 스포츠센터, 미용실 캐시백 혜택"
https://www.card-gorilla.com/card/detail/2715,1026,무이자할부,무이자할부,,,국내 가맹점 2~3개월 무이자 할부
https://www.card-gorilla.com/card/detail/2715,1026,기타,"교육부터 자기관리, 반려동물 등 5개 업종 월 최대 5만원 캐시백 가능! ‘디지로카 발견 에디션’ 5종 출시!",,,디지로카 London
https://www.card-gorilla.com/card/detail/2716,1027,캐시백,골프,,,"골프장, 골프연습장 캐시백 혜택"
https://www.card-gorilla.com/card/detail/2716,1027,무이자할부,무이자할부,,,국내 가맹점 2~3개월 무이자 할부
https://www.card-gorilla.com/card/detail/2717,1028,캐시백,주유,,,주유 캐시백 혜택
https://www.card-gorilla.com/card/detail/2717,1028,무이자할부,무이자할부,,,국내 가맹점 2~3개월 무이자할부
https://www.card-gorilla.com/card/detail/2718,1029,할인,통신,,20000,"SKT, KT, LG U+ 및 알뜰폰 월 최대 20,000원 결제일 할인"
https://www.card-gorilla.com/card/detail/2718,1029,기타,춘식이 모바일 로카,,,롯데카드
https://www.card-gorilla.com/card/detail/2719,1030,할인,국내외가맹점,0.8,,[기본 할인] 국내외 가맹점 0.8% 청구할인
https://www.card-gorilla.com/card/detail/2719,1030,할인,간편결제,2.0,,[추가 할인] 국내 온라인 간편결제 2% 추가 청구할인 (전월실적: 40만원 이상)
https://www.card-gorilla.com/card/detail/2721,1031,적립,적립,,,당근머니 적립 서비스
https://www.card-gorilla.com/card/detail/2722,1032,기타,해외,,,해외 이용 수수료 빼기 서비스
https://www.card-gorilla.com/card/detail/2722,1032,기타,해외,,,해외 이용 더하기 서비스
https://www.card-gorilla.com/card/detail/2722,1032,기타,적립,,,국내 이용 더하기 서비스
https://www.card-gorilla.com/card/detail/2722,1032,기타,공항라운지,,,신한카드 SOL트래블 서비스
https://www.card-gorilla.com/card/detail/2723,1033,적립,적립,10.0,,카카오톡 선물하기/ 카카오T 카카오페이 결제시 10% 적립
https://www.card-gorilla.com/card/detail/2723,1033,적립,적립,1.5,,생활/요식/교통영역 결제시 1~1.5% 적립
https://www.card-gorilla.com/card/detail/2725,1034,적립,배달앱,,,배민포인트 적립
https://www.card-gorilla.com/card/detail/2725,1034,기타,프리미엄 서비스,,,Mastercard Platinum 서비스
https://www.card-gorilla.com/card/detail/2726,1035,적립,배달앱,,,배민포인트 적립
https://www.card-gorilla.com/card/detail/2726,1035,기타,프리미엄 서비스,,,Mastercard Platinum 서비스
https://www.card-gorilla.com/card/detail/2729,1036,마일리지,대한항공,,,대한항공 마일리지 적립
https://www.card-gorilla.com/card/detail/2729,1036,기타,해외,,,외화 하나머니 결제 혜택
https://www.card-gorilla.com/card/detail/2730,1037,마일리지,대한항공,,,대한항공 마일리지 적립
https://www.card-gorilla.com/card/detail/2730,1037,기타,해외,,,외화 하나머니 결제 혜택
https://www.card-gorilla.com/card/detail/2730,1037,바우처,바우처,,,프리미엄 바우처
https://www.card-gorilla.com/card/detail/2731,1038,적립,적립,,,일상 생활비 적립 서비스 (전월실적 40만원 이상)
https://www.card-gorilla.com/card/detail/2731,1038,적립,적립,,,필수 생활비 적립 서비스 (전월실적 40만원 이상)
https://www.card-gorilla.com/card/detail/2731,1038,적립,디지털구독,,,여가 생활비 적립 서비스 (전월실적 40만원 이상)
https://www.card-gorilla.com/card/detail/2732,1039,할인,할인,,,국내외 모든 가맹점 어디서나 결제해도 할인
https://www.card-gorilla.com/card/detail/2733,1040,무이자할부,무이자할부,,,2~3개월 무이자 할부
https://www.card-gorilla.com/card/detail/2733,1040,할인,국내외가맹점,0.8,,전 가맹점 0.8% 청구할인
https://www.card-gorilla.com/card/detail/2733,1040,할인,간편결제,1.2,,간편결제 1.2% 청구할인
https://www.card-gorilla.com/card/detail/2733,1040,할인,배달앱,4.0,,딜리버리 4.0% 청구할인
https://www.card-gorilla.com/card/detail/2733,1040,할인,쇼핑,2.0,,쿠팡 2.0% 청구할인
https://www.card-gorilla.com/card/detail/2733,1040,할인,쇼핑,4.0,,오픈마켓 4.0% 청구할인
https://www.card-gorilla.com/card/detail/2733,1040,할인,온라인쇼핑,4.0,,온라인식품&쇼핑 4.0% 청구할인
https://www.card-gorilla.com/card/detail/2733,1040,할인,SSM,2.0,,슈퍼마켓 2.0% 청구할인
https://www.card-gorilla.com/card/detail/2733,1040,할인,택시,4.0,,택시 4.0% 청구할인
https://www.card-gorilla.com/card/detail/2734,1041,할인,렌탈,,,코웨이 렌탈료 자동이체 할인 서비스
https://www.card-gorilla.com/card/detail/2735,1042,캐시백,학원,10.0,,[학원비] 최대 10% 캐시백 (전월실적 30만원 이상)
https://www.card-gorilla.com/card/detail/2735,1042,캐시백,생활,1.0,,[생활비] 1% 캐시백 (전월실적 50만원 이상)
https://www.card-gorilla.com/card/detail/2735,1042,할인,영화,,,[문화 취미] 메가박스 영화 온라인 예매 7천원 즉시 할인 (전월실적 50만원 이상)
https://www.card-gorilla.com/card/detail/2736,1043,적립,홈쇼핑,3.0,,현대홈쇼핑 특화 혜택 H.Point 최대 3% 적립
https://www.card-gorilla.com/card/detail/2737,1044,마일리지,대한항공,0.0667,,"[기본혜택] 국내외 가맹점 1,500원당 1 대한항공 마일리지 적립"
https://www.card-gorilla.com/card/detail/2737,1044,바우처,바우처,,,"[추가혜택] 전년도(카드 발급 확정월 포함 12개월) 이용 금액 1,200만원 이상 시 30만원 바우처 제공(연 1회)"
https://www.card-gorilla.com/card/detail/2737,1044,무료서비스,공항,,,[우대 서비스] 공항 라운지 연간 10회 무료 이용·공항 및 특급호텔 발레파킹 무료 이용
https://www.card-gorilla.com/card/detail/2737,1044,기타,프리미엄 서비스,,,[우대 서비스] 메탈 플레이트 제공
https://www.card-gorilla.com/card/detail/2738,1045,적립,적립,1.0,,[기본 혜택] 국내외 가맹점 1% M포인트 적립
https://www.card-gorilla.com/card/detail/2738,1045,적립,적립,5.0,,"[추가 혜택] 롯데백화점, 롯데아울렛, 롯데몰, 롯데백화점몰(온라인) 5% M포인트 적립"
https://www.card-gorilla.com/card/detail/2738,1045,무이자할부,기타,,,[우대서비스] M긴급적립·무이자 할부·롯데백화점 전용 쿠폰
https://www.card-gorilla.com/card/detail/2739,1046,적립,적립,1.0,,[기본 혜택] 국내외 가맹점 1% M포인트 적립
https://www.card-gorilla.com/card/detail/2739,1046,적립,적립,10.0,,"[추가 혜택] 롯데백화점, 롯데아울렛, 롯데몰, 롯데백화점몰(온라인) 10% M포인트 적립 (월 4만 M포인트 한도)"
https://www.card-gorilla.com/card/detail/2739,1046,적립,적립,,,"[연간 보너스] 롯데백화점, 롯데아울렛, 롯데몰, 롯데백화점몰(온라인) 10만 M포인트 적립"
https://www.card-gorilla.com/card/detail/2739,1046,무이자할부,기타,,,[우대서비스] M긴급적립·무이자 할부·롯데백화점 전용 쿠폰
https://www.card-gorilla.com/card/detail/2739,1046,무료서비스,공항,,,[우대서비스] 공항 라운지 무료 이용·공항 및 특급호텔 발레파킹 무료 이용·메탈 플레이트 제공
https://www.card-gorilla.com/card/detail/2740,1047,기타,해외겸용 [없음] · 20만원 이상 · VISA,,,해외이용
https://www.card-gorilla.com/card/detail/2740,1047,적립,해외 가맹점 이용 수수료 면제 · 해외 ATM 인출 수수료 면제,,,적립
https://www.card-gorilla.com/card/detail/2740,1047,기타,국내 가맹점 하나머니 적립 서비스,,,"[비교] 트래블GO 체크카드vs트래블로그 체크카드, 무슨 차이가 있을까? _ 2026년 기준 업데이트"
https://www.card-gorilla.com/card/detail/2741,1048,기타,KT,,,KT Super 할부
https://www.card-gorilla.com/card/detail/2741,1048,할인,통신,,,통신요금 할인
https://www.card-gorilla.com/card/detail/2742,1049,적립,국내외가맹점,0.2,,[기본 적립] 국내/해외 가맹점 0.2% 적립
https://www.card-gorilla.com/card/detail/2742,1049,적립,적립,0.5,,[추가 적립] 우리페이 0.5% 추가 적립
https://www.card-gorilla.com/card/detail/2742,1049,적립,적립,1.0,,[특별 적립] 생활소비 1% 특별 적립
https://www.card-gorilla.com/card/detail/2743,1050,적립,적립,,,[기본 혜택] 전월 이용 금액 50만원 이상 시 국내외 가맹점 이용 금액 3종 리워드 적립
https://www.card-gorilla.com/card/detail/2743,1050,마일리지,적립,0.3,,[추가 혜택] 대한항공 직판 항공권 1천원 당 3 마일리지·제네시스 신차 2.5%·SSG.COM 7% 적립
https://www.card-gorilla.com/card/detail/2743,1050,적립,적립,,,연간 보너스 리워드 적립 (연 1회)
https://www.card-gorilla.com/card/detail/2743,1050,무료서비스,프리미엄,,,[우대 서비스] 메탈 플레이트 제공·공항 라운지 무료 이용·무료 발레파킹 서비스
https://www.card-gorilla.com/card/detail/2744,1051,할인,충전소,20.0,,전기/수소차 20% 청구할인
https://www.card-gorilla.com/card/detail/2744,1051,할인,자동차,20.0,,"주차, 세차 20% 청구할인"
https://www.card-gorilla.com/card/detail/2744,1051,할인,디지털구독,20.0,,OTT 20% 청구할인
https://www.card-gorilla.com/card/detail/2744,1051,할인,간편결제,10.0,,KB Pay 오픈마켓 10% 청구할인
https://www.card-gorilla.com/card/detail/2744,1051,할인,보험,,,자동차보험 1만원 청구할인
https://www.card-gorilla.com/card/detail/2746,1052,적립,생활,10.0,,4대 생활 영역(백화점/할인점/온라인쇼핑몰/주유) 10% 빅포인트 적립
https://www.card-gorilla.com/card/detail/2746,1052,적립,생활,3.0,,아파트관리비/이동통신 정기결제 시 3% 빅포인트 적립
https://www.card-gorilla.com/card/detail/2746,1052,적립,교육/육아,3.0,,교육(학원/인터넷강의/학습지) 3% 빅포인트 적립
https://www.card-gorilla.com/card/detail/2746,1052,적립,삼성페이,1.0,,삼성페이로 국내 오프라인 가맹점 결제 시 1% 빅포인트 적립
https://www.card-gorilla.com/card/detail/2746,1052,적립,해외,1.0,,해외 1% 빅포인트 적립
https://www.card-gorilla.com/card/detail/2746,1052,할인,할인,,,연회비 할인 서비스
https://www.card-gorilla.com/card/detail/2747,1053,할인,동물병원,30.0,,전국 동물병원 30% 결제일 할인
https://www.card-gorilla.com/card/detail/2747,1053,할인,쇼핑,30.0,,5개 펫 온라인 전용몰 30% 결제일 할인
https://www.card-gorilla.com/card/detail/2747,1053,할인,온라인쇼핑,10.0,,일반 온라인 쇼핑몰 10% 결제일 할인
https://www.card-gorilla.com/card/detail/2747,1053,기타,애완동물,,,Pet Life
https://www.card-gorilla.com/card/detail/2747,1053,할인,할인,,,"동물병원, 펫 전용몰 할인한도 변경서비스"
https://www.card-gorilla.com/card/detail/2748,1054,할인,동물병원,30.0,,전국 동물병원 30% 결제일 할인
https://www.card-gorilla.com/card/detail/2748,1054,할인,쇼핑,30.0,,5개 펫 온라인 전용몰 30% 결제일 할인
https://www.card-gorilla.com/card/detail/2748,1054,할인,온라인쇼핑,10.0,,일반 온라인 쇼핑몰 10% 결제일 할인
https://www.card-gorilla.com/card/detail/2748,1054,기타,애완동물,,,Pet Life
https://www.card-gorilla.com/card/detail/2748,1054,할인,할인,,,"동물병원, 펫 전용몰 할인한도 변경서비스"
https://www.card-gorilla.com/card/detail/2748,1054,무료서비스,공항라운지,,,The Lounge 모바일 앱을 통한 전세계 공항 라운지 무료이용 (연 2회)
https://www.card-gorilla.com/card/detail/2748,1054,기타,바우처,,,신한카드 The Premium PET 고객님께 매년 1회 아래 Option 중 선택하신 한 가지의 Gift를 제공해 드립니다.
https://www.card-gorilla.com/card/detail/2750,1055,기타,수수료우대,,,트래블로그 스위치 서비스
https://www.card-gorilla.com/card/detail/2750,1055,적립,적립,,,하나머니 적립 서비스
https://www.card-gorilla.com/card/detail/2751,1056,적립,적립,1.5,,[기본혜택] 전월 이용 금액 50만원 이상 시 국내외 가맹점 1.5% M포인트 적립
https://www.card-gorilla.com/card/detail/2751,1056,바우처,바우처,,,"[추가혜택] 전년도(카드 발급 확정월 포함 12개월) 이용 금액 1,200만원 이상 시
30만원 바우처 제공(연 1회)"
https://www.card-gorilla.com/card/detail/2751,1056,적립,적립,,,[우대 서비스] M 긴급적립(선지급 포인트 서비스)
https://www.card-gorilla.com/card/detail/2751,1056,무료서비스,공항,,,[우대 서비스] 공항 라운지 연간 10회 무료 이용·공항 및 특급호텔 발레파킹 무료 이용
https://www.card-gorilla.com/card/detail/2751,1056,기타,프리미엄 서비스,,,[우대 서비스] 메탈 플레이트 제공
https://www.card-gorilla.com/card/detail/2752,1057,적립,적립,1.5,,[기본 혜택] 국내외 가맹점 1.5% M포인트 적립
https://www.card-gorilla.com/card/detail/2752,1057,적립,적립,5.0,,[추가 혜택] 전월 이용 금액 100만원 이상 시 프리미엄쇼핑 영역 5% M포인트 적립
https://www.card-gorilla.com/card/detail/2752,1057,적립,적립,,,[우대 서비스] M 긴급적립(선지급 포인트 서비스)
https://www.card-gorilla.com/card/detail/2752,1057,무료서비스,공항,,,[우대 서비스] 공항 라운지 연간 5회 무료 이용·공항 및 특급호텔 발레파킹 무료 이용
https://www.card-gorilla.com/card/detail/2752,1057,기타,프리미엄 서비스,,,[우대 서비스] 메탈 플레이트 제공
https://www.card-gorilla.com/card/detail/2753,1058,적립,적립,1.5,,[기본 혜택] 전월 실적 50만원 이상 시 국내외 가맹점 1.5% M포인트 적립
https://www.card-gorilla.com/card/detail/2753,1058,적립,적립,5.0,,"[추가 혜택] 전월 실적 100만원 이상 시 여행, 해외 영역 5% M포인트 적립"
https://www.card-gorilla.com/card/detail/2753,1058,적립,적립,,,[우대 서비스] M 긴급적립(선지급 포인트 서비스)
https://www.card-gorilla.com/card/detail/2753,1058,무료서비스,공항,,,[우대 서비스] 공항 라운지 연간 5회 무료 이용·공항 및 특급호텔 발레파킹 무료 이용
https://www.card-gorilla.com/card/detail/2753,1058,기타,프리미엄 서비스,,,[우대 서비스] 메탈 플레이트 제공
https://www.card-gorilla.com/card/detail/2755,1059,바우처,바우처,,,취향대로 선택하는 럭셔리 라이프 바우처
https://www.card-gorilla.com/card/detail/2755,1059,마일리지,적립,,,M포인트와 항공 마일리지 중 선택 적립
https://www.card-gorilla.com/card/detail/2755,1059,적립,적립,,,[우대 서비스] M 긴급적립(선지급 포인트 서비스)
https://www.card-gorilla.com/card/detail/2755,1059,기타,프리미엄 서비스,,,[우대 서비스] 메탈 플레이트 제공
https://www.card-gorilla.com/card/detail/2755,1059,무료서비스,공항,,,[우대 서비스] 공항 라운지 연간 10회 무료 이용·공항 및 특급 호텔 발레파킹 무료 이용
https://www.card-gorilla.com/card/detail/2755,1059,기타,the Red (M포인트형),,,현대카드
https://www.card-gorilla.com/card/detail/2755,1059,기타,the Red (항공 마일리지형),,,현대카드
https://www.card-gorilla.com/card/detail/2756,1060,바우처,바우처,,,국내 Luxury/Gourmet 영역에서 카테고리 구분 없이 사용 가능한 바우처
https://www.card-gorilla.com/card/detail/2756,1060,마일리지,적립,,,[기본혜택] 대한항공 마일리지와 M포인트 중 선택 적립
https://www.card-gorilla.com/card/detail/2756,1060,기타,PP,,,[우대 서비스] Priority Pass 카드
https://www.card-gorilla.com/card/detail/2756,1060,무료서비스,공항,,,인천국제공항 라운지 서비스・발레파킹 서비스
https://www.card-gorilla.com/card/detail/2756,1060,기타,프리미엄 서비스,,,[우대 서비스] 메탈 플레이트
https://www.card-gorilla.com/card/detail/2756,1060,기타,American Express The Platinum Card®Edition2,,,현대카드
https://www.card-gorilla.com/card/detail/2756,1060,기타,the Red Stripe Edition2,,,현대카드
https://www.card-gorilla.com/card/detail/2757,1061,바우처,바우처,,,국내 Luxury/Gourmet 영역에서 카테고리 구분 없이 사용 가능한 바우처
https://www.card-gorilla.com/card/detail/2757,1061,마일리지,적립,,,[기본 혜택] 대한항공 마일리지와 M포인트 중 선택 적립
https://www.card-gorilla.com/card/detail/2757,1061,기타,프리미엄 서비스,,,[우대 서비스] the Black Concierge
https://www.card-gorilla.com/card/detail/2757,1061,무료서비스,공항라운지,,,[우대서비스] 인천국제공항 라운지 서비스·발레파킹 서비스
https://www.card-gorilla.com/card/detail/2759,1062,적립,적립,5.0,,[오늘도 5% 적립 서비스] 음식점·카페·편의점·온라인쇼핑 5% 마이신한포인트 적립 (전월실적 30만원 이상)
https://www.card-gorilla.com/card/detail/2759,1062,적립,생활,5.0,,[일상 속 5% 적립 서비스] 생활·여행·패션 5% 마이신한포인트적립 (전월실적 30만원 이상)
https://www.card-gorilla.com/card/detail/2759,1062,적립,디지털구독,20.0,,"[정기결제 최대 20% 적립 서비스] 통신 10% , OTT 15%, 멤버십 20% 마이신한포인트 적립 (전월실적 30만원 이상)"
https://www.card-gorilla.com/card/detail/2759,1062,적립,적립,,,[소비관리 보너스] ①계획소비 적립 (전월실적 30만원 이상)
https://www.card-gorilla.com/card/detail/2759,1062,적립,적립,,,[소비관리 보너스] ②즉시결제 적립 (전월실적 30만원 이상)
https://www.card-gorilla.com/card/detail/2760,1063,캐시백,푸드,5.0,,칼퇴(음식점·주점·카페·편의점) 5% 캐시백 (저녁 6~11시 결제 건)
https://www.card-gorilla.com/card/detail/2760,1063,캐시백,뷰티/피트니스,5.0,,갓생(헬스·뷰티·전자책) 5% 캐시백
https://www.card-gorilla.com/card/detail/2760,1063,캐시백,교통,5.0,,교통(대중교통·택시·카셰어링) 5% 캐시백
https://www.card-gorilla.com/card/detail/2761,1064,할인,온라인쇼핑,10.0,,온라인 쇼핑 10% 청구할인
https://www.card-gorilla.com/card/detail/2761,1064,할인,쇼핑,5.0,,오프라인 쇼핑 5% 청구할인
https://www.card-gorilla.com/card/detail/2761,1064,할인,통신,5.0,,이동 통신 요금 자동납부 5% 청구할인
https://www.card-gorilla.com/card/detail/2761,1064,할인,디지털구독,30.0,,OTT 정기 결제 30% 청구할인
https://www.card-gorilla.com/card/detail/2761,1064,할인,영화,,,영화 청구할인
https://www.card-gorilla.com/card/detail/2762,1065,바우처,바우처,,,기프트 옵션 서비스
https://www.card-gorilla.com/card/detail/2762,1065,마일리지,아시아나항공,,,아시아나 마일리지 적립
https://www.card-gorilla.com/card/detail/2762,1065,기타,아시아나항공,,,아시아나항공 서비스
https://www.card-gorilla.com/card/detail/2762,1065,무료서비스,프리미엄 서비스,,,공항 라운지 서비스・특수 소재 카드
https://www.card-gorilla.com/card/detail/2763,1066,할인,편의점,20.0,,CU 편의점 최대 20% 현장할인
https://www.card-gorilla.com/card/detail/2763,1066,적립,적립,5.0,,CU 편의점 외 최대 5% 네이버페이 포인트 적립
https://www.card-gorilla.com/card/detail/2763,1066,기타,편의점,,,CU 멤버십 서비스
https://www.card-gorilla.com/card/detail/2764,1067,할인,드럭스토어,5.0,,올리브영 및 국내외 가맹점 이용 금액의 최대 5% 올리브영 현대카드 리워드 발행
https://www.card-gorilla.com/card/detail/2764,1067,기타,기타,,,[우대 서비스] 메탈 플레이트 제공
https://www.card-gorilla.com/card/detail/2765,1068,할인,할인,0.5,,국내 가맹점 0.5% 할인
https://www.card-gorilla.com/card/detail/2765,1068,할인,교통,,,기후동행요금 결제일 할인
https://www.card-gorilla.com/card/detail/2766,1069,기타,교통,,,후불 기후동행카드 서비스 안내
https://www.card-gorilla.com/card/detail/2766,1069,할인,할인,10.0,,온라인 10% 할인
https://www.card-gorilla.com/card/detail/2766,1069,할인,할인,10.0,,오프라인 10% 혜택
https://www.card-gorilla.com/card/detail/2767,1070,기타,교통,,,후불 기후동행카드 서비스 안내
https://www.card-gorilla.com/card/detail/2767,1070,할인,할인,5.0,,온라인 5% 할인
https://www.card-gorilla.com/card/detail/2767,1070,할인,할인,5.0,,오프라인 5% 혜택
https://www.card-gorilla.com/card/detail/2768,1071,캐시백,캐시백,,,캐시백 서비스
https://www.card-gorilla.com/card/detail/2768,1071,기타,교통,,,후불교통 기능 이용안내
https://www.card-gorilla.com/card/detail/2769,1072,기타,교통,,,후불 기후동행카드 안내
https://www.card-gorilla.com/card/detail/2769,1072,할인,할인,,,청구할인 서비스
https://www.card-gorilla.com/card/detail/2770,1073,기타,교통,,,후불 기후동행카드 안내
https://www.card-gorilla.com/card/detail/2770,1073,할인,할인,,,할인 서비스
https://www.card-gorilla.com/card/detail/2771,1074,할인,카페,10.0,,커피전문점/편의점 10% 결제일할인
https://www.card-gorilla.com/card/detail/2771,1074,할인,통신,5.0,,이동통신요금 정기결제 시 5%/7% 결제일할인
https://www.card-gorilla.com/card/detail/2771,1074,할인,생활,5.0,,배달앱/온라인쇼핑몰/헬스&뷰티/생활잡화 5%/7% 결제일할인
https://www.card-gorilla.com/card/detail/2771,1074,할인,디지털구독,30.0,,디지털콘텐츠 정기결제 시 30% 결제일할인
https://www.card-gorilla.com/card/detail/2771,1074,할인,해외,1.0,,"전월 이용금액에 관계없이, 할인한도 없이 해외 1% 결제일 할인"
https://www.card-gorilla.com/card/detail/2771,1074,기타,선택형,,,특수 소재 카드 신청 가능
https://www.card-gorilla.com/card/detail/2771,1074,기타,교통,,,후불 기후동행카드 안내
https://www.card-gorilla.com/card/detail/2775,1075,적립,적립,,,국내 가맹점 카카오페이 포인트 적립 서비스
https://www.card-gorilla.com/card/detail/2775,1075,기타,해외이용,,,해외 이용수수료 면제 서비스
https://www.card-gorilla.com/card/detail/2776,1076,적립,적립,0.5,,[기본 혜택] 국내외 가맹점 0.5% 신세계포인트 적립
https://www.card-gorilla.com/card/detail/2776,1076,적립,적립,5.0,,"[추가 혜택] 이마트 7대 가맹점, 온라인몰, 병원·약국, 학원 5% 신세계포인트 적립"
https://www.card-gorilla.com/card/detail/2776,1076,기타,프리미엄 서비스,,,[우대 서비스] 메탈 플레이트 제공
https://www.card-gorilla.com/card/detail/2777,1077,적립,적립,0.5,,[기본 혜택] 국내외 가맹점 0.5% 신세계포인트 적립
https://www.card-gorilla.com/card/detail/2777,1077,적립,적립,5.0,,[추가 혜택] 이마트 7대 가맹점 5% 신세계포인트 적립
https://www.card-gorilla.com/card/detail/2779,1078,적립,적립,3.3,,국내외 가맹점 최대 3.3% 적립
https://www.card-gorilla.com/card/detail/2780,1079,할인,국내외가맹점,1.0,,[기본 서비스] 국내외 가맹점 1% 청구할인
https://www.card-gorilla.com/card/detail/2780,1079,할인,할인,1.2,,[특별 서비스] 생활밀착 4개 영역 1.2% 청구 할인
https://www.card-gorilla.com/card/detail/2780,1079,할인,할인,,,"[특별 서비스] Flex 영역(온라인항공/호텔/온라인면세/스포츠/미용실)
건당 20만원 이상 결제 시 1만원 청구할인"
https://www.card-gorilla.com/card/detail/2780,1079,할인,자동차,10.0,,[특별 서비스] 카(Car) 라이프 영역(주차/세차) 10% 청구할인
https://www.card-gorilla.com/card/detail/2780,1079,무료서비스,공항라운지,,,전세계 공항 라운지 무료 이용(The LOUNGE)
https://www.card-gorilla.com/card/detail/2780,1079,기타,바우처,,,"[Classic 전용혜택] 쿠폰 서비스 연 1회 제공, 3가지 중 택 1
연간 600만원 이상(초회년도는 실적조건 없음)"
https://www.card-gorilla.com/card/detail/2780,1079,기타,프리미엄 서비스,,,[Classic 전용혜택] 브랜드 서비스·금융 서비스·전용고객센터
https://www.card-gorilla.com/card/detail/2781,1080,마일리지,대한항공,0.0667,,"[기본 서비스] 국내외 가맹점 1,500원당 1마일리지 적립"
https://www.card-gorilla.com/card/detail/2781,1080,마일리지,대한항공,0.1333,,"[특별 서비스] 생활밀착 4개 영역 1,500원당 2마일리지 적립"
https://www.card-gorilla.com/card/detail/2781,1080,마일리지,대한항공,0.1333,,"[특별 서비스] Flex 영역(온라인항공/호텔/온라인면세/스포츠/미용실)
건별 결제금액 1,500원당 대한항공 2마일리지 적립"
https://www.card-gorilla.com/card/detail/2781,1080,할인,자동차,10.0,,[특별 서비스] 카(Car) 라이프 영역(주차/세차) 10% 청구할인
https://www.card-gorilla.com/card/detail/2781,1080,무료서비스,공항라운지,,,전세계 공항 라운지 무료 이용(The LOUNGE)
https://www.card-gorilla.com/card/detail/2781,1080,기타,바우처,,,"[Classic 전용혜택] 쿠폰 서비스 연 1회 제공, 4가지 중 택 1"
https://www.card-gorilla.com/card/detail/2781,1080,기타,프리미엄 서비스,,,[Classic 전용혜택] 브랜드 서비스·금융 서비스·전용고객센터
https://www.card-gorilla.com/card/detail/2782,1081,할인,할인,2.0,,청소년이 자주 이용하는 4개 영역 2% 청구 할인
https://www.card-gorilla.com/card/detail/2784,1082,할인,할인,0.3,,[기본 할인] 국내 가맹점 0.3% 청구할인
https://www.card-gorilla.com/card/detail/2784,1082,할인,생활,10.0,,"[생활 할인] 스타벅스, 폴바셋 10% 청구할인"
https://www.card-gorilla.com/card/detail/2784,1082,할인,편의점,10.0,,"[생활 할인] CU, GS25 10% 청구할인"
https://www.card-gorilla.com/card/detail/2784,1082,할인,대중교통,10.0,,"[대중교통 할인] 버스, 지하철 10% 청구할인"
https://www.card-gorilla.com/card/detail/2785,1083,적립,적립,0.1333,,"힐튼 아너스 포인트 적립 (1,500원 당 2~4 힐튼 아너스 포인트 적립)"
https://www.card-gorilla.com/card/detail/2785,1083,무료서비스,호텔,,,전세계 힐튼호텔 주말 무료 숙박권 1매 제공
https://www.card-gorilla.com/card/detail/2785,1083,기타,호텔,,,힐튼 아너스 멤버쉽 실버 등급 제공 및 골드 등급으로 업그레이드
https://www.card-gorilla.com/card/detail/2785,1083,무료서비스,공항라운지,,,국내/해외 공항라운지 1인 무료 이용(연2회)
https://www.card-gorilla.com/card/detail/2786,1084,적립,적립,0.1333,,"힐튼 아너스 포인트 적립 (1,500원 당 2~8 힐튼 아너스 포인트 적립)"
https://www.card-gorilla.com/card/detail/2786,1084,무료서비스,호텔,,,전세계 힐튼 호텔 주말 무료 숙박권 2매 제공
https://www.card-gorilla.com/card/detail/2786,1084,기타,호텔,,,힐튼 아너스 멤버십 골드 등급 제공 및 다이아몬드 등급으로 업그레이드
https://www.card-gorilla.com/card/detail/2786,1084,무료서비스,공항라운지,,,국내/해외 공항라운지 1인 무료 이용(연4회)
https://www.card-gorilla.com/card/detail/2787,1085,기타,생활,,,"LGE.COM 플러스 서비스 이용 시, LG전자 온라인몰 LGE.COM에서 제품 구매 시 플러스 서비스 혜택 제공"
https://www.card-gorilla.com/card/detail/2787,1085,기타,생활,,,"LGE.COM 플러스 서비스 미이용 시, LGE.COM 플러스 미이용 시에만 제공되는 서비스"
https://www.card-gorilla.com/card/detail/2788,1086,기타,바우처,,,Gift Option 서비스
https://www.card-gorilla.com/card/detail/2788,1086,마일리지,항공마일리지,,,대한항공 마일리지/아시아나항공 마일리지 적립(택 1)
https://www.card-gorilla.com/card/detail/2788,1086,무료서비스,프리미엄,,,연(1~12월) 중 3회 선택이 가능한 Premium Box 서비스 제공
https://www.card-gorilla.com/card/detail/2788,1086,기타,생활,,,생활서비스
https://www.card-gorilla.com/card/detail/2788,1086,무료서비스,PP,,,공항라운지카드(Priority Pass) 서비스
https://www.card-gorilla.com/card/detail/2788,1086,할인,면세점,,,JDC 면세점 할인 서비스/골프장 부킹 대행 서비스
https://www.card-gorilla.com/card/detail/2788,1086,기타,프리미엄 서비스,,,라이프스타일 Desk 서비스
https://www.card-gorilla.com/card/detail/2788,1086,기타,프리미엄 서비스,,,국제브랜드사 서비스(플래티늄 등급 선태 시 제공)
https://www.card-gorilla.com/card/detail/2788,1086,기타,THE iD. TITANIUM(포인트),,,삼성카드
https://www.card-gorilla.com/card/detail/2789,1087,할인,충전소,20.0,,전기/수소차 충전 20% 청구할인
https://www.card-gorilla.com/card/detail/2789,1087,할인,자동차,20.0,,"주차, 세차 20% 청구할인"
https://www.card-gorilla.com/card/detail/2789,1087,할인,디지털구독,20.0,,OTT 20% 청구할인
https://www.card-gorilla.com/card/detail/2789,1087,할인,쇼핑,20.0,,KB Pay 오픈마켓 20% 청구할인
https://www.card-gorilla.com/card/detail/2789,1087,할인,보험,,,자동차보험 1만원 청구할인
https://www.card-gorilla.com/card/detail/2790,1088,적립,적립,1.5,,[기본 혜택] 전월 이용 금액 50만원 이상 시 국내외 가맹점 1.5% M포인트 적립
https://www.card-gorilla.com/card/detail/2790,1088,적립,적립,5.0,,"[추가 혜택] 전월 이용 금액 100만원 이상 시 교육, 병원, 여행, 골프 5% M포인트 적립"
https://www.card-gorilla.com/card/detail/2790,1088,기타,바우처,,,[연간 보너스] 발급 첫해 누적 이용 금액 100만원 이상 시 5만원 크레딧 제공(연 1회)
https://www.card-gorilla.com/card/detail/2790,1088,기타,프리미엄 서비스,,,우대 서비스
https://www.card-gorilla.com/card/detail/2791,1089,기타,바우처,,,[연간 보너스] 발급 첫해 누적 이용 금액 100만원 이상 시 5만원 크레딧 제공(연 1회)
https://www.card-gorilla.com/card/detail/2791,1089,적립,적립,1.5,,[기본 혜택] 전월 이용 금액 50만원 이상 시 국내외 가맹점 1.5% M포인트 적립
https://www.card-gorilla.com/card/detail/2791,1089,적립,적립,5.0,,"[추가 혜택] 전월 이용 금액 100만원 이상 시 온라인몰, 백화점, 대형마트, 교육 5% M포인트 적립"
https://www.card-gorilla.com/card/detail/2791,1089,기타,프리미엄 서비스,,,우대 서비스
https://www.card-gorilla.com/card/detail/2792,1090,기타,바우처,,,[연간 보너스] 발급 첫해 누적 이용 금액 100만원 이상 시 5만원 크레딧 제공(연 1회)
https://www.card-gorilla.com/card/detail/2792,1090,적립,적립,1.5,,[기본 혜택] 전월 이용 금액 50만원 이상 시 국내외 가맹점 1.5% M포인트 적립
https://www.card-gorilla.com/card/detail/2792,1090,적립,적립,5.0,,"[추가 혜택] 전월 이용 금액 100만원 이상 시 온라인몰, 드럭스토어, 커피전문점, 대중교통 5% M포인트 적립"
https://www.card-gorilla.com/card/detail/2792,1090,기타,프리미엄 서비스,,,우대 서비스
https://www.card-gorilla.com/card/detail/2793,1091,기타,바우처,,,[연간 보너스] 발급 첫해 누적 이용 금액 100만원 이상 시 5만원 크레딧 제공(연 1회)
https://www.card-gorilla.com/card/detail/2793,1091,적립,적립,1.5,,[기본 혜택] 전월 이용 금액 50만원 이상 시 국내외 가맹점 1.5% M포인트 적립
https://www.card-gorilla.com/card/detail/2793,1091,적립,적립,5.0,,"[추가 혜택] 전월 이용 금액 100만원 이상 시 온라인몰, 배달 앱, 편의점, 대중교통 5% M포인트 적립"
https://www.card-gorilla.com/card/detail/2793,1091,기타,프리미엄 서비스,,,우대 서비스
https://www.card-gorilla.com/card/detail/2794,1092,적립,적립,0.7,,[기본 혜택] 전월 이용 금액 50만원 이상 시 국내외 가맹점 0.7% 네이버페이 포인트 적립
https://www.card-gorilla.com/card/detail/2794,1092,적립,국내외가맹점,7.0,,"[추가 혜택] 전월 이용 금액 50만원 이상 시 네이버플러스 멤버십 적립 대상
최대 7% 네이버페이 포인트 적립"
https://www.card-gorilla.com/card/detail/2794,1092,기타,네이버페이 taptap,,,삼성카드
https://www.card-gorilla.com/card/detail/2795,1093,적립,모든가맹점,,,전 가맹점 적립 서비스
https://www.card-gorilla.com/card/detail/2795,1093,할인,선택형,,,선택 할인서비스 (2종 중 택1)
https://www.card-gorilla.com/card/detail/2799,1094,기타,대중교통,,,K-패스 안내
https://www.card-gorilla.com/card/detail/2799,1094,할인,생활,15.0,,대중교통 & 생활비 최대 15% 결제일 할일
https://www.card-gorilla.com/card/detail/2805,1095,기타,선택형,,,8가지 혜택 중 선택
https://www.card-gorilla.com/card/detail/2805,1095,기타,간편결제,,,모바일 단독카드
https://www.card-gorilla.com/card/detail/2806,1096,기타,선택형,,,8가지 혜택 중 선택
https://www.card-gorilla.com/card/detail/2806,1096,기타,간편결제,,,모바일 단독카드
https://www.card-gorilla.com/card/detail/2807,1097,마일리지,적립,0.0667,,"[기본 리워드] 이용금액 1% 적립(마이신한포인트형) / 1,500원 당 1마일 적립(스카이패스형)"
https://www.card-gorilla.com/card/detail/2807,1097,기타,바우처,,,Gift Option 서비스 (연 1회/ 택 1/ 연회비 주기 내 1백만원 이상)
https://www.card-gorilla.com/card/detail/2807,1097,기타,바우처,,,Bonus Gift 서비스 (연간 누적실적 3천만원 이상)
https://www.card-gorilla.com/card/detail/2807,1097,할인,생활,7.0,,[Life Experience 서비스] 커피전문점 2천원 할인/택시 이용금액 7% 할인 (전월실적 50만원 이상)
https://www.card-gorilla.com/card/detail/2807,1097,기타,공항라운지,,,THE LOUNGE 서비스 (전월실적 50만원 이상)
https://www.card-gorilla.com/card/detail/2809,1098,캐시백,간편결제,0.5,,페이결제 0.5% 캐시백
https://www.card-gorilla.com/card/detail/2809,1098,캐시백,편의점,5.0,,"GS25, CU, 이마트24, 세븐일레븐 5% 캐시백"
https://www.card-gorilla.com/card/detail/2809,1098,캐시백,배달앱,5.0,,"배달의 민족, 요기요 5% 캐시백"
https://www.card-gorilla.com/card/detail/2809,1098,캐시백,대중교통,10.0,,"버스, 지하철 10% 캐시백"
https://www.card-gorilla.com/card/detail/2809,1098,캐시백,카페,20.0,,"스타벅스, 투썸플레이스 20% 캐시백"
https://www.card-gorilla.com/card/detail/2810,1099,캐시백,통신,,5000,"통신 요금 대상 가맹점 자동이체 1만원 이상 납부 시 5,000원 캐시백"
https://www.card-gorilla.com/card/detail/2810,1099,캐시백,카페,5.0,,"스타벅스, 커피빈, 투썸플레이스 1만원 이상 결제 시 5% 캐시백"
https://www.card-gorilla.com/card/detail/2811,1100,할인,할인,,15000,"월납 요금 최대 15,000원 할인"
https://www.card-gorilla.com/card/detail/2814,1101,캐시백,캐시백,,,"결제하면 바로 받는 랜덤 캐시백
기간 : 2025.01.01~2025.12.31"
https://www.card-gorilla.com/card/detail/2817,1102,할인,교통,10.0,,대중교통 요금 10% 할인
https://www.card-gorilla.com/card/detail/2817,1102,할인,배달앱,2.0,,배달앱 2% 할인
https://www.card-gorilla.com/card/detail/2817,1102,할인,통신,2.0,,이동통신 2% 할인
https://www.card-gorilla.com/card/detail/2817,1102,할인,생활,2.0,,커피·생활용품·편의점 2% 할인
https://www.card-gorilla.com/card/detail/2817,1102,할인,영화,2.0,,영화 2% 할인
https://www.card-gorilla.com/card/detail/2817,1102,할인,디지털구독,2.0,,OTT 2% 할인
https://www.card-gorilla.com/card/detail/2817,1102,기타,우리 K-패스 (COOKIE CHECK),,,우리카드
https://www.card-gorilla.com/card/detail/2820,1103,할인,국내외가맹점,0.8,,국내외가맹점 0.8% 청구할인
https://www.card-gorilla.com/card/detail/2820,1103,할인,간편결제,1.2,,하나페이 결제 1.2% 청구할인
https://www.card-gorilla.com/card/detail/2820,1103,할인,쇼핑,2.0,,쿠팡&슈퍼마켓 2% 청구할인
https://www.card-gorilla.com/card/detail/2820,1103,할인,배달앱,4.0,,"배달의민족, 요기요, 쿠팡이츠 4% 청구할인"
https://www.card-gorilla.com/card/detail/2820,1103,할인,온라인쇼핑,4.0,,"컬리, SSG.COM, 롯데ON, 더현대닷컴 4% 청구할인"
https://www.card-gorilla.com/card/detail/2820,1103,할인,쇼핑,4.0,,"G마켓, 옥션, 11번가, 인터파크, 위메프, 티몬 4% 청구할인"
https://www.card-gorilla.com/card/detail/2820,1103,할인,택시,4.0,,"카카오T, UT, 택시업종 4% 청구할인"
https://www.card-gorilla.com/card/detail/2820,1103,무이자할부,무이자할부,,,국내 5만원 이상 결제건 2~3개월 무이자 할부
https://www.card-gorilla.com/card/detail/2821,1104,할인,국내외가맹점,0.5,,국내외 결제 시 0.5% 할인
https://www.card-gorilla.com/card/detail/2821,1104,할인,쇼핑,2.0,,쿠팡 2% 할인
https://www.card-gorilla.com/card/detail/2821,1104,할인,백화점,2.0,,백화점 2% 할인
https://www.card-gorilla.com/card/detail/2821,1104,할인,대형마트,2.0,,마트 2% 할인
https://www.card-gorilla.com/card/detail/2821,1104,할인,홈쇼핑,2.0,,홈쇼핑 2% 할인
https://www.card-gorilla.com/card/detail/2821,1104,할인,SSM,2.0,,슈퍼마켓 2% 할인
https://www.card-gorilla.com/card/detail/2821,1104,할인,편의점,2.0,,편의점 2% 할인
https://www.card-gorilla.com/card/detail/2821,1104,할인,베이커리,2.0,,베이커리 2% 할인
https://www.card-gorilla.com/card/detail/2821,1104,할인,간편결제,5.0,,간편결제 5% 할인
https://www.card-gorilla.com/card/detail/2822,1105,할인,렌탈,,,쿠쿠 렌탈료 결제 시 결제일 할인
https://www.card-gorilla.com/card/detail/2822,1105,캐시백,캐시백,,,장기 할부 서비스 및 캐시백
https://www.card-gorilla.com/card/detail/2823,1106,적립,적립,0.5,,[기본적립] 국내외 가맹점 0.5% 롯데멤버스 카드 L.POINT 적립
https://www.card-gorilla.com/card/detail/2823,1106,적립,적립,5.0,,[특별적립] 롯데멤버스 브랜드 최대 5% '롯데멤버스 카드 L.POINT' 적립
https://www.card-gorilla.com/card/detail/2823,1106,적립,적립,,,[미리적립] 최대 20만 '롯데멤버스 카드 L.POINT' 미리적립 (선지급 포인트 서비스)
https://www.card-gorilla.com/card/detail/2824,1107,적립,적립,0.7,,[기본적립] 국내외 가맹점 0.7% 롯데멤버스 카드 L.POINT 적립
https://www.card-gorilla.com/card/detail/2824,1107,적립,적립,5.0,,[특별적립] 롯데멤버스 브랜드 최대 5% '롯데멤버스 카드 L.POINT' 적립
https://www.card-gorilla.com/card/detail/2824,1107,적립,적립,,,[미리적립] 최대 50만 '롯데멤버스 카드 L.POINT' 미리적립 (선지급 포인트 서비스)
https://www.card-gorilla.com/card/detail/2824,1107,기타,바우처,,,SPECIAL GIFT - 롯데상품권카드 5만원
https://www.card-gorilla.com/card/detail/2824,1107,기타,프리미엄 서비스,,,MasterCard Platinum Service
https://www.card-gorilla.com/card/detail/2825,1108,할인,할인,0.8,,국내 가맹점 0.8% 할인
https://www.card-gorilla.com/card/detail/2825,1108,기타,대중교통,,,후불 기후동행카드 서비스 이용 안내
https://www.card-gorilla.com/card/detail/2826,1109,캐시백,할인,5.0,,생활 5% 캐시백 서비스
https://www.card-gorilla.com/card/detail/2826,1109,기타,대중교통,,,후불 기후동행카드 서비스 이용 안내
https://www.card-gorilla.com/card/detail/2827,1110,할인,주유,10.0,,GS칼텍스에서 주유 시 10% 결제일할인
https://www.card-gorilla.com/card/detail/2827,1110,할인,통신,5.0,,통신요금 정기결제 시 5% 결제일할인
https://www.card-gorilla.com/card/detail/2827,1110,할인,편의점,5.0,,편의점 5% 결제일할인
https://www.card-gorilla.com/card/detail/2827,1110,할인,온라인쇼핑,5.0,,온라인쇼핑몰 5% 결제일할인
https://www.card-gorilla.com/card/detail/2827,1110,적립,적립,,,GS&POINT 적립 서비스
https://www.card-gorilla.com/card/detail/2828,1111,할인,주유,10.0,,SK주유(충전)소에서 주유 시 10% 결제일할인
https://www.card-gorilla.com/card/detail/2828,1111,할인,통신,5.0,,통신요금 정기결제 시 5% 결제일할인
https://www.card-gorilla.com/card/detail/2828,1111,할인,편의점,5.0,,편의점 5% 결제일할인
https://www.card-gorilla.com/card/detail/2828,1111,할인,온라인쇼핑,5.0,,온라인쇼핑몰 5% 결제일할인
https://www.card-gorilla.com/card/detail/2828,1111,기타,정비,,,차량 점검 서비스
https://www.card-gorilla.com/card/detail/2830,1112,적립,생활,1.0,,[일상 생활비 적립] 국내 건당 결제금액별 0.2~1% 포인트 적립
https://www.card-gorilla.com/card/detail/2830,1112,적립,배달앱,,,[주말 배달앱 적립] 필수 생활비 - 주말 배달앱 적립
https://www.card-gorilla.com/card/detail/2830,1112,적립,편의점,,,[편의점 적립] 필수 생활비 - 편의점 적립
https://www.card-gorilla.com/card/detail/2831,1113,할인,쇼핑,10.0,,알리익스프레스 국내 / 해외 배송상품 10% 결제일 할인 (전월실적 30만원 이상)
https://www.card-gorilla.com/card/detail/2831,1113,할인,할인,10.0,,음식점·카페·배달앱 영역 통합 10% 결제일 할인 (전월실적 30만원 이상)
https://www.card-gorilla.com/card/detail/2831,1113,적립,해외,1.0,,해외 이용 시 1% 마이신한포인트 적립
https://www.card-gorilla.com/card/detail/2832,1114,기타,해외,,,해외 혜택
https://www.card-gorilla.com/card/detail/2832,1114,기타,할인,,,국내 혜택
https://www.card-gorilla.com/card/detail/2832,1114,기타,제주항공,,,전용 혜택
https://www.card-gorilla.com/card/detail/2832,1114,기타,기타,,,소득공제·부가기능
https://www.card-gorilla.com/card/detail/2835,1115,기타,할인,,,Time Plan 서비스 (전월실적 40만원 이상)
https://www.card-gorilla.com/card/detail/2835,1115,할인,쇼핑,10.0,,[Daily Plan 서비스] 쇼핑 10% 결제일 할인 (전월실적 40만원 이상)
https://www.card-gorilla.com/card/detail/2835,1115,할인,교통,5.0,,[Daily Plan 서비스] 이동 5% 결제일 할인 (전월실적 40만원 이상)
https://www.card-gorilla.com/card/detail/2835,1115,할인,생활,5.0,,[Daily Plan 서비스] 생활 5% 결제일 할인 (전월실적 40만원 이상)
https://www.card-gorilla.com/card/detail/2835,1115,할인,할인,,,"[Plan Day 서비스] 매월 1일 Time Plan, Daily Plan 서비스 2배 할인"
https://www.card-gorilla.com/card/detail/2835,1115,할인,할인,20.0,,[Monthly Plan 서비스] 정기결제(공과금/디지털구독·멤버십/피트니스) 최대 20% 할인 (전월실적 40만원 이상)
https://www.card-gorilla.com/card/detail/2835,1115,할인,영화,,,[Monthly Plan 서비스] 영화 예매 5천원 결제일 할인 (전월실적 40만원 이상)
https://www.card-gorilla.com/card/detail/2835,1115,캐시백,캐시백,,,[Annual Plan 서비스] 장보기 3만원 캐시백 (연 1회)
https://www.card-gorilla.com/card/detail/2835,1115,할인,할인,,,[Annual Plan 서비스] 스피드메이트 정비 현장 할인·테마파크 할인 (전월실적 30만원 이상)
https://www.card-gorilla.com/card/detail/2836,1116,기타,할인,,,Time Plan 서비스
https://www.card-gorilla.com/card/detail/2836,1116,할인,쇼핑,10.0,,[Daily Plan 서비스] 쇼핑 10% 결제일 할인
https://www.card-gorilla.com/card/detail/2836,1116,할인,교통,5.0,,[Daily Plan 서비스] 이동 5% 결제일 할인
https://www.card-gorilla.com/card/detail/2836,1116,할인,생활,5.0,,[Daily Plan 서비스] 생활 5% 결제일 할인
https://www.card-gorilla.com/card/detail/2836,1116,할인,할인,,,"[Plan Day 서비스] 매월 1일 Time Plan, Daily Plan 서비스 2배 할인"
https://www.card-gorilla.com/card/detail/2836,1116,할인,할인,20.0,,[Monthly Plan 서비스] 정기결제(공과금/디지털구독·멤버십) 최대 20% 결제일 할인
https://www.card-gorilla.com/card/detail/2836,1116,할인,영화,,,[Monthly Plan 서비스] 영화 예매 5천원 결제일 할인
https://www.card-gorilla.com/card/detail/2836,1116,할인,할인,,,[Annual Plan 서비스] 스피트메이트 정비 현장 할인
https://www.card-gorilla.com/card/detail/2837,1117,할인,할인,1.0,,국내 가맹점 1% 할인
https://www.card-gorilla.com/card/detail/2837,1117,할인,해외,2.0,,해외 가맹점 2% 할인
https://www.card-gorilla.com/card/detail/2837,1117,할인,할인,50.0,,"쇼핑 멤버십 50%, OTT 10%, 이동통신 5% 할인(자동납부 할인)"
https://www.card-gorilla.com/card/detail/2837,1117,적립,적립,,,분기 보너스 적립 (연 최대 4만점)
https://www.card-gorilla.com/card/detail/2840,1118,캐시백,주유소,,80,주유 리터당 80원~120원 캐시백
https://www.card-gorilla.com/card/detail/2840,1118,캐시백,정비,,,자동차 정비 가맹점 캐시백
https://www.card-gorilla.com/card/detail/2840,1118,캐시백,카페,10.0,,커피 20대 브랜드 10% 캐시백
https://www.card-gorilla.com/card/detail/2840,1118,캐시백,영화,10.0,,영화 가맹점 10% 캐시백
https://www.card-gorilla.com/card/detail/2840,1118,캐시백,디지털구독,10.0,,OTT 가맹점 10% 캐시백
https://www.card-gorilla.com/card/detail/2841,1119,캐시백,학원,20.0,,학원 업종 가맹점 20% 캐시백
https://www.card-gorilla.com/card/detail/2841,1119,캐시백,학습지,20.0,,학습지 12대 브랜드 20% 캐시백
https://www.card-gorilla.com/card/detail/2841,1119,캐시백,도서,10.0,,"대형서점, 온라인서점, 전자북 10% 캐시백"
https://www.card-gorilla.com/card/detail/2841,1119,캐시백,캐시백,10.0,,온라인교육·EBS 교재 10% 캐시백
https://www.card-gorilla.com/card/detail/2841,1119,캐시백,카페,10.0,,커피 20대 브랜드 10% 캐시백
https://www.card-gorilla.com/card/detail/2841,1119,캐시백,OTT/영화/문화,10.0,,"영화, OTT 가맹점 10% 캐시백"
https://www.card-gorilla.com/card/detail/2842,1120,할인,할인,1.0,,[기본 혜택] 전월 이용 금액 50만원 이상 시 국내외 가맹점 1% 청구 할인
https://www.card-gorilla.com/card/detail/2842,1120,할인,할인,5.0,,"[추가 혜택] 전월 이용 금액 100만원 이상 시 뷰티/생활/패션, 배달앱, 편의점 5% 청구 할인"
https://www.card-gorilla.com/card/detail/2842,1120,적립,적립,,,X 긴급할인(선지급 포인트 서비스)
https://www.card-gorilla.com/card/detail/2842,1120,기타,프리미엄 서비스,,,메탈 플레이트 제공
https://www.card-gorilla.com/card/detail/2843,1121,할인,할인,1.0,,[기본 혜택] 전월 이용 금액 50만원 이상 시 국내외 가맹점 1% 청구 할인
https://www.card-gorilla.com/card/detail/2843,1121,할인,할인,5.0,,"[추가 혜택] 전월 이용 금액 100만원 이상 시 온라인몰, 교육, 병원 5% 청구 할인"
https://www.card-gorilla.com/card/detail/2843,1121,적립,적립,,,X 긴급할인(선지급 포인트 서비스)
https://www.card-gorilla.com/card/detail/2843,1121,기타,프리미엄 서비스,,,메탈 플레이트 제공
https://www.card-gorilla.com/card/detail/2844,1122,할인,할인,0.8,,[기본 혜택] 실적·한도 제한 없이 국내외 가맹점 0.8% 청구 할인
https://www.card-gorilla.com/card/detail/2844,1122,할인,할인,1.6,,"[추가 혜택] 온라인몰, 대형마트, 교육, 주유, 이동통신 요금 10만원 이상 결제 시 1.6% 청구 할인"
https://www.card-gorilla.com/card/detail/2844,1122,적립,할인,,,X 긴급할인(선지급 포인트 서비스)
https://www.card-gorilla.com/card/detail/2844,1122,기타,프리미엄 서비스,,,메탈 플레이트 제공
https://www.card-gorilla.com/card/detail/2845,1123,할인,간편결제,10.0,,KB Pay 10% 할인
https://www.card-gorilla.com/card/detail/2845,1123,할인,푸드,10.0,,"음식점, 편의점 10% 할인"
https://www.card-gorilla.com/card/detail/2845,1123,할인,통신,10.0,,이동통신요금 10% 할인
https://www.card-gorilla.com/card/detail/2845,1123,할인,디지털구독,30.0,,OTT 30% 할인
https://www.card-gorilla.com/card/detail/2845,1123,할인,할인,5.0,,"병원, 약국, 스포츠 5% 할인"
https://www.card-gorilla.com/card/detail/2845,1123,할인,할인,5.0,,"온라인쇼핑, 주유, 커피 5% 할인"
https://www.card-gorilla.com/card/detail/2845,1123,할인,자동차,10.0,,"주차장, 세차장 10% 할인"
https://www.card-gorilla.com/card/detail/2845,1123,기타,기타,,,쿠폰 서비스 (2종 중 택1)
https://www.card-gorilla.com/card/detail/2845,1123,기타,프리미엄,,,Mastercard 서비스
https://www.card-gorilla.com/card/detail/2847,1124,기타,해외이용,,,해외 이용금액 현지통화 결제 서비스
https://www.card-gorilla.com/card/detail/2847,1124,할인,해외이용,1.0,,[해외 이용 서비스] 국제 브랜드 수수료(1%) / 해외 서비스 수수료(0.2%) 면제
https://www.card-gorilla.com/card/detail/2847,1124,할인,해외이용,1.0,,[해외 이용 서비스] 해외 ATM 이용 인출 수수료(건당 ) 및 국제 브랜드 수수료(1%) 면제
https://www.card-gorilla.com/card/detail/2847,1124,할인,해외이용,1.0,,[해외 이용 서비스] 해외 대중교통 컨택리스 방식으로 이용 시 1% 결제일 할인
https://www.card-gorilla.com/card/detail/2847,1124,할인,해외,50.0,,[일본 여행 서비스] 돈키호테/스타벅스 50% 할인
https://www.card-gorilla.com/card/detail/2847,1124,할인,편의점,5.0,,[국내 이용 서비스] 국내 4대 편의점 5% 결제일 할인
https://www.card-gorilla.com/card/detail/2847,1124,할인,대중교통,1.0,,[국내 이용 서비스] 국내 대중교통 1% 결제일 할인
https://www.card-gorilla.com/card/detail/2848,1125,할인,국내외가맹점,1.2,,국내외 가맹점 1.2% 청구할인
https://www.card-gorilla.com/card/detail/2848,1125,할인,할인,,15000,"분기별 이용 실적에 따라 최대 15,000원 청구할인"
https://www.card-gorilla.com/card/detail/2851,1126,할인,할인,10.0,,7대 생활영역 10% 청구할인
https://www.card-gorilla.com/card/detail/2852,1127,할인,APP,2.0,,[공통] KB Pay 오프라인 결제 2% 할인
https://www.card-gorilla.com/card/detail/2852,1127,할인,편의점,5.0,,"[공통] CU, 세븐일레븐 5% 할인"
https://www.card-gorilla.com/card/detail/2852,1127,할인,쇼핑,5.0,,"[공통] 다이소, 올리브영, KB Pay 쇼핑 5% 할인"
https://www.card-gorilla.com/card/detail/2852,1127,할인,할인,5.0,,[공통] 독서실 업종 5% 할인
https://www.card-gorilla.com/card/detail/2852,1127,할인,도서,5.0,,"[공통] 서점 업종, 문구점 업종 5% 할인"
https://www.card-gorilla.com/card/detail/2852,1127,할인,게임,5.0,,[놀이2-3구간] PC방 5% 할인
https://www.card-gorilla.com/card/detail/2852,1127,할인,할인,5.0,,"[놀이2-3구간] 구글 플레이스토어, 애플 앱스토어 5% 할인"
https://www.card-gorilla.com/card/detail/2852,1127,할인,패밀리레스토랑,10.0,,[외식 3구간] 패밀리레스토랑 업종 10% 할인
https://www.card-gorilla.com/card/detail/2853,1128,마일리지,적립,0.5,,국내외 가맹점 0.5% KTX 마일리지 포인트 적립
https://www.card-gorilla.com/card/detail/2853,1128,마일리지,적립,5.0,,한국철도공사 5% KTX 마일리지 포인트 추가 적립
https://www.card-gorilla.com/card/detail/2853,1128,마일리지,적립,0.5,,생활 필수 영역 0.5% KTX 마일리지 포인트 추가 적립
https://www.card-gorilla.com/card/detail/2853,1128,기타,기타,,,특수 소재 카드
https://www.card-gorilla.com/card/detail/2855,1129,적립,해외이용,,,해외 이용 적립 서비스 (전월실적 30만원 이상)
https://www.card-gorilla.com/card/detail/2855,1129,적립,해외이용,,,일본 이용 추가 적립 서비스 (전월실적 30만원 이상)
https://www.card-gorilla.com/card/detail/2855,1129,적립,적립,,,국내 이용 적립 서비스 (전월실적 30만원 이상)
https://www.card-gorilla.com/card/detail/2855,1129,기타,리조트,,,Hoshino Resort 서비스
https://www.card-gorilla.com/card/detail/2856,1130,적립,적립,0.5,,[기본] 국내 가맹점 0.2 ~ 0.5% 적립
https://www.card-gorilla.com/card/detail/2856,1130,적립,생활,0.4,,[Life 영역] 0.4% ~ 1% 적립
https://www.card-gorilla.com/card/detail/2856,1130,적립,기타,1.0,,[Biz 1. 영역] 제약/의료기기 0.4 ~ 1% 적립
https://www.card-gorilla.com/card/detail/2856,1130,적립,보험사,10.0,,[Biz 2. 영역] 4대 보험 10% 적립
https://www.card-gorilla.com/card/detail/2856,1130,적립,해외이용,1.4,,[해외이용] 해외 가맹점 1.4% 적립
https://www.card-gorilla.com/card/detail/2857,1131,기타,기타,,,계좌가 없어도 간편 발급
https://www.card-gorilla.com/card/detail/2857,1131,기타,대중교통,,,충전식(티머니) 교통카드 기능
https://www.card-gorilla.com/card/detail/2858,1132,기타,선택형,,,카드 디자인
https://www.card-gorilla.com/card/detail/2858,1132,캐시백,캐시백,1.0,,'카드 쓰면 1% 캐시백' 서비스
https://www.card-gorilla.com/card/detail/2858,1132,캐시백,캐시백,1.0,,‘카드값 바로내면 1% 캐시백’ 서비스
https://www.card-gorilla.com/card/detail/2859,1133,할인,전통시장,10.0,,전통시장가맹점 이용 5~10% 청구할인
https://www.card-gorilla.com/card/detail/2859,1133,할인,할인,10.0,,온누리상품권 차감 이용 5~10% 환급할인
https://www.card-gorilla.com/card/detail/2859,1133,할인,쇼핑,10.0,,KB Pay 쇼핑 이용 5~10% 청구할인
https://www.card-gorilla.com/card/detail/2861,1134,적립,적립,,,트래블 포인트 적립서비스
https://www.card-gorilla.com/card/detail/2861,1134,기타,수수료우대,,,해외 이용 수수료 면제 서비스
https://www.card-gorilla.com/card/detail/2861,1134,기타,기타,,,L.POINT
https://www.card-gorilla.com/card/detail/2862,1135,할인,간편결제,10.0,,간편결제 10% 청구할인
https://www.card-gorilla.com/card/detail/2862,1135,할인,디지털구독,50.0,,영상 스트리밍 50% 청구할인
https://www.card-gorilla.com/card/detail/2862,1135,할인,디지털구독,50.0,,디지털 멤버십 50% 청구할인
https://www.card-gorilla.com/card/detail/2863,1136,마일리지,적립,1.0,,"[기본적립] 국내 1%, 해외 1.2% 트래블마일 적립"
https://www.card-gorilla.com/card/detail/2863,1136,마일리지,여행/숙박,2.0,,"[특별적립] 항공권 2%, 호텔/렌터카 3% 트래블마일 적립"
https://www.card-gorilla.com/card/detail/2863,1136,마일리지,적립,,,"트래블마일 15,000마일 보너스 적립
(연 1회, 1년차 300만원 / 2년차 이후 1,200만원 이상 사용 시)"
https://www.card-gorilla.com/card/detail/2864,1137,마일리지,적립,1.2,,"[기본적립] 국내 1.2%, 해외 1.5% 트래블마일 적립"
https://www.card-gorilla.com/card/detail/2864,1137,마일리지,여행/숙박,3.0,,"[특별적립] 항공권 3%, 호텔/렌터카 5% 트래블마일 적립"
https://www.card-gorilla.com/card/detail/2864,1137,마일리지,적립,,,"트래블마일 70,000마일 보너스 적립
(연 1회, 1년차 600만원 / 2년차 이후 2,400만원 이상 사용 시)"
https://www.card-gorilla.com/card/detail/2864,1137,무료서비스,공항라운지,,,공항라운지 무료 이용 서비스 (AMEX 브랜드 카드 발급 시 제공)
https://www.card-gorilla.com/card/detail/2865,1138,적립,적립,,,신세계백화점 하나머니 적립
https://www.card-gorilla.com/card/detail/2865,1138,적립,적립,,,"국내/외, 항공, 여행 가맹점 하나머니 적립"
https://www.card-gorilla.com/card/detail/2865,1138,무료서비스,공항라운지,,,"전세계 공항 라운지 무료 이용 (본인 연 2회, 월 1회)"
https://www.card-gorilla.com/card/detail/2865,1138,기타,수수료우대,,,해외 이용수수료 면제 서비스 (외화 하나머니 결제 시)
https://www.card-gorilla.com/card/detail/2867,1139,할인,백화점,5.0,,[갤러리아 기본 서비스] 갤러리아 백화점 5% 현장할인
https://www.card-gorilla.com/card/detail/2867,1139,할인,문화센터,5.0,,[갤러리아 기본 서비스] 갤러리아 백화점 문화센터 5% 현장할인
https://www.card-gorilla.com/card/detail/2867,1139,적립,기타,,,[갤러리아 기본 서비스] 갤러리아 G포인트 서비스
https://www.card-gorilla.com/card/detail/2867,1139,할인,백화점,7.0,,[갤러리아 특별 서비스] 갤러리아 백화점 / 갤러리아몰 5~7% 청구할인
https://www.card-gorilla.com/card/detail/2867,1139,무이자할부,무이자할부,,,[갤러리아 특별 서비스] 갤러리아 백화점 최대 6개월 무이자할부
https://www.card-gorilla.com/card/detail/2867,1139,기타,기타,,,[갤러리아 특별 서비스] 갤러리아 백화점 24/36개월 장기할부
https://www.card-gorilla.com/card/detail/2867,1139,할인,생활,3.0,,[생활 서비스] 생활 영역 3% 청구할인
https://www.card-gorilla.com/card/detail/2867,1139,할인,국내외가맹점,1.0,,[생활 서비스] 국내외 가맹점 1% 청구할인
https://www.card-gorilla.com/card/detail/2868,1140,할인,전통시장,5.0,,전통시장가맹점 이용 5% 환급할인
https://www.card-gorilla.com/card/detail/2868,1140,할인,할인,5.0,,온누리상품권 차감 이용 5% 환급할인
https://www.card-gorilla.com/card/detail/2868,1140,할인,쇼핑,5.0,,KB Pay 쇼핑 이용 5% 환급할인
https://www.card-gorilla.com/card/detail/2869,1141,할인,충전소,10.0,,E1 충전소 10% 청구할인
https://www.card-gorilla.com/card/detail/2869,1141,할인,편의점,10.0,,편의점 업종 10% 청구할인
https://www.card-gorilla.com/card/detail/2869,1141,할인,카페,10.0,,커피 업종 10% 청구할인
https://www.card-gorilla.com/card/detail/2870,1142,할인,렌터카,,,넥센타이어 렌탈 할인
https://www.card-gorilla.com/card/detail/2872,1143,적립,SSM,10.0,,GS리테일에서 결제 시 GS ALL 포인트 최대 10% 특별 적립
https://www.card-gorilla.com/card/detail/2872,1143,적립,간편결제,2.0,,GS Pay 결제 시 GS ALL 포인트 2% 추가 적립
https://www.card-gorilla.com/card/detail/2872,1143,적립,국내외가맹점,0.1,,그 외 국내외 가맹점 이용 시 GS ALL 포인트 0.1% 기본 적립
https://www.card-gorilla.com/card/detail/2873,1144,할인,쇼핑,10.0,,[스타필드] 스타필드 이용금액 10% 결제일 할인
https://www.card-gorilla.com/card/detail/2873,1144,할인,백화점,5.0,,[신세계 계열사] 신세계백화점 5% 결제일 할인
https://www.card-gorilla.com/card/detail/2873,1144,할인,마트/편의점,5.0,,"[신세계 계열사] 할인점, 편의점 5% 결제일 할인"
https://www.card-gorilla.com/card/detail/2873,1144,할인,온라인쇼핑,5.0,,[신세계 계열사] 온라인쇼핑 5% 결제일 할인
https://www.card-gorilla.com/card/detail/2873,1144,할인,카페,5.0,,[신세계 계열사] 스타벅스 5% 결제일 할인
https://www.card-gorilla.com/card/detail/2873,1144,할인,생활,5.0,,[신세계 계열사] 까사미아 5% 결제일 할인
https://www.card-gorilla.com/card/detail/2873,1144,할인,동물병원,5.0,,[라이프] 동물병원 5% 결제일 할인
https://www.card-gorilla.com/card/detail/2873,1144,할인,배달앱,5.0,,[라이프] 배달앱 5% 결제일 할인
https://www.card-gorilla.com/card/detail/2873,1144,할인,영화,5.0,,[라이프] 영화관 5% 결제일 할인
https://www.card-gorilla.com/card/detail/2873,1144,할인,화장품,5.0,,[라이프] 올리브영 5% 결제일 할인
https://www.card-gorilla.com/card/detail/2873,1144,할인,레저/스포츠,5.0,,[라이프] 스몹 5% 결제일 할인
https://www.card-gorilla.com/card/detail/2875,1145,할인,할인,,3000,"전월 이용금액에 따라 3,000원 ~ 9,000원 할인"
https://www.card-gorilla.com/card/detail/2875,1145,할인,보험사,,10000,"보험 10,000원 할인"
https://www.card-gorilla.com/card/detail/2875,1145,할인,공과금,5.0,,아파트 관리비·4대 사회보험 5% 할인
https://www.card-gorilla.com/card/detail/2875,1145,할인,통신,5.0,,이동통신 5% 할인
https://www.card-gorilla.com/card/detail/2875,1145,할인,병원/약국,5.0,,의료 5% 할인
https://www.card-gorilla.com/card/detail/2875,1145,기타,정비,,,차량 점검 서비스
https://www.card-gorilla.com/card/detail/2876,1146,할인,국내외가맹점,0.5,,국내외 전 가맹점 0.5% 청구할인
https://www.card-gorilla.com/card/detail/2876,1146,무이자할부,무이자할부,,,무이자 할부 혜택
https://www.card-gorilla.com/card/detail/2876,1146,할인,대중교통,5.0,,대중교통 5% 청구할인
https://www.card-gorilla.com/card/detail/2876,1146,할인,마트/편의점,5.0,,"편의점, 슈퍼마켓 5% 청구할인"
https://www.card-gorilla.com/card/detail/2876,1146,할인,주유,5.0,,주유 5% 청구할인
https://www.card-gorilla.com/card/detail/2876,1146,할인,공과금,5.0,,생활요금(자동납부) 5% 청구할인
https://www.card-gorilla.com/card/detail/2877,1147,바우처,바우처,,,프리미엄 바우처 제공
https://www.card-gorilla.com/card/detail/2877,1147,할인,해외,10.0,,해외여행 10% 청구할인
https://www.card-gorilla.com/card/detail/2877,1147,할인,쇼핑,10.0,,쇼핑 10% 청구할인
https://www.card-gorilla.com/card/detail/2877,1147,할인,골프,10.0,,골프 10% 청구할인
https://www.card-gorilla.com/card/detail/2877,1147,할인,카페,50.0,,커피 50% 청구할인
https://www.card-gorilla.com/card/detail/2877,1147,할인,택시,50.0,,택시 50% 청구할인
https://www.card-gorilla.com/card/detail/2877,1147,무료서비스,공항라운지,,,전세계 공항라운지 무료이용 (연 3회)
https://www.card-gorilla.com/card/detail/2878,1148,할인,할인,10.0,,"[기본 혜택] 전월 이용 금액 40만원 이상 시 일반음식점, 배달 앱 10% 청구 할인"
https://www.card-gorilla.com/card/detail/2878,1148,할인,할인,5.0,,"[추가 혜택] 전월 이용 금액 40만원 이상 시 커피전문점, 편의점, 대중교통 5% 청구 할인"
https://www.card-gorilla.com/card/detail/2878,1148,기타,프리미엄 서비스,,,메탈 플레이트 제공
https://www.card-gorilla.com/card/detail/2879,1149,할인,할인,10.0,,"[기본 혜택] 전월 이용 금액 40만원 이상 시 교육, 병원 10% 청구 할인"
https://www.card-gorilla.com/card/detail/2879,1149,할인,할인,5.0,,"[추가 혜택] 전월 이용 금액 40만원 이상 시 이동통신 요금, 아파트 관리비, 도시가스 요금 정기결제 5% 청구 할인"
https://www.card-gorilla.com/card/detail/2879,1149,기타,프리미엄 서비스,,,메탈 플레이트 제공
https://www.card-gorilla.com/card/detail/2880,1150,할인,할인,10.0,,"[기본 혜택] 전월 이용 금액 40만원 이상 시 주유소, 충전소, 차량 정비소, 세차장 10% 청구 할인"
https://www.card-gorilla.com/card/detail/2880,1150,할인,할인,5.0,,"[추가 혜택] 전월 이용 금액 40만원 이상 시 이동통신 요금, 아파트 관리비, 도시가스 요금 정기결제 5% 청구 할인"
https://www.card-gorilla.com/card/detail/2880,1150,기타,프리미엄 서비스,,,메탈 플레이트 제공
https://www.card-gorilla.com/card/detail/2881,1151,할인,할인,10.0,,"[기본 혜택] 전월 이용 금액 40만원 이상 시 온라인몰, 대형마트, 슈퍼마켓, 백화점, 프리미엄 아울렛 10% 청구 할인"
https://www.card-gorilla.com/card/detail/2881,1151,할인,할인,5.0,,"[추가 혜택] 전월 이용 금액 40만원 이상 시 커피전문점, 편의점, 대중교통 5% 청구 할인"
https://www.card-gorilla.com/card/detail/2881,1151,기타,프리미엄 서비스,,,메탈 플레이트 제공
https://www.card-gorilla.com/card/detail/2882,1152,할인,할인,0.7,,[기본 혜택] 실적·한도 제한 없이 국내 가맹점 0.7% 청구 할인
https://www.card-gorilla.com/card/detail/2882,1152,할인,해외이용,2.0,,[추가 혜택] 실적·한도 제한 없이 해외 온·오프라인 가맹점 2% 청구 할인
https://www.card-gorilla.com/card/detail/2882,1152,할인,수수료우대,100.0,,[우대 서비스] 해외 온·오프라인 가맹점 국제브랜드 수수료 및 해외서비스 수수료 100% 청구 할인
https://www.card-gorilla.com/card/detail/2882,1152,기타,프리미엄 서비스,,,메탈 플레이트 제공
https://www.card-gorilla.com/card/detail/2883,1153,할인,할인,5.0,,[기본 혜택] 전월 이용 금액 50만원 이상 시 9개 영역 5% 청구 할인
https://www.card-gorilla.com/card/detail/2883,1153,할인,할인,10.0,,"[추가 혜택] 전월 이용 금액 50만원 이상 시 일반음식점, 주유, 대형마트
주말(토·일요일) 10% 청구 할인"
https://www.card-gorilla.com/card/detail/2883,1153,기타,프리미엄 서비스,,,메탈 플레이트 제공
https://www.card-gorilla.com/card/detail/2884,1154,할인,배달앱,5.0,,[배민 할인] 배달의민족 이용금액 5% 결제일 할인
https://www.card-gorilla.com/card/detail/2884,1154,할인,국내외가맹점,1.0,,[배민 외 가맹점 할인] 국내 · 외 가맹점 이용금액 1% 결제일 할인
https://www.card-gorilla.com/card/detail/2885,1155,할인,선택형,,,[SELECT 1] 선택 옵션에 따른 할인 혜택 제공 (택 1)
https://www.card-gorilla.com/card/detail/2885,1155,할인,할인,0.7,,[SELECT 1] 국내 가맹점 0.7% 할인
https://www.card-gorilla.com/card/detail/2885,1155,할인,할인,10.0,,[SELECT 1] 아파트 관리비/통신 10% 할인
https://www.card-gorilla.com/card/detail/2885,1155,할인,할인,10.0,,[SELECT 1] 교육 10% 할인
https://www.card-gorilla.com/card/detail/2885,1155,할인,선택형,,,[SELECT 2] 선택 옵션에 따른 할인 혜택 제공 (택 1)
https://www.card-gorilla.com/card/detail/2885,1155,할인,할인,7.0,,[SELECT 2] 온라인쇼핑몰/의료/배달앱 7% 할인
https://www.card-gorilla.com/card/detail/2885,1155,할인,할인,7.0,,[SELECT 2] 음식점/편의점/할인점/주유 7% 할인
https://www.card-gorilla.com/card/detail/2885,1155,할인,생활,5.0,,[기본] 생활 편의 영역 5% 할인
https://www.card-gorilla.com/card/detail/2885,1155,할인,디지털구독,50.0,,[기본] 디지털콘텐츠 멤버십 50% 할인
https://www.card-gorilla.com/card/detail/2885,1155,할인,해외,2.0,,[기본] 해외 2% 할인
https://www.card-gorilla.com/card/detail/2886,1156,할인,선택형,,,"[SELECT] 선택 옵션에 따른 할인 혜택 제공 (택 1)
음식점, 온라인몰(패션/쇼핑), 온라인 간편결제"
https://www.card-gorilla.com/card/detail/2886,1156,할인,일반음식점,,,[SELECT] 금/토/일엔 외식 2배 할인
https://www.card-gorilla.com/card/detail/2886,1156,할인,쇼핑,,,[SELECT] 금/토/일엔 쇼핑 2배 할인
https://www.card-gorilla.com/card/detail/2886,1156,할인,간편결제,1.0,,[SELECT] 온라인 간편결제 1% 할인
https://www.card-gorilla.com/card/detail/2886,1156,할인,생활,5.0,,생활 편의 영역 5% 할인
https://www.card-gorilla.com/card/detail/2886,1156,할인,디지털구독,50.0,,인앱 결제/디지털콘텐츠 50 % 할인
https://www.card-gorilla.com/card/detail/2886,1156,할인,해외,2.0,,해외 2% 할인
https://www.card-gorilla.com/card/detail/2887,1157,적립,도서,,,스터디 적립 서비스
https://www.card-gorilla.com/card/detail/2887,1157,적립,푸드,,,오늘도 적립 서비스
https://www.card-gorilla.com/card/detail/2887,1157,적립,쇼핑,,,일상 속 적립 서비스
https://www.card-gorilla.com/card/detail/2888,1158,마일리지,대한항공,,,DIGILOCA SKYPASS 마일리지 적립서비스
https://www.card-gorilla.com/card/detail/2889,1159,적립,도서,,,스터디 적립 서비스
https://www.card-gorilla.com/card/detail/2889,1159,적립,푸드,,,오늘도 적립 서비스
https://www.card-gorilla.com/card/detail/2889,1159,적립,쇼핑,,,일상 속 적립 서비스
https://www.card-gorilla.com/card/detail/2890,1160,적립,생활,1.0,,[일상 생활비 적립] 국내 건당 결제금액별 0.2~1% 포인트 적립
https://www.card-gorilla.com/card/detail/2890,1160,적립,해외이용,1.0,,[일상 생활비 적립] 해외 결제금액 1% 포인트 적립
https://www.card-gorilla.com/card/detail/2890,1160,적립,생활,,,"[일상 생활비 적립] 가족행사월(5월, 12월) 적립 한도 5천 포인트 추가 제공"
https://www.card-gorilla.com/card/detail/2890,1160,적립,배달앱,,,[필수 생활비 적립] 주말 배달앱 포인트 적립
https://www.card-gorilla.com/card/detail/2890,1160,적립,편의점,,,[필수 생활비 적립] 편의점 포인트 적립
https://www.card-gorilla.com/card/detail/2891,1161,캐시백,대중교통,5.0,,[일상 서비스] 대중교통 이용금액 5% 캐시백
https://www.card-gorilla.com/card/detail/2891,1161,캐시백,통신,,,[일상 서비스] 이동통신요금 자동납부 시 2천원 캐시백
https://www.card-gorilla.com/card/detail/2891,1161,캐시백,영화,,,[일상 서비스] CGV 영화 예매 5천원 캐시백
https://www.card-gorilla.com/card/detail/2891,1161,캐시백,편의점,,,[일상 서비스] 편의점 1천원 캐시백
https://www.card-gorilla.com/card/detail/2891,1161,캐시백,카페,,,[일상 서비스] 카페 1천원 캐시백
https://www.card-gorilla.com/card/detail/2891,1161,캐시백,패스트푸드,,,[일상 서비스] 패스트푸드 1천원 캐시백
https://www.card-gorilla.com/card/detail/2891,1161,캐시백,배달앱,,,[일상 서비스] 배달앱 1천원 캐시백
https://www.card-gorilla.com/card/detail/2891,1161,캐시백,생활,,,[일상 서비스] 생활 가맹점 1천원 캐시백
https://www.card-gorilla.com/card/detail/2891,1161,캐시백,디지털구독,,,[일상 서비스] OTT 1천원 캐시백
https://www.card-gorilla.com/card/detail/2891,1161,캐시백,온라인쇼핑,,,[일상 서비스] 온라인 쇼핑 1천원 캐시백
https://www.card-gorilla.com/card/detail/2891,1161,캐시백,간편결제,1.0,,[간편결제 서비스] 간편결제(Pay)로 국내 이용 시 1% 캐시백
https://www.card-gorilla.com/card/detail/2891,1161,캐시백,해외,1.2,,"[해외 서비스] 해외 전 가맹점(온라인포함) 1.2% 캐시백
해외인출 1건 당 US  캐시백 제공"
https://www.card-gorilla.com/card/detail/2892,1162,적립,편의점,10.0,,[생활 영역] 4대 편의점 10% 적립
https://www.card-gorilla.com/card/detail/2892,1162,적립,카페,10.0,,[생활 영역] 커피 업종 10% 적립
https://www.card-gorilla.com/card/detail/2892,1162,적립,해외이용,1.0,,[생활 영역] 해외이용 1% 적립
https://www.card-gorilla.com/card/detail/2892,1162,적립,기타,10.0,,"[놀이 영역] 사진관, 볼링장, 테니스장, 스키장 10% 적립"
https://www.card-gorilla.com/card/detail/2892,1162,적립,푸드,,,[One Pick] 맛집 가맹점 최대 3천 포인트 적립
https://www.card-gorilla.com/card/detail/2893,1163,적립,편의점,10.0,,[생활 영역] 4대 편의점 10% 적립
https://www.card-gorilla.com/card/detail/2893,1163,적립,카페,10.0,,[생활 영역] 커피 업종 10% 적립
https://www.card-gorilla.com/card/detail/2893,1163,적립,해외이용,1.0,,[생활 영역] 해외이용 1% 적립
https://www.card-gorilla.com/card/detail/2893,1163,적립,디지털구독,10.0,,"[디지털 구독 영역] 음악, OTT, 도서 10% 적립"
https://www.card-gorilla.com/card/detail/2893,1163,적립,온라인쇼핑,,,[One Pick] 온라인 쇼핑몰 최대 3천 포인트 적립
https://www.card-gorilla.com/card/detail/2894,1164,할인,간편결제,15.0,,토스/온라인 영역 15%/10% 할인
https://www.card-gorilla.com/card/detail/2894,1164,할인,디지털구독,50.0,,토스프라임/인앱 결제/디지털콘텐츠 50% 할인
https://www.card-gorilla.com/card/detail/2894,1164,할인,카페,50.0,,스타벅스 50% 할인
https://www.card-gorilla.com/card/detail/2894,1164,할인,해외,2.0,,해외 2% 할인
https://www.card-gorilla.com/card/detail/2896,1165,할인,보험사,,,KB라이프 건강보험료 자동납부 할인
https://www.card-gorilla.com/card/detail/2896,1165,할인,병원/약국,5.0,,병원/약국 5% 할인
https://www.card-gorilla.com/card/detail/2896,1165,기타,LOCA 100 Life,,,롯데카드
https://www.card-gorilla.com/card/detail/2897,1166,적립,카페,,,스타벅스 이용 시 스타벅스 별 리워드 적립
https://www.card-gorilla.com/card/detail/2897,1166,적립,기타,,,스타벅스 선불카드 충전 이용 시 스타벅스 별 리워드 적립
https://www.card-gorilla.com/card/detail/2897,1166,적립,국내외가맹점,,,국내외 가맹점 이용 시 스타벅스 별 리워드 적립
https://www.card-gorilla.com/card/detail/2898,1167,마일리지,대한항공,,,SKYPASS 최대 2마일리지 적립
https://www.card-gorilla.com/card/detail/2898,1167,적립,기타,,,POINT 추가 적립 (전월실적 50만원 이상)
https://www.card-gorilla.com/card/detail/2898,1167,무료서비스,공항라운지,,,공항라운지 서비스 (더라운지) (전월실적 50만원 이상)
https://www.card-gorilla.com/card/detail/2898,1167,할인,기타,,,인천공항 주차 할인 서비스 (전월실적 50만원 이상)
https://www.card-gorilla.com/card/detail/2898,1167,무료서비스,기타,,,국내공항 무료 발레파킹 서비스 (전월실적 50만원 이상)
https://www.card-gorilla.com/card/detail/2899,1168,기타,적립,,,쓸수록 SOLSOL 서비스
https://www.card-gorilla.com/card/detail/2899,1168,기타,디지털구독,,,담을수록 SOLSOL 서비스
https://www.card-gorilla.com/card/detail/2899,1168,기타,은행사,,,모을수록 SOLSOL 서비스
https://www.card-gorilla.com/card/detail/2902,1169,바우처,바우처,,,[프리미엄 바우처] 최대 13만원 프리미엄 바우처 제공
https://www.card-gorilla.com/card/detail/2902,1169,적립,적립,1.0,,[기본적립] 국내 가맹점 1% 적립
https://www.card-gorilla.com/card/detail/2902,1169,적립,적립,2.0,,"[특별적립Ⅰ] 백화점, 온라인 쇼핑 2% 적립"
https://www.card-gorilla.com/card/detail/2902,1169,적립,적립,3.0,,"[특별적립Ⅱ] 국내 항공권, 국내 특급호텔, 면세점, 골프장, 해외 3% 할인"
https://www.card-gorilla.com/card/detail/2902,1169,무료서비스,공항라운지,,,[프리미엄] 더라운지 서비스
https://www.card-gorilla.com/card/detail/2902,1169,할인,공항,,,[프리미엄] 인천공항 주차 할인 서비스
https://www.card-gorilla.com/card/detail/2902,1169,할인,생활,10.0,,[라이프] OTT/뷰티/여가 10% 할인
https://www.card-gorilla.com/card/detail/2903,1170,기타,주유,,,경차 유류세 환급 대상자 주유 및 충전(LPG) 시 유류세 환급
https://www.card-gorilla.com/card/detail/2903,1170,할인,주유,,150,"SK에너지·HD현대오일뱅크에서 주유 시 리터당 150원 청구 할인
모든 충전소(LPG) 이용 시 리터당 150원 청구 할인"
https://www.card-gorilla.com/card/detail/2903,1170,적립,적립,0.2,,국내 가맹점에서 0.2% M포인트 적립
https://www.card-gorilla.com/card/detail/2903,1170,적립,적립,1.5,,"현대자동차·기아 신차 구매 시 1.5% M포인트 적립
GS칼텍스 주유 시 리터당 60 M포인트 적립"
https://www.card-gorilla.com/card/detail/2903,1170,적립,온라인쇼핑,,,현대카드 홈페이지를 통해 제휴 온라인쇼핑몰에 접속하여 결제 시 M포인트 추가 적립
https://www.card-gorilla.com/card/detail/2904,1171,할인,생활,10.0,,"8가지 생활영역에서 10% 청구할인
(병원/의원, 관리비, 통신, 쇼핑, 학원, 커피, 보험, 골프)"
https://www.card-gorilla.com/card/detail/2905,1172,기타,해외,,,"[해외 혜택] 해외 가맹점, ATM 이용 수수료 면제"
https://www.card-gorilla.com/card/detail/2905,1172,할인,할인,,200,[국내 혜택] KB Pay 200원 추가 할인
https://www.card-gorilla.com/card/detail/2905,1172,할인,카페,,1000,"[국내 혜택] 카페 1,000원 할인"
https://www.card-gorilla.com/card/detail/2905,1172,할인,베이커리,,2000,"[국내 혜택] 빵집 2,000원 할인"
https://www.card-gorilla.com/card/detail/2905,1172,할인,기차,,5000,"[국내 혜택] 철도 5,000원 할인"
https://www.card-gorilla.com/card/detail/2905,1172,할인,고속버스,,2000,"[국내 혜택] 고속버스 2,000원 할인"
https://www.card-gorilla.com/card/detail/2905,1172,할인,자동차,,500,[국내 혜택] 주차장 500원 할인
https://www.card-gorilla.com/card/detail/2905,1172,할인,푸드,,5000,"[국내 혜택] 전국맛집 5,000원 할인"
https://www.card-gorilla.com/card/detail/2906,1173,캐시백,캐시백,1.0,,"국내외 가맹점 1% 캐시백
생활밀착 가맹점 추가 0.7% 캐시백 (총 1.7% 캐시백)"
https://www.card-gorilla.com/card/detail/2906,1173,할인,할인,,,생활친화 가맹점 Coin-Save (잔돈할인)
https://www.card-gorilla.com/card/detail/2906,1173,할인,영화,,,온라인 영화 예매 최대 3천원 할인
https://www.card-gorilla.com/card/detail/2906,1173,할인,테마파크,50.0,,테마파크 서울랜드 50% 할인
https://www.card-gorilla.com/card/detail/2906,1173,기타,프리미엄 서비스,,,Platinum# 공통 서비스
https://www.card-gorilla.com/card/detail/2907,1174,캐시백,편의점,50.0,,[일본 여행] 일본 3대 편의점 50% 캐시백
https://www.card-gorilla.com/card/detail/2907,1174,캐시백,푸드,50.0,,[일본 여행] 일본 커피/패스트푸드 50% 캐시백
https://www.card-gorilla.com/card/detail/2907,1174,캐시백,해외,10.0,,[국내외 캐시백] 해외 10% 캐시백
https://www.card-gorilla.com/card/detail/2907,1174,캐시백,쇼핑,5.0,,[국내외 캐시백] 국내 쇼핑 5% 캐시백
https://www.card-gorilla.com/card/detail/2907,1174,캐시백,푸드,5.0,,[국내외 캐시백] 국내 푸드 5% 캐시백
https://www.card-gorilla.com/card/detail/2907,1174,캐시백,생활,5.0,,[국내외 캐시백] 국내 일상 5% 캐시백
https://www.card-gorilla.com/card/detail/2907,1174,기타,수수료우대,,,해외 수수료 면제 서비스
https://www.card-gorilla.com/card/detail/2908,1175,적립,적립,1.0,,국내외 가맹점 1% 번개포인트 적립
https://www.card-gorilla.com/card/detail/2908,1175,적립,적립,2.0,,번개장터 2% 번개포인트 추가 적립
https://www.card-gorilla.com/card/detail/2909,1176,할인,학원,5.0,,학원 5% 청구할인
https://www.card-gorilla.com/card/detail/2909,1176,할인,병원/약국,5.0,,병원/약국 5% 청구할인
https://www.card-gorilla.com/card/detail/2909,1176,할인,레저/스포츠,5.0,,여가생활 5% 청구할인
https://www.card-gorilla.com/card/detail/2909,1176,할인,쇼핑,5.0,,쇼핑 5% 청구할인
https://www.card-gorilla.com/card/detail/2912,1177,할인,할인,,,LG전자 구독요금 결제일 할인
https://www.card-gorilla.com/card/detail/2912,1177,적립,적립,,,LG전자 구독요금 포인트 적립
https://www.card-gorilla.com/card/detail/2913,1178,할인,할인,,,SK인텔릭스 구독료 자동이체 시 1만 1천원 ~ 2만원 청구할인
https://www.card-gorilla.com/card/detail/2913,1178,할인,영화,,3500,"메가박스/CGV 온라인 영화 예매 시 3,500원 청구할인"
https://www.card-gorilla.com/card/detail/2913,1178,할인,테마파크,50.0,,롯데월드 어드벤처 종합이용권 50% 현장 할인
https://www.card-gorilla.com/card/detail/2913,1178,할인,테마파크,50.0,,에버랜드 페스티벌월드 자유이용권 50% 현장 할인
https://www.card-gorilla.com/card/detail/2913,1178,할인,테마파크,30.0,,캐리비안베이 입장권 30% 현장 할인
https://www.card-gorilla.com/card/detail/2914,1179,적립,백화점,0.5,,국내외 가맹점 0.5% ~ 3% 신백리워드 포인트 적립
https://www.card-gorilla.com/card/detail/2914,1179,할인,대형마트,,6000,"이마트 6,000원 할인 (통합 월 1회, 전월 이용금액 20만원 이상 시 제공)"
https://www.card-gorilla.com/card/detail/2914,1179,할인,영화,,3000,"CGV 3,000원 할인 (월 1회, 전월 이용금액 30만원 이상 시 제공)"
https://www.card-gorilla.com/card/detail/2914,1179,할인,테마파크,50.0,,"놀이공원 50% / 워터파크 30% 할인 (연 5회, 전월 이용금액 30만원 이상 시 제공)"
https://www.card-gorilla.com/card/detail/2914,1179,기타,자동차,,,차량 점검 서비스 (전월 이용금액 30만원 이상 시 제공)
https://www.card-gorilla.com/card/detail/2914,1179,무이자할부,무이자할부,,,국내 가맹점 주말 2~3개월 무이자할부
https://www.card-gorilla.com/card/detail/2914,1179,무이자할부,무이자할부,,,신세계백화점 / 이마트 2~3개월 무이자할부
https://www.card-gorilla.com/card/detail/2914,1179,기타,백화점,,,신세계백화점 제휴 서비스
https://www.card-gorilla.com/card/detail/2915,1180,바우처,프리미엄,,,프리미엄 영역 연간 최대 15만원 할인 기프트
https://www.card-gorilla.com/card/detail/2915,1180,적립,적립,3.0,,국내외 가맹점 1~3% 빅포인트 적립
https://www.card-gorilla.com/card/detail/2915,1180,무료서비스,공항라운지,,,공항 라운지 서비스 (The Lounge)
https://www.card-gorilla.com/card/detail/2915,1180,기타,프리미엄 서비스,,,국제브랜드 서비스 (해외겸용카드 전용)
https://www.card-gorilla.com/card/detail/2916,1181,기타,프리미엄,,,나를 위한 / 가족을 위한 Gift (연회비 납부 년도 내 1백만원 이상)
https://www.card-gorilla.com/card/detail/2916,1181,적립,적립,5.0,,국내/해외 이용 시 마이신한포인트 1.5~5% 적립 (전월실적 40만원 이상)
https://www.card-gorilla.com/card/detail/2916,1181,할인,점심,5.0,,평일(월~금) 점심시간 요식업종 이용시 5% 결제일 할인 (전월실적 40만원 이상)
https://www.card-gorilla.com/card/detail/2916,1181,무료서비스,공항라운지,,,THE LOUNGE 무료 이용 서비스 (전월실적 40만원 이상)
https://www.card-gorilla.com/card/detail/2916,1181,기타,프리미엄 서비스,,,Mastercard Platinum 서비스
https://www.card-gorilla.com/card/detail/2918,1182,적립,적립,5.0,,오늘도 5% 적립
https://www.card-gorilla.com/card/detail/2918,1182,적립,적립,5.0,,일상 속 5% 적립
https://www.card-gorilla.com/card/detail/2918,1182,적립,적립,20.0,,정기결제 최대 20% 적립
https://www.card-gorilla.com/card/detail/2918,1182,적립,적립,,,[소비관리 보너스] ① 계획소비 적립
https://www.card-gorilla.com/card/detail/2918,1182,적립,적립,,,[소비관리 보너스] ② 즉시결제 적립
https://www.card-gorilla.com/card/detail/2919,1183,캐시백,캐시백,1.0,,최대 1% 무제한 캐시백
https://www.card-gorilla.com/card/detail/2919,1183,기타,대중교통,,,후불교통기능
https://www.card-gorilla.com/card/detail/2919,1183,기타,수수료우대,,,ATM(현금자동입출금기) 수수료 면제
https://www.card-gorilla.com/card/detail/2921,1184,캐시백,캐시백,10.0,,"[필수 생활비 영역 캐시백] 대중교통, 이동통신요금 10% 캐시백"
https://www.card-gorilla.com/card/detail/2921,1184,캐시백,캐시백,10.0,,"[일상 생활비 영역 캐시백] 커피/편의점 10% 캐시백, 배달앱 10% 캐시백"
https://www.card-gorilla.com/card/detail/2922,1185,캐시백,할인,10.0,,"[필수 생활비 영역 캐시백] 대중교통, 이동통신요금 10% 캐시백"
https://www.card-gorilla.com/card/detail/2922,1185,캐시백,할인,10.0,,"[일상 생활비 영역 캐시백] 대형마트, 음식점, 병원/약국 10% 캐시백"
https://www.card-gorilla.com/card/detail/2923,1186,할인,백화점,3.0,,신세계백화점 최대 3% 결제일 할인 서비스
https://www.card-gorilla.com/card/detail/2923,1186,적립,멤버십포인트,0.7,,국내 가맹점 0.7% 마이신한포인트 적립 서비스
https://www.card-gorilla.com/card/detail/2923,1186,할인,해외이용,2.0,,해외 가맹점 2% 할인 서비스
https://www.card-gorilla.com/card/detail/2923,1186,기타,제휴/PLCC,,,신세계백화점 제휴 서비스
https://www.card-gorilla.com/card/detail/2924,1187,적립,저가항공,0.7,,"[UniMile 적립 서비스] 국내 가맹점 0.7% 적립
해외/여행준비 6%~2% 적립 (전월실적 50만원 이상)"
https://www.card-gorilla.com/card/detail/2924,1187,할인,할인,3.0,,"[온라인 할인 서비스] 간편결제, 인앱결제 3% 청구할인 (전월실적 50만원 이상)"
https://www.card-gorilla.com/card/detail/2924,1187,무료서비스,공항라운지,,,공항라운지 서비스 (더라운지) (전월실적 50만원 이상)
https://www.card-gorilla.com/card/detail/2929,1188,할인,선택형,50.0,,"[A팩] 6개 영역 최대 50% 할인
OTT, APP, 여가, 교통, 편의점, 영화관"
https://www.card-gorilla.com/card/detail/2929,1188,할인,선택형,50.0,,"[B팩] 6개 영역 최대 50% 할인
쇼핑 멤버십, 통신요금, 패션/라이프, 배달, 편의점, 데이트"
https://www.card-gorilla.com/card/detail/2929,1188,기타,혜택 프로모션,,,KB유스클럽체크카드 X유스클럽프로모션
https://www.card-gorilla.com/card/detail/2930,1189,할인,선택형,10.0,,"[일상팩] 6개 영역 최대 10% 청구할인
주유, 배달, 통신/보험/APP, 온라인쇼핑, 편의점, 취미/자기관리"
https://www.card-gorilla.com/card/detail/2930,1189,할인,선택형,10.0,,"[가족팩] 6개 영역 최대 10% 청구할인
생활요금, 온라인장보기, 일상케어, 학원, 대형마트, 카페"
https://www.card-gorilla.com/card/detail/2930,1189,기타,수수료우대,,,해외 이용 수수료 면제
https://www.card-gorilla.com/card/detail/2930,1189,기타,기타,,,전월실적 채워드림
https://www.card-gorilla.com/card/detail/2930,1189,기타,프리미엄,,,국제브랜드 서비스
https://www.card-gorilla.com/card/detail/2931,1190,할인,학원,,,교육 관련 업종 1만원/2만원/3만원 청구할인
https://www.card-gorilla.com/card/detail/2931,1190,할인,생활,,,생활 영역 5천원 청구할인
https://www.card-gorilla.com/card/detail/2933,1191,기타,캐시백,,,슈퍼쏠저 서비스 (실적 조건 없음)
https://www.card-gorilla.com/card/detail/2933,1191,기타,캐시백,,,Life 서비스
https://www.card-gorilla.com/card/detail/2933,1191,기타,할인,,,Special 서비스
https://www.card-gorilla.com/card/detail/2933,1191,기타,멤버십포인트,,,Multi Membership
https://www.card-gorilla.com/card/detail/2934,1192,기타,실적조건 없음,,,Easy (실적 조건 없는 서비스)
https://www.card-gorilla.com/card/detail/2934,1192,기타,급여이체,,,Desire (군 급여이체 시 받는 서비스)
https://www.card-gorilla.com/card/detail/2934,1192,기타,할인,,,Basic (지난달 실적 10만원 이상 시 받는 서비스)
https://www.card-gorilla.com/card/detail/2934,1192,기타,금융,,,금융 서비스
https://www.card-gorilla.com/card/detail/2934,1192,기타,혜택 프로모션,,,"하나 나라사랑카드 26년 특별 혜택
(기간: 2026.01.05 ~ 2026.12.31)"
https://www.card-gorilla.com/card/detail/2935,1193,기타,해외이용,,,현지통화 결제 서비스
https://www.card-gorilla.com/card/detail/2935,1193,기타,수수료우대,,,해외 이용 서비스
https://www.card-gorilla.com/card/detail/2935,1193,적립,해외직구,,,해외 온라인 거래 포인트 적립 서비스
https://www.card-gorilla.com/card/detail/2935,1193,기타,할인,,,국내 이용 서비스
https://www.card-gorilla.com/card/detail/2935,1193,할인,캐시백,,,마이셀렉트샵 추가 할인 프로모션 (~2026.12.31)
https://www.card-gorilla.com/card/detail/2936,1194,적립,적립,,,RR PAY 포인트 적립 서비스
https://www.card-gorilla.com/card/detail/2936,1194,적립,적립,,,RR PAY 포인트 미리적립 서비스 (선지급 포인트 서비스)
https://www.card-gorilla.com/card/detail/2937,1195,기타,할인,,,[기본 혜택]
https://www.card-gorilla.com/card/detail/2937,1195,기타,할인,,,[Link 혜택]
https://www.card-gorilla.com/card/detail/2937,1195,캐시백,캐시백,,,[보너스 캐시백]
https://www.card-gorilla.com/card/detail/2938,1196,적립,적립,1.5,,[기본 혜택] 국내외 가맹점 1.5% M포인트 적립(전월실적 50만원 이상)
https://www.card-gorilla.com/card/detail/2938,1196,적립,적립,5.0,,"[추가 혜택] 대형마트, 슈퍼마켓, 전기·도시가스 요금, 4대 보험 5% M포인트 적립
(월 2만 M포인트 한도, 전월실적 100만원 이상)"
https://www.card-gorilla.com/card/detail/2938,1196,적립,적립,,,M 긴급적립(선지급 포인트 서비스)
https://www.card-gorilla.com/card/detail/2939,1197,적립,적립,1.5,,[기본 혜택] 국내외 가맹점 1.5% M포인트 적립(전월실적 50만원 이상)
https://www.card-gorilla.com/card/detail/2939,1197,적립,적립,5.0,,"[추가 혜택] 주유/LPG, 전기차 충전, 이동통신 요금, 전기·도시가스 요금, 4대 보험 5% M포인트 적립
(월 2만 M포인트 한도, 전월실적 100만원 이상)"
https://www.card-gorilla.com/card/detail/2939,1197,적립,적립,,,M 긴급적립(선지급 포인트 서비스)
https://www.card-gorilla.com/card/detail/2940,1198,적립,적립,1.5,,[기본 혜택] 국내외 가맹점 1.5% M포인트 적립(전월실적 50만원 이상)
https://www.card-gorilla.com/card/detail/2940,1198,적립,적립,5.0,,"[추가 혜택] 온라인 쇼핑, 해외 가맹점, 네이버 비즈머니 충전, 전기·도시가스 요금, 4대 보험 5% M포인트 적립
(월 2만 M포인트 한도, 전월실적 100만원 이상)"
https://www.card-gorilla.com/card/detail/2940,1198,적립,적립,,,M 긴급적립(선지급 포인트 서비스)
https://www.card-gorilla.com/card/detail/2942,1199,할인,주유,,,[기본 혜택] GS칼텍스 이용 금액 청구 할인 (전월실적 40만원 이상)
https://www.card-gorilla.com/card/detail/2942,1199,할인,할인,5.0,,[추가 혜택] 차량유지관리영역 5% 청구 할인 (전월실적 40만원 이상)
https://www.card-gorilla.com/card/detail/2943,1200,적립,온라인쇼핑,5.0,,G마켓/옥션 5% 빅포인트 적립
https://www.card-gorilla.com/card/detail/2943,1200,적립,적립,3.0,,편의점/배달앱/대중교통/택시/주유 3% 빅포인트 적립
https://www.card-gorilla.com/card/detail/2943,1200,적립,적립,3.0,,백화점/할인점/프리미엄아울렛/면세점/SPA 패션/의료/학원 3% 빅포인트 적립
https://www.card-gorilla.com/card/detail/2943,1200,적립,디지털구독,20.0,,디지털콘텐츠 20% 빅포인트 적립
https://www.card-gorilla.com/card/detail/2943,1200,적립,통신,5.0,,이동통신 5% 빅포인트 적립
https://www.card-gorilla.com/card/detail/2943,1200,적립,해외,2.0,,해외 가맹점 2% 빅포인트 적립
https://www.card-gorilla.com/card/detail/2943,1200,기타,Smilecard Edition3,,,현대카드
https://www.card-gorilla.com/card/detail/2944,1201,적립,적립,1.0,,[기본 혜택] 국내외 가맹점 1% M포인트 적립 (전월실적 50만원 이상)
https://www.card-gorilla.com/card/detail/2944,1201,적립,적립,10.0,,"[추가 혜택] 온라인몰, 다이닝, 웰니스, 테크 영역 10% M포인트 적립 (전월실적 100만원 이상)"
https://www.card-gorilla.com/card/detail/2944,1201,바우처,바우처,,,"[연간 보너스] 쇼핑, 호텔, 여행 영역 15만원권 바우처 제공(연 1회, 서비스 실적 조건 확인)"
https://www.card-gorilla.com/card/detail/2944,1201,적립,적립,,,[우대 서비스] M 긴급적립(선지급 포인트 서비스)
https://www.card-gorilla.com/card/detail/2944,1201,무료서비스,공항,,,[우대 서비스] 공항 라운지 연간 5회 무료 이용·공항 및 특급호텔 발레파킹 무료 이용
https://www.card-gorilla.com/card/detail/2944,1201,기타,프리미엄 서비스,,,메탈 플레이트 제공
https://www.card-gorilla.com/card/detail/2947,1202,적립,적립,,,마비노기 모바일팩 넥슨 현대카드 M캐시 적립
https://www.card-gorilla.com/card/detail/2947,1202,적립,적립,,,넥슨 현대카드 M캐시 추가 적립
https://www.card-gorilla.com/card/detail/2947,1202,기타,프리미엄,,,우대 서비스
https://www.card-gorilla.com/card/detail/2948,1203,적립,적립,10.0,,넥슨팩 10% 넥슨 현대카드 포인트2 적립
https://www.card-gorilla.com/card/detail/2948,1203,기타,프리미엄,,,우대 서비스
https://www.card-gorilla.com/card/detail/2950,1204,할인,할인,,,심플 할인 서비스
https://www.card-gorilla.com/card/detail/2950,1204,무이자할부,무이자할부,,,무이자 할부 서비스
https://www.card-gorilla.com/card/detail/2950,1204,캐시백,캐시백,,,가족카드 캐시백 서비스
https://www.card-gorilla.com/card/detail/2950,1204,캐시백,캐시백,,,웰컴 캐시백 서비스
https://www.card-gorilla.com/card/detail/2951,1205,할인,할인,,,심플 할인 서비스
https://www.card-gorilla.com/card/detail/2951,1205,무이자할부,무이자할부,,,무이자 할부 서비스
https://www.card-gorilla.com/card/detail/2952,1206,할인,주유,10.0,,HD현대오일뱅크 10% 할인
https://www.card-gorilla.com/card/detail/2952,1206,할인,통신,5.0,,통신 5% 할인
https://www.card-gorilla.com/card/detail/2952,1206,할인,편의점,5.0,,편의점 5% 할인
https://www.card-gorilla.com/card/detail/2952,1206,할인,온라인쇼핑,5.0,,온라인쇼핑몰 5% 할인
https://www.card-gorilla.com/card/detail/2952,1206,기타,자동차,,,차량 점검 서비스
https://www.card-gorilla.com/card/detail/2952,1206,기타,적립,,,HD현대오일뱅크 보너스카드 멤버십서비스
https://www.card-gorilla.com/card/detail/2953,1207,적립,카페,,,국내 스타벅스 이용 시 2만원당 스타벅스 리워드 별 1개 적립
https://www.card-gorilla.com/card/detail/2953,1207,적립,해외,,,해외 가맹점 이용 시 2만원당 스타벅스 리워드 별 3개 적립
https://www.card-gorilla.com/card/detail/2953,1207,적립,적립,2.0,,국내 가맹점 2% 포인트 적립
https://www.card-gorilla.com/card/detail/2953,1207,기타,수수료우대,,,해외 이용 수수료 면제 서비스
https://www.card-gorilla.com/card/detail/2954,1208,할인,경기관람,,,LG트윈스 정규 시즌 홈경기 입장권 3천원 할인 (전월실적 없음)
https://www.card-gorilla.com/card/detail/2954,1208,적립,적립,10.0,,LG트윈스 홈경기장 내 구단 공식 매장에서 용품 구매 시 최대 10% 적립
https://www.card-gorilla.com/card/detail/2954,1208,적립,배달앱,5.0,,"배달앱 이용 시 최대 5% 적립(요기요, 배달의 민족, 쿠팡이츠, 땡겨요)"
https://www.card-gorilla.com/card/detail/2954,1208,적립,편의점,5.0,,"편의점 이용 시 최대 5% 적립(GS25, CU, 세븐일레븐, 이마트24)"
https://www.card-gorilla.com/card/detail/2955,1209,할인,할인,50.0,,삼성라이온즈 홈경기 입장권/팀스토어 50% 할인
https://www.card-gorilla.com/card/detail/2955,1209,할인,할인,10.0,,대구삼성라이온즈파크 식음매장 10% 할인
https://www.card-gorilla.com/card/detail/2955,1209,할인,디지털구독,50.0,,디지털콘텐츠 50% 할인
https://www.card-gorilla.com/card/detail/2955,1209,할인,할인,10.0,,커피전문점/편의점 10% 할인
https://www.card-gorilla.com/card/detail/2955,1209,할인,교통,10.0,,대중교통/택시 10% 할인
https://www.card-gorilla.com/card/detail/2955,1209,할인,기차,5.0,,철도 5% 할인
https://www.card-gorilla.com/card/detail/2955,1209,할인,할인,5.0,,온라인쇼핑몰/배달앱 5% 할인
https://www.card-gorilla.com/card/detail/2955,1209,할인,여행사,5.0,,여행플랫폼 5% 할인
https://www.card-gorilla.com/card/detail/2955,1209,기타,프리미엄 서비스,,,특수 소재 카드
https://www.card-gorilla.com/card/detail/2956,1210,할인,경기관람,,,두산베어스 특화할인
https://www.card-gorilla.com/card/detail/2956,1210,할인,할인,,,생활 영역 할인
https://www.card-gorilla.com/card/detail/2957,1211,할인,경기관람,,,한화이글스 홈경기 야구 할인
https://www.card-gorilla.com/card/detail/2957,1211,캐시백,국내외가맹점,,,국내/외 가맹점 캐시백
https://www.card-gorilla.com/card/detail/2957,1211,할인,할인,,,잔돈 할인
https://www.card-gorilla.com/card/detail/2957,1211,할인,영화,,,영화 할인
https://www.card-gorilla.com/card/detail/2960,1212,할인,할인,,,이마트 계열 할인 서비스
https://www.card-gorilla.com/card/detail/2960,1212,적립,국내외가맹점,,,국내외 가맹점 포인트 적립 서비스
https://www.card-gorilla.com/card/detail/2961,1213,무료서비스,적립,,,하나머니 적립 서비스: 지난달 실적과 관계없이 서비스 제공
https://www.card-gorilla.com/card/detail/2961,1213,기타,수수료우대,,,해외 이용수수료 면제서비스(외화 하나머니 결제 시)
https://www.card-gorilla.com/card/detail/2962,1214,할인,할인,5.0,,"더한섬닷컴, EQL, 한섬직영매장 최대 5% 결제일 할인 (전월실적 40만원 이상)"
https://www.card-gorilla.com/card/detail/2962,1214,마일리지,적립,3.0,,더한섬 특별 적립처 최대 3% 한섬마일리지 특별 적립 (전월실적 40만원 이상)
https://www.card-gorilla.com/card/detail/2962,1214,마일리지,국내외가맹점,0.5,,그 외 국내외 가맹점 이용 시 최대 0.5% 한섬마일리지 적립 (전월실적 40만원 이상)
https://www.card-gorilla.com/card/detail/2963,1215,기타,바우처,,,Gift Option (연 1회/택 1)
https://www.card-gorilla.com/card/detail/2963,1215,할인,할인,5.0,,"더한섬닷컴, EQL, 한섬직영매장 최대 5% 결제일 할인 (전월실적 40만원 이상)"
https://www.card-gorilla.com/card/detail/2963,1215,마일리지,적립,5.0,,더한섬 특별 적립처 최대 5% 한섬마일리지 특별 적립 (전월실적 40만원 이상)
https://www.card-gorilla.com/card/detail/2963,1215,마일리지,국내외가맹점,0.5,,그 외 국내외 가맹점 이용 시 최대 0.5% 한섬마일리지 적립 (전월실적 40만원 이상)
https://www.card-gorilla.com/card/detail/2964,1216,할인,간편결제,15.0,,[국내 할인 서비스] 자주 쓰는 간편결제 15%/10% 할인
https://www.card-gorilla.com/card/detail/2964,1216,할인,온라인쇼핑,5.0,,[국내 할인 서비스] 온라인패션몰 5% 할인
https://www.card-gorilla.com/card/detail/2964,1216,할인,디지털구독,30.0,,[국내 할인 서비스] 디지털콘텐츠/멤버십 30% 할인
https://www.card-gorilla.com/card/detail/2964,1216,할인,해외,2.0,,[특별 서비스] 해외 가맹점 2% 할인
https://www.card-gorilla.com/card/detail/2964,1216,기타,기타,,,[특별 서비스] 전월실적 채워드림
https://www.card-gorilla.com/card/detail/2967,1217,할인,할인,10.0,,"[기본 혜택] 뷰티, 헬스, 패션 10% 청구 할인 (전월실적 40만원 이상)"
https://www.card-gorilla.com/card/detail/2967,1217,할인,할인,5.0,,"[추가 혜택] 커피전문점, 편의점, 대중교통 5% 청구 할인 (전월실적 40만원 이상)"
https://www.card-gorilla.com/card/detail/2967,1217,기타,프리미엄 서비스,,,메탈 플레이트 제공
https://www.card-gorilla.com/card/detail/2968,1218,할인,할인,10.0,,[기본 혜택] 온라인 간편결제 10% 청구 할인 (전월실적 40만원 이상)
https://www.card-gorilla.com/card/detail/2968,1218,할인,할인,5.0,,"[추가 혜택] 커피전문점, 편의점, 대중교통 5% 청구 할인 (전월실적 40만원 이상)"
https://www.card-gorilla.com/card/detail/2968,1218,기타,프리미엄 서비스,,,메탈 플레이트 제공
https://www.card-gorilla.com/card/detail/2969,1219,할인,할인,10.0,,"[기본 혜택] 생활 요금, 이동통신 요금, 디지털 콘텐츠, 온라인쇼핑 멤버십 정기결제 10% 청구 할인
(전월실적 40만원 이상)"
https://www.card-gorilla.com/card/detail/2969,1219,할인,할인,5.0,,"[추가 혜택] 커피전문점, 편의점, 대중교통 5% 청구 할인 (전월실적 40만원 이상)"
https://www.card-gorilla.com/card/detail/2969,1219,기타,프리미엄 서비스,,,메탈 플레이트 제공
https://www.card-gorilla.com/card/detail/2970,1220,할인,간편결제,10.0,,[위시 베이직] KB Pay 10% 할인
https://www.card-gorilla.com/card/detail/2970,1220,할인,할인,10.0,,"[위시 베이직] 음식점, 편의점 10% 할인"
https://www.card-gorilla.com/card/detail/2970,1220,할인,통신,10.0,,[위시 베이직] 이동통신요금 10% 할인
https://www.card-gorilla.com/card/detail/2970,1220,할인,디지털구독,30.0,,[위시 베이직] OTT 30% 할인
https://www.card-gorilla.com/card/detail/2970,1220,할인,선택형,5.0,,[위시 픽] 배달/커피 5% 할인 (배달/일상/관리 중 택 1)
https://www.card-gorilla.com/card/detail/2970,1220,할인,선택형,5.0,,"[위시 픽] 택시/커피 5%, 영화관 30% 할인 (배달/일상/관리 중 택 1)"
https://www.card-gorilla.com/card/detail/2970,1220,할인,선택형,5.0,,"[위시 픽] 미용실, 스포츠, 온라인서점, 올리브영 5% 할인 (배달/일상/관리 중 택 1)"
https://www.card-gorilla.com/card/detail/2970,1220,기타,기타,,,[위시리스트] Happy Birth Month
https://www.card-gorilla.com/card/detail/2970,1220,기타,기타,,,[위시리스트] 전월실적 채워드림
https://www.card-gorilla.com/card/detail/2971,1221,적립,적립,10.0,,무신사 10%/2% 무신사머니리워드 적립
https://www.card-gorilla.com/card/detail/2971,1221,적립,국내외가맹점,1.0,,국내외 가맹점 1% 무신사머니리워드 적립 (전월실적 없음)
https://www.card-gorilla.com/card/detail/2972,1222,적립,국내외가맹점,0.5,,[기본 혜택] 국내외 가맹점 0.5% M포인트 적립 (전월실적 없음)
https://www.card-gorilla.com/card/detail/2972,1222,적립,적립,5.0,,"[추가 혜택] 일반음식점, 배달 앱, 편의점, 대중교통 5% M포인트 적립 (전월실적 30만원 이상)"
https://www.card-gorilla.com/card/detail/2972,1222,기타,하이브리드,,,하이브리드 서비스
https://www.card-gorilla.com/card/detail/2973,1223,캐시백,국내외가맹점,0.3,,[기본 혜택] 국내외 가맹점 0.3% 캐시백 (전월실적 없음)
https://www.card-gorilla.com/card/detail/2973,1223,캐시백,적립,3.0,,"[추가 혜택] 일반음식점, 배달 앱, 편의점, 대중교통 3% 캐시백 (전월실적 30만원 이상)"
https://www.card-gorilla.com/card/detail/2973,1223,기타,하이브리드,,,하이브리드 서비스
https://www.card-gorilla.com/card/detail/2974,1224,캐시백,간편결제,10.0,,Apple Pay 이용 금액 10% 캐시백 (전월실적 30만원 이상)
https://www.card-gorilla.com/card/detail/2974,1224,기타,하이브리드,,,하이브리드 서비스
https://www.card-gorilla.com/card/detail/2975,1225,할인,국내가맹점,0.8,,국내 가맹점 0.8% 결제일 할인
https://www.card-gorilla.com/card/detail/2975,1225,할인,해외,1.5,,해외 가맹점 1.5% 결제일 할인
https://www.card-gorilla.com/card/detail/2975,1225,무이자할부,무이자할부,,,국내 가맹점 2~3개월 무이자 할부
https://www.card-gorilla.com/card/detail/2977,1226,기타,해외이용,,,해외 이용금액 현지통화 결제 서비스
https://www.card-gorilla.com/card/detail/2977,1226,기타,해외이용,,,"국제 브랜드 수수료 / 해외 서비스 수수료 면제
해외 ATM 이용 인출 수수료 및 국제 브랜드 수수료 면제"
https://www.card-gorilla.com/card/detail/2977,1226,할인,해외,50.0,,"일본 돈키호테 50% 할인
일본 편의점 50% 할인"
https://www.card-gorilla.com/card/detail/2977,1226,할인,할인,5.0,,"국내 편의점 5% 할인
국내 대중교통 1% 할인"
https://www.card-gorilla.com/card/detail/2978,1227,할인,쇼핑,10.0,,온·오프라인 쇼핑 10% 청구할인
https://www.card-gorilla.com/card/detail/2978,1227,할인,쇼핑,5.0,,주중 온라인/주말 오프라인 쇼핑 5% 추가 청구할인
https://www.card-gorilla.com/card/detail/2978,1227,할인,온라인쇼핑,50.0,,온라인 쇼핑 멤버십 50% 청구할인
https://www.card-gorilla.com/card/detail/2979,1228,적립,적립,,,ECO 기부 포인트 적립 서비스
https://www.card-gorilla.com/card/detail/2979,1228,기타,할인,,,Green Challenge 서비스 (전월실적 30만원 이상)
https://www.card-gorilla.com/card/detail/2979,1228,기타,할인,,,ECO Life 서비스 (전월실적 30만원 이상)
https://www.card-gorilla.com/card/detail/2979,1228,기타,할인,,,Healthy Plan 서비스 (전월실적 30만원 이상)
https://www.card-gorilla.com/card/detail/2979,1228,기타,할인,,,Daily Vibe 서비스 (전월실적 30만원 이상)
https://www.card-gorilla.com/card/detail/2980,1229,할인,국내외가맹점,2.0,,국내외 가맹점 2.0% 청구할인
https://www.card-gorilla.com/card/detail/2980,1229,무이자할부,무이자할부,,,2~3개월 무이자 할부 서비스
https://www.card-gorilla.com/card/detail/2980,1229,기타,수수료우대,,,해외수수료 면제 서비스
https://www.card-gorilla.com/card/detail/2980,1229,기타,프리미엄 서비스,,,Mastercard Platinum 서비스
https://www.card-gorilla.com/card/detail/2981,1230,할인,해외,3.5,,해외 가맹점 3.5% 청구할인
https://www.card-gorilla.com/card/detail/2981,1230,할인,국내가맹점,0.5,,국내 가맹점 0.5% 청구할인
https://www.card-gorilla.com/card/detail/2982,1231,적립,국내외가맹점,0.5,,[기본 혜택] 국내외 가맹점 0.5% M포인트 적립 (전월실적 없음)
https://www.card-gorilla.com/card/detail/2982,1231,적립,적립,5.0,,"[추가 혜택] 일반음식점, 배달 앱, 편의점, 대중교통 5% M포인트 적립 (전월실적 30만원 이상)"
https://www.card-gorilla.com/card/detail/2983,1232,캐시백,국내외가맹점,0.3,,[기본 혜택] 국내외 가맹점 0.3% 캐시백 (전월실적 없음)
https://www.card-gorilla.com/card/detail/2983,1232,캐시백,적립,3.0,,"[추가 혜택] 일반음식점, 배달 앱, 편의점, 대중교통 3% 캐시백 (전월실적 30만원 이상)"
https://www.card-gorilla.com/card/detail/2984,1233,캐시백,간편결제,10.0,,Apple Pay 이용 금액 10% 캐시백 (전월실적 30만원 이상)
https://www.card-gorilla.com/card/detail/2985,1234,적립,적립,1.2,,[기본 혜택] 실적·한도 제한 없이 국내외 가맹점 1.2% M포인트 적립
https://www.card-gorilla.com/card/detail/2985,1234,적립,적립,2.4,,"[추가 혜택] 온라인몰, 대형마트, 교육, 주유, 이동통신 요금 10만원 이상 결제 시 2.4% M포인트 적립"
https://www.card-gorilla.com/card/detail/2985,1234,적립,적립,,,M 긴급적립(선지급 포인트 서비스)
https://www.card-gorilla.com/card/detail/2985,1234,기타,프리미엄 서비스,,,메탈 플레이트 제공
https://www.card-gorilla.com/card/detail/2986,1235,할인,국내가맹점,0.5,,[기본 서비스] 국내 가맹점 0.5% 할인
https://www.card-gorilla.com/card/detail/2986,1235,할인,쇼핑,1.0,,[기본 서비스] 쇼핑 1% 할인
https://www.card-gorilla.com/card/detail/2986,1235,할인,할인,2.0,,[기본 서비스] 여가 2% 할인
https://www.card-gorilla.com/card/detail/2986,1235,할인,수수료우대,,,[기본 서비스] 해외수수료 할인
https://www.card-gorilla.com/card/detail/2986,1235,무이자할부,무이자할부,,,[기본 서비스] 병원/약국 2~3개월 무이자할부
https://www.card-gorilla.com/card/detail/2986,1235,할인,선택형,,,[SELECT 서비스] 선택 옵션에 따른 할인 혜택 제공(택 1)
https://www.card-gorilla.com/card/detail/2986,1235,할인,할인,20.0,,[SELECT 서비스] 의료 20% 할인 (전월실적 50만원 이상)
https://www.card-gorilla.com/card/detail/2986,1235,할인,할인,10.0,,[SELECT 서비스] 생활 영역 10% 할인 (전월실적 50만원 이상)
https://www.card-gorilla.com/card/detail/2987,1236,할인,국내가맹점,1.2,,국내 가맹점 1.2% 결제일 할인
https://www.card-gorilla.com/card/detail/2987,1236,할인,해외,2.0,,해외 가맹점 2.0% 결제일 할인
https://www.card-gorilla.com/card/detail/2987,1236,무이자할부,무이자할부,,,국내 가맹점 2~3개월 무이자 할부
https://www.card-gorilla.com/card/detail/2988,1237,할인,할인,20.0,,해피오더/F&B 20% 할인
https://www.card-gorilla.com/card/detail/2988,1237,할인,할인,20.0,,hy 정기결제/일반결제 20% 할인
https://www.card-gorilla.com/card/detail/2988,1237,적립,적립,10.0,,아모레퍼시픽 온라인몰 10% 뷰티포인트 적립
https://www.card-gorilla.com/card/detail/2988,1237,적립,적립,1.0,,해피오더/F&B서비스/hy 1%·그 외 국내 가맹점 0.1% 뷰티포인트 적립
https://www.card-gorilla.com/card/detail/2988,1237,할인,할인,5.0,,많이 쓸수록 5%~20% 추가 할인
https://www.card-gorilla.com/card/detail/2988,1237,할인,할인,5.0,,아파트 관리비/통신 5% 할인
https://www.card-gorilla.com/card/detail/2988,1237,할인,할인,5.0,,온라인쇼핑몰/할인점 5% 할인
https://www.card-gorilla.com/card/detail/2988,1237,할인,할인,5.0,,교육/온라인서점 5% 할인
https://www.card-gorilla.com/card/detail/2988,1237,할인,해외,1.0,,해외 가맹점 1% 할인
https://www.card-gorilla.com/card/detail/2989,1238,할인,푸드,10.0,,"[기본 혜택] 일반음식점, 배달 앱 10% 청구 할인 (전월실적 40만원 이상)"
https://www.card-gorilla.com/card/detail/2989,1238,할인,할인,5.0,,"[추가 혜택] 커피전문점, 편의점, 대중교통 5% 청구 할인 (전월실적 40만원 이상)"
https://www.card-gorilla.com/card/detail/2989,1238,할인,할인,,,"[연간 보너스] 일반음식점, 배달 앱 연간 5만원 보너스 할인 (서비스 실적 조건 확인)"
https://www.card-gorilla.com/card/detail/2989,1238,무료서비스,공항라운지,,,[우대 서비스] THE LOUNGE : 인천국제공항 라운지 무료 이용
https://www.card-gorilla.com/card/detail/2989,1238,기타,프리미엄 서비스,,,메탈 플레이트 제공
https://www.card-gorilla.com/card/detail/2990,1239,할인,할인,10.0,,"[기본 혜택] 온라인몰, 대형마트, 슈퍼마켓, 백화점, 프리미엄 아울렛 10% 청구 할인 (전월실적 40만원 이상)"
https://www.card-gorilla.com/card/detail/2990,1239,할인,할인,5.0,,"[추가 혜택] 커피전문점, 편의점, 대중교통 5% 청구 할인 (전월실적 40만원 이상)"
https://www.card-gorilla.com/card/detail/2990,1239,할인,할인,,,"[연간 보너스] 온라인몰, 대형마트, 슈퍼마켓, 백화점, 프리미엄 아울렛 연간 5만원 보너스 할인
(서비스 실적 조건 확인)"
https://www.card-gorilla.com/card/detail/2990,1239,무료서비스,공항라운지,,,[우대 서비스] THE LOUNGE : 인천국제공항 라운지 무료 이용
https://www.card-gorilla.com/card/detail/2990,1239,기타,프리미엄 서비스,,,메탈 플레이트 제공
https://www.card-gorilla.com/card/detail/2991,1240,할인,할인,0.7,,[기본 혜택] 실적·한도 제한 없이 국내 가맹점 0.7% 청구 할인
https://www.card-gorilla.com/card/detail/2991,1240,할인,해외이용,2.0,,[추가 혜택] 실적·한도 제한 없이 해외 온·오프라인 가맹점 2% 청구 할인
https://www.card-gorilla.com/card/detail/2991,1240,할인,할인,,,[연간 보너스] 해외 온·오프라인 가맹점 연간 5만원 보너스 할인
https://www.card-gorilla.com/card/detail/2991,1240,할인,수수료우대,100.0,,[우대 서비스] 해외 온·오프라인 가맹점 국제브랜드 수수료 및 해외서비스 수수료 100% 청구 할인
https://www.card-gorilla.com/card/detail/2991,1240,무료서비스,공항라운지,,,[우대 서비스] THE LOUNGE : 인천국제공항 라운지 무료 이용
https://www.card-gorilla.com/card/detail/2991,1240,기타,프리미엄 서비스,,,메탈 플레이트 제공
https://www.card-gorilla.com/card/detail/2992,1241,할인,국내외가맹점,1.0,,[기본할인] 국내외 가맹점 1% 청구할인
https://www.card-gorilla.com/card/detail/2992,1241,할인,할인,5.0,,[특별할인] 고정소비 영역 5% 청구할인
https://www.card-gorilla.com/card/detail/2992,1241,할인,할인,50.0,,[특별할인] 정기결제 50% 청구할인
https://www.card-gorilla.com/card/detail/2993,1242,할인,할인,30.0,,정기결제 15~30% 청구할인
https://www.card-gorilla.com/card/detail/2993,1242,할인,간편결제,,,간편결제 청구할인
https://www.card-gorilla.com/card/detail/2993,1242,할인,해외,,,해외 청구할인
https://www.card-gorilla.com/card/detail/2993,1242,무이자할부,무이자할부,,,2~3개월 무이자할부 서비스
https://www.card-gorilla.com/card/detail/2994,1243,할인,할인,,,기본할인
https://www.card-gorilla.com/card/detail/2994,1243,할인,할인,,,특별할인
https://www.card-gorilla.com/card/detail/2997,1244,적립,3일 쓰면 2배 적립,60.0,,"영역별 3일 연속 이용시 60%~20% 하나머니 적립 제공
(지난달 실적 조건 50만원 이상, 일 실적 조건 1원 이상)"
https://www.card-gorilla.com/card/detail/2997,1244,적립,PLAY 적립,30.0,,"영역별 30%~10% 하나머니 적립 제공
(지난달 실적 조건 50만원 이상)"
https://www.card-gorilla.com/card/detail/2997,1244,무이자할부,무이자할부,,,국내 2~3개월 무이자할부
https://www.card-gorilla.com/card/detail/2997,1244,기타,해외이용,,,트래블로그 스위치 서비스
https://www.card-gorilla.com/card/detail/2997,1244,기타,우대서비스,,,하나금융그룹 우대서비스
https://www.card-gorilla.com/card/detail/2998,1245,적립,3일 쓰면 2배 적립,20.0,,"영역별 3일 연속 이용시 20% 하나머니 적립 제공
(지난달 실적 조건 50만원 이상, 일 실적 조건 1원 이상)"
https://www.card-gorilla.com/card/detail/2998,1245,적립,LIFE 적립,30.0,,"영역별 30%~10% 하나머니 적립 제공
(지난달 실적 조건 50만원 이상)"
https://www.card-gorilla.com/card/detail/2998,1245,무이자할부,무이자할부,,,국내 2~3개월 무이자할부
https://www.card-gorilla.com/card/detail/2998,1245,기타,해외이용,,,트래블로그 스위치 서비스
https://www.card-gorilla.com/card/detail/2998,1245,기타,우대서비스,,,하나금융그룹 우대서비스
https://www.card-gorilla.com/card/detail/3000,1246,적립,기본 혜택,0.5,,국내외 가맹점 0.5% M포인트 적립 (전월실적 30만원 이상)
https://www.card-gorilla.com/card/detail/3000,1246,적립,추가 혜택,5.0,,"의료, 온라인몰, 교육, 통신 요금, 렌탈 요금, 코스트코 5% M포인트 적립 (전월실적 30만원 이상)"
https://www.card-gorilla.com/card/detail/3000,1246,적립,우대 서비스,,,M 긴급적립(선지급 포인트 서비스)
https://www.card-gorilla.com/card/detail/3016,1247,적립,기본 혜택,1.0,,국내외 가맹점 1% M포인트 적립 (전월실적 50만원 이상)
https://www.card-gorilla.com/card/detail/3016,1247,적립,추가 혜택,10.0,,사업성 경비 영역 10% M포인트 적립 (전월실적 50만원 이상)
https://www.card-gorilla.com/card/detail/3016,1247,적립,우대 서비스,,,M 긴급적립(선지급 포인트 서비스)
