source_url,condition_id,group_name,resolved_group_name,mapping_action,raw_text
https://www.card-gorilla.com/card/detail/1,1,쇼핑,쇼핑,EXACT,백화점/할인점/홈쇼핑·온라인몰 1.0~5.0% 적립
https://www.card-gorilla.com/card/detail/1,1,모든가맹점,모든가맹점,EXACT,"전국 가맹점 0.2~2.0% 적립
해외 가맹점 1~5% 적립"
https://www.card-gorilla.com/card/detail/1,1,주유,주유소,SYNONYM_APPLIED,"S-OIL, 에이치디현대오일뱅크 주유 시 리터 당 60원 적립"
https://www.card-gorilla.com/card/detail/1,1,금융,기타혜택,UNMAPPED_FALLBACK_기타혜택,"신한투자증권 CMA 결제계좌 0.2% 추가 적립
마이신한포인트 가맹점 추가 적립"
https://www.card-gorilla.com/card/detail/1,1,통신,통신,EXACT,SK텔레콤/KT/LG U+ 이동통신요금 1.0~5.0% 적립
https://www.card-gorilla.com/card/detail/1,1,기타,기타,EXACT,무이자/영화/테마파크
https://www.card-gorilla.com/card/detail/1,1,적립,기타혜택,UNMAPPED_FALLBACK_기타혜택,포인트 적립상세 및 포인트 사용 안내
https://www.card-gorilla.com/card/detail/2,2,백화점,백화점,EXACT,"국내 유명 백화점, 할인점, 온라인 쇼핑몰 최대 5% 할인"
https://www.card-gorilla.com/card/detail/2,2,패밀리레스토랑,기타혜택,UNMAPPED_FALLBACK_기타혜택,"국내 유명 패밀리레스토랑, 커피 20~30% 할인"
https://www.card-gorilla.com/card/detail/2,2,주유소,주유소,EXACT,GS칼텍스 리터당 60원 할인
https://www.card-gorilla.com/card/detail/2,2,영화,영화,EXACT,"CGV, YES24 영화 예매시 최대 7,000원 할인"
https://www.card-gorilla.com/card/detail/2,2,적립,기타혜택,UNMAPPED_FALLBACK_기타혜택,신한카드 Love포인트 적립 및 사용
https://www.card-gorilla.com/card/detail/2,2,테마파크,테마파크,EXACT,주요 놀이공원 30~50% 할인 및 스포츠 할인 서비스
https://www.card-gorilla.com/card/detail/2,2,경기관람,기타혜택,UNMAPPED_FALLBACK_기타혜택,"프로야구, 프로농구 할인 서비스"
https://www.card-gorilla.com/card/detail/2,2,기타,기타,EXACT,통합할인한도
https://www.card-gorilla.com/card/detail/3,3,쇼핑,쇼핑,EXACT,"3대 백화점(롯데,신세계,현대) 및 롯데마트 5% 결제일 할인"
https://www.card-gorilla.com/card/detail/3,3,푸드,기타혜택,UNMAPPED_FALLBACK_기타혜택,국내 유명 패밀리 레스토랑 및 커피 최대 20% 할인
https://www.card-gorilla.com/card/detail/3,3,영화,영화,EXACT,"맥스무비, 인터파크 YES24 예매시 1,500원 할인"
https://www.card-gorilla.com/card/detail/3,3,주유소,주유소,EXACT,S-OIL 주유 시 리터 당 60원 적립
https://www.card-gorilla.com/card/detail/3,3,교육/육아,기타혜택,UNMAPPED_FALLBACK_기타혜택,"베이비 프리미엄 제품 전문쇼핑몰 「쁘띠엘린스토어」
오프라인 매장 15%, 온라인몰 20% 할인"
https://www.card-gorilla.com/card/detail/3,3,테마파크,테마파크,EXACT,주요 놀이공원 최대 50% 할인
https://www.card-gorilla.com/card/detail/3,3,통신,통신,EXACT,"이동통신요금 자동이체 시 2% 결제일 할인(SKT, KT, LGT)"
https://www.card-gorilla.com/card/detail/3,3,경기관람,기타혜택,UNMAPPED_FALLBACK_기타혜택,스포츠 관람 할인 서비스
https://www.card-gorilla.com/card/detail/8,4,선택형,기타혜택,UNMAPPED_FALLBACK_기타혜택,Gift Option Service - 매년 1회 옵션 품목 중 한 가지를 선택하여 이용
https://www.card-gorilla.com/card/detail/8,4,국내외가맹점,모든가맹점,SYNONYM_APPLIED,"일시불/할부 이용금액의 0.7% 마이신한포인트 적립
해외, 명품 아울렛(신세계/롯데), 면세점, 골프 업종 이용 시 5% 마이신한포인트 적립"
https://www.card-gorilla.com/card/detail/8,4,주유소,주유소,EXACT,GS칼텍스 주유 시 리터당 60원 결제일 할인
https://www.card-gorilla.com/card/detail/8,4,생활,생활,EXACT,커피/제과/택시/화장품/영화 5% 할인
https://www.card-gorilla.com/card/detail/8,4,면세점,면세점,EXACT,제주 JDC 면세점 이용 시 8% 할인
https://www.card-gorilla.com/card/detail/8,4,진에어,기타혜택,UNMAPPED_FALLBACK_기타혜택,진에어 국제선 항공권 결제일 할인
https://www.card-gorilla.com/card/detail/8,4,공연/전시,기타혜택,UNMAPPED_FALLBACK_기타혜택,오디오 가이드 및 오페라 글라스 무료 이용 서비스
https://www.card-gorilla.com/card/detail/8,4,프리미엄,기타혜택,UNMAPPED_FALLBACK_기타혜택,국제브랜드사 서비스 공통사항 안내
https://www.card-gorilla.com/card/detail/10,5,대중교통,대중교통,EXACT,"버스, 지하철 후불 교통 이용 금액 일 200원 ~ 일 600원 할인"
https://www.card-gorilla.com/card/detail/10,5,택시,택시,EXACT,택시/KTX 이용 금액 10% 할인
https://www.card-gorilla.com/card/detail/10,5,백화점,백화점,EXACT,4대 백화점 5% 할인
https://www.card-gorilla.com/card/detail/10,5,카페,카페,EXACT,커피전문점 10% 할인
https://www.card-gorilla.com/card/detail/10,5,편의점,편의점,EXACT,편의점 5% 할인
https://www.card-gorilla.com/card/detail/10,5,통신,통신,EXACT,이동통신요금 5% 할인
https://www.card-gorilla.com/card/detail/10,5,영화,영화,EXACT,"CGV, 메가박스"
https://www.card-gorilla.com/card/detail/10,5,캐시백,기타혜택,UNMAPPED_FALLBACK_기타혜택,"전기요금, 통신요금, 해외이용금액 5% 캐시백 제공 (전년도 1천만원 이상)"
https://www.card-gorilla.com/card/detail/11,6,모든가맹점,모든가맹점,EXACT,"전가맹점 0.7% 캐시백, 이동통신요금 자동이체 건 추가 0.7% 캐시백"
https://www.card-gorilla.com/card/detail/11,6,생활,생활,EXACT,"생활친화가맹점 잔돈할인 서비스, Coin-Save"
https://www.card-gorilla.com/card/detail/11,6,영화,영화,EXACT,온라인 영화 예매 할인
https://www.card-gorilla.com/card/detail/12,7,항공마일리지,항공,SYNONYM_APPLIED,"대한항공 1,500원당 1마일/아시아나항공 1,000원당 1마일"
https://www.card-gorilla.com/card/detail/12,7,생활,생활,EXACT,마이신한포인트 추가 적립
https://www.card-gorilla.com/card/detail/12,7,프리미엄,기타혜택,UNMAPPED_FALLBACK_기타혜택,특급 호텔 발렛파킹/면세점 우대 서비스 (전월실적 30만원 이상)
https://www.card-gorilla.com/card/detail/13,8,공과금,기타혜택,UNMAPPED_FALLBACK_기타혜택,월납요금(공과금) 10% 할인서비스 (전월실적 30만원 이상)
https://www.card-gorilla.com/card/detail/13,8,편의점,편의점,EXACT,편의점 10% 할인 (전월실적 30만원 이상)
https://www.card-gorilla.com/card/detail/13,8,병원/약국,병원약국,SYNONYM_APPLIED,병원/약국업종 10% 할인 (전월실적 30만원 이상)
https://www.card-gorilla.com/card/detail/13,8,생활,생활,EXACT,세탁소 업종 10% 할인 (전월실적 30만원 이상)
https://www.card-gorilla.com/card/detail/13,8,온라인쇼핑,온라인쇼핑,EXACT,온라인 쇼핑 10% 할인 (전월실적 30만원 이상)
https://www.card-gorilla.com/card/detail/13,8,택시,택시,EXACT,택시 10% 할인 (전월실적 30만원 이상)
https://www.card-gorilla.com/card/detail/13,8,푸드,기타혜택,UNMAPPED_FALLBACK_기타혜택,식음료 10% 할인 (전월실적 30만원 이상)
https://www.card-gorilla.com/card/detail/13,8,대형마트,대형마트,EXACT,3대 마트 10% 할인 (전월실적 30만원 이상)
https://www.card-gorilla.com/card/detail/13,8,주유소,주유소,EXACT,4대 정유사 리터당 60원 할인 (전월실적 30만원 이상)
https://www.card-gorilla.com/card/detail/13,8,온라인쇼핑,온라인쇼핑,EXACT,인테이크몰 20% 할인 (전월실적 30만원 이상)
https://www.card-gorilla.com/card/detail/14,9,선택형,기타혜택,UNMAPPED_FALLBACK_기타혜택,할인율 선택 서비스
https://www.card-gorilla.com/card/detail/14,9,카페,카페,EXACT,"스타벅스, 커피빈"
https://www.card-gorilla.com/card/detail/14,9,편의점,편의점,EXACT,"GS25, 세븐일레븐, CU"
https://www.card-gorilla.com/card/detail/14,9,소셜커머스,기타혜택,UNMAPPED_FALLBACK_기타혜택,소셜커머스
https://www.card-gorilla.com/card/detail/14,9,택시,택시,EXACT,택시
https://www.card-gorilla.com/card/detail/14,9,베이커리,기타혜택,UNMAPPED_FALLBACK_기타혜택,"파리바게트, 뚜레쥬르"
https://www.card-gorilla.com/card/detail/14,9,영화,영화,EXACT,"CGV, 롯데시네마"
https://www.card-gorilla.com/card/detail/14,9,카페,카페,EXACT,스타벅스 모바일쿠폰 보너스 리워드 (분기별 실적 250만원 이상)
https://www.card-gorilla.com/card/detail/15,10,바우처,기타혜택,UNMAPPED_FALLBACK_기타혜택,Gift Option
https://www.card-gorilla.com/card/detail/15,10,항공마일리지,항공,SYNONYM_APPLIED,항공 마일리지 적립 서비스
https://www.card-gorilla.com/card/detail/15,10,면세점,면세점,EXACT,제주 JDC 면세점 8% 결제일 할인
https://www.card-gorilla.com/card/detail/15,10,공항라운지,공항라운지,EXACT,더라운지
https://www.card-gorilla.com/card/detail/15,10,주유소,주유소,EXACT,GS칼텍스 주유 시 리터당 40원 결제일 할인
https://www.card-gorilla.com/card/detail/15,10,카페,카페,EXACT,"스타벅스 3,000원 할인"
https://www.card-gorilla.com/card/detail/16,11,주유,주유소,SYNONYM_APPLIED,국내 주유소 리터당 40~150포인트/충전소 리터당 10~50포인트 적립
https://www.card-gorilla.com/card/detail/16,11,쇼핑,쇼핑,EXACT,1~5% 특별적립
https://www.card-gorilla.com/card/detail/16,11,마트/편의점,기타혜택,UNMAPPED_FALLBACK_기타혜택,1~5% 특별적립
https://www.card-gorilla.com/card/detail/16,11,택시,택시,EXACT,1~5% 특별적립
https://www.card-gorilla.com/card/detail/16,11,정비,기타혜택,UNMAPPED_FALLBACK_기타혜택,1~5% 특별적립
https://www.card-gorilla.com/card/detail/16,11,국내외가맹점,모든가맹점,SYNONYM_APPLIED,국내/외 가맹점 0.2~2.0% 적립
https://www.card-gorilla.com/card/detail/16,11,프리미엄,기타혜택,UNMAPPED_FALLBACK_기타혜택,Platinum # 서비스(전월실적 30만원 이상)
https://www.card-gorilla.com/card/detail/18,12,쇼핑,쇼핑,EXACT,"[쇼핑 할인] 오프라인 쇼핑(백화점, 프리미엄 아울렛, 마트, 창고형 할인매장) 10% 할인
· 온라인 쇼핑(홈쇼핑, 소셜커머스) 10% 할인 (전월실적 50만원 이상)"
https://www.card-gorilla.com/card/detail/18,12,생활,생활,EXACT,"[생활 할인] 커피전문점·잡화·온라인서점 10% 할인
· 주유 60원/L 할인 (전월실적 50만원 이상)"
https://www.card-gorilla.com/card/detail/18,1248,해외,기타혜택,UNMAPPED_FALLBACK_기타혜택,[해외이용 캐시백] 해외이용금액 5% 캐시백 (연간실적 1천만원 이상)
https://www.card-gorilla.com/card/detail/18,1249,푸드,기타혜택,UNMAPPED_FALLBACK_기타혜택,"[제휴 할인] 마켓컬리, 프레딧, 집반찬연구소 10% 할인서비스 (전월실적 30만원 이상)"
https://www.card-gorilla.com/card/detail/21,13,국내외가맹점,모든가맹점,SYNONYM_APPLIED,"국내외 가맹점 1%, 생활밀착 가맹점 추가 0.7% 캐시백"
https://www.card-gorilla.com/card/detail/21,13,생활,생활,EXACT,잔돈 할인 서비스(Coin-Save)
https://www.card-gorilla.com/card/detail/21,13,영화,영화,EXACT,온라인 영화 예매 할인 (전월실적 30만원 이상)
https://www.card-gorilla.com/card/detail/21,13,테마파크,테마파크,EXACT,서울랜드 50% 할인 (전월실적 30만원 이상)
https://www.card-gorilla.com/card/detail/21,13,프리미엄,기타혜택,UNMAPPED_FALLBACK_기타혜택,Platinum# 서비스 및 국제브랜드사 서비스 (전월실적 30만원 이상)
https://www.card-gorilla.com/card/detail/26,14,교육/육아,기타혜택,UNMAPPED_FALLBACK_기타혜택,"일반전문학원, 학습지, 유치원 업종 캐시백 (전월실적 50만원 이상)"
https://www.card-gorilla.com/card/detail/26,14,공과금,기타혜택,UNMAPPED_FALLBACK_기타혜택,"아파트 관리비 자동이체 매월 5,000원 캐시백 (전월실적 50만원 이상)"
https://www.card-gorilla.com/card/detail/26,14,생활,생활,EXACT,주요 생활업종 이용시 1% 캐시백 (전월실적 50만원 이상)
https://www.card-gorilla.com/card/detail/28,15,백화점,백화점,EXACT,신세계백화점 5% 결제일 할인
https://www.card-gorilla.com/card/detail/28,15,생활,생활,EXACT,Life Care가맹점 5% 결제일 할인
https://www.card-gorilla.com/card/detail/28,15,테마파크,테마파크,EXACT,"롯데월드, 서울랜드 자유이용권 50% 할인"
https://www.card-gorilla.com/card/detail/28,15,해외,기타혜택,UNMAPPED_FALLBACK_기타혜택,해외 매출 5% 캐시백
https://www.card-gorilla.com/card/detail/35,16,주유,주유소,SYNONYM_APPLIED,GS칼텍스 주유 시 리터당 60~100원 할인
https://www.card-gorilla.com/card/detail/35,16,교통,기타혜택,UNMAPPED_FALLBACK_기타혜택,"버스, 지하철, 택시 3~7% 할인"
https://www.card-gorilla.com/card/detail/35,16,영화,영화,EXACT,"맥스무비, 인터파크, YES24 예매 시 할인"
https://www.card-gorilla.com/card/detail/35,16,테마파크,테마파크,EXACT,주요 놀이공원 할인 서비스
https://www.card-gorilla.com/card/detail/36,17,선택형,기타혜택,UNMAPPED_FALLBACK_기타혜택,"Cube 선택서비스 - 선택서비스 5개, 5% 할인"
https://www.card-gorilla.com/card/detail/36,17,할인,기타혜택,UNMAPPED_FALLBACK_기타혜택,Coin-Save(잔돈할인) 서비스 - 잔돈은 할인
https://www.card-gorilla.com/card/detail/36,17,프리미엄 서비스,기타혜택,UNMAPPED_FALLBACK_기타혜택,Platinum# 서비스 및 국제브랜드사 서비스
https://www.card-gorilla.com/card/detail/36,17,[2020 소비 트렌드] 국내 할인 한도 1위 '10만 원'에 주목하라,기타혜택,UNMAPPED_FALLBACK_기타혜택,신한카드 Mr.Life
https://www.card-gorilla.com/card/detail/37,18,바우처,기타혜택,UNMAPPED_FALLBACK_기타혜택,Gift Option Service
https://www.card-gorilla.com/card/detail/37,18,선택형,기타혜택,UNMAPPED_FALLBACK_기타혜택,"캐시백(캐시백형 선택 시)
마일리지 적립(마일리지 적립형 선택 시)"
https://www.card-gorilla.com/card/detail/37,18,여행/숙박,기타혜택,UNMAPPED_FALLBACK_기타혜택,JEJU 할인
https://www.card-gorilla.com/card/detail/37,18,공항라운지,공항라운지,EXACT,공항라운지
https://www.card-gorilla.com/card/detail/37,18,카페,카페,EXACT,커피 할인
https://www.card-gorilla.com/card/detail/37,18,베이커리,기타혜택,UNMAPPED_FALLBACK_기타혜택,베이커리 할인
https://www.card-gorilla.com/card/detail/37,18,쇼핑,쇼핑,EXACT,쇼핑 할인
https://www.card-gorilla.com/card/detail/37,18,생활,생활,EXACT,생활 할인
https://www.card-gorilla.com/card/detail/38,19,학원,교육육아,SYNONYM_APPLIED,자녀교육에 필요한 가맹점에서 5% 할인
https://www.card-gorilla.com/card/detail/38,19,문화센터,기타혜택,UNMAPPED_FALLBACK_기타혜택,자녀 감성발달에 필요한 가맹점에서 5% 할인
https://www.card-gorilla.com/card/detail/38,19,도서,기타혜택,UNMAPPED_FALLBACK_기타혜택,자녀 도서 구매에도 5% 할인
https://www.card-gorilla.com/card/detail/38,19,생활,생활,EXACT,COIN-SAVE 잔돈 할인
https://www.card-gorilla.com/card/detail/38,19,프리미엄,기타혜택,UNMAPPED_FALLBACK_기타혜택,Platinum# 서비스 및 국제브랜드사 서비스
https://www.card-gorilla.com/card/detail/39,20,주유,주유소,SYNONYM_APPLIED,4개의 정유사 중 직접 고른 1개 정유사 주유 이용금액 10% 결제일 할인 (전월실적 30만원 이상)
https://www.card-gorilla.com/card/detail/39,20,자동차/하이패스,기타혜택,UNMAPPED_FALLBACK_기타혜택,"정비소(스피드메이트), 주차장 이용금액 10% 결제일 할인 (전월실적 30만원 이상)"
https://www.card-gorilla.com/card/detail/39,20,편의점,편의점,EXACT,"GS25, CU 5% 결제일 할인 (전월실적 30만원 이상)"
https://www.card-gorilla.com/card/detail/39,20,카페,카페,EXACT,"스타벅스, 이디야 5% 결제일 할인 (전월실적 30만원 이상)"
https://www.card-gorilla.com/card/detail/39,20,택시,택시,EXACT,택시 5% 결제일 할인 (전월실적 30만원 이상)
https://www.card-gorilla.com/card/detail/39,20,영화,영화,EXACT,롯데시네마 일반관 5천원 현장 할인 (전월실적 30만원 이상)
https://www.card-gorilla.com/card/detail/41,21,간편결제,간편결제,EXACT,"국내 온라인 이용 건, 온라인 배달/온라인 슈퍼 10% 할인 (전월실적 30만원 이상)"
https://www.card-gorilla.com/card/detail/41,21,생활,생활,EXACT,"4대 편의점, 생활/잡화, 커피, 월납 20% 할인 (전월실적 30만원 이상)"
https://www.card-gorilla.com/card/detail/41,21,프리미엄 서비스,기타혜택,UNMAPPED_FALLBACK_기타혜택,"제주항공, 에어부산 10% 할인 (전월실적 30만원 이상)"
https://www.card-gorilla.com/card/detail/42,22,렌터카,기타혜택,UNMAPPED_FALLBACK_기타혜택,SOCAR 결제 시 30% 결제일 할인
https://www.card-gorilla.com/card/detail/42,22,기차,기타혜택,UNMAPPED_FALLBACK_기타혜택,"KTX, SRT 포함 철도 이용 시 10% 결제일 할인"
https://www.card-gorilla.com/card/detail/42,22,카페,카페,EXACT,커피전문점 20% 결제일 할인
https://www.card-gorilla.com/card/detail/42,22,편의점,편의점,EXACT,"GS25, CU, 세븐일레븐 편의점 5% 결제일 할인"
https://www.card-gorilla.com/card/detail/42,22,대형마트,대형마트,EXACT,"홈플러스, 이마트, 롯데마트 3대 할인점 3% 결제일 할인"
https://www.card-gorilla.com/card/detail/43,23,쇼핑,쇼핑,EXACT,생활쇼핑 최대 15% 결제일 할인
https://www.card-gorilla.com/card/detail/43,23,카페/디저트,카페,SYNONYM_APPLIED,커피전문점/제과점 업종 10% 결제일 할인
https://www.card-gorilla.com/card/detail/43,23,기타,기타,EXACT,주말 복합쇼핑몰 10% 결제일 할인
https://www.card-gorilla.com/card/detail/43,23,대형마트,대형마트,EXACT,주말 3대 할인점 10% 결제일 할인
https://www.card-gorilla.com/card/detail/43,23,영화,영화,EXACT,"주말 롯데시네마 현장 예매 시 5,000원 결제일 할인"
https://www.card-gorilla.com/card/detail/45,24,생활,생활,EXACT,편의점·배달앱 7% 멤버십리워즈 적립
https://www.card-gorilla.com/card/detail/45,24,디지털구독,디지털구독,EXACT,스트리밍서비스 20% 결제일 할인
https://www.card-gorilla.com/card/detail/45,24,카페,카페,EXACT,스타벅스·이디야 20% 결제일 할인
https://www.card-gorilla.com/card/detail/45,24,통신,통신,EXACT,교통·통신 5% 멤버십리워즈 적립
https://www.card-gorilla.com/card/detail/45,24,쇼핑,쇼핑,EXACT,쇼핑 1.5% 멤버십리워즈 적립
https://www.card-gorilla.com/card/detail/45,24,해외이용,기타혜택,UNMAPPED_FALLBACK_기타혜택,해외 5% 멤버십리워즈 적립
https://www.card-gorilla.com/card/detail/46,25,주유,주유소,SYNONYM_APPLIED,국내외 모든 가맹점에서 0.2%·0.4% 주유포인트 적립
https://www.card-gorilla.com/card/detail/46,25,주유,주유소,SYNONYM_APPLIED,전국 주유소 리터당 60원 결제일할인(청구할인) (LPG 30원)
https://www.card-gorilla.com/card/detail/46,25,영화,영화,EXACT,CGV 동반 1인 50% 할인
https://www.card-gorilla.com/card/detail/46,25,카페/디저트,카페,SYNONYM_APPLIED,"스타벅스 1,000원 할인"
https://www.card-gorilla.com/card/detail/46,25,자동차/하이패스,기타혜택,UNMAPPED_FALLBACK_기타혜택,프라이버시콜(안심 주자번호서비스) 무료 제공
https://www.card-gorilla.com/card/detail/49,26,대한항공,대한항공,EXACT,"국내외 가맹점 이용금액 1,000원당 1마일리지 기본적립"
https://www.card-gorilla.com/card/detail/49,26,백화점,백화점,EXACT,"(특별적립) 국내형: 백화점 이용금액 1,000원당 (스카이패스) 1 마일리지 추가 적립"
https://www.card-gorilla.com/card/detail/49,26,주유소,주유소,EXACT,"(특별적립) 국내형: 주유 이용금액 1,000원당 (스카이패스) 1 마일리지 추가 적립"
https://www.card-gorilla.com/card/detail/49,26,카페,카페,EXACT,"(특별적립) 국내형: 커피 이용금액 1,000원당 (스카이패스) 1 마일리지 추가 적립"
https://www.card-gorilla.com/card/detail/49,26,편의점,편의점,EXACT,"(특별적립) 국내형: 편의점 이용금액 1,000원당 (스카이패스) 1 마일리지 추가 적립"
https://www.card-gorilla.com/card/detail/49,26,택시,택시,EXACT,"(특별적립) 국내형: 택시 이용금액 1,000원당 (스카이패스) 1 마일리지 추가 적립"
https://www.card-gorilla.com/card/detail/49,26,해외,기타혜택,UNMAPPED_FALLBACK_기타혜택,"(특별적립) 해외형: 해외 가맹점 및 해외 직접구매 이용건 1,000원당 (스카이패스) 1 마일리지 추가 적립"
https://www.card-gorilla.com/card/detail/49,26,공항라운지,공항라운지,EXACT,인천공항 라운지 본인 무료 이용
https://www.card-gorilla.com/card/detail/49,26,공항,기타혜택,UNMAPPED_FALLBACK_기타혜택,인천공항 발렛파킹 무료 이용
https://www.card-gorilla.com/card/detail/49,26,공항,기타혜택,UNMAPPED_FALLBACK_기타혜택,공항 커피 서비스
https://www.card-gorilla.com/card/detail/49,26,프리미엄 서비스,기타혜택,UNMAPPED_FALLBACK_기타혜택,아멕스 PLATINUM 등급 서비스
https://www.card-gorilla.com/card/detail/49,26,선택형,기타혜택,UNMAPPED_FALLBACK_기타혜택,여행의 설레임을 담은 디자인으로 리뉴얼 된 삼성카드 & MILEAGE PLATINUM
https://www.card-gorilla.com/card/detail/50,27,아시아나항공,아시아나항공,EXACT,"1,000원당 아시아나 1마일리지 적립"
https://www.card-gorilla.com/card/detail/50,27,주유소,주유소,EXACT,S-OIL 리터당 40 보너스포인트 적립
https://www.card-gorilla.com/card/detail/50,27,패밀리레스토랑,기타혜택,UNMAPPED_FALLBACK_기타혜택,아웃백스테이크하우스 10% 할인
https://www.card-gorilla.com/card/detail/50,27,카페,카페,EXACT,"스타벅스 1,000원 결제일할인"
https://www.card-gorilla.com/card/detail/50,27,영화,영화,EXACT,"메가박스, CGV, 인터파크 영화 3,000원 할인"
https://www.card-gorilla.com/card/detail/50,27,테마파크,테마파크,EXACT,놀이공원 할인 서비스
https://www.card-gorilla.com/card/detail/50,27,정비,기타혜택,UNMAPPED_FALLBACK_기타혜택,닥터카서비스
https://www.card-gorilla.com/card/detail/50,27,무이자할부,기타혜택,UNMAPPED_FALLBACK_기타혜택,백화점·할인점 2~3개월 무이자할부
https://www.card-gorilla.com/card/detail/50,27,무이자할부,기타혜택,UNMAPPED_FALLBACK_기타혜택,의료점 2~3개월 무이자할부
https://www.card-gorilla.com/card/detail/50,27,경기관람,기타혜택,UNMAPPED_FALLBACK_기타혜택,프로스포츠 프로모션 서비스
https://www.card-gorilla.com/card/detail/51,28,선택형,기타혜택,UNMAPPED_FALLBACK_기타혜택,라이프스타일 패키지 선택
https://www.card-gorilla.com/card/detail/51,28,대중교통,대중교통,EXACT,대중교통·택시 10% 결제일할인
https://www.card-gorilla.com/card/detail/51,28,통신,통신,EXACT,이동통신요금 10% 결제일할인
https://www.card-gorilla.com/card/detail/51,28,영화,영화,EXACT,"CGV 및 롯데시네마 5,000원 결제일할인"
https://www.card-gorilla.com/card/detail/51,28,해외,기타혜택,UNMAPPED_FALLBACK_기타혜택,해외 1.3% 적립
https://www.card-gorilla.com/card/detail/52,29,모든가맹점,모든가맹점,EXACT,모든 가맹점 1% 빅포인트 적립
https://www.card-gorilla.com/card/detail/52,29,주유,주유소,SYNONYM_APPLIED,"모든 주유소 및 LPG 충전소 2,000원 결제일 할인"
https://www.card-gorilla.com/card/detail/52,29,영화,영화,EXACT,"모든 영화관 5,000원 결제일 할인"
https://www.card-gorilla.com/card/detail/53,30,아시아나항공,아시아나항공,EXACT,"이용금액 1,000원당 아시아나 1~5마일리지 적립"
https://www.card-gorilla.com/card/detail/53,30,주유소,주유소,EXACT,"S-OIL 주유소에서 휘발유, 경유, 등유 주유시 리터당 40보너스포인트 적립"
https://www.card-gorilla.com/card/detail/53,30,카페,카페,EXACT,"스타벅스 1,000원 결제일 할인"
https://www.card-gorilla.com/card/detail/53,30,영화,영화,EXACT,"메가박스, CGV, 무비존 영화 할인"
https://www.card-gorilla.com/card/detail/53,30,테마파크,테마파크,EXACT,"놀이공원 자유이용권 50%, 워터파크 입장권 30% 현장할인"
https://www.card-gorilla.com/card/detail/53,30,정비,기타혜택,UNMAPPED_FALLBACK_기타혜택,"엔진오일 교환 시 15,000원 현장할인"
https://www.card-gorilla.com/card/detail/54,31,대한항공,대한항공,EXACT,[기본 적립] 모든 가맹점 스카이패스 1 마일리지 적립
https://www.card-gorilla.com/card/detail/54,31,선택형,기타혜택,UNMAPPED_FALLBACK_기타혜택,[특별 적립] 옵션 적립처에 따라 스카이패스 2 마일리지 적립
https://www.card-gorilla.com/card/detail/54,31,패밀리레스토랑,기타혜택,UNMAPPED_FALLBACK_기타혜택,"아웃백스테이크하우스 30,000원 결제일 할인 [전월 실적 50만원 이상]"
https://www.card-gorilla.com/card/detail/54,31,프리미엄 서비스,기타혜택,UNMAPPED_FALLBACK_기타혜택,아멕스 PLATINUM 등급 서비스 [전월 실적 30만원 이상]
https://www.card-gorilla.com/card/detail/55,32,편의점,편의점,EXACT,"CU 1,500원당 200원 결제일할인"
https://www.card-gorilla.com/card/detail/55,32,배달앱,배달앱,EXACT,"배달의민족 2,000원 결제일할인"
https://www.card-gorilla.com/card/detail/55,32,교통,기타혜택,UNMAPPED_FALLBACK_기타혜택,"대중교통 1,000원당 100원 결제일할인"
https://www.card-gorilla.com/card/detail/55,32,푸드,기타혜택,UNMAPPED_FALLBACK_기타혜택,"음식점·주점 1,000원 결제일할인"
https://www.card-gorilla.com/card/detail/56,33,카페,카페,EXACT,커피전문점 10% 결제일할인
https://www.card-gorilla.com/card/detail/56,33,영화,영화,EXACT,"모든 영화관 5,000원 결제일할인"
https://www.card-gorilla.com/card/detail/56,33,패밀리레스토랑,기타혜택,UNMAPPED_FALLBACK_기타혜택,"VIPS·계절밥상 20,000원 결제일할인"
https://www.card-gorilla.com/card/detail/56,33,모든가맹점,모든가맹점,EXACT,모든 가맹점 기본 0.5% 청구할인
https://www.card-gorilla.com/card/detail/56,33,생활,생활,EXACT,교육·할인점·이동통신·병원·약국 1.5% 결제일할인
https://www.card-gorilla.com/card/detail/56,33,테마파크,테마파크,EXACT,놀이공원 할인 서비스
https://www.card-gorilla.com/card/detail/56,33,정비,기타혜택,UNMAPPED_FALLBACK_기타혜택,닥터카 서비스
https://www.card-gorilla.com/card/detail/56,33,프리미엄,기타혜택,UNMAPPED_FALLBACK_기타혜택,브랜드사 서비스
https://www.card-gorilla.com/card/detail/57,34,영화,영화,EXACT,"모든 영화관 5,000원 결제일할인"
https://www.card-gorilla.com/card/detail/57,34,카페,카페,EXACT,커피전문점 10% 결제일할인
https://www.card-gorilla.com/card/detail/57,34,푸드,기타혜택,UNMAPPED_FALLBACK_기타혜택,"VIPS·계절밥상 20,000원 결제일할인"
https://www.card-gorilla.com/card/detail/57,34,모든가맹점,모든가맹점,EXACT,모든 가맹점 기본 0.5% 청구할인
https://www.card-gorilla.com/card/detail/57,34,생활,생활,EXACT,음식점·주점·편의점·주유·택시 1.5% 결제일할인
https://www.card-gorilla.com/card/detail/57,34,테마파크,테마파크,EXACT,놀이공원 자유이용권 50%·워터파크 입장권 30% 현장할인
https://www.card-gorilla.com/card/detail/57,34,정비,기타혜택,UNMAPPED_FALLBACK_기타혜택,"엔진오일 교환 시 20,000원 현장할인"
https://www.card-gorilla.com/card/detail/57,34,프리미엄,기타혜택,UNMAPPED_FALLBACK_기타혜택,MASTER/UnionPay 서비스
https://www.card-gorilla.com/card/detail/58,35,주유,주유소,SYNONYM_APPLIED,모든 주유소에서 주유 시 리터당 90원 결제일할인
https://www.card-gorilla.com/card/detail/58,35,자동차,기타혜택,UNMAPPED_FALLBACK_기타혜택,"삼성화재 자동차보험료, 엔진오일 교환, 카카오드라이버 할인"
https://www.card-gorilla.com/card/detail/58,35,모든가맹점,모든가맹점,EXACT,모든 가맹점 기본 0.5% 결제일할인
https://www.card-gorilla.com/card/detail/58,35,생활,생활,EXACT,"할인점, 소셜커머스, 커피전문점, 편의점, 영화 할인"
https://www.card-gorilla.com/card/detail/58,35,프리미엄,기타혜택,UNMAPPED_FALLBACK_기타혜택,(해외겸용카드 전용) MASTER PLATINUM 등급 서비스
https://www.card-gorilla.com/card/detail/59,36,선택형,기타혜택,UNMAPPED_FALLBACK_기타혜택,라이프스타일 패키지(옵션 패키지 중 택1)
https://www.card-gorilla.com/card/detail/59,36,더라운지,기타혜택,UNMAPPED_FALLBACK_기타혜택,여가패키지: 해외 공항 라운지(Lounge Key) 본인 이용 무료
https://www.card-gorilla.com/card/detail/59,36,여행/숙박,기타혜택,UNMAPPED_FALLBACK_기타혜택,여가패키지: 해외·여행 3% 결제일할인
https://www.card-gorilla.com/card/detail/59,36,쇼핑,쇼핑,EXACT,일상패키지: 슈퍼마켓·프리미엄 아울렛 등 3% 결제일할인
https://www.card-gorilla.com/card/detail/59,36,카페/디저트,카페,SYNONYM_APPLIED,일상패키지: 10대 커피전문점·제과점 30% 결제일할인
https://www.card-gorilla.com/card/detail/59,36,푸드,기타혜택,UNMAPPED_FALLBACK_기타혜택,일상패키지: 음식점·신선식품 배송 20% 결제일할인
https://www.card-gorilla.com/card/detail/59,36,영화,영화,EXACT,"일상패키지: 모든 영화관에서 6,000원 이상 결제 시 6,000원 결제일할인"
https://www.card-gorilla.com/card/detail/59,36,도서,기타혜택,UNMAPPED_FALLBACK_기타혜택,"일상패키지: 서점·인터파크 티켓·동물병원에서 건별 50,000원 이상 결제 시 10,000원 결제일할인"
https://www.card-gorilla.com/card/detail/59,36,기차,기타혜택,UNMAPPED_FALLBACK_기타혜택,"여가패키지: KTX, SRT 포함 철도 건별 30,000원 이상 결제 시 5,000원 결제일할인 (청구할인)"
https://www.card-gorilla.com/card/detail/59,36,프리미엄,기타혜택,UNMAPPED_FALLBACK_기타혜택,mastercard PLATINUM 등급 서비스
https://www.card-gorilla.com/card/detail/59,36,캐시백,기타혜택,UNMAPPED_FALLBACK_기타혜택,"국내외 연간 누적 이용금액 1,500만원당 30,000원 캐시백"
https://www.card-gorilla.com/card/detail/61,37,대한항공,대한항공,EXACT,"국내외 이용금액 1,500원당 스카이패스 1~2마일리지 적립"
https://www.card-gorilla.com/card/detail/61,37,주유,주유소,SYNONYM_APPLIED,S-OIL 주유소 주유 시 리터당 40 보너스포인트 적립
https://www.card-gorilla.com/card/detail/61,37,테마파크,테마파크,EXACT,놀이공원 자유이용권 50%·워터파크 입장권 30% 현장할인
https://www.card-gorilla.com/card/detail/61,37,정비,기타혜택,UNMAPPED_FALLBACK_기타혜택,"엔진오일 교환 시 20,000원 현장할인"
https://www.card-gorilla.com/card/detail/61,37,프리미엄,기타혜택,UNMAPPED_FALLBACK_기타혜택,American Express Selects 서비스
https://www.card-gorilla.com/card/detail/62,38,해외,기타혜택,UNMAPPED_FALLBACK_기타혜택,해외 쇼핑 빅포인트 적립
https://www.card-gorilla.com/card/detail/62,38,수수료우대,기타혜택,UNMAPPED_FALLBACK_기타혜택,국제브랜드수수료 면제
https://www.card-gorilla.com/card/detail/62,38,해외직구,기타혜택,UNMAPPED_FALLBACK_기타혜택,해외 직구 배송비 할인
https://www.card-gorilla.com/card/detail/62,38,적립,기타혜택,UNMAPPED_FALLBACK_기타혜택,백화점·할인점·온라인 쇼핑몰 등 1% 빅포인트 적립
https://www.card-gorilla.com/card/detail/62,38,도서,기타혜택,UNMAPPED_FALLBACK_기타혜택,서점·학습지 등 5% 할인
https://www.card-gorilla.com/card/detail/62,38,카페/디저트,카페,SYNONYM_APPLIED,커피전문점·파리바게뜨·배스킨라빈스·던킨도너츠 10% 할인
https://www.card-gorilla.com/card/detail/62,38,영화,영화,EXACT,"CGV 3,000원 할인"
https://www.card-gorilla.com/card/detail/62,38,테마파크,테마파크,EXACT,놀이공원 50%·워터파크 30% 할인
https://www.card-gorilla.com/card/detail/62,38,테마파크,테마파크,EXACT,어린이 직업체험 테마파크 할인
https://www.card-gorilla.com/card/detail/63,39,삼성페이,기타혜택,UNMAPPED_FALLBACK_기타혜택,삼성 페이 10% 결제일할인
https://www.card-gorilla.com/card/detail/63,39,모든가맹점,모든가맹점,EXACT,국내외 가맹점 0.3% 결제일 할인
https://www.card-gorilla.com/card/detail/63,39,통신,통신,EXACT,이동통신요금 10% 결제일할인
https://www.card-gorilla.com/card/detail/63,39,영화,영화,EXACT,"CGV·롯데시네마 5,000원 결제일할인"
https://www.card-gorilla.com/card/detail/64,40,쇼핑,쇼핑,EXACT,신세계백화점·이마트 제휴 혜택
https://www.card-gorilla.com/card/detail/64,40,적립,기타혜택,UNMAPPED_FALLBACK_기타혜택,"국내 가맹점, 주유, 삼성전자 등 빅포인트 적립"
https://www.card-gorilla.com/card/detail/64,40,할인,기타혜택,UNMAPPED_FALLBACK_기타혜택,"영화, 세콤홈즈, 삼성미술관리움 등 할인"
https://www.card-gorilla.com/card/detail/64,40,무이자할부,기타혜택,UNMAPPED_FALLBACK_기타혜택,주말 5만원 이상 결제 시 2~3개월 무이자할부
https://www.card-gorilla.com/card/detail/72,41,대형마트,대형마트,EXACT,트레이더스 결제일할인
https://www.card-gorilla.com/card/detail/72,41,교육/육아,기타혜택,UNMAPPED_FALLBACK_기타혜택,학원·서점·학습지·인터넷강의 5% 결제일할인
https://www.card-gorilla.com/card/detail/72,41,통신,통신,EXACT,이동통신 5% 결제일할인
https://www.card-gorilla.com/card/detail/72,41,카페,카페,EXACT,커피전문점 5% 결제일할인
https://www.card-gorilla.com/card/detail/72,41,백화점,백화점,EXACT,신세계백화점 제휴 서비스
https://www.card-gorilla.com/card/detail/72,41,병원/약국,병원약국,SYNONYM_APPLIED,병원·약국 5% 결제일할인(청구할인)
https://www.card-gorilla.com/card/detail/73,42,생활,생활,EXACT,"대형마트, 백화점, 주유 등 5% 청구할인"
https://www.card-gorilla.com/card/detail/73,42,패밀리레스토랑,기타혜택,UNMAPPED_FALLBACK_기타혜택,"아웃백, 애슐리, TGIF 등 25% 청구할인"
https://www.card-gorilla.com/card/detail/73,42,카페/디저트,카페,SYNONYM_APPLIED,"탐앤탐스, 스타벅스 20% 청구할인"
https://www.card-gorilla.com/card/detail/73,42,프리미엄 서비스,기타혜택,UNMAPPED_FALLBACK_기타혜택,"통신, 영화, 놀이공원, 호텔 할인"
https://www.card-gorilla.com/card/detail/73,42,금융,기타혜택,UNMAPPED_FALLBACK_기타혜택,우리은행 수수료 면제서비스
https://www.card-gorilla.com/card/detail/73,42,무이자할부,기타혜택,UNMAPPED_FALLBACK_기타혜택,할부전환서비스 / 무이자할부
https://www.card-gorilla.com/card/detail/74,43,생활,생활,EXACT,주요 7대 업종 10~5% 청구할인
https://www.card-gorilla.com/card/detail/74,43,영화,영화,EXACT,"전국 영화관 3,000원 청구할인"
https://www.card-gorilla.com/card/detail/74,43,카페,카페,EXACT,커피 20% 청구할인
https://www.card-gorilla.com/card/detail/74,43,테마파크,테마파크,EXACT,주요 놀이공원 자유이용권 50% 현장할인
https://www.card-gorilla.com/card/detail/74,43,패스트푸드,기타혜택,UNMAPPED_FALLBACK_기타혜택,"치킨, 피자 10% 청구할인"
https://www.card-gorilla.com/card/detail/77,44,모든가맹점,모든가맹점,EXACT,국내 가맹점 0.7% 위비꿀머니 적립
https://www.card-gorilla.com/card/detail/77,44,쇼핑,쇼핑,EXACT,"대형할인점, 면세점 1.5% 및 위비마켓 2% 위비꿀머니 적립"
https://www.card-gorilla.com/card/detail/77,44,학원,교육육아,SYNONYM_APPLIED,학원 1.5% 위비꿀머니 적립
https://www.card-gorilla.com/card/detail/77,44,통신,통신,EXACT,이동통신 1.5% 위비꿀머니 적립
https://www.card-gorilla.com/card/detail/77,44,병원,기타혜택,UNMAPPED_FALLBACK_기타혜택,병의원 1.5% 위비꿀머니 적립
https://www.card-gorilla.com/card/detail/77,44,해외,기타혜택,UNMAPPED_FALLBACK_기타혜택,해외 이용금액 1.5% 위비꿀머니 적립
https://www.card-gorilla.com/card/detail/77,44,패스트푸드,기타혜택,UNMAPPED_FALLBACK_기타혜택,치킨/피자 10% 청구할인
https://www.card-gorilla.com/card/detail/77,44,영화,영화,EXACT,전국 영화관 청구할인
https://www.card-gorilla.com/card/detail/77,44,카페,카페,EXACT,"스타벅스, 이디야, 폴바셋 10% 청구할인"
https://www.card-gorilla.com/card/detail/77,44,여행/숙박,기타혜택,UNMAPPED_FALLBACK_기타혜택,프리미엄 투어 서비스
https://www.card-gorilla.com/card/detail/77,44,멤버십포인트,기타혜택,UNMAPPED_FALLBACK_기타혜택,위비멤버스 서비스
https://www.card-gorilla.com/card/detail/80,45,간편결제,간편결제,EXACT,PAY(간편결제 서비스) 결제 시 7% 할인
https://www.card-gorilla.com/card/detail/80,45,생활,생활,EXACT,PAY 외 결제 시 5% 할인
https://www.card-gorilla.com/card/detail/80,45,영화,영화,EXACT,전국 영화관 3천원 청구할인
https://www.card-gorilla.com/card/detail/80,45,푸드,기타혜택,UNMAPPED_FALLBACK_기타혜택,치킨/피자 10% 청구할인
https://www.card-gorilla.com/card/detail/80,45,기타,기타,EXACT,"카드 ""Touching"" 서비스 안내"
https://www.card-gorilla.com/card/detail/80,45,해외,기타혜택,UNMAPPED_FALLBACK_기타혜택,해외이용 시 이용수수료 면제
https://www.card-gorilla.com/card/detail/81,46,소셜커머스,기타혜택,UNMAPPED_FALLBACK_기타혜택,위메프 포인트 5% 적립
https://www.card-gorilla.com/card/detail/81,46,카페,카페,EXACT,스타벅스(사이렌오더 포함) 50% 청구 할인
https://www.card-gorilla.com/card/detail/81,46,편의점,편의점,EXACT,편의점 업종 10% 청구 할인
https://www.card-gorilla.com/card/detail/82,47,쇼핑,쇼핑,EXACT,"Well Living: 백화점, 온라인 쇼핑, 대형할인점 모아포인트 1% 적립"
https://www.card-gorilla.com/card/detail/82,47,통신,통신,EXACT,Well Living: 이동통신 모아포인트 1.5% 적립
https://www.card-gorilla.com/card/detail/82,47,병원,기타혜택,UNMAPPED_FALLBACK_기타혜택,Well Living: 병원(동물병원 포함) 모아포인트 1.5% 적립
https://www.card-gorilla.com/card/detail/82,47,여행/숙박,기타혜택,UNMAPPED_FALLBACK_기타혜택,"Enjoy Living: 해외, 면세점, 여행사 ,항공사 모아포인트 1.8% 적립"
https://www.card-gorilla.com/card/detail/82,47,골프,골프,EXACT,Enjoy Living: 골프 업종 3% 적립
https://www.card-gorilla.com/card/detail/82,47,프리미엄,기타혜택,UNMAPPED_FALLBACK_기타혜택,프리미엄 골프/라이프 서비스 제공
https://www.card-gorilla.com/card/detail/84,49,모든가맹점,모든가맹점,EXACT,모아포인트 0.8%~5% 적립
https://www.card-gorilla.com/card/detail/84,49,통신,통신,EXACT,이동통신 업종 모아포인트 5% 적립
https://www.card-gorilla.com/card/detail/84,49,대중교통,대중교통,EXACT,대중교통 업종 모아포인트 5% 적립
https://www.card-gorilla.com/card/detail/84,49,자동차,기타혜택,UNMAPPED_FALLBACK_기타혜택,전기차 충전 모아포인트 5% 적립
https://www.card-gorilla.com/card/detail/84,49,카페,카페,EXACT,"스타벅스, 엔제리너스, 이디야 모아포인트 3% 적립"
https://www.card-gorilla.com/card/detail/84,49,영화,영화,EXACT,"CGV, 롯데시네마 모아포인트 3% 적립"
https://www.card-gorilla.com/card/detail/84,49,쇼핑,쇼핑,EXACT,"백화점, 할인점, 온라인쇼핑 모아포인트 1% 적립"
https://www.card-gorilla.com/card/detail/84,49,주유,주유소,SYNONYM_APPLIED,주유 모아포인트 1% 적립
https://www.card-gorilla.com/card/detail/84,49,해외,기타혜택,UNMAPPED_FALLBACK_기타혜택,해외 가맹점 1% 적립
https://www.card-gorilla.com/card/detail/84,49,간편결제,간편결제,EXACT,주요 간편결제 모아포인트 3% 추가적립
https://www.card-gorilla.com/card/detail/85,50,쇼핑,쇼핑,EXACT,온·오프라인 쇼핑 10% 청구할인
https://www.card-gorilla.com/card/detail/85,50,간편결제,간편결제,EXACT,온라인 업종 4대 PAY 결제 시 5% 추가할인
https://www.card-gorilla.com/card/detail/85,50,주유,주유소,SYNONYM_APPLIED,4대 주유소 주말 주유시 리터당 60원 청구할인
https://www.card-gorilla.com/card/detail/85,50,카페,카페,EXACT,"스타벅스, 폴바셋 10% 청구할인"
https://www.card-gorilla.com/card/detail/85,50,금융,기타혜택,UNMAPPED_FALLBACK_기타혜택,Two-in-One 결제서비스
https://www.card-gorilla.com/card/detail/86,51,모든가맹점,모든가맹점,EXACT,모든 국내 가맹점 0.7~1% 청구할인
https://www.card-gorilla.com/card/detail/86,51,주유,주유소,SYNONYM_APPLIED,"S-OIL, 현대오일뱅크 리터당 60~100원 청구할인"
https://www.card-gorilla.com/card/detail/86,51,대중교통,대중교통,EXACT,대중교통 10% 청구할인
https://www.card-gorilla.com/card/detail/86,51,카페,카페,EXACT,"스타벅스, 폴바셋 10% 청구할인"
https://www.card-gorilla.com/card/detail/86,51,금융,기타혜택,UNMAPPED_FALLBACK_기타혜택,Two-in-One 결제서비스
https://www.card-gorilla.com/card/detail/87,52,모든가맹점,모든가맹점,EXACT,국내외 가맹점 1.3%~0.8% 청구할인
https://www.card-gorilla.com/card/detail/87,52,공항라운지/PP,기타혜택,UNMAPPED_FALLBACK_기타혜택,인천/김포/김해공항라운지 무료 이용 서비스 (MasterCard 브랜드로 발급 시 제공)
https://www.card-gorilla.com/card/detail/87,52,카페/디저트,카페,SYNONYM_APPLIED,제과점 1.3% 청구할인
https://www.card-gorilla.com/card/detail/87,52,편의점,편의점,EXACT,편의점 1.3% 청구할인
https://www.card-gorilla.com/card/detail/87,52,대형마트,대형마트,EXACT,수퍼마켓 1.3% 청구할인
https://www.card-gorilla.com/card/detail/87,52,병원/약국,병원약국,SYNONYM_APPLIED,"병원, 약국 1.3% 청구할인"
https://www.card-gorilla.com/card/detail/87,52,쇼핑,쇼핑,EXACT,"면세점, 해외이용금액 1.3% 청구할인"
https://www.card-gorilla.com/card/detail/87,52,뷰티/피트니스,기타혜택,UNMAPPED_FALLBACK_기타혜택,뷰티 1.3% 청구할인
https://www.card-gorilla.com/card/detail/87,52,대중교통,대중교통,EXACT,대중교통 1.3% 청구할인
https://www.card-gorilla.com/card/detail/87,52,항공권,기타혜택,UNMAPPED_FALLBACK_기타혜택,항공사 1.3% 청구할인
https://www.card-gorilla.com/card/detail/87,52,일반음식점,기타혜택,UNMAPPED_FALLBACK_기타혜택,음식점 1.3% 청구할인
https://www.card-gorilla.com/card/detail/87,52,렌탈,기타혜택,UNMAPPED_FALLBACK_기타혜택,렌탈관련 이용금액 0.8% 청구할인
https://www.card-gorilla.com/card/detail/87,52,교육/육아,기타혜택,UNMAPPED_FALLBACK_기타혜택,"교육관련 이용금액 0.8% 청구할인
육아관련 이용금액 0.8% 청구할인"
https://www.card-gorilla.com/card/detail/87,52,OTT/영화/문화,기타혜택,UNMAPPED_FALLBACK_기타혜택,"영화관련 이용금액 0.8% 청구할인
문화관련 이용금액 0.8% 청구할인"
https://www.card-gorilla.com/card/detail/87,52,주유,주유소,SYNONYM_APPLIED,주유관련 이용금액 0.8% 청구할인
https://www.card-gorilla.com/card/detail/87,52,통신,통신,EXACT,통신관련 이용금액 0.8% 청구할인
https://www.card-gorilla.com/card/detail/88,53,교통,기타혜택,UNMAPPED_FALLBACK_기타혜택,대중교통 33% 청구할인
https://www.card-gorilla.com/card/detail/88,53,카페,카페,EXACT,"커피 4대 브랜드 통합 (스타벅스, 투썸플레이스, 커피빈, 폴바셋) 55% 청구할인"
https://www.card-gorilla.com/card/detail/88,53,편의점,편의점,EXACT,편의점 11% 청구할인
https://www.card-gorilla.com/card/detail/88,53,영화,영화,EXACT,"영화관 5,500원 할인"
https://www.card-gorilla.com/card/detail/89,54,주유,주유소,SYNONYM_APPLIED,SK네트웍스 Most 주유소 리터당 최대 200원 청구할인
https://www.card-gorilla.com/card/detail/89,54,자동차,기타혜택,UNMAPPED_FALLBACK_기타혜택,"CLUB Most 멤버십 서비스 제공 및 주차장 2,000원 청구할인"
https://www.card-gorilla.com/card/detail/89,54,영화,영화,EXACT,"영화관 업종 5,000원 청구할인"
https://www.card-gorilla.com/card/detail/89,54,테마파크,테마파크,EXACT,놀이공원 본인 자유이용권 50% 현장할인
https://www.card-gorilla.com/card/detail/91,56,적립,기타혜택,UNMAPPED_FALLBACK_기타혜택,전월이용 실적조건 없이 모아포인트 0.8~2% 적립
https://www.card-gorilla.com/card/detail/91,56,공항라운지/PP,기타혜택,UNMAPPED_FALLBACK_기타혜택,국내외 공항라운지 무료 이용 서비스
https://www.card-gorilla.com/card/detail/91,56,바우처,기타혜택,UNMAPPED_FALLBACK_기타혜택,"프리미엄 기프트 서비스(연 1회, 택1)"
https://www.card-gorilla.com/card/detail/91,56,프리미엄,기타혜택,UNMAPPED_FALLBACK_기타혜택,프리미엄 투어 서비스
https://www.card-gorilla.com/card/detail/91,56,주유,주유소,SYNONYM_APPLIED,"현대오일뱅크, S-OIL 주유 및 충전 시 리터당 60원 청구할인"
https://www.card-gorilla.com/card/detail/92,57,대한항공,대한항공,EXACT,"이용금액 1,000원당 대한항공 1~2 마일리지 적립"
https://www.card-gorilla.com/card/detail/92,57,공항라운지/PP,기타혜택,UNMAPPED_FALLBACK_기타혜택,국내외 공항라운지 무료 이용 서비스
https://www.card-gorilla.com/card/detail/92,57,바우처,기타혜택,UNMAPPED_FALLBACK_기타혜택,"프리미엄 기프트 서비스(연 1회, 택1)"
https://www.card-gorilla.com/card/detail/92,57,프리미엄,기타혜택,UNMAPPED_FALLBACK_기타혜택,프리미엄 투어 서비스
https://www.card-gorilla.com/card/detail/92,57,주유,주유소,SYNONYM_APPLIED,"현대오일뱅크, S-OIL 주유 및 충전 시 리터당 60원 청구할인"
https://www.card-gorilla.com/card/detail/93,58,아시아나항공,아시아나항공,EXACT,"이용금액 1,000원당 아시아나항공 1.5~3 마일리지 적립"
https://www.card-gorilla.com/card/detail/93,58,공항라운지/PP,기타혜택,UNMAPPED_FALLBACK_기타혜택,국내외 공항라운지 무료 이용 서비스
https://www.card-gorilla.com/card/detail/93,58,바우처,기타혜택,UNMAPPED_FALLBACK_기타혜택,"프리미엄 기프트 서비스(연 1회, 택1)"
https://www.card-gorilla.com/card/detail/93,58,프리미엄,기타혜택,UNMAPPED_FALLBACK_기타혜택,프리미엄 투어 서비스
https://www.card-gorilla.com/card/detail/93,58,주유,주유소,SYNONYM_APPLIED,"현대오일뱅크, S-OIL 주유 및 충전 시 리터당 60원 청구할인"
https://www.card-gorilla.com/card/detail/94,59,모든가맹점,모든가맹점,EXACT,모든 국내 가맹점 0.7%~1.0% 청구할인
https://www.card-gorilla.com/card/detail/94,59,주유,주유소,SYNONYM_APPLIED,"S-OIL, 현대오일뱅크 리터당 60~100원 청구할인"
https://www.card-gorilla.com/card/detail/94,59,대중교통,대중교통,EXACT,대중교통 10% 청구할인
https://www.card-gorilla.com/card/detail/94,59,카페,카페,EXACT,"스타벅스, 폴바셋 10% 청구할인"
https://www.card-gorilla.com/card/detail/106,60,주유,주유소,SYNONYM_APPLIED,"주유소, 충전소 업종 리터당 60원 청구할인 (전월실적 30만원 이상)"
https://www.card-gorilla.com/card/detail/106,60,통신,통신,EXACT,"전화요금, 인터넷이용료, 케이블TV 업종 10% 청구할인 (전월실적 30만원 이상)"
https://www.card-gorilla.com/card/detail/106,60,교통,기타혜택,UNMAPPED_FALLBACK_기타혜택,"버스, 지하철, 택시 업종 10% 청구할인 (전월실적 30만원 이상)"
https://www.card-gorilla.com/card/detail/106,1250,생활,생활,EXACT,"음식점, 커피전문점, 편의점, 약국 업종 10% 추가 청구할인 (전월실적 60만원 이상)"
https://www.card-gorilla.com/card/detail/106,1251,학원,교육육아,SYNONYM_APPLIED,"학원, 휘트니스센터 업종 10% 추가 청구할인 (전월실적 120만원 이상)"
https://www.card-gorilla.com/card/detail/107,61,충전소,기타혜택,UNMAPPED_FALLBACK_기타혜택,"SK 충전소에서 건당 3만원이상 충전 시 1,500원 정액 청구할인"
https://www.card-gorilla.com/card/detail/107,61,정비,기타혜택,UNMAPPED_FALLBACK_기타혜택,스피드메이트 차량정비 현장할인 서비스
https://www.card-gorilla.com/card/detail/107,61,패밀리레스토랑,기타혜택,UNMAPPED_FALLBACK_기타혜택,"3대 패밀리레스토랑(아웃백,VIPS,TGIF) 이용 시 10% 청구할인"
https://www.card-gorilla.com/card/detail/107,61,무이자할부,기타혜택,UNMAPPED_FALLBACK_기타혜택,"백화점, 대형마트, 정비, 손해보험 업종 2~3개월 무이자할부 서비스"
https://www.card-gorilla.com/card/detail/108,62,생활,생활,EXACT,특별 포인트리
https://www.card-gorilla.com/card/detail/108,62,모든가맹점,모든가맹점,EXACT,기본 포인트리
https://www.card-gorilla.com/card/detail/108,62,적립,기타혜택,UNMAPPED_FALLBACK_기타혜택,보너스 포인트리
https://www.card-gorilla.com/card/detail/109,63,주유소,주유소,EXACT,SK에너지 주유시 리터당 100원 청구할인
https://www.card-gorilla.com/card/detail/109,63,정비,기타혜택,UNMAPPED_FALLBACK_기타혜택,"스피드메이트 엔진오일 무료교환, 차량정비 현장할인 서비스"
https://www.card-gorilla.com/card/detail/109,63,대중교통,대중교통,EXACT,"버스, 지하철 10% 청구할인"
https://www.card-gorilla.com/card/detail/112,64,주유,주유소,SYNONYM_APPLIED,GS칼텍스 리터당 100원 현장할인
https://www.card-gorilla.com/card/detail/112,64,자동차/하이패스,기타혜택,UNMAPPED_FALLBACK_기타혜택,GS오토오아시스 엔진오일 무료교환 및 정비 할인 서비스
https://www.card-gorilla.com/card/detail/112,64,교통,기타혜택,UNMAPPED_FALLBACK_기타혜택,버스/지하철 10% 청구할인
https://www.card-gorilla.com/card/detail/112,64,멤버십포인트,기타혜택,UNMAPPED_FALLBACK_기타혜택,제휴서비스 및 제휴포인트
https://www.card-gorilla.com/card/detail/113,65,항공마일리지,항공,SYNONYM_APPLIED,대한항공 마일리지 1~2마일 적립
https://www.card-gorilla.com/card/detail/114,66,항공마일리지,항공,SYNONYM_APPLIED,아시아나 마일리지 1~2마일 적립
https://www.card-gorilla.com/card/detail/115,67,주유,주유소,SYNONYM_APPLIED,"주유소, 충전소 업종 리터당 60원 청구할인 (전월실적 30만원 이상)"
https://www.card-gorilla.com/card/detail/115,67,대형마트,대형마트,EXACT,대형마트 10% 청구할인 (전월실적 30만원 이상)
https://www.card-gorilla.com/card/detail/115,67,통신,통신,EXACT,"전화요금, 인터넷이용료, 케이블TV 업종 10% 청구할인 (전월실적 30만원 이상)"
https://www.card-gorilla.com/card/detail/115,67,교통,기타혜택,UNMAPPED_FALLBACK_기타혜택,"버스, 지하철, 택시 업종 10% 청구할인 (전월실적 30만원 이상)"
https://www.card-gorilla.com/card/detail/115,67,해외,기타혜택,UNMAPPED_FALLBACK_기타혜택,해외이용(해외직구) 5% 할인 캐시백 (전월실적 30만원 이상)
https://www.card-gorilla.com/card/detail/115,1252,푸드,기타혜택,UNMAPPED_FALLBACK_기타혜택,"음식점, 커피전문점, 편의점, 약국 업종 10% 추가 청구할인 (전월실적 60만원 이상)"
https://www.card-gorilla.com/card/detail/115,1253,학원,교육육아,SYNONYM_APPLIED,학원/피트니스 업종 10% 추가 청구할인 (전월실적 120만원 이상)
https://www.card-gorilla.com/card/detail/116,68,선택형,기타혜택,UNMAPPED_FALLBACK_기타혜택,홀릭's Choice (쇼핑홀릭 또는 푸드홀릭 중 택1)
https://www.card-gorilla.com/card/detail/116,68,카페/디저트,카페,SYNONYM_APPLIED,커피/제과/아이스크림 5~10% 할인
https://www.card-gorilla.com/card/detail/116,68,뷰티/피트니스,기타혜택,UNMAPPED_FALLBACK_기타혜택,뷰티업종 최대 10% 할인
https://www.card-gorilla.com/card/detail/116,68,교통,기타혜택,UNMAPPED_FALLBACK_기타혜택,"대중교통, 택시 10% 할인"
https://www.card-gorilla.com/card/detail/116,68,APP,기타혜택,UNMAPPED_FALLBACK_기타혜택,앱카드 결제 시 5% 할인
https://www.card-gorilla.com/card/detail/116,68,OTT/영화/문화,기타혜택,UNMAPPED_FALLBACK_기타혜택,"맥스무비 3,500원 할인 및 주요놀이공원 50%할인"
https://www.card-gorilla.com/card/detail/116,68,기타,기타,EXACT,연간 리워드 1만점 적립
https://www.card-gorilla.com/card/detail/120,69,적립,기타혜택,UNMAPPED_FALLBACK_기타혜택,기본적립/생활속 추가적립 서비스
https://www.card-gorilla.com/card/detail/120,69,해외,기타혜택,UNMAPPED_FALLBACK_기타혜택,해외이용 2.0% 할인 캐시백
https://www.card-gorilla.com/card/detail/120,69,OTT/영화/문화,기타혜택,UNMAPPED_FALLBACK_기타혜택,"맥스무비 영화 3,500원 현장할인"
https://www.card-gorilla.com/card/detail/120,69,레저/스포츠,기타혜택,UNMAPPED_FALLBACK_기타혜택,놀이공원 30~50% 현장할인
https://www.card-gorilla.com/card/detail/121,70,대중교통,대중교통,EXACT,"버스, 지하철 10% 청구할인"
https://www.card-gorilla.com/card/detail/121,70,통신,통신,EXACT,"SKT, KT Olleh, LG U+ 10% 청구할인"
https://www.card-gorilla.com/card/detail/121,70,주유소,주유소,EXACT,SK주유소(충전소) 리터당 60원 청구할인
https://www.card-gorilla.com/card/detail/121,70,영화,영화,EXACT,"CGV/메가박스 온라인 영화예매시 승인건당 3,500원 청구 할인"
https://www.card-gorilla.com/card/detail/121,70,테마파크,테마파크,EXACT,"롯데월드, 에버랜드, 캐리비안베이 30~50% 할인"
https://www.card-gorilla.com/card/detail/121,70,해외,기타혜택,UNMAPPED_FALLBACK_기타혜택,해외가맹점 5% 할인캐시백
https://www.card-gorilla.com/card/detail/121,70,해외,기타혜택,UNMAPPED_FALLBACK_기타혜택,KB투어할인 서비스
https://www.card-gorilla.com/card/detail/121,70,선택형,기타혜택,UNMAPPED_FALLBACK_기타혜택,선택 적립 서비스팩 - 생활/교육/쇼핑/직장인/레저팩 중 택 1
https://www.card-gorilla.com/card/detail/121,70,기타,기타,EXACT,"연간 이용에 따른 다담리워드 서비스,
함께하는 기부 서비스"
https://www.card-gorilla.com/card/detail/122,71,간편결제,간편결제,EXACT,"삼성페이, Kmotion 오프라인 모바일결제 5% 청구할인"
https://www.card-gorilla.com/card/detail/122,71,소셜커머스,기타혜택,UNMAPPED_FALLBACK_기타혜택,"위메프, 쿠팡, 티몬 3대 소셜커머스 5% 청구할인"
https://www.card-gorilla.com/card/detail/122,71,통신,통신,EXACT,"SKT, KT, LGU+ 이동통신요금 최대 3,000원 청구할인"
https://www.card-gorilla.com/card/detail/122,71,대중교통,대중교통,EXACT,티머니 후불교통(버스/지하철) 5% 환급할인
https://www.card-gorilla.com/card/detail/125,72,주유,주유소,SYNONYM_APPLIED,E1 LPG충전소 리터당 100원 청구할인
https://www.card-gorilla.com/card/detail/125,72,레저/스포츠,기타혜택,UNMAPPED_FALLBACK_기타혜택,"골프장, 골프연습장 이용금액 10% 청구할인"
https://www.card-gorilla.com/card/detail/125,72,쇼핑,쇼핑,EXACT,인터넷 쇼핑몰/소셜커머스 10% 청구할인
https://www.card-gorilla.com/card/detail/125,72,푸드,기타혜택,UNMAPPED_FALLBACK_기타혜택,패밀리레스토랑 이용금액 10% 청구할인
https://www.card-gorilla.com/card/detail/125,72,OTT/영화/문화,기타혜택,UNMAPPED_FALLBACK_기타혜택,CGV 영화관 이용금액 10% 청구할인
https://www.card-gorilla.com/card/detail/125,72,교통,기타혜택,UNMAPPED_FALLBACK_기타혜택,대중교통 이용금액 10% 청구할인
https://www.card-gorilla.com/card/detail/126,73,아시아나항공,아시아나항공,EXACT,"국내 가맹점 이용 시 1,500원당 2마일 적립
해외 가맹점 이용 시 1,500원당 3마일 적립"
https://www.card-gorilla.com/card/detail/127,74,교통,기타혜택,UNMAPPED_FALLBACK_기타혜택,"대중교통, 택시 5% 적립"
https://www.card-gorilla.com/card/detail/127,74,통신,통신,EXACT,이동통신요금 5% 적립
https://www.card-gorilla.com/card/detail/127,74,주유,주유소,SYNONYM_APPLIED,"SK, GS칼텍스 주유소 리터당 100점 적립"
https://www.card-gorilla.com/card/detail/127,74,카페/디저트,카페,SYNONYM_APPLIED,"커피, 디저트 10% 적립"
https://www.card-gorilla.com/card/detail/127,74,쇼핑,쇼핑,EXACT,SPA 패션 20% 적립
https://www.card-gorilla.com/card/detail/127,74,OTT/영화/문화,기타혜택,UNMAPPED_FALLBACK_기타혜택,미술관 20% 적립
https://www.card-gorilla.com/card/detail/127,74,테마파크,테마파크,EXACT,영화/놀이공원 현장할인
https://www.card-gorilla.com/card/detail/127,74,해외이용,기타혜택,UNMAPPED_FALLBACK_기타혜택,해외이용금액 3% 할인 캐시백
https://www.card-gorilla.com/card/detail/127,74,기타,기타,EXACT,플러스 O2O 적립 서비스
https://www.card-gorilla.com/card/detail/127,74,기타,기타,EXACT,서비스 제공 조건 및 적립한도
https://www.card-gorilla.com/card/detail/129,75,카페/디저트,카페,SYNONYM_APPLIED,[Great 서비스] 스타벅스 50% 청구할인
https://www.card-gorilla.com/card/detail/129,75,패스트푸드,기타혜택,UNMAPPED_FALLBACK_기타혜택,[Enjoy 서비스] 버거/패스트푸드 업종 20% 청구할인
https://www.card-gorilla.com/card/detail/129,75,간편결제,간편결제,EXACT,[Check 서비스] 간편결제(Pay) 10% 청구할인
https://www.card-gorilla.com/card/detail/129,75,생활,생활,EXACT,"[Basic 서비스] 대중교통, 택시/이동통신요금 10% 청구할인"
https://www.card-gorilla.com/card/detail/130,76,바우처,기타혜택,UNMAPPED_FALLBACK_기타혜택,"쿠폰서비스
(카드 발급 첫해:100만원이상 이용 시, 다음해 이후:전년도 1000만원 이상 이용 시)"
https://www.card-gorilla.com/card/detail/130,76,적립,기타혜택,UNMAPPED_FALLBACK_기타혜택,포인트리 적립
https://www.card-gorilla.com/card/detail/130,76,프리미엄,기타혜택,UNMAPPED_FALLBACK_기타혜택,BeV Ⅴ카드 공통 서비스
https://www.card-gorilla.com/card/detail/131,77,바우처,기타혜택,UNMAPPED_FALLBACK_기타혜택,"쿠폰서비스
(카드 발급 첫해:100만원이상 이용 시, 다음해 이후:전년도 1000만원 이상 이용 시)"
https://www.card-gorilla.com/card/detail/131,77,항공마일리지,항공,SYNONYM_APPLIED,대한항공 마일리지 적립
https://www.card-gorilla.com/card/detail/131,77,프리미엄,기타혜택,UNMAPPED_FALLBACK_기타혜택,BeV Ⅴ카드 공통 서비스
https://www.card-gorilla.com/card/detail/132,78,편의점,편의점,EXACT,편의점 20% 포인트리 적립
https://www.card-gorilla.com/card/detail/132,78,푸드,기타혜택,UNMAPPED_FALLBACK_기타혜택,음식점 5% 포인트리 적립
https://www.card-gorilla.com/card/detail/132,78,택시,택시,EXACT,택시 이용금액 5% 포인트리 적립
https://www.card-gorilla.com/card/detail/132,78,통신,통신,EXACT,이동통신요금 5% 포인트리 적립
https://www.card-gorilla.com/card/detail/132,78,공과금,기타혜택,UNMAPPED_FALLBACK_기타혜택,"도시가스, 수도, 전기요금 등 생활요금 5% 포인트리 적립"
https://www.card-gorilla.com/card/detail/132,78,온라인쇼핑,온라인쇼핑,EXACT,인터넷쇼핑몰 5% 포인트리 적립
https://www.card-gorilla.com/card/detail/132,78,여행/숙박,기타혜택,UNMAPPED_FALLBACK_기타혜택,"숙박앱, 렌트앱 이용 시 5% 포인트리 적립"
https://www.card-gorilla.com/card/detail/132,78,배달앱,배달앱,EXACT,배달앱 이용 시 5% 포인트리 적립
https://www.card-gorilla.com/card/detail/132,78,영화,영화,EXACT,"맥스무비 영화 예매 시 1매당 3,500원 현장할인"
https://www.card-gorilla.com/card/detail/132,78,기타,기타,EXACT,카카오프렌즈 캐릭터샵 이용 시 5% 포인트리 적립
https://www.card-gorilla.com/card/detail/133,79,바우처,기타혜택,UNMAPPED_FALLBACK_기타혜택,쿠폰서비스
https://www.card-gorilla.com/card/detail/133,79,주유,주유소,SYNONYM_APPLIED,주유 할인
https://www.card-gorilla.com/card/detail/133,79,적립,기타혜택,UNMAPPED_FALLBACK_기타혜택,포인트리 적립
https://www.card-gorilla.com/card/detail/133,79,프리미엄,기타혜택,UNMAPPED_FALLBACK_기타혜택,BeV Ⅲ카드 우대 서비스
https://www.card-gorilla.com/card/detail/134,80,주유,주유소,SYNONYM_APPLIED,전 주유소 및 충전소 110~150점/L 적립
https://www.card-gorilla.com/card/detail/134,80,보험,기타혜택,UNMAPPED_FALLBACK_기타혜택,다이렉트 자동차보험 1만원 할인
https://www.card-gorilla.com/card/detail/134,80,정비,기타혜택,UNMAPPED_FALLBACK_기타혜택,"차량정비, 주차장, 세차장 업종 5% 적립"
https://www.card-gorilla.com/card/detail/134,80,통신,통신,EXACT,이동통신 3사 자동납부 5% 적립
https://www.card-gorilla.com/card/detail/134,80,기타,기타,EXACT,플러스 O2O 이용금액 5% 적립
https://www.card-gorilla.com/card/detail/134,80,OTT/영화/문화,기타혜택,UNMAPPED_FALLBACK_기타혜택,"맥스무비 영화 예매 시 3,500원 현장할인"
https://www.card-gorilla.com/card/detail/134,80,테마파크,테마파크,EXACT,놀이공원 30~50% 현장할인
https://www.card-gorilla.com/card/detail/136,81,모든가맹점,모든가맹점,EXACT,국내 전 가맹점 0.7% 기본적립
https://www.card-gorilla.com/card/detail/136,81,해외,기타혜택,UNMAPPED_FALLBACK_기타혜택,해외이용금액 3% 할인 캐시백
https://www.card-gorilla.com/card/detail/138,82,대한항공,대한항공,EXACT,"[대한항공 마일리지]
가맹점 신판입금액 1,500원당 1마일 적립"
https://www.card-gorilla.com/card/detail/138,82,대한항공,대한항공,EXACT,대한항공 마일리지 적립기준
https://www.card-gorilla.com/card/detail/139,83,아시아나항공,아시아나항공,EXACT,"[아시아나 마일리지]
가맹점 신판입금액 1,000원당 1마일 적립"
https://www.card-gorilla.com/card/detail/139,83,아시아나항공,아시아나항공,EXACT,아시아나 마일리지 운영기준
https://www.card-gorilla.com/card/detail/139,83,적립,기타혜택,UNMAPPED_FALLBACK_기타혜택,포인트리 적립
https://www.card-gorilla.com/card/detail/140,84,충전소,기타혜택,UNMAPPED_FALLBACK_기타혜택,"3만원 이상 충전 시 건당 1,800원 정액 청구할인"
https://www.card-gorilla.com/card/detail/140,84,정비,기타혜택,UNMAPPED_FALLBACK_기타혜택,스피드메이트 차량정비 현장할인 서비스
https://www.card-gorilla.com/card/detail/140,84,패밀리레스토랑,기타혜택,UNMAPPED_FALLBACK_기타혜택,"3대 패밀리레스토랑(아웃백,VIPS,TGIF) 이용 시 10% 청구할인"
https://www.card-gorilla.com/card/detail/140,84,영화,영화,EXACT,"맥스무비 1매당 3,500원 할인(본인회원 한정)"
https://www.card-gorilla.com/card/detail/140,84,무이자할부,기타혜택,UNMAPPED_FALLBACK_기타혜택,"백화점, 대형마트, 정비, 손해보험 업종 2~3개월 무이자할부 서비스"
https://www.card-gorilla.com/card/detail/141,85,애완동물,기타혜택,UNMAPPED_FALLBACK_기타혜택,반려동물 업종 10~30% 청구할인
https://www.card-gorilla.com/card/detail/141,85,대형마트,대형마트,EXACT,"이마트, 홈플러스, 롯데마트 5% 청구할인"
https://www.card-gorilla.com/card/detail/141,85,애완동물,기타혜택,UNMAPPED_FALLBACK_기타혜택,반려견 단체보험 무료 가입
https://www.card-gorilla.com/card/detail/142,86,간편결제,간편결제,EXACT,간편결제(Pay) 20~40% 청구할인
https://www.card-gorilla.com/card/detail/142,86,대중교통,대중교통,EXACT,"대중교통(버스, 지하철) 10% 청구할인"
https://www.card-gorilla.com/card/detail/142,86,편의점,편의점,EXACT,"편의점(GS25, CU) 10% 청구할인"
https://www.card-gorilla.com/card/detail/143,87,APP,기타혜택,UNMAPPED_FALLBACK_기타혜택,실물 없는 모바일 단독카드
https://www.card-gorilla.com/card/detail/143,87,푸드,기타혜택,UNMAPPED_FALLBACK_기타혜택,"[꿀맛α Food 할인서비스]
음식업종 건당 2천원 청구할인"
https://www.card-gorilla.com/card/detail/143,87,배달앱,배달앱,EXACT,"[꿀맛α Food 할인서비스]
배달 App 건당 2천원 청구할인"
https://www.card-gorilla.com/card/detail/143,87,카페/디저트,카페,SYNONYM_APPLIED,"[꿀맛α Food 할인서비스]
커피/제과 업종 건당 1천원 청구할인"
https://www.card-gorilla.com/card/detail/143,87,할인,기타혜택,UNMAPPED_FALLBACK_기타혜택,알파원 오토체인지 해시태그 가맹점 5% 청구할인
https://www.card-gorilla.com/card/detail/144,88,APP,기타혜택,UNMAPPED_FALLBACK_기타혜택,실물 없는 모바일 단독카드
https://www.card-gorilla.com/card/detail/144,88,여행/숙박,기타혜택,UNMAPPED_FALLBACK_기타혜택,"[꿀잠α Relax 할인서비스]
숙박/숙박App 20% 청구할인"
https://www.card-gorilla.com/card/detail/144,88,교통,기타혜택,UNMAPPED_FALLBACK_기타혜택,"[꿀잠α Relax 할인서비스]
여객/운송 20% 청구할인"
https://www.card-gorilla.com/card/detail/144,88,인테리어,기타혜택,UNMAPPED_FALLBACK_기타혜택,"[꿀잠α Relax 할인서비스]
인테리어 20% 청구할인"
https://www.card-gorilla.com/card/detail/144,88,캐시백,기타혜택,UNMAPPED_FALLBACK_기타혜택,꿀잠α 해외 가맹점 3% 캐시백
https://www.card-gorilla.com/card/detail/144,88,할인,기타혜택,UNMAPPED_FALLBACK_기타혜택,알파원 오토체인지 해시태그 가맹점 5% 청구할인
https://www.card-gorilla.com/card/detail/145,89,APP,기타혜택,UNMAPPED_FALLBACK_기타혜택,실물 없는 모바일 단독카드
https://www.card-gorilla.com/card/detail/145,89,레저/스포츠,기타혜택,UNMAPPED_FALLBACK_기타혜택,"[꿀잼α Fun 할인서비스]
놀이업종 50%, 스포츠/레저 20% 청구할인"
https://www.card-gorilla.com/card/detail/145,89,공연/전시,기타혜택,UNMAPPED_FALLBACK_기타혜택,"[꿀잼α Fun 할인서비스]
공연/음악 20% 청구할인"
https://www.card-gorilla.com/card/detail/145,89,영화,영화,EXACT,"[꿀잼α Fun 할인서비스]
영화 건당 4천원 청구할인"
https://www.card-gorilla.com/card/detail/145,89,할인,기타혜택,UNMAPPED_FALLBACK_기타혜택,알파원 오토체인지 해시태그 가맹점 5% 청구할인
https://www.card-gorilla.com/card/detail/146,90,선택형,기타혜택,UNMAPPED_FALLBACK_기타혜택,"[적립형] 국내/외 전 가맹점 0.7% 기본적립, 7대 영역 중 월간 이용횟수가 가장 높은 2개 영역 3% 추가적립"
https://www.card-gorilla.com/card/detail/146,90,선택형,기타혜택,UNMAPPED_FALLBACK_기타혜택,"[할인형] 국내/외 전 가맹점 0.7% 기본할인, 7대 영역 중 월간 이용횟수가 가장 높은 2개 영역 5% 추가할인"
https://www.card-gorilla.com/card/detail/146,90,선택형,기타혜택,UNMAPPED_FALLBACK_기타혜택,추가 적립/할인 7대 영역 안내
https://www.card-gorilla.com/card/detail/148,91,삼성페이,기타혜택,UNMAPPED_FALLBACK_기타혜택,삼성페이 10% 할인서비스
https://www.card-gorilla.com/card/detail/148,91,생활,생활,EXACT,주요 생활영역 5% 할인서비스
https://www.card-gorilla.com/card/detail/152,92,학원,교육육아,SYNONYM_APPLIED,"교육 업종(학원, 학습지 등) 5~7% 청구할인"
https://www.card-gorilla.com/card/detail/152,92,약국,기타혜택,UNMAPPED_FALLBACK_기타혜택,약국 이용 시 10% 청구할인
https://www.card-gorilla.com/card/detail/156,93,쇼핑,쇼핑,EXACT,쇼핑서비스 대상 가맹점 5~10% 적립
https://www.card-gorilla.com/card/detail/156,93,통신,통신,EXACT,이동통신요금 자동이체 시 5% 적립
https://www.card-gorilla.com/card/detail/156,93,대중교통,대중교통,EXACT,"버스, 지하철 이용시 5% 적립"
https://www.card-gorilla.com/card/detail/156,93,은행사,기타혜택,UNMAPPED_FALLBACK_기타혜택,금융 수수료 면제
https://www.card-gorilla.com/card/detail/156,93,기타,기타,EXACT,기타서비스
https://www.card-gorilla.com/card/detail/162,94,쇼핑,쇼핑,EXACT,"전국 주요 쇼핑업종, 모든 해외가맹점 청구할인 5% 할인(월5천원~2만5천원)"
https://www.card-gorilla.com/card/detail/162,94,테마파크,테마파크,EXACT,전국 주요 놀이공원 할인
https://www.card-gorilla.com/card/detail/163,95,쇼핑,쇼핑,EXACT,"전국 주요 쇼핑업종, 모든 해외가맹점 청구할인 7% 할인(월5천원~5만원)"
https://www.card-gorilla.com/card/detail/163,95,카페,카페,EXACT,"스타벅스(사이렌오더 포함), 카페베네, 커피빈, 탐앤탐스 4천원 할인"
https://www.card-gorilla.com/card/detail/163,95,테마파크,테마파크,EXACT,전국 주요 놀이공원 할인
https://www.card-gorilla.com/card/detail/164,96,푸드,기타혜택,UNMAPPED_FALLBACK_기타혜택,전국 음식점 7% 청구할인(해외포함)
https://www.card-gorilla.com/card/detail/164,96,교통,기타혜택,UNMAPPED_FALLBACK_기타혜택,전국 대중교통 7% 청구할인(해외포함)
https://www.card-gorilla.com/card/detail/164,96,온라인쇼핑,온라인쇼핑,EXACT,국내외 온라인쇼핑 7% 청구할인
https://www.card-gorilla.com/card/detail/164,96,카페,카페,EXACT,국내외 커피전문점 30% 청구할인
https://www.card-gorilla.com/card/detail/164,96,테마파크,테마파크,EXACT,전국 주요 놀이공원 할인
https://www.card-gorilla.com/card/detail/166,97,모든가맹점,모든가맹점,EXACT,국내·외 전 가맹점 0.7~1% 청구할인
https://www.card-gorilla.com/card/detail/167,98,모든가맹점,모든가맹점,EXACT,국내·외 전 가맹점 0.7~1.4% 청구할인
https://www.card-gorilla.com/card/detail/167,98,교통,기타혜택,UNMAPPED_FALLBACK_기타혜택,대중교통 및 통신요금 5% 청구할인
https://www.card-gorilla.com/card/detail/167,98,프리미엄,기타혜택,UNMAPPED_FALLBACK_기타혜택,프리미엄 서비스
https://www.card-gorilla.com/card/detail/174,99,국민행복,기타혜택,UNMAPPED_FALLBACK_기타혜택,"임신출산, 보육료/유아학비 등 지원"
https://www.card-gorilla.com/card/detail/174,99,멤버십포인트,기타혜택,UNMAPPED_FALLBACK_기타혜택,그린카드 멤버십 서비스 (공통 서비스)
https://www.card-gorilla.com/card/detail/174,99,기타,기타,EXACT,공통서비스
https://www.card-gorilla.com/card/detail/174,99,바우처,기타혜택,UNMAPPED_FALLBACK_기타혜택,각종 바우처 제공
https://www.card-gorilla.com/card/detail/175,100,모든가맹점,모든가맹점,EXACT,농협판매장 이용 시 10% NH포인트 적립
https://www.card-gorilla.com/card/detail/175,100,멤버십포인트,기타혜택,UNMAPPED_FALLBACK_기타혜택,"제휴서비스(OK Cashbag, GS&Point, POP)"
https://www.card-gorilla.com/card/detail/176,101,홈쇼핑,기타혜택,UNMAPPED_FALLBACK_기타혜택,6대 홈쇼핑 이용액 6% 할인
https://www.card-gorilla.com/card/detail/176,101,생활,생활,EXACT,"패밀리레스토랑, 커피, 영화 등 할인"
https://www.card-gorilla.com/card/detail/185,102,생활,생활,EXACT,아파트관리비 최대 1만원 할인
https://www.card-gorilla.com/card/detail/185,102,쇼핑,쇼핑,EXACT,쇼핑 최대 1만원 할인
https://www.card-gorilla.com/card/detail/185,102,학원,교육육아,SYNONYM_APPLIED,학원 업종 5% 할인
https://www.card-gorilla.com/card/detail/185,102,카페,카페,EXACT,"커피, 베이커리 5% 할인"
https://www.card-gorilla.com/card/detail/186,103,마트/편의점,기타혜택,UNMAPPED_FALLBACK_기타혜택,농협 판매장 10% 할인
https://www.card-gorilla.com/card/detail/186,103,생활,생활,EXACT,생활 업종 10% 할인
https://www.card-gorilla.com/card/detail/186,103,온라인쇼핑,온라인쇼핑,EXACT,농협몰 10% 할인
https://www.card-gorilla.com/card/detail/186,103,통신,통신,EXACT,통신요금 10% 할인
https://www.card-gorilla.com/card/detail/186,103,기타,기타,EXACT,에코머니 포인트 적립
https://www.card-gorilla.com/card/detail/191,104,SKT,기타혜택,UNMAPPED_FALLBACK_기타혜택,SKT라이트할부 및 통신료 할인 서비스
https://www.card-gorilla.com/card/detail/191,104,카페/디저트,카페,SYNONYM_APPLIED,생활 할인 서비스
https://www.card-gorilla.com/card/detail/191,104,테마파크,테마파크,EXACT,전국 주요 놀이공원 무료입장 또는 할인
https://www.card-gorilla.com/card/detail/192,105,KT,KT,EXACT,"KT라이트할부 서비스
KT통신요금(자동이체) 할인 서비스"
https://www.card-gorilla.com/card/detail/192,105,생활,생활,EXACT,"커피, 베이커리, 아이스크림 10% 청구할인
영화 CGV 1천원 청구할인"
https://www.card-gorilla.com/card/detail/192,105,테마파크,테마파크,EXACT,전국 주요 놀이공원 할인
https://www.card-gorilla.com/card/detail/193,106,LGU+,LGU+,EXACT,"LGU+ 라이트할부 및 통신료 자동이체 최대 17,000원 할인"
https://www.card-gorilla.com/card/detail/193,106,생활,생활,EXACT,"커피, 베이커리 10% 청구할인 및 CGV 1,000원 청구할인"
https://www.card-gorilla.com/card/detail/193,106,테마파크,테마파크,EXACT,전국 주요 놀이공원 30~50% 할인
https://www.card-gorilla.com/card/detail/194,107,적립,기타혜택,UNMAPPED_FALLBACK_기타혜택,더블포인트 적립 서비스
https://www.card-gorilla.com/card/detail/194,107,무이자할부,기타혜택,UNMAPPED_FALLBACK_기타혜택,6개월 슬림할부(부분 무이자할부) 서비스
https://www.card-gorilla.com/card/detail/197,108,할인,기타혜택,UNMAPPED_FALLBACK_기타혜택,쇼핑업종 5% + 대중교통 10% 할인
https://www.card-gorilla.com/card/detail/198,109,할인,기타혜택,UNMAPPED_FALLBACK_기타혜택,쇼핑업종 5% + 이동통신 10% 할인
https://www.card-gorilla.com/card/detail/199,110,할인,기타혜택,UNMAPPED_FALLBACK_기타혜택,쇼핑업종 5% + 점심시간(12~14시) 음식점 10% 할인
https://www.card-gorilla.com/card/detail/199,110,NEW 씨티 클리어,기타혜택,UNMAPPED_FALLBACK_기타혜택,씨티카드
https://www.card-gorilla.com/card/detail/200,111,쇼핑,쇼핑,EXACT,쇼핑+해외이용금액 할인
https://www.card-gorilla.com/card/detail/201,112,백화점,백화점,EXACT,롯데백화점 15% 결제일할인
https://www.card-gorilla.com/card/detail/201,112,백화점,백화점,EXACT,롯데백화점 5% 현장할인 e-쿠폰 제공
https://www.card-gorilla.com/card/detail/201,112,무이자할부,기타혜택,UNMAPPED_FALLBACK_기타혜택,롯데백화점 12개월 할부서비스
https://www.card-gorilla.com/card/detail/201,112,멤버십포인트,기타혜택,UNMAPPED_FALLBACK_기타혜택,L.POINT
https://www.card-gorilla.com/card/detail/203,113,모든가맹점,모든가맹점,EXACT,[다 할인 서비스] 모든 가맹점 1% 청구할인
https://www.card-gorilla.com/card/detail/203,113,대중교통,대중교통,EXACT,[더 할인 서비스] 교통 1.5% 청구할인
https://www.card-gorilla.com/card/detail/203,113,통신,통신,EXACT,[더 할인 서비스] 통신 1.5% 청구할인
https://www.card-gorilla.com/card/detail/203,113,대형마트,대형마트,EXACT,[더 할인 서비스] 마트 1.5% 청구할인
https://www.card-gorilla.com/card/detail/203,113,주유소,주유소,EXACT,[더 할인 서비스] 주유 1.5% 청구할인
https://www.card-gorilla.com/card/detail/203,113,해외이용,기타혜택,UNMAPPED_FALLBACK_기타혜택,[더 할인 서비스] 해외 1.5% 청구할인
https://www.card-gorilla.com/card/detail/204,114,모든가맹점,모든가맹점,EXACT,[다 적립 서비스] 모든 가맹점 1% 적립
https://www.card-gorilla.com/card/detail/204,114,대중교통,대중교통,EXACT,[더 적립 서비스] 교통 1.5% 적립
https://www.card-gorilla.com/card/detail/204,114,통신,통신,EXACT,[더 적립 서비스] 통신 1.5% 적립
https://www.card-gorilla.com/card/detail/204,114,대형마트,대형마트,EXACT,[더 적립 서비스] 마트 1.5% 적립
https://www.card-gorilla.com/card/detail/204,114,주유소,주유소,EXACT,[더 적립 서비스] 주유 1.5% 적립
https://www.card-gorilla.com/card/detail/204,114,해외이용,기타혜택,UNMAPPED_FALLBACK_기타혜택,[더 적립 서비스] 해외 1.5% 적립
https://www.card-gorilla.com/card/detail/205,115,공과금,기타혜택,UNMAPPED_FALLBACK_기타혜택,"통신비, 주거비, 교육비 5% 할인"
https://www.card-gorilla.com/card/detail/205,115,대형마트,대형마트,EXACT,주말 식료품비 5% 할인
https://www.card-gorilla.com/card/detail/205,115,생활,생활,EXACT,"의료비, 교통비, 편의점 5% 할인"
https://www.card-gorilla.com/card/detail/206,116,주유,주유소,SYNONYM_APPLIED,주유소(가스충전소) 리터당 80원 할인
https://www.card-gorilla.com/card/detail/206,116,정비,기타혜택,UNMAPPED_FALLBACK_기타혜택,스피드메이트 엔진오일 할인 제공
https://www.card-gorilla.com/card/detail/206,116,교통,기타혜택,UNMAPPED_FALLBACK_기타혜택,"시내버스, 지하철, 택시 10% 할인"
https://www.card-gorilla.com/card/detail/206,116,쇼핑,쇼핑,EXACT,롯데마트 10% 할인
https://www.card-gorilla.com/card/detail/207,117,기타,기타,EXACT,경차 유류세 환급
https://www.card-gorilla.com/card/detail/207,117,주유소,주유소,EXACT,주유 할인 서비스
https://www.card-gorilla.com/card/detail/207,117,대중교통,대중교통,EXACT,교통 할인 서비스
https://www.card-gorilla.com/card/detail/207,117,쇼핑,쇼핑,EXACT,쇼핑 할인 서비스
https://www.card-gorilla.com/card/detail/207,117,정비,기타혜택,UNMAPPED_FALLBACK_기타혜택,정비(엔진오일) 할인 서비스
https://www.card-gorilla.com/card/detail/207,117,헤어,기타혜택,UNMAPPED_FALLBACK_기타혜택,미용실 최대 20% 할인
https://www.card-gorilla.com/card/detail/207,117,테마파크,테마파크,EXACT,놀이공원 할인
https://www.card-gorilla.com/card/detail/207,117,경기관람,기타혜택,UNMAPPED_FALLBACK_기타혜택,롯데 자이언츠 20% 할인
https://www.card-gorilla.com/card/detail/207,117,영화,영화,EXACT,"뮤지컬, 연극 등 공연 10~30% 할인"
https://www.card-gorilla.com/card/detail/207,117,패밀리레스토랑,기타혜택,UNMAPPED_FALLBACK_기타혜택,외식 할인
https://www.card-gorilla.com/card/detail/214,118,공과금,기타혜택,UNMAPPED_FALLBACK_기타혜택,"월납생활비 - 이동통신, 공과금, 교육, 보험 5~10% 결제일 할인"
https://www.card-gorilla.com/card/detail/214,118,대형마트,대형마트,EXACT,주말생활비 - 마트/슈퍼 5~10% 결제일 할인
https://www.card-gorilla.com/card/detail/214,118,생활,생활,EXACT,"일상생활비 - 의료, 교통, 편의점 5~10% 결제일 할인"
https://www.card-gorilla.com/card/detail/215,119,일반음식점,기타혜택,UNMAPPED_FALLBACK_기타혜택,언제나 할인 - 음식점 5% 결제일 할인
https://www.card-gorilla.com/card/detail/215,119,대중교통,대중교통,EXACT,"출퇴근 할인 - 시내버스, 지하철 10% 결제일 할인"
https://www.card-gorilla.com/card/detail/215,119,점심,기타혜택,UNMAPPED_FALLBACK_기타혜택,"점심 할인 - 음식점 10%, 커피 30% 결제일 할인"
https://www.card-gorilla.com/card/detail/215,119,온라인쇼핑,온라인쇼핑,EXACT,퇴근 후 할인 - 온라인쇼핑 10만원 이상 결제 시 5천원 결제일 할인
https://www.card-gorilla.com/card/detail/215,119,영화,영화,EXACT,"주말 할인 - 롯데시네마, CGV 1만원 이상 결제 시 3천원 결제일 할인"
https://www.card-gorilla.com/card/detail/217,120,주유,주유소,SYNONYM_APPLIED,주말 주유 리터당 60원 할인
https://www.card-gorilla.com/card/detail/217,120,푸드,기타혜택,UNMAPPED_FALLBACK_기타혜택,야간요식 5~10% 결제일 할인
https://www.card-gorilla.com/card/detail/217,120,쇼핑,쇼핑,EXACT,"쇼핑(소셜커머스, SPA브랜드, 편의점) 5~10% 결제일 할인"
https://www.card-gorilla.com/card/detail/217,120,병원/약국,병원약국,SYNONYM_APPLIED,"헬스케어(병원, 약국, 동물병원) 5~10% 결제일 할인"
https://www.card-gorilla.com/card/detail/217,120,교통,기타혜택,UNMAPPED_FALLBACK_기타혜택,"대중교통(시내버스, 지하철, 택시) 5~10% 결제일 할인"
https://www.card-gorilla.com/card/detail/227,121,SKT,기타혜택,UNMAPPED_FALLBACK_기타혜택,"SK텔레콤 이동통신 요금 최대 15,000원 청구할인"
https://www.card-gorilla.com/card/detail/227,121,주유소,주유소,EXACT,"SK주유소 리터당 최대 150원 청구할인
SK충전소 리터당 최대 70원 청구할인"
https://www.card-gorilla.com/card/detail/227,121,생활,생활,EXACT,"교통, 영화, 외식, 커피 등 최대 10% 청구할인"
https://www.card-gorilla.com/card/detail/227,121,대형마트,대형마트,EXACT,"이마트, 홈플러스, 롯데마트 최대 10% 청구할인"
https://www.card-gorilla.com/card/detail/227,121,학원,교육육아,SYNONYM_APPLIED,학원 업종 최대 10% 청구할인
https://www.card-gorilla.com/card/detail/227,121,멤버십포인트,기타혜택,UNMAPPED_FALLBACK_기타혜택,SK멤버십 서비스
https://www.card-gorilla.com/card/detail/227,121,프리미엄 서비스,기타혜택,UNMAPPED_FALLBACK_기타혜택,브랜드 서비스
https://www.card-gorilla.com/card/detail/227,121,기타,기타,EXACT,"면세점/여행 관련 서비스,
하나은행 결제 계좌 고객 우대 서비스"
https://www.card-gorilla.com/card/detail/228,122,모든가맹점,모든가맹점,EXACT,모든 가맹점 0.8% 청구할인
https://www.card-gorilla.com/card/detail/228,122,온라인쇼핑,온라인쇼핑,EXACT,온라인 가맹점 1.3% 청구할인
https://www.card-gorilla.com/card/detail/228,122,APP,기타혜택,UNMAPPED_FALLBACK_기타혜택,1Q Pay 이용시 온라인 가맹점 1.4% 청구할인
https://www.card-gorilla.com/card/detail/231,123,공과금,기타혜택,UNMAPPED_FALLBACK_기타혜택,국내 특화가맹점/해외 모든가맹점 하나머니 적립
https://www.card-gorilla.com/card/detail/231,123,카페,카페,EXACT,"스타벅스, 커피빈 할인"
https://www.card-gorilla.com/card/detail/231,123,생활,생활,EXACT,아파트관리비 자동이체 시 하나머니 적립
https://www.card-gorilla.com/card/detail/231,123,기타,기타,EXACT,하나멤버스 서비스
https://www.card-gorilla.com/card/detail/232,124,쇼핑,쇼핑,EXACT,국내 특화가맹점/해외 모든가맹점 하나머니 적립
https://www.card-gorilla.com/card/detail/232,124,카페,카페,EXACT,"스타벅스, 커피빈 할인"
https://www.card-gorilla.com/card/detail/232,124,생활,생활,EXACT,아파트관리비 자동이체 시 하나머니 적립
https://www.card-gorilla.com/card/detail/232,124,기타,기타,EXACT,하나멤버스 서비스
https://www.card-gorilla.com/card/detail/234,125,모든가맹점,모든가맹점,EXACT,Daily/Monthly 하나머니 적립
https://www.card-gorilla.com/card/detail/234,125,카페,카페,EXACT,"스타벅스, 커피빈 할인"
https://www.card-gorilla.com/card/detail/234,125,생활,생활,EXACT,아파트관리비 자동이체 시 하나머니 적립
https://www.card-gorilla.com/card/detail/234,125,기타,기타,EXACT,하나멤버스 서비스
https://www.card-gorilla.com/card/detail/237,126,선택형,기타혜택,UNMAPPED_FALLBACK_기타혜택,6개 영역 중 선택한 3개 영역 하나머니 적립
https://www.card-gorilla.com/card/detail/237,126,온라인쇼핑,온라인쇼핑,EXACT,온라인쇼핑 적립(공통서비스)
https://www.card-gorilla.com/card/detail/237,126,통신,통신,EXACT,통신요금 적립(공통서비스)
https://www.card-gorilla.com/card/detail/237,126,교통,기타혜택,UNMAPPED_FALLBACK_기타혜택,대중교통 적립(공통서비스)
https://www.card-gorilla.com/card/detail/237,126,영화,영화,EXACT,영화 적립(공통서비스)
https://www.card-gorilla.com/card/detail/237,126,프리미엄 서비스,기타혜택,UNMAPPED_FALLBACK_기타혜택,옵션서비스(프리미엄 부가서비스)
https://www.card-gorilla.com/card/detail/238,127,적립,기타혜택,UNMAPPED_FALLBACK_기타혜택,"[데일리 적립]
전월실적에 따라 0.3%~1.0% 하나머니 적립(적립한도 없음)"
https://www.card-gorilla.com/card/detail/238,127,적립,기타혜택,UNMAPPED_FALLBACK_기타혜택,"[플러스 적립]
온라인쇼핑, 통신/교통/자동이체, 해외영역별 이번달 합산 이용금액 10만원 이상시 5천 하나머니 적립"
https://www.card-gorilla.com/card/detail/238,127,주유,주유소,SYNONYM_APPLIED,SK주유소 월 최대 6천원 청구할인
https://www.card-gorilla.com/card/detail/238,127,카페,카페,EXACT,스타벅스/커피빈 4천원 이상 결제시 4천원 청구할인
https://www.card-gorilla.com/card/detail/238,127,공과금,기타혜택,UNMAPPED_FALLBACK_기타혜택,"이번달 아파트관리비 / 4대보험 자동이체 금액
합산 10만원 이상일 때 5천 하나머니 적립"
https://www.card-gorilla.com/card/detail/239,128,적립,기타혜택,UNMAPPED_FALLBACK_기타혜택,"[쇼핑 적립]
마트, 백화점 이용금액 하나머니 적립(월 최대 4만 머니)"
https://www.card-gorilla.com/card/detail/239,128,적립,기타혜택,UNMAPPED_FALLBACK_기타혜택,"[플러스 적립]
온라인쇼핑, 통신/교통/자동이체, 해외영역별 이번달 합산 이용금액 10만원 이상시 5천 하나머니 적립"
https://www.card-gorilla.com/card/detail/239,128,주유,주유소,SYNONYM_APPLIED,SK주유소 월 최대 6천원 청구할인
https://www.card-gorilla.com/card/detail/239,128,카페,카페,EXACT,스타벅스/커피빈 4천원 이상 결제시 4천원 청구할인
https://www.card-gorilla.com/card/detail/239,128,공과금,기타혜택,UNMAPPED_FALLBACK_기타혜택,"이번달 아파트관리비 / 4대보험 자동이체 금액
합산 10만원 이상일 때 5천 하나머니 적립"
https://www.card-gorilla.com/card/detail/240,129,생활,생활,EXACT,"[리빙 적립]
주유, 학원 이용금액 하나머니 적립(월 최대 4만 머니)"
https://www.card-gorilla.com/card/detail/240,129,적립,기타혜택,UNMAPPED_FALLBACK_기타혜택,"[플러스 적립]
온라인쇼핑, 통신/교통/자동이체, 해외영역별 이번달 합산 이용금액 10만원 이상시 5천 하나머니 적립"
https://www.card-gorilla.com/card/detail/240,129,SSM,기타혜택,UNMAPPED_FALLBACK_기타혜택,국내 SSM 1만원 이상 결제할 때마다 1천원 청구할인
https://www.card-gorilla.com/card/detail/240,129,카페,카페,EXACT,스타벅스/커피빈 4천원 이상 결제시 4천원 청구할인
https://www.card-gorilla.com/card/detail/240,129,공과금,기타혜택,UNMAPPED_FALLBACK_기타혜택,"이번달 아파트관리비 / 4대보험 자동이체 금액
합산 10만원 이상일 때 5천 하나머니 적립"
https://www.card-gorilla.com/card/detail/241,130,쇼핑,쇼핑,EXACT,쇼핑 또는 주유 이용금액 스페셜 적립
https://www.card-gorilla.com/card/detail/241,130,생활,생활,EXACT,"온라인쇼핑, 통신/교통/자동이체, 해외 이용금액 플러스적립"
https://www.card-gorilla.com/card/detail/241,130,일반음식점,기타혜택,UNMAPPED_FALLBACK_기타혜택,국내 음식업종 할인
https://www.card-gorilla.com/card/detail/241,130,카페,카페,EXACT,"스타벅스, 커피빈 4,000원 할인"
https://www.card-gorilla.com/card/detail/241,130,공과금/렌탈,기타혜택,UNMAPPED_FALLBACK_기타혜택,"아파트관리비, 4대보험 적립"
https://www.card-gorilla.com/card/detail/242,131,항공마일리지,항공,SYNONYM_APPLIED,HANA Mile 적립
https://www.card-gorilla.com/card/detail/242,131,카페,카페,EXACT,"스타벅스 4,000원 청구할인"
https://www.card-gorilla.com/card/detail/242,131,영화,영화,EXACT,"CGV, 롯데시네마 4,000원 청구할인"
https://www.card-gorilla.com/card/detail/243,132,항공마일리지,항공,SYNONYM_APPLIED,HANA Mile 적립
https://www.card-gorilla.com/card/detail/243,132,카페,카페,EXACT,"스타벅스 4,000원 청구할인"
https://www.card-gorilla.com/card/detail/243,132,영화,영화,EXACT,"CGV, 롯데시네마 4,000원 청구할인"
https://www.card-gorilla.com/card/detail/244,133,항공마일리지,항공,SYNONYM_APPLIED,HANA Mile 적립
https://www.card-gorilla.com/card/detail/244,133,공항라운지/PP,기타혜택,UNMAPPED_FALLBACK_기타혜택,Priority Pass카드 무료 제공
https://www.card-gorilla.com/card/detail/244,133,카페/디저트,카페,SYNONYM_APPLIED,"스타벅스 4,000원 청구할인"
https://www.card-gorilla.com/card/detail/244,133,OTT/영화/문화,기타혜택,UNMAPPED_FALLBACK_기타혜택,"CGV, 롯데시네마 4,000원 청구할인"
https://www.card-gorilla.com/card/detail/245,134,항공마일리지,항공,SYNONYM_APPLIED,HANA Mile 적립
https://www.card-gorilla.com/card/detail/245,134,공항라운지/PP,기타혜택,UNMAPPED_FALLBACK_기타혜택,Priority Pass카드 무료 제공
https://www.card-gorilla.com/card/detail/245,134,카페/디저트,카페,SYNONYM_APPLIED,"스타벅스 4,000원 청구할인"
https://www.card-gorilla.com/card/detail/245,134,OTT/영화/문화,기타혜택,UNMAPPED_FALLBACK_기타혜택,"CGV, 롯데시네마 4,000원 청구할인"
https://www.card-gorilla.com/card/detail/246,135,카페,카페,EXACT,스타벅스 30~50% 청구할인
https://www.card-gorilla.com/card/detail/246,135,통신,통신,EXACT,이동통신요금 자동이체 시 10% 청구할인
https://www.card-gorilla.com/card/detail/246,135,온라인쇼핑,온라인쇼핑,EXACT,"온라인쇼핑, 소셜커머스 5% 청구할인"
https://www.card-gorilla.com/card/detail/247,136,생활,생활,EXACT,"기본서비스(커피, 편의점, 통신, 영화할인)"
https://www.card-gorilla.com/card/detail/247,136,선택형,기타혜택,UNMAPPED_FALLBACK_기타혜택,"선택서비스(쇼핑, 주유할인)"
https://www.card-gorilla.com/card/detail/247,136,대중교통,대중교통,EXACT,"우대PLUS서비스(대중교통, 외식할인)"
https://www.card-gorilla.com/card/detail/247,136,테마파크,테마파크,EXACT,주요 놀이공원 현장할인
https://www.card-gorilla.com/card/detail/248,137,생활,생활,EXACT,"기본서비스(교육, 아파트관리비, 통신, 영화할인)"
https://www.card-gorilla.com/card/detail/248,137,선택형,기타혜택,UNMAPPED_FALLBACK_기타혜택,"선택서비스(쇼핑, 주유할인)"
https://www.card-gorilla.com/card/detail/248,137,대형마트,대형마트,EXACT,"우대PLUS서비스(대형마트, 외식할인)"
https://www.card-gorilla.com/card/detail/248,137,테마파크,테마파크,EXACT,주요 놀이공원 현장할인
https://www.card-gorilla.com/card/detail/250,138,대중교통,대중교통,EXACT,대중교통 청구할인
https://www.card-gorilla.com/card/detail/250,138,편의점,편의점,EXACT,편의점 청구할인
https://www.card-gorilla.com/card/detail/250,138,카페,카페,EXACT,커피 청구할인
https://www.card-gorilla.com/card/detail/251,139,해외,기타혜택,UNMAPPED_FALLBACK_기타혜택,"해외가맹점 결제 시 국제브랜드 수수료 1% 면제
해외이용 및 해외직구 이용금액 하나머니 적립"
https://www.card-gorilla.com/card/detail/251,139,여행/숙박,기타혜택,UNMAPPED_FALLBACK_기타혜택,"저가항공(LCC), 면세점 이용금액 하나머니 적립"
https://www.card-gorilla.com/card/detail/251,139,적립,기타혜택,UNMAPPED_FALLBACK_기타혜택,"온라인쇼핑, 통신/교통/자동이체 이용금액 하나머니 적립"
https://www.card-gorilla.com/card/detail/251,139,영화,영화,EXACT,국내 영화관 영화표 1만원 이상 결제하면 5천원 청구할인
https://www.card-gorilla.com/card/detail/252,140,모든가맹점,모든가맹점,EXACT,국내 가맹점 0.7% 청구할인
https://www.card-gorilla.com/card/detail/252,140,온라인쇼핑,온라인쇼핑,EXACT,국내 온라인 가맹점 1.7% 청구할인
https://www.card-gorilla.com/card/detail/252,140,해외,기타혜택,UNMAPPED_FALLBACK_기타혜택,해외 가맹점 1.7% 청구할인
https://www.card-gorilla.com/card/detail/254,141,점심,기타혜택,UNMAPPED_FALLBACK_기타혜택,점심시간 국내 일반음식점에서 10% 적립
https://www.card-gorilla.com/card/detail/254,141,적립,기타혜택,UNMAPPED_FALLBACK_기타혜택,국내 적립대상 가맹점 일시불/할부 이용 금액에 따라 하나머니 적립
https://www.card-gorilla.com/card/detail/254,141,선택형,기타혜택,UNMAPPED_FALLBACK_기타혜택,6가지 옵션 중 선택한 적립대상 가맹점에서 5% 적립
https://www.card-gorilla.com/card/detail/270,142,화장품,기타혜택,UNMAPPED_FALLBACK_기타혜택,아모레퍼시픽 할인
https://www.card-gorilla.com/card/detail/270,142,영화,영화,EXACT,영화 할인
https://www.card-gorilla.com/card/detail/270,142,카페,카페,EXACT,커피전문점 할인
https://www.card-gorilla.com/card/detail/270,142,대중교통,대중교통,EXACT,대중교통 할인
https://www.card-gorilla.com/card/detail/270,142,주유소,주유소,EXACT,주유소 할인
https://www.card-gorilla.com/card/detail/270,142,편의점,편의점,EXACT,편의점 할인
https://www.card-gorilla.com/card/detail/270,142,드럭스토어,드럭스토어,EXACT,올리브영 할인
https://www.card-gorilla.com/card/detail/270,142,대형마트,대형마트,EXACT,마트 할인
https://www.card-gorilla.com/card/detail/270,142,테마파크,테마파크,EXACT,놀이공원 할인
https://www.card-gorilla.com/card/detail/279,143,영화,영화,EXACT,"CGV 영화 예매 시 최대 7,000원 캐시백"
https://www.card-gorilla.com/card/detail/279,143,드럭스토어,드럭스토어,EXACT,올리브영 10% 캐시백
https://www.card-gorilla.com/card/detail/279,143,CJ ONE,기타혜택,UNMAPPED_FALLBACK_기타혜택,CJ ONE 5% 포인트 추가 적립
https://www.card-gorilla.com/card/detail/279,143,온라인쇼핑,온라인쇼핑,EXACT,CJ mall 5% 캐시백
https://www.card-gorilla.com/card/detail/279,143,푸드,기타혜택,UNMAPPED_FALLBACK_기타혜택,VIPS / 계절밥상 10% 캐시백
https://www.card-gorilla.com/card/detail/279,143,카페/디저트,카페,SYNONYM_APPLIED,투썸플레이스 / 뚜레쥬르 10% 캐시백
https://www.card-gorilla.com/card/detail/281,144,적립,기타혜택,UNMAPPED_FALLBACK_기타혜택,기본 포인트 적립
https://www.card-gorilla.com/card/detail/281,144,생활,생활,EXACT,추가 포인트 적립
https://www.card-gorilla.com/card/detail/281,144,생활,생활,EXACT,추가 포인트 적립
https://www.card-gorilla.com/card/detail/281,144,주유소,주유소,EXACT,주유소 적립
https://www.card-gorilla.com/card/detail/281,144,택시,택시,EXACT,택시 할인
https://www.card-gorilla.com/card/detail/281,144,적립,기타혜택,UNMAPPED_FALLBACK_기타혜택,추가 포인트 적립
https://www.card-gorilla.com/card/detail/281,144,금융,기타혜택,UNMAPPED_FALLBACK_기타혜택,수수료 우대
https://www.card-gorilla.com/card/detail/282,145,영화,영화,EXACT,"신세계백화점 입점영화관 토,일요일 2천원 캐시백"
https://www.card-gorilla.com/card/detail/282,145,카페,카페,EXACT,스타벅스 사이즈업 지원 캐시백
https://www.card-gorilla.com/card/detail/282,145,생활,생활,EXACT,주요 업종 0.5% ~ 1% 마이신한포인트 적립
https://www.card-gorilla.com/card/detail/282,145,테마파크,테마파크,EXACT,"롯데월드, 서울랜드 50% 할인"
https://www.card-gorilla.com/card/detail/284,146,모든가맹점,모든가맹점,EXACT,모든 가맹점 0.3% 포인트 적립
https://www.card-gorilla.com/card/detail/284,146,쇼핑,쇼핑,EXACT,신한은행 결제 계좌 연결 제공 서비스(추가 포인트 적립)
https://www.card-gorilla.com/card/detail/284,146,은행사,기타혜택,UNMAPPED_FALLBACK_기타혜택,주거래Package
https://www.card-gorilla.com/card/detail/286,147,선택형,기타혜택,UNMAPPED_FALLBACK_기타혜택,플레이트 디자인 선택 가능
https://www.card-gorilla.com/card/detail/286,147,카카오페이,카카오페이,EXACT,카카오페이 결제 시 2% 적립
https://www.card-gorilla.com/card/detail/286,147,대중교통,대중교통,EXACT,대중교통 3% 적립
https://www.card-gorilla.com/card/detail/286,147,통신,통신,EXACT,이동통신요금 3% 적립
https://www.card-gorilla.com/card/detail/286,147,영화,영화,EXACT,CGV 영화 최대 3천원 적립
https://www.card-gorilla.com/card/detail/286,147,해외,기타혜택,UNMAPPED_FALLBACK_기타혜택,"해외 전가맹점(온라인 포함) 이용금액 1% 적립,
해외 인출 1건당 US  적립 제공"
https://www.card-gorilla.com/card/detail/286,147,프리미엄 서비스,기타혜택,UNMAPPED_FALLBACK_기타혜택,Master 플래티늄 서비스
https://www.card-gorilla.com/card/detail/294,148,적립,기타혜택,UNMAPPED_FALLBACK_기타혜택,전 가맹점 이용금액의 0.2% ~ 0.5% 마이신한포인트 적립
https://www.card-gorilla.com/card/detail/294,148,푸드,기타혜택,UNMAPPED_FALLBACK_기타혜택,요식업종 이용금액의 5% 할인
https://www.card-gorilla.com/card/detail/294,148,교통,기타혜택,UNMAPPED_FALLBACK_기타혜택,"버스, 지하철 이용금액의 5% 할인(후불교통 카드 선택 시)
SK주유소 주유 시 리터당 40원 할인(후불교통카드 미 선택 시)"
https://www.card-gorilla.com/card/detail/294,148,쇼핑,쇼핑,EXACT,"홈쇼핑 이용금액의 5% 할인
해외 이용금액의 5% 할인"
https://www.card-gorilla.com/card/detail/294,148,금융,기타혜택,UNMAPPED_FALLBACK_기타혜택,금융 우대 서비스
https://www.card-gorilla.com/card/detail/294,148,할인,기타혜택,UNMAPPED_FALLBACK_기타혜택,신한카드 S-Line 체크 할인한도
https://www.card-gorilla.com/card/detail/296,149,교통,기타혜택,UNMAPPED_FALLBACK_기타혜택,"버스,지하철,택시 이용금액의 10% 할인 (캐시백)"
https://www.card-gorilla.com/card/detail/296,149,카페,카페,EXACT,모든 커피 전문점 이용 금액의 20% 할인 (캐시백)
https://www.card-gorilla.com/card/detail/296,149,백화점,백화점,EXACT,4대 백화점 및 3대 할인점 이용 금액의 10% 할인 (캐시백)
https://www.card-gorilla.com/card/detail/300,150,렌터카,기타혜택,UNMAPPED_FALLBACK_기타혜택,SOCAR 결제 시 10% 할인(캐시백)
https://www.card-gorilla.com/card/detail/300,150,영화,영화,EXACT,영화 이용 시 10% 할인(캐시백)
https://www.card-gorilla.com/card/detail/300,150,기차,기타혜택,UNMAPPED_FALLBACK_기타혜택,"KTX, SRT 포함 철도 이용 시 5% 할인(캐시백)"
https://www.card-gorilla.com/card/detail/300,150,캐시백,기타혜택,UNMAPPED_FALLBACK_기타혜택,통합할인한도
https://www.card-gorilla.com/card/detail/301,151,KT,KT,EXACT,KT 통신요금 월 최대 5천원 캐시백
https://www.card-gorilla.com/card/detail/301,151,편의점,편의점,EXACT,GS25 5% 캐시백
https://www.card-gorilla.com/card/detail/301,151,영화,영화,EXACT,CGV 10% 캐시백
https://www.card-gorilla.com/card/detail/302,152,LGU+,LGU+,EXACT,LG U+ 통신요금 자동이체 시 최대 3천원 캐시백
https://www.card-gorilla.com/card/detail/302,152,편의점,편의점,EXACT,GS25 편의점 5% 캐시백
https://www.card-gorilla.com/card/detail/302,152,영화,영화,EXACT,맥스무비 최대 2천원 캐시백
https://www.card-gorilla.com/card/detail/302,152,테마파크,테마파크,EXACT,롯데월드/서울랜드 50% 현장할인
https://www.card-gorilla.com/card/detail/303,153,자동차,기타혜택,UNMAPPED_FALLBACK_기타혜택,경차 유류세 환급 서비스
https://www.card-gorilla.com/card/detail/303,153,주유,주유소,SYNONYM_APPLIED,GS칼텍스 주유할인 서비스(LPG포함)
https://www.card-gorilla.com/card/detail/303,153,보험,기타혜택,UNMAPPED_FALLBACK_기타혜택,DB손해보험 다이렉트 자동차보험 할인
https://www.card-gorilla.com/card/detail/306,154,도서,기타혜택,UNMAPPED_FALLBACK_기타혜택,리디북스 이용 시 10% 할인(캐시백)
https://www.card-gorilla.com/card/detail/306,154,영화,영화,EXACT,영화 예매시 10% 할인(캐시백)
https://www.card-gorilla.com/card/detail/306,154,패스트푸드,기타혜택,UNMAPPED_FALLBACK_기타혜택,KFC 이용 시 10% 할인(캐시백)
https://www.card-gorilla.com/card/detail/307,155,푸드,기타혜택,UNMAPPED_FALLBACK_기타혜택,"빽다방 이용시 20% 결제일 할인(캐시백)
더본(theborn) 모든 매장 이용 시 5% 결제일 할인(캐시백)"
https://www.card-gorilla.com/card/detail/307,155,영화,영화,EXACT,CGV 예매시 10% 할인
https://www.card-gorilla.com/card/detail/309,156,카페,카페,EXACT,EDIYA 특화 할인 서비스
https://www.card-gorilla.com/card/detail/309,156,NU 오하쳌(오늘하루체크),기타혜택,UNMAPPED_FALLBACK_기타혜택,우리카드
https://www.card-gorilla.com/card/detail/311,157,해외직구,기타혜택,UNMAPPED_FALLBACK_기타혜택,"몰테일(malltail) 배송비 결제 시 3천원 캐시백
테일리스트(taillist), 비타트라(Vitatra) 5% 즉시 할인 (최대 US  할인)"
https://www.card-gorilla.com/card/detail/311,157,해외이용,기타혜택,UNMAPPED_FALLBACK_기타혜택,해외 전 가맹점 이용액 (온라인 포함) 1.2% 캐시백
https://www.card-gorilla.com/card/detail/311,157,수수료우대,기타혜택,UNMAPPED_FALLBACK_기타혜택,해외 인출 1건당 US  캐시백
https://www.card-gorilla.com/card/detail/311,157,소셜커머스,기타혜택,UNMAPPED_FALLBACK_기타혜택,"쿠팡, 티몬 9% 캐시백"
https://www.card-gorilla.com/card/detail/311,157,편의점,편의점,EXACT,CU 9% 캐시백
https://www.card-gorilla.com/card/detail/311,157,카페,카페,EXACT,스타벅스 9% 캐시백
https://www.card-gorilla.com/card/detail/312,158,공항라운지/PP,기타혜택,UNMAPPED_FALLBACK_기타혜택,"전세계 1,000여개 공항라운지 무료 입장 서비스"
https://www.card-gorilla.com/card/detail/312,158,해외이용,기타혜택,UNMAPPED_FALLBACK_기타혜택,해외가맹점(해외직구 포함) 이용금액의 1~2% 캐시백
https://www.card-gorilla.com/card/detail/312,158,생활,생활,EXACT,"쇼핑, 커피, 영화, 편의점, 교통 등 국내 캐시백 서비스"
https://www.card-gorilla.com/card/detail/312,158,간편결제,간편결제,EXACT,"네이버페이, 카카오페이, PAYCO 1천원 추가 캐시백"
https://www.card-gorilla.com/card/detail/312,158,CJ ONE,기타혜택,UNMAPPED_FALLBACK_기타혜택,"멀티 멤버십 서비스(OK캐시백, CJ ONE)"
https://www.card-gorilla.com/card/detail/313,159,수수료우대,기타혜택,UNMAPPED_FALLBACK_기타혜택,[해외서비스] 해외이용수수료 면제
https://www.card-gorilla.com/card/detail/313,159,해외이용,기타혜택,UNMAPPED_FALLBACK_기타혜택,[해외서비스] 해외가맹점(해외직구 포함) 이용금액의 1~2% 캐시백
https://www.card-gorilla.com/card/detail/313,159,공항라운지,공항라운지,EXACT,[해외서비스] 인천 공항라운지 무료이용 서비스
https://www.card-gorilla.com/card/detail/313,159,생활,생활,EXACT,"[국내서비스] 쇼핑, 커피, 영화 등 다양한 국내 가맹점 할인 서비스"
https://www.card-gorilla.com/card/detail/315,160,카카오페이,카카오페이,EXACT,카카오페이 가맹점 이용금액 5% 캐쉬백
https://www.card-gorilla.com/card/detail/315,160,온라인쇼핑,온라인쇼핑,EXACT,온라인 쇼핑몰 이용금액 5% 캐쉬백
https://www.card-gorilla.com/card/detail/315,160,편의점,편의점,EXACT,오프라인 쇼핑 이용금액 5% 캐쉬백
https://www.card-gorilla.com/card/detail/315,160,기타,기타,EXACT,월간 통합 캐쉬백 한도
https://www.card-gorilla.com/card/detail/316,161,모든가맹점,모든가맹점,EXACT,L.POINT 0.3 ~ 1% 적립
https://www.card-gorilla.com/card/detail/316,161,테마파크,테마파크,EXACT,롯데월드 아쿠아리움 입장권 및 놀이공원 자유이용권 50% 현장할인
https://www.card-gorilla.com/card/detail/317,162,모든가맹점,모든가맹점,EXACT,모아포인트 0.3 ~ 1.5% 적립
https://www.card-gorilla.com/card/detail/317,162,테마파크,테마파크,EXACT,롯데아쿠아리움 및 주요 놀이공원 50% 현장할인
https://www.card-gorilla.com/card/detail/318,163,소셜커머스,기타혜택,UNMAPPED_FALLBACK_기타혜택,위메프 이용금액의 5%적립
https://www.card-gorilla.com/card/detail/318,163,카페,카페,EXACT,"스타벅스 30%, 편의점 5% 캐시백할인"
https://www.card-gorilla.com/card/detail/320,164,대형마트,대형마트,EXACT,롯데마트 매장 및 롯데마트몰 10% 캐시백 할인
https://www.card-gorilla.com/card/detail/320,164,카페,카페,EXACT,"스타벅스, 투썸플레이스 20% 캐시백 할인"
https://www.card-gorilla.com/card/detail/320,164,패밀리레스토랑,기타혜택,UNMAPPED_FALLBACK_기타혜택,"아웃백, TGIF 10% 캐시백 할인"
https://www.card-gorilla.com/card/detail/320,164,영화,영화,EXACT,"모든 영화관 3,000원 캐시백 할인"
https://www.card-gorilla.com/card/detail/320,164,대중교통,대중교통,EXACT,"시내버스, 지하철 1,500원 청구할인"
https://www.card-gorilla.com/card/detail/320,164,주유소,주유소,EXACT,GS칼텍스 리터당 40원 캐시백 할인
https://www.card-gorilla.com/card/detail/320,164,테마파크,테마파크,EXACT,주요 놀이공원 자유이용권 50% 현장할인
https://www.card-gorilla.com/card/detail/322,165,병원/약국,병원약국,SYNONYM_APPLIED,"모든 병원(동물병원 포함), 약국업종 5% 청구할인"
https://www.card-gorilla.com/card/detail/322,165,대중교통,대중교통,EXACT,"전국 시내버스, 지하철 5% 청구할인"
https://www.card-gorilla.com/card/detail/322,165,패밀리레스토랑,기타혜택,UNMAPPED_FALLBACK_기타혜택,"아웃백, TGIF 10% 청구할인"
https://www.card-gorilla.com/card/detail/322,165,카페,카페,EXACT,"스타벅스, 투썸플레이스 20% 청구할인"
https://www.card-gorilla.com/card/detail/322,165,테마파크,테마파크,EXACT,주요 놀이공원 자유이용권 50% 현장할인
https://www.card-gorilla.com/card/detail/322,165,멤버십포인트,기타혜택,UNMAPPED_FALLBACK_기타혜택,그린카드 멤버십 혜택
https://www.card-gorilla.com/card/detail/323,166,국민행복,기타혜택,UNMAPPED_FALLBACK_기타혜택,국민행복카드란?
https://www.card-gorilla.com/card/detail/323,166,병원/약국,병원약국,SYNONYM_APPLIED,for Baby Service [ A-TYPE ]
https://www.card-gorilla.com/card/detail/323,166,학원,교육육아,SYNONYM_APPLIED,for Children Service [ B-Type ]
https://www.card-gorilla.com/card/detail/323,166,멤버십포인트,기타혜택,UNMAPPED_FALLBACK_기타혜택,for Green Life Service [ C-Type ]
https://www.card-gorilla.com/card/detail/323,166,기타,기타,EXACT,공통서비스
https://www.card-gorilla.com/card/detail/324,167,공연/전시,기타혜택,UNMAPPED_FALLBACK_기타혜택,"YG 엔터테인먼트 공연티켓, 온라인몰 할인"
https://www.card-gorilla.com/card/detail/324,167,기타,기타,EXACT,YG 엔터테인먼트 운영 쇼핑몰 할인
https://www.card-gorilla.com/card/detail/324,167,생활,생활,EXACT,"커피, 영화, 외식 등 다양한 국내 가맹점 할인 서비스"
https://www.card-gorilla.com/card/detail/325,168,바우처,기타혜택,UNMAPPED_FALLBACK_기타혜택,"GIFT VOUCHER (연 1회, 택1회)"
https://www.card-gorilla.com/card/detail/325,168,모든가맹점,모든가맹점,EXACT,사용업종 또는 결제건당 금액에 따라 0.3~1% 모아포인트 적립
https://www.card-gorilla.com/card/detail/325,168,공항라운지/PP,기타혜택,UNMAPPED_FALLBACK_기타혜택,체크 브랜드별 공항라운지 이용 서비스
https://www.card-gorilla.com/card/detail/325,168,여행/숙박,기타혜택,UNMAPPED_FALLBACK_기타혜택,[Travel Service] 국내외 여행 관련 서비스 제공
https://www.card-gorilla.com/card/detail/325,168,푸드,기타혜택,UNMAPPED_FALLBACK_기타혜택,"치킨, 피자 10% 청구할인"
https://www.card-gorilla.com/card/detail/325,168,영화,영화,EXACT,"전국 영화관 3,000원 청구할인"
https://www.card-gorilla.com/card/detail/325,168,레저/스포츠,기타혜택,UNMAPPED_FALLBACK_기타혜택,골프 우대 서비스 및 자전거 무료 세척 서비스
https://www.card-gorilla.com/card/detail/325,168,주유소,주유소,EXACT,SK주유 및 충전 시 리터당 60원 청구할인
https://www.card-gorilla.com/card/detail/326,169,해피포인트,기타혜택,UNMAPPED_FALLBACK_기타혜택,해피포인트 가맹점 20% 캐시백할인 및 5%적립
https://www.card-gorilla.com/card/detail/326,169,마트/편의점,기타혜택,UNMAPPED_FALLBACK_기타혜택,주요할인점 5%할인
https://www.card-gorilla.com/card/detail/326,169,기타,기타,EXACT,공통서비스
https://www.card-gorilla.com/card/detail/328,170,카페,카페,EXACT,"커피전문점 1회당 1,000원 할인 캐시백"
https://www.card-gorilla.com/card/detail/329,171,백화점,백화점,EXACT,"갤러리아 백화점, Mall 5% 현장할인"
https://www.card-gorilla.com/card/detail/329,171,모든가맹점,모든가맹점,EXACT,업종별 0.3~1.5% 모아포인트 적립
https://www.card-gorilla.com/card/detail/329,171,해외이용,기타혜택,UNMAPPED_FALLBACK_기타혜택,해외 가맹점(해외직구 포함) 1% 캐시백 할인
https://www.card-gorilla.com/card/detail/329,171,테마파크,테마파크,EXACT,주요 놀이공원 50% 현장할인
https://www.card-gorilla.com/card/detail/330,172,마트/편의점,기타혜택,UNMAPPED_FALLBACK_기타혜택,편의점/올리브영 캐시백
https://www.card-gorilla.com/card/detail/330,172,도서,기타혜택,UNMAPPED_FALLBACK_기타혜택,서점 캐시백
https://www.card-gorilla.com/card/detail/330,172,패스트푸드,기타혜택,UNMAPPED_FALLBACK_기타혜택,베이커리/패스트푸드 캐시백
https://www.card-gorilla.com/card/detail/330,172,교통,기타혜택,UNMAPPED_FALLBACK_기타혜택,티머니 충전 캐시백
https://www.card-gorilla.com/card/detail/330,172,CJ ONE,기타혜택,UNMAPPED_FALLBACK_기타혜택,"멀티 멤버십 서비스(OK캐시백, CJ ONE)"
https://www.card-gorilla.com/card/detail/330,172,기타,기타,EXACT,통합 월 캐시백 한도
https://www.card-gorilla.com/card/detail/331,173,백화점,백화점,EXACT,현대백화점 및 현대아울렛 5% 할인
https://www.card-gorilla.com/card/detail/331,173,진에어,기타혜택,UNMAPPED_FALLBACK_기타혜택,진에어 5% 캐시백 할인
https://www.card-gorilla.com/card/detail/331,173,카페,카페,EXACT,"스타벅스, 커피빈 20% 캐시백 할인"
https://www.card-gorilla.com/card/detail/331,173,패밀리레스토랑,기타혜택,UNMAPPED_FALLBACK_기타혜택,"아웃백스테이크하우스, TGIF, VIPS, 우노 10% 캐시백 할인"
https://www.card-gorilla.com/card/detail/331,173,영화,영화,EXACT,"CGV, 메가박스, 롯데시네마 최대 6,000원 캐시백 할인"
https://www.card-gorilla.com/card/detail/331,173,도서,기타혜택,UNMAPPED_FALLBACK_기타혜택,"인터넷교보문고, 인터넷영풍문고, Yes24 3,000원 캐시백 할인"
https://www.card-gorilla.com/card/detail/331,173,주유소,주유소,EXACT,S-OIL 주유소 리터당 40원 캐시백 할인
https://www.card-gorilla.com/card/detail/331,173,테마파크,테마파크,EXACT,놀이공원 무료입장 및 자유이용권 최대 50% 현장할인
https://www.card-gorilla.com/card/detail/331,173,기타,기타,EXACT,"TOEIC 응시료 3,000원 캐시백 할인"
https://www.card-gorilla.com/card/detail/332,174,카카오페이,카카오페이,EXACT,카카오페이결제 2%적립
https://www.card-gorilla.com/card/detail/332,174,카페,카페,EXACT,커피전문점 업종 이용 시 카카오페이머니 1% 적립
https://www.card-gorilla.com/card/detail/332,174,베이커리,기타혜택,UNMAPPED_FALLBACK_기타혜택,제과/아이스크림 업종 이용시 카카오페이머니 1% 적립
https://www.card-gorilla.com/card/detail/332,174,편의점,편의점,EXACT,CU편의점 이용 시 카카오페이머니 1% 적립
https://www.card-gorilla.com/card/detail/332,174,대중교통,대중교통,EXACT,"대중교통(버스,지하철) 이용 시 카카오페이머니 1% 적립"
https://www.card-gorilla.com/card/detail/333,175,모든가맹점,모든가맹점,EXACT,국내외 가맹점 기본적립
https://www.card-gorilla.com/card/detail/333,175,카페/디저트,카페,SYNONYM_APPLIED,커피/제과아이스크림 업종 추가적립
https://www.card-gorilla.com/card/detail/333,175,영화,영화,EXACT,영화관 업종 추가적립
https://www.card-gorilla.com/card/detail/333,175,통신,통신,EXACT,"이동통신요금(SKT, KT, LG U+) 자동이체 시 추가적립"
https://www.card-gorilla.com/card/detail/333,175,대중교통,대중교통,EXACT,"대중교통(버스, 지하철) 추가적립"
https://www.card-gorilla.com/card/detail/333,175,소셜커머스,기타혜택,UNMAPPED_FALLBACK_기타혜택,"소셜커머스(티몬, 쿠팡, 위메프) 추가적립"
https://www.card-gorilla.com/card/detail/333,175,편의점,편의점,EXACT,GS25 편의점 추가적립
https://www.card-gorilla.com/card/detail/334,176,아시아나항공,아시아나항공,EXACT,"전가맹점 2,500원당 1마일 적립"
https://www.card-gorilla.com/card/detail/334,176,소셜커머스,기타혜택,UNMAPPED_FALLBACK_기타혜택,"소셜커머스, 스타벅스, 파리바게뜨 5% 환급할인"
https://www.card-gorilla.com/card/detail/335,177,편의점,편의점,EXACT,편의점 업종 5~10% 환급할인
https://www.card-gorilla.com/card/detail/335,177,소셜커머스,기타혜택,UNMAPPED_FALLBACK_기타혜택,다이소/소셜커머스 5~10% 환급할인
https://www.card-gorilla.com/card/detail/335,177,교통,기타혜택,UNMAPPED_FALLBACK_기타혜택,"대중교통, 택시 5% 환급할인"
https://www.card-gorilla.com/card/detail/335,177,애완동물,기타혜택,UNMAPPED_FALLBACK_기타혜택,올리브영·박승철헤어스투디오/동물병원 10% 환급할인
https://www.card-gorilla.com/card/detail/335,177,해외이용,기타혜택,UNMAPPED_FALLBACK_기타혜택,해외이용/해외직구 할인캐시백
https://www.card-gorilla.com/card/detail/335,177,여행/숙박,기타혜택,UNMAPPED_FALLBACK_기타혜택,라이프샵 여행 해외패키지 3% 현장할인
https://www.card-gorilla.com/card/detail/336,178,모든가맹점,모든가맹점,EXACT,모든 가맹점 포인트리 기본적립
https://www.card-gorilla.com/card/detail/336,178,푸드,기타혜택,UNMAPPED_FALLBACK_기타혜택,"음식점, 커피전문점 업종 포인트리 추가적립"
https://www.card-gorilla.com/card/detail/336,178,교통,기타혜택,UNMAPPED_FALLBACK_기타혜택,"대중교통, 택시 포인트리 추가적립"
https://www.card-gorilla.com/card/detail/336,178,통신,통신,EXACT,이동통신요금 포인트리 추가적립
https://www.card-gorilla.com/card/detail/338,179,모든가맹점,모든가맹점,EXACT,모든 가맹점 기본 환급할인 및 주말·공휴일 추가 환급할인
https://www.card-gorilla.com/card/detail/338,179,푸드,기타혜택,UNMAPPED_FALLBACK_기타혜택,"음식점, 커피전문점 업종 추가 환급할인"
https://www.card-gorilla.com/card/detail/338,179,교통,기타혜택,UNMAPPED_FALLBACK_기타혜택,"대중교통(버스·지하철), 택시 추가 환급할인"
https://www.card-gorilla.com/card/detail/338,179,통신,통신,EXACT,이동통신요금 추가 환급할인
https://www.card-gorilla.com/card/detail/338,179,해외,기타혜택,UNMAPPED_FALLBACK_기타혜택,해외이용 1% 할인캐시백
https://www.card-gorilla.com/card/detail/339,180,일반음식점,기타혜택,UNMAPPED_FALLBACK_기타혜택,한식 업종 5% 평일 환급할인
https://www.card-gorilla.com/card/detail/339,180,카페,카페,EXACT,"커피전문점, 베이커리, 아이스크림전문점 5% 평일 환급할인"
https://www.card-gorilla.com/card/detail/339,180,교통,기타혜택,UNMAPPED_FALLBACK_기타혜택,버스·지하철 5% 청구할인
https://www.card-gorilla.com/card/detail/340,181,대중교통,대중교통,EXACT,버스·지하철 10% 청구할인
https://www.card-gorilla.com/card/detail/340,181,통신,통신,EXACT,"이동통신요금 2,500원 환급할인"
https://www.card-gorilla.com/card/detail/340,181,영화,영화,EXACT,CGV 35% 환급할인
https://www.card-gorilla.com/card/detail/340,181,푸드,기타혜택,UNMAPPED_FALLBACK_기타혜택,"아웃백, VIPS / 스타벅스 20% 환급할인"
https://www.card-gorilla.com/card/detail/340,181,테마파크,테마파크,EXACT,에버랜드·롯데월드 50% 환급할인
https://www.card-gorilla.com/card/detail/340,181,금융,기타혜택,UNMAPPED_FALLBACK_기타혜택,금융수수료 면제 서비스
https://www.card-gorilla.com/card/detail/340,181,생활,생활,EXACT,GS25/교보문고 5% 환급할인
https://www.card-gorilla.com/card/detail/340,181,기타,기타,EXACT,통합할인한도
https://www.card-gorilla.com/card/detail/341,182,학원,교육육아,SYNONYM_APPLIED,문리계·외국어학원 7% 환급할인
https://www.card-gorilla.com/card/detail/341,182,도서,기타혜택,UNMAPPED_FALLBACK_기타혜택,서점업종 5% 환급할인
https://www.card-gorilla.com/card/detail/341,182,병원/약국,병원약국,SYNONYM_APPLIED,동물병원·약국업종 5% 환급할인
https://www.card-gorilla.com/card/detail/341,182,대중교통,대중교통,EXACT,버스·지하철 5% 청구할인
https://www.card-gorilla.com/card/detail/342,183,대중교통,대중교통,EXACT,버스·지하철 10% 청구할인
https://www.card-gorilla.com/card/detail/342,183,통신,통신,EXACT,"이동통신요금 2,500원 환급할인"
https://www.card-gorilla.com/card/detail/342,183,영화,영화,EXACT,CGV 35% 환급할인
https://www.card-gorilla.com/card/detail/342,183,패밀리레스토랑,기타혜택,UNMAPPED_FALLBACK_기타혜택,"아웃백, VIPS 20% 환급할인"
https://www.card-gorilla.com/card/detail/342,183,카페,카페,EXACT,스타벅스 20% 환급할인
https://www.card-gorilla.com/card/detail/342,183,테마파크,테마파크,EXACT,에버랜드·롯데월드 50% 환급할인
https://www.card-gorilla.com/card/detail/342,183,편의점,편의점,EXACT,GS25 5% 환급할인
https://www.card-gorilla.com/card/detail/342,183,도서,기타혜택,UNMAPPED_FALLBACK_기타혜택,교보문고 5% 환급할인
https://www.card-gorilla.com/card/detail/342,183,해피포인트,기타혜택,UNMAPPED_FALLBACK_기타혜택,해피포인트 5% 현장적립
https://www.card-gorilla.com/card/detail/342,183,은행사,기타혜택,UNMAPPED_FALLBACK_기타혜택,금융수수료 면제 서비스
https://www.card-gorilla.com/card/detail/342,183,기타,기타,EXACT,통합할인한도
https://www.card-gorilla.com/card/detail/343,184,주유소,주유소,EXACT,"GS칼텍스 리터당 주중 50점, 주말 60점 포인트리 적립"
https://www.card-gorilla.com/card/detail/343,184,패밀리레스토랑,기타혜택,UNMAPPED_FALLBACK_기타혜택,아웃백·VIPS 10% 포인트리 적립
https://www.card-gorilla.com/card/detail/343,184,영화,영화,EXACT,"CGV 3,000원 포인트리 적립"
https://www.card-gorilla.com/card/detail/343,184,대중교통,대중교통,EXACT,버스·지하철 5% 포인트리 적립
https://www.card-gorilla.com/card/detail/343,184,통신,통신,EXACT,"이동통신요금 2,500점 포인트리 적립"
https://www.card-gorilla.com/card/detail/343,184,온라인쇼핑,온라인쇼핑,EXACT,G마켓·옥션 3% 포인트리 적립
https://www.card-gorilla.com/card/detail/343,184,도서,기타혜택,UNMAPPED_FALLBACK_기타혜택,교보문고 3% 포인트리 적립
https://www.card-gorilla.com/card/detail/343,184,드럭스토어,드럭스토어,EXACT,올리브영 5% 포인트리 적립
https://www.card-gorilla.com/card/detail/343,184,테마파크,테마파크,EXACT,에버랜드 50% 포인트리 적립
https://www.card-gorilla.com/card/detail/343,184,기타,기타,EXACT,통합적립한도
https://www.card-gorilla.com/card/detail/344,185,아이행복,기타혜택,UNMAPPED_FALLBACK_기타혜택,아이행복카드란?
https://www.card-gorilla.com/card/detail/344,185,온라인쇼핑,온라인쇼핑,EXACT,인터넷쇼핑몰 5% 환급할인 서비스
https://www.card-gorilla.com/card/detail/344,185,약국,기타혜택,UNMAPPED_FALLBACK_기타혜택,약국 업종 5% 환급할인 서비스
https://www.card-gorilla.com/card/detail/345,186,백화점,백화점,EXACT,롯데·현대·신세계백화점 7% 환급할인
https://www.card-gorilla.com/card/detail/345,186,홈쇼핑,기타혜택,UNMAPPED_FALLBACK_기타혜택,GS홈쇼핑·CJ홈쇼핑 / G마켓·옥션 5% 환급할인
https://www.card-gorilla.com/card/detail/345,186,화장품,기타혜택,UNMAPPED_FALLBACK_기타혜택,미용실·화장품·피부미용 5% 환급할인
https://www.card-gorilla.com/card/detail/345,186,교통,기타혜택,UNMAPPED_FALLBACK_기타혜택,버스·지하철 5% 청구할인
https://www.card-gorilla.com/card/detail/345,186,해외이용,기타혜택,UNMAPPED_FALLBACK_기타혜택,해외이용 5% 할인 캐시백
https://www.card-gorilla.com/card/detail/346,187,대형마트,대형마트,EXACT,이마트·롯데마트·홈플러스 5% 환급할인
https://www.card-gorilla.com/card/detail/346,187,주유소,주유소,EXACT,SK에너지 리터당 60원 환급할인
https://www.card-gorilla.com/card/detail/346,187,정비,기타혜택,UNMAPPED_FALLBACK_기타혜택,스피드메이트 엔진오일교환 2만원 현장할인 및 정비 할인
https://www.card-gorilla.com/card/detail/346,187,패스트푸드,기타혜택,UNMAPPED_FALLBACK_기타혜택,패스트푸드 10% 환급할인
https://www.card-gorilla.com/card/detail/346,187,통신,통신,EXACT,"이동통신요금 2,500원 환급할인"
https://www.card-gorilla.com/card/detail/346,187,대중교통,대중교통,EXACT,버스·지하철 5% 청구할인
https://www.card-gorilla.com/card/detail/346,187,편의점,편의점,EXACT,CU편의점 3% CU포인트 적립
https://www.card-gorilla.com/card/detail/346,187,기타,기타,EXACT,통합할인한도
https://www.card-gorilla.com/card/detail/347,188,패밀리레스토랑,기타혜택,UNMAPPED_FALLBACK_기타혜택,아웃백·VIPS·TGIF·세븐스프링스
https://www.card-gorilla.com/card/detail/347,188,카페,카페,EXACT,"커피빈 주중 5%, 주말 10% 환급할인"
https://www.card-gorilla.com/card/detail/347,188,영화,영화,EXACT,CGV·메가박스 20% 환급할인
https://www.card-gorilla.com/card/detail/347,188,테마파크,테마파크,EXACT,에버랜드·서울랜드·롯데월드 30% 환급할인
https://www.card-gorilla.com/card/detail/347,188,편의점,편의점,EXACT,GS25 5% 환급할인
https://www.card-gorilla.com/card/detail/347,188,대중교통,대중교통,EXACT,버스·지하철 5% 청구할인
https://www.card-gorilla.com/card/detail/347,188,도서,기타혜택,UNMAPPED_FALLBACK_기타혜택,교보문고 3% 환급할인
https://www.card-gorilla.com/card/detail/347,188,헤어,기타혜택,UNMAPPED_FALLBACK_기타혜택,박승철헤어스투디오·올리브영 10% 환급할인
https://www.card-gorilla.com/card/detail/347,188,항공권,기타혜택,UNMAPPED_FALLBACK_기타혜택,제주항공 10% 환급할인
https://www.card-gorilla.com/card/detail/347,188,은행사,기타혜택,UNMAPPED_FALLBACK_기타혜택,금융수수료 면제 서비스
https://www.card-gorilla.com/card/detail/347,188,기타,기타,EXACT,통합할인한도
https://www.card-gorilla.com/card/detail/348,189,대중교통,대중교통,EXACT,버스·지하철 10% 청구할인
https://www.card-gorilla.com/card/detail/348,189,통신,통신,EXACT,"이동통신요금 2,500원 환급할인"
https://www.card-gorilla.com/card/detail/348,189,영화,영화,EXACT,CGV 35% 환급할인
https://www.card-gorilla.com/card/detail/348,189,푸드,기타혜택,UNMAPPED_FALLBACK_기타혜택,"아웃백, VIPS / 스타벅스 20% 환급할인"
https://www.card-gorilla.com/card/detail/348,189,테마파크,테마파크,EXACT,에버랜드·롯데월드 50% 환급할인
https://www.card-gorilla.com/card/detail/348,189,금융,기타혜택,UNMAPPED_FALLBACK_기타혜택,금융수수료 면제 서비스
https://www.card-gorilla.com/card/detail/348,189,편의점,편의점,EXACT,GS25 5% 환급할인
https://www.card-gorilla.com/card/detail/348,189,도서,기타혜택,UNMAPPED_FALLBACK_기타혜택,교보문고 5% 환급할인
https://www.card-gorilla.com/card/detail/349,190,대중교통,대중교통,EXACT,버스·지하철 10% 청구할인
https://www.card-gorilla.com/card/detail/349,190,통신,통신,EXACT,"이동통신요금 2,500원 환급할인"
https://www.card-gorilla.com/card/detail/349,190,영화,영화,EXACT,CGV 35% 환급할인
https://www.card-gorilla.com/card/detail/349,190,패밀리레스토랑,기타혜택,UNMAPPED_FALLBACK_기타혜택,"아웃백, VIPS 20% 환급할인"
https://www.card-gorilla.com/card/detail/349,190,카페,카페,EXACT,스타벅스 20% 환급할인
https://www.card-gorilla.com/card/detail/349,190,테마파크,테마파크,EXACT,에버랜드·롯데월드 50% 환급할인
https://www.card-gorilla.com/card/detail/349,190,편의점,편의점,EXACT,GS25 5% 환급할인
https://www.card-gorilla.com/card/detail/349,190,도서,기타혜택,UNMAPPED_FALLBACK_기타혜택,교보문고 5% 환급할인
https://www.card-gorilla.com/card/detail/349,190,해피포인트,기타혜택,UNMAPPED_FALLBACK_기타혜택,해피포인트 5% 현장적립
https://www.card-gorilla.com/card/detail/349,190,은행사,기타혜택,UNMAPPED_FALLBACK_기타혜택,금융수수료 면제 서비스
https://www.card-gorilla.com/card/detail/349,190,기타,기타,EXACT,통합할인한도
https://www.card-gorilla.com/card/detail/350,191,공과금/렌탈,기타혜택,UNMAPPED_FALLBACK_기타혜택,국세·지방세 7천원 환급할인
https://www.card-gorilla.com/card/detail/350,191,주유소,주유소,EXACT,"GS칼텍스 리터당 주중 50원, 주말 60원 환급할인"
https://www.card-gorilla.com/card/detail/350,191,정비,기타혜택,UNMAPPED_FALLBACK_기타혜택,스피드메이트 엔진오일교환 2만원 현장할인 및 정비 할인
https://www.card-gorilla.com/card/detail/350,191,렌터카,기타혜택,UNMAPPED_FALLBACK_기타혜택,SK렌터카 할인 (연 2회)
https://www.card-gorilla.com/card/detail/350,191,백화점,백화점,EXACT,롯데·현대·신세계백화점 5% 환급할인
https://www.card-gorilla.com/card/detail/350,191,패밀리레스토랑,기타혜택,UNMAPPED_FALLBACK_기타혜택,아웃백 10% 환급할인
https://www.card-gorilla.com/card/detail/350,191,대중교통,대중교통,EXACT,버스·지하철 5% 청구할인
https://www.card-gorilla.com/card/detail/350,191,통신,통신,EXACT,"이동통신요금 1,000원 환급할인 (월 1회)"
https://www.card-gorilla.com/card/detail/350,191,테마파크,테마파크,EXACT,에버랜드 50% 환급할인
https://www.card-gorilla.com/card/detail/350,191,해피포인트,기타혜택,UNMAPPED_FALLBACK_기타혜택,해피포인트 5% 현장적립
https://www.card-gorilla.com/card/detail/350,191,기타,기타,EXACT,통합할인한도
https://www.card-gorilla.com/card/detail/351,192,주유소,주유소,EXACT,"GS칼텍스 리터당 주중 50원, 주말 60원 환급할인"
https://www.card-gorilla.com/card/detail/351,192,대중교통,대중교통,EXACT,버스·지하철 5% 청구할인
https://www.card-gorilla.com/card/detail/351,192,통신,통신,EXACT,"이동통신요금 2,500원 환급할인"
https://www.card-gorilla.com/card/detail/351,192,영화,영화,EXACT,"CGV 3,000원 환급할인"
https://www.card-gorilla.com/card/detail/351,192,테마파크,테마파크,EXACT,에버랜드 50% 환급할인
https://www.card-gorilla.com/card/detail/351,192,온라인쇼핑,온라인쇼핑,EXACT,G마켓·옥션 3% 환급할인
https://www.card-gorilla.com/card/detail/351,192,드럭스토어,드럭스토어,EXACT,올리브영 5% 환급할인
https://www.card-gorilla.com/card/detail/351,192,도서,기타혜택,UNMAPPED_FALLBACK_기타혜택,교보문고 3% 환급할인
https://www.card-gorilla.com/card/detail/351,192,패밀리레스토랑,기타혜택,UNMAPPED_FALLBACK_기타혜택,아웃백·VIPS 10% 환급할인
https://www.card-gorilla.com/card/detail/351,192,기타,기타,EXACT,통합할인한도
https://www.card-gorilla.com/card/detail/353,193,멤버십포인트,기타혜택,UNMAPPED_FALLBACK_기타혜택,"CU편의점, 해피포인트 가맹점 2%적립"
https://www.card-gorilla.com/card/detail/353,193,교통,기타혜택,UNMAPPED_FALLBACK_기타혜택,"대중교통(버스,지하철)/택시업종 1% 포인트리 적립"
https://www.card-gorilla.com/card/detail/354,194,통신,통신,EXACT,LG U+ 이동통신요금 자동납부 시 4~6천원 환급할인
https://www.card-gorilla.com/card/detail/354,194,카페,카페,EXACT,스타벅스 10% 환급할인
https://www.card-gorilla.com/card/detail/354,194,영화,영화,EXACT,CGV 10% 환급할인
https://www.card-gorilla.com/card/detail/355,195,기타,기타,EXACT,H.Point 적립
https://www.card-gorilla.com/card/detail/355,195,카페,카페,EXACT,커피/제과 할인
https://www.card-gorilla.com/card/detail/355,195,영화,영화,EXACT,CGV 할인
https://www.card-gorilla.com/card/detail/355,195,드럭스토어,드럭스토어,EXACT,올리브영 할인
https://www.card-gorilla.com/card/detail/357,196,백화점,백화점,EXACT,AK특화 서비스
https://www.card-gorilla.com/card/detail/357,196,항공권,기타혜택,UNMAPPED_FALLBACK_기타혜택,제주항공 할인
https://www.card-gorilla.com/card/detail/357,196,카페,카페,EXACT,커피전문점 할인
https://www.card-gorilla.com/card/detail/357,196,영화,영화,EXACT,영화 할인
https://www.card-gorilla.com/card/detail/357,196,해피포인트,기타혜택,UNMAPPED_FALLBACK_기타혜택,해피포인트 할인
https://www.card-gorilla.com/card/detail/359,197,화장품,기타혜택,UNMAPPED_FALLBACK_기타혜택,아모레퍼시픽 가맹점 10% 환급할인
https://www.card-gorilla.com/card/detail/359,197,카페,카페,EXACT,스타벅스 10% 환급할인
https://www.card-gorilla.com/card/detail/359,197,해피포인트,기타혜택,UNMAPPED_FALLBACK_기타혜택,해피포인트 가맹점 5% 환급할인
https://www.card-gorilla.com/card/detail/359,197,기타,기타,EXACT,GS리테일POP서비스
https://www.card-gorilla.com/card/detail/364,198,국민행복,기타혜택,UNMAPPED_FALLBACK_기타혜택,국민행복카드란?
https://www.card-gorilla.com/card/detail/364,198,선택형,기타혜택,UNMAPPED_FALLBACK_기타혜택,"임신출산, 보육료/유아학비 등 지원"
https://www.card-gorilla.com/card/detail/364,198,멤버십포인트,기타혜택,UNMAPPED_FALLBACK_기타혜택,그린카드 멤버십 서비스 (공통서비스)
https://www.card-gorilla.com/card/detail/364,198,기타,기타,EXACT,공통서비스
https://www.card-gorilla.com/card/detail/366,199,모든가맹점,모든가맹점,EXACT,국내·외 전 가맹점 0.2%~0.4% TOP포인트 적립
https://www.card-gorilla.com/card/detail/369,200,온라인쇼핑,온라인쇼핑,EXACT,온라인쇼핑몰/소셜커머스 3~5% 청구할인
https://www.card-gorilla.com/card/detail/369,200,병원,기타혜택,UNMAPPED_FALLBACK_기타혜택,전국 병원 업종 3% 청구할인
https://www.card-gorilla.com/card/detail/369,200,카페,카페,EXACT,커피전문점/제과점 5% 청구할인
https://www.card-gorilla.com/card/detail/369,200,테마파크,테마파크,EXACT,전국 주요 놀이공원 무료입장 및 할인
https://www.card-gorilla.com/card/detail/369,200,기타,기타,EXACT,공통/제휴서비스
https://www.card-gorilla.com/card/detail/372,201,경기관람,기타혜택,UNMAPPED_FALLBACK_기타혜택,NC다이노스 홈구장 입장료 현장 할인
https://www.card-gorilla.com/card/detail/372,201,온라인쇼핑,온라인쇼핑,EXACT,온라인쇼핑 5% 할인
https://www.card-gorilla.com/card/detail/372,201,카페,카페,EXACT,영화 · 커피 10%할인
https://www.card-gorilla.com/card/detail/372,201,기타,기타,EXACT,기타 서비스
https://www.card-gorilla.com/card/detail/378,202,수수료우대,기타혜택,UNMAPPED_FALLBACK_기타혜택,"해외 이용 수수료 면제 서비스
해외 인출 수수료 우대 서비스"
https://www.card-gorilla.com/card/detail/378,202,점심,기타혜택,UNMAPPED_FALLBACK_기타혜택,Lunch Time 7% 캐쉬백 서비스
https://www.card-gorilla.com/card/detail/380,203,수수료우대,기타혜택,UNMAPPED_FALLBACK_기타혜택,트래블로그 스위치 서비스
https://www.card-gorilla.com/card/detail/380,203,멤버십포인트,기타혜택,UNMAPPED_FALLBACK_기타혜택,"편의점/베이커리/커피 1만원이상 이용시 건당 5% 하나머니 적립
대중교통(버스,지하철) 월 사용금액 5만원 이상 시 5% 하나머니 적립"
https://www.card-gorilla.com/card/detail/382,204,캐시백,기타혜택,UNMAPPED_FALLBACK_기타혜택,"카카오페이, 통신요금자동이체, 커피, 대중교통 캐시백"
https://www.card-gorilla.com/card/detail/382,204,선택형,기타혜택,UNMAPPED_FALLBACK_기타혜택,카드플레이트 디자인 선택 가능
https://www.card-gorilla.com/card/detail/383,205,캐시백,기타혜택,UNMAPPED_FALLBACK_기타혜택,해피포인트 더블 체크카드
https://www.card-gorilla.com/card/detail/383,205,캐시백,기타혜택,UNMAPPED_FALLBACK_기타혜택,해피포인트 하나 체크카드
https://www.card-gorilla.com/card/detail/383,205,해피포인트,기타혜택,UNMAPPED_FALLBACK_기타혜택,[공통서비스] 해피포인트 5% 적립(1천원 이상 구매 시)
https://www.card-gorilla.com/card/detail/388,206,멤버십포인트,기타혜택,UNMAPPED_FALLBACK_기타혜택,"요식/마트/백화점/온라인쇼핑/주유/병원/ 2만원당 200 하나머니 적립
SKT/KT/LGU+ 자동이체 적립(월1회) 3천~5천 하나머니 적립"
https://www.card-gorilla.com/card/detail/389,207,적립,기타혜택,UNMAPPED_FALLBACK_기타혜택,시코르 및 신세계 캐쉬백/적립 서비스
https://www.card-gorilla.com/card/detail/389,207,대중교통,대중교통,EXACT,버스/지하철 7% 캐시백
https://www.card-gorilla.com/card/detail/389,207,선택형,기타혜택,UNMAPPED_FALLBACK_기타혜택,카드 디자인 선택
https://www.card-gorilla.com/card/detail/390,208,캐시백,기타혜택,UNMAPPED_FALLBACK_기타혜택,신세계 백화점 캐시백/적립 서비스
https://www.card-gorilla.com/card/detail/390,208,교통,기타혜택,UNMAPPED_FALLBACK_기타혜택,후불교통 이용금액 7% 캐시백 서비스
https://www.card-gorilla.com/card/detail/391,209,하이패스,기타혜택,UNMAPPED_FALLBACK_기타혜택,하이패스 이용요금의 0.1% 포인트 적립
https://www.card-gorilla.com/card/detail/392,210,국민행복,기타혜택,UNMAPPED_FALLBACK_기타혜택,국민행복 바우처 서비스
https://www.card-gorilla.com/card/detail/392,210,모든가맹점,모든가맹점,EXACT,업종 및 연간 이용금액에 따라 0.2%~0.8% 빅포인트 적립
https://www.card-gorilla.com/card/detail/392,210,패밀리레스토랑,기타혜택,UNMAPPED_FALLBACK_기타혜택,아웃백스테이크하우스 10% 현장할인
https://www.card-gorilla.com/card/detail/392,210,카페,카페,EXACT,"스타벅스 1,000원 결제일할인"
https://www.card-gorilla.com/card/detail/392,210,영화,영화,EXACT,"CGV, 무비존, 메가박스 영화할인"
https://www.card-gorilla.com/card/detail/392,210,정비,기타혜택,UNMAPPED_FALLBACK_기타혜택,닥터카서비스
https://www.card-gorilla.com/card/detail/392,210,백화점,백화점,EXACT,신세계백화점 5% 할인 및 신세계포인트 적립
https://www.card-gorilla.com/card/detail/392,210,대형마트,대형마트,EXACT,이마트 맘키즈 서비스
https://www.card-gorilla.com/card/detail/393,211,모든가맹점,모든가맹점,EXACT,업종 및 연간 이용금액에 따라 0.2%~0.8% 빅포인트 적립
https://www.card-gorilla.com/card/detail/393,211,영화,영화,EXACT,"CGV 3,000원 할인"
https://www.card-gorilla.com/card/detail/393,211,테마파크,테마파크,EXACT,놀이공원 자유이용권 50%·워터파크 입장권 30% 현장할인
https://www.card-gorilla.com/card/detail/394,212,모든가맹점,모든가맹점,EXACT,업종 및 연간 이용금액에 따라 0.2%~0.6% 캐시백
https://www.card-gorilla.com/card/detail/394,212,영화,영화,EXACT,"CGV 3,000원 할인"
https://www.card-gorilla.com/card/detail/394,212,테마파크,테마파크,EXACT,놀이공원 자유이용권 50%·워터파크 입장권 30% 현장할인
https://www.card-gorilla.com/card/detail/400,213,멤버십포인트,기타혜택,UNMAPPED_FALLBACK_기타혜택,L.POINT 더블포인트 적립 서비스
https://www.card-gorilla.com/card/detail/400,213,해외,기타혜택,UNMAPPED_FALLBACK_기타혜택,해외이용 안내
https://www.card-gorilla.com/card/detail/402,214,모든가맹점,모든가맹점,EXACT,이용금액의 0.2% L.POINT 적립
https://www.card-gorilla.com/card/detail/402,214,해외,기타혜택,UNMAPPED_FALLBACK_기타혜택,해외이용 안내
https://www.card-gorilla.com/card/detail/402,214,프리미엄 서비스,기타혜택,UNMAPPED_FALLBACK_기타혜택,VISA Platinum 국제브랜드 서비스
https://www.card-gorilla.com/card/detail/403,215,적립,기타혜택,UNMAPPED_FALLBACK_기타혜택,전국 가맹점 및 SK주유소 이용 시 적립혜택
https://www.card-gorilla.com/card/detail/403,215,해외,기타혜택,UNMAPPED_FALLBACK_기타혜택,해외이용 안내
https://www.card-gorilla.com/card/detail/404,216,국민행복,기타혜택,UNMAPPED_FALLBACK_기타혜택,국민행복카드란?
https://www.card-gorilla.com/card/detail/404,216,교육/육아,기타혜택,UNMAPPED_FALLBACK_기타혜택,행복 맞춤 서비스
https://www.card-gorilla.com/card/detail/404,216,기타,기타,EXACT,출산육아 특별서비스
https://www.card-gorilla.com/card/detail/406,217,대한항공,대한항공,EXACT,쓸 때마다 대한항공 마일리지 적립
https://www.card-gorilla.com/card/detail/406,217,온라인쇼핑,온라인쇼핑,EXACT,온라인 몰 5% 청구 할인
https://www.card-gorilla.com/card/detail/407,218,적립,기타혜택,UNMAPPED_FALLBACK_기타혜택,업종·이용금액별 기본 M포인트 적립에 추가 M포인트 적립
https://www.card-gorilla.com/card/detail/408,219,모든가맹점,모든가맹점,EXACT,사용금액별 X캐시백 적립
https://www.card-gorilla.com/card/detail/410,220,할인,기타혜택,UNMAPPED_FALLBACK_기타혜택,[기본 할인] 모든 가맹점에서 이용대금의 0.7% 할인
https://www.card-gorilla.com/card/detail/410,220,할인,기타혜택,UNMAPPED_FALLBACK_기타혜택,[추가 할인] 생활필수영역 0.5% 추가 할인 / 선결제 0.3% 추가 할인
https://www.card-gorilla.com/card/detail/410,220,무이자할부,기타혜택,UNMAPPED_FALLBACK_기타혜택,무이자할부 서비스
https://www.card-gorilla.com/card/detail/414,221,모든가맹점,모든가맹점,EXACT,당월 이용금액별 M포인트 적립
https://www.card-gorilla.com/card/detail/414,221,하이브리드,기타혜택,UNMAPPED_FALLBACK_기타혜택,체크결제와 신용결제 서비스를 한번에
https://www.card-gorilla.com/card/detail/415,222,모든가맹점,모든가맹점,EXACT,당월 이용금액별 X캐시백 제공
https://www.card-gorilla.com/card/detail/415,222,하이브리드,기타혜택,UNMAPPED_FALLBACK_기타혜택,체크결제와 신용결제 서비스를 한번에
https://www.card-gorilla.com/card/detail/418,223,적립,기타혜택,UNMAPPED_FALLBACK_기타혜택,국내외 가맹점에서 1% 기본 M포인트 적립
https://www.card-gorilla.com/card/detail/418,223,적립,기타혜택,UNMAPPED_FALLBACK_기타혜택,"6대 온라인쇼핑 업종 1.5% 추가 M포인트 적립
선결제 시 0.5% 추가 M포인트 적립"
https://www.card-gorilla.com/card/detail/418,223,멤버십포인트,기타혜택,UNMAPPED_FALLBACK_기타혜택,"일상생활, 쇼핑, 자동차구매, H-Coin, 현대카드 Gift카드 등
다양한 사용처에서 M포인트 사용"
https://www.card-gorilla.com/card/detail/419,224,할인,기타혜택,UNMAPPED_FALLBACK_기타혜택,[기본 할인] 국내외 가맹점 이용금액의 0.7% 청구 할인
https://www.card-gorilla.com/card/detail/419,224,할인,기타혜택,UNMAPPED_FALLBACK_기타혜택,"[추가 할인] 6대 온라인쇼핑 업종 이용금액의 0.8% 추가 할인
[추가 할인] 이용 후 5일 이내 선결제 시 0.3% 추가 할인"
https://www.card-gorilla.com/card/detail/420,225,적립,기타혜택,UNMAPPED_FALLBACK_기타혜택,국내외 가맹점에서 1% 기본 M포인트 적립
https://www.card-gorilla.com/card/detail/420,225,적립,기타혜택,UNMAPPED_FALLBACK_기타혜택,"6대 생활 필수 영역 이용금액의 1% M포인트 추가 적립
선결제 시 0.5% 추가 M포인트 적립"
https://www.card-gorilla.com/card/detail/420,225,멤버십포인트,기타혜택,UNMAPPED_FALLBACK_기타혜택,"일상생활, 쇼핑, 자동차구매, H-Coin, 현대카드 Gift카드 등
다양한 사용처에서 M포인트 사용"
https://www.card-gorilla.com/card/detail/421,226,주유,주유소,SYNONYM_APPLIED,경차 유류세 환급 대상자 주유 및 충전(LPG) 시 유류세 환급
https://www.card-gorilla.com/card/detail/421,226,주유,주유소,SYNONYM_APPLIED,"현대오일뱅크/SK에너지 주유시 리터당 200원·400원 할인
모든 충전소(LPG) 이용 시 리터당 100원·200원 할인"
https://www.card-gorilla.com/card/detail/421,226,정비,기타혜택,UNMAPPED_FALLBACK_기타혜택,스피드메이트 엔진오일 교환 및 타이어 펑크 수리 무료서비스 제공
https://www.card-gorilla.com/card/detail/421,226,보험,기타혜택,UNMAPPED_FALLBACK_기타혜택,현대해상 자동차 보험료 결제 시 청구 할인
https://www.card-gorilla.com/card/detail/421,226,적립,기타혜택,UNMAPPED_FALLBACK_기타혜택,"국내 가맹점 0.5% M포인트 적립
GS칼텍스 주유 시 리터당 60 M포인트 적립 외"
https://www.card-gorilla.com/card/detail/421,226,멤버십포인트,기타혜택,UNMAPPED_FALLBACK_기타혜택,"일상생활, 쇼핑, 자동차구매, H-Coin, 현대카드 Gift카드 등
다양한 사용처에서 M포인트 사용"
https://www.card-gorilla.com/card/detail/422,227,적립,기타혜택,UNMAPPED_FALLBACK_기타혜택,"당월 이용금액별 국내외가맹점 최대 2% 기본적립
여행, 고메, 해외쇼핑 5% 특별적립"
https://www.card-gorilla.com/card/detail/422,227,바우처,기타혜택,UNMAPPED_FALLBACK_기타혜택,"M포인트로 여행, 면세점, 호텔에서 사용 가능한 the Green 바우처 교환"
https://www.card-gorilla.com/card/detail/422,227,적립,기타혜택,UNMAPPED_FALLBACK_기타혜택,"[리워드] 연간 5만 M포인트 적립
[리워드] 발급 2차년도 이후 연회비 5만원/갱신 이후 10만원 본인카드 연회비 면제"
https://www.card-gorilla.com/card/detail/422,227,프리미엄 서비스,기타혜택,UNMAPPED_FALLBACK_기타혜택,Priority Pass카드 및 특수 소재 플레이트 제공
https://www.card-gorilla.com/card/detail/422,227,기타,기타,EXACT,"VISA Signature 서비스
MasterCard World 서비스"
https://www.card-gorilla.com/card/detail/423,228,적립,기타혜택,UNMAPPED_FALLBACK_기타혜택,"국내외 가맹점에서 0.5~2% 기본 M포인트 적립
100만원 이상 이용 시 1.5배 적립 / 200만원 이상 이용 시 2배 적립"
https://www.card-gorilla.com/card/detail/423,228,바우처,기타혜택,UNMAPPED_FALLBACK_기타혜택,최대 50만원 상당의 바우처 제공(연 1회)
https://www.card-gorilla.com/card/detail/423,228,프리미엄 서비스,기타혜택,UNMAPPED_FALLBACK_기타혜택,"특수 소재 카드 플레이트 제공
전 세계 800여 개 공항라운지 무료 이용 등"
https://www.card-gorilla.com/card/detail/424,229,바우처,기타혜택,UNMAPPED_FALLBACK_기타혜택,"[공통 제공 혜택]
연 1회, 여행과 쇼핑을 위한 바우처"
https://www.card-gorilla.com/card/detail/424,229,선택형,기타혜택,UNMAPPED_FALLBACK_기타혜택,"[선택 제공 혜택]
항공마일리지(대한항공/아시아나항공) 또는 M포인트 적립"
https://www.card-gorilla.com/card/detail/424,229,프리미엄 서비스,기타혜택,UNMAPPED_FALLBACK_기타혜택,"특수소재 카드 플레이트 제공
전 세계 800여 개 공항라운지 무료 이용 등"
https://www.card-gorilla.com/card/detail/425,230,멤버십포인트,기타혜택,UNMAPPED_FALLBACK_기타혜택,"코스트코 매장 · 온라인몰 결제 시 1~3% 적립
생활편의영역 1~2%, 그 외 가맹점 1% 적립"
https://www.card-gorilla.com/card/detail/425,230,바우처,기타혜택,UNMAPPED_FALLBACK_기타혜택,코스트코 리워드 포인트 매년 1회 바우처 교환
https://www.card-gorilla.com/card/detail/425,230,멤버십포인트,기타혜택,UNMAPPED_FALLBACK_기타혜택,코스트코 연간 이용금액 30만원 이상 시 차년도 연회비 면제
https://www.card-gorilla.com/card/detail/426,231,간편결제,간편결제,EXACT,한장의 대표카드로 보유 중인 모든 카드 사용이 가능한 All-in-One카드
https://www.card-gorilla.com/card/detail/430,232,아시아나항공,아시아나항공,EXACT,"이용금액 1,000원 당 1마일리지 적립"
https://www.card-gorilla.com/card/detail/430,232,공항라운지,공항라운지,EXACT,"스카이허브 라운지, 마티나(인천공항 제1여객터미널)라운지 무료입장"
https://www.card-gorilla.com/card/detail/430,232,프리미엄 서비스,기타혜택,UNMAPPED_FALLBACK_기타혜택,VISA/MASTER Platinum 서비스
https://www.card-gorilla.com/card/detail/430,232,L.CLASS L20 (아시아나클럽형),기타혜택,UNMAPPED_FALLBACK_기타혜택,롯데카드
https://www.card-gorilla.com/card/detail/432,233,대한항공,대한항공,EXACT,"SKYPASS 1,000원당 1마일, 해외결제는 더블마일 적립"
https://www.card-gorilla.com/card/detail/434,234,적립,기타혜택,UNMAPPED_FALLBACK_기타혜택,"실적 관계없이, 한도 제한없이 전 가맹점 1~1.5% 적립/청구할인"
https://www.card-gorilla.com/card/detail/434,234,선택형,기타혜택,UNMAPPED_FALLBACK_기타혜택,"네이비, 오렌지, 화이트 중 원하는 카드 색상 선택"
https://www.card-gorilla.com/card/detail/439,235,해피포인트,기타혜택,UNMAPPED_FALLBACK_기타혜택,해피포인트 가맹점 10~20% 캐시백 및 포인트적립
https://www.card-gorilla.com/card/detail/439,235,멤버십포인트,기타혜택,UNMAPPED_FALLBACK_기타혜택,POP CARD 할인 및 GS&POINT 적립
https://www.card-gorilla.com/card/detail/439,235,은행사,기타혜택,UNMAPPED_FALLBACK_기타혜택,"모든 은행, GS25 ATM 수수료 무료"
https://www.card-gorilla.com/card/detail/444,236,무실적,기타혜택,UNMAPPED_FALLBACK_기타혜택,국내/해외 가맹점 이용금액 캐시백 제공
https://www.card-gorilla.com/card/detail/447,237,항공권,기타혜택,UNMAPPED_FALLBACK_기타혜택,국내 저가항공 할인
https://www.card-gorilla.com/card/detail/447,237,더라운지,기타혜택,UNMAPPED_FALLBACK_기타혜택,전 세계 제휴 라운지 무료
https://www.card-gorilla.com/card/detail/447,237,기타,기타,EXACT,하나머니 적립
https://www.card-gorilla.com/card/detail/447,237,면세점,면세점,EXACT,Daily Service
https://www.card-gorilla.com/card/detail/447,237,카페,카페,EXACT,Daily Service
https://www.card-gorilla.com/card/detail/447,237,택시,택시,EXACT,Daily Service
https://www.card-gorilla.com/card/detail/448,238,호텔,기타혜택,UNMAPPED_FALLBACK_기타혜택,국내 특급호텔 할인
https://www.card-gorilla.com/card/detail/448,238,더라운지,기타혜택,UNMAPPED_FALLBACK_기타혜택,전 세계 라운지 무료 입장
https://www.card-gorilla.com/card/detail/448,238,기타,기타,EXACT,하나머니 적립
https://www.card-gorilla.com/card/detail/448,238,주유소,주유소,EXACT,모든 주유소 할인
https://www.card-gorilla.com/card/detail/448,238,카페,카페,EXACT,"스타벅스, 커피빈 할인"
https://www.card-gorilla.com/card/detail/448,238,택시,택시,EXACT,택시 할인
https://www.card-gorilla.com/card/detail/449,239,바우처,기타혜택,UNMAPPED_FALLBACK_기타혜택,Special Service 제공
https://www.card-gorilla.com/card/detail/449,239,더라운지,기타혜택,UNMAPPED_FALLBACK_기타혜택,LoungeKey 제공
https://www.card-gorilla.com/card/detail/449,239,대한항공,대한항공,EXACT,대한항공 마일리지 적립
https://www.card-gorilla.com/card/detail/449,239,프리미엄 서비스,기타혜택,UNMAPPED_FALLBACK_기타혜택,국제 브랜드 서비스
https://www.card-gorilla.com/card/detail/450,240,바우처,기타혜택,UNMAPPED_FALLBACK_기타혜택,Special Service 제공
https://www.card-gorilla.com/card/detail/450,240,더라운지,기타혜택,UNMAPPED_FALLBACK_기타혜택,LoungeKey 제공
https://www.card-gorilla.com/card/detail/450,240,아시아나항공,아시아나항공,EXACT,아시아나항공 마일리지 적립
https://www.card-gorilla.com/card/detail/450,240,프리미엄 서비스,기타혜택,UNMAPPED_FALLBACK_기타혜택,국제 브랜드 서비스
https://www.card-gorilla.com/card/detail/451,241,모든가맹점,모든가맹점,EXACT,일반 업종 이용금액 1% 포인트 기본적립
https://www.card-gorilla.com/card/detail/451,241,면세점,면세점,EXACT,면세점 및 백화점 이용금액 2% 포인트 특별적립
https://www.card-gorilla.com/card/detail/451,241,해외이용,기타혜택,UNMAPPED_FALLBACK_기타혜택,해외 이용금액 2% 포인트 특별적립
https://www.card-gorilla.com/card/detail/451,241,레저/스포츠,기타혜택,UNMAPPED_FALLBACK_기타혜택,"골프, 레저 업종 이용금액 3~5% 포인트 특별적립"
https://www.card-gorilla.com/card/detail/451,241,주유소,주유소,EXACT,SK 주유소 이용금액 리터당 60포인트 적립
https://www.card-gorilla.com/card/detail/451,241,바우처,기타혜택,UNMAPPED_FALLBACK_기타혜택,"Free Package (연 1회, 택 1)"
https://www.card-gorilla.com/card/detail/451,241,프리미엄 서비스,기타혜택,UNMAPPED_FALLBACK_기타혜택,프리머스카드 공통서비스
https://www.card-gorilla.com/card/detail/452,242,대한항공,대한항공,EXACT,"일반 업종 이용금액 1,500원당 1마일리지 기본적립"
https://www.card-gorilla.com/card/detail/452,242,면세점,면세점,EXACT,"면세점 및 백화점 이용금액 1,500원당 2마일리지 특별적립"
https://www.card-gorilla.com/card/detail/452,242,해외이용,기타혜택,UNMAPPED_FALLBACK_기타혜택,"해외 이용금액 1,500원당 2마일리지 특별적립"
https://www.card-gorilla.com/card/detail/452,242,레저/스포츠,기타혜택,UNMAPPED_FALLBACK_기타혜택,"골프, 레저 업종 이용금액 1,500원당 3~5마일리지 특별적립"
https://www.card-gorilla.com/card/detail/452,242,주유소,주유소,EXACT,SK 주유소 이용금액 리터당 3마일리지 적립
https://www.card-gorilla.com/card/detail/452,242,바우처,기타혜택,UNMAPPED_FALLBACK_기타혜택,"Free Package (연 1회, 택 1)"
https://www.card-gorilla.com/card/detail/452,242,프리미엄 서비스,기타혜택,UNMAPPED_FALLBACK_기타혜택,프리머스카드 공통서비스
https://www.card-gorilla.com/card/detail/453,243,아시아나항공,아시아나항공,EXACT,"일반 업종 이용금액 1,000원당 1마일리지 기본적립"
https://www.card-gorilla.com/card/detail/453,243,면세점,면세점,EXACT,"면세점 및 백화점 이용금액 1,000원당 2마일리지 특별적립"
https://www.card-gorilla.com/card/detail/453,243,해외이용,기타혜택,UNMAPPED_FALLBACK_기타혜택,"해외 이용금액 1,000원당 2마일리지 특별적립"
https://www.card-gorilla.com/card/detail/453,243,레저/스포츠,기타혜택,UNMAPPED_FALLBACK_기타혜택,"골프, 레저 업종 이용금액 1,000원당 3~5마일리지 특별적립"
https://www.card-gorilla.com/card/detail/453,243,주유소,주유소,EXACT,SK 주유소 이용금액 리터당 3마일리지 적립
https://www.card-gorilla.com/card/detail/453,243,바우처,기타혜택,UNMAPPED_FALLBACK_기타혜택,"Free Package (연 1회, 택 1)"
https://www.card-gorilla.com/card/detail/453,243,프리미엄 서비스,기타혜택,UNMAPPED_FALLBACK_기타혜택,프리머스카드 공통서비스
https://www.card-gorilla.com/card/detail/454,244,모든가맹점,모든가맹점,EXACT,국내외 가맹점 0.2% 포인트리 기본 적립
https://www.card-gorilla.com/card/detail/454,244,카페/디저트,카페,SYNONYM_APPLIED,커피/제과아이스크림 업종 0.2% 포인트리 추가 적립
https://www.card-gorilla.com/card/detail/454,244,통신,통신,EXACT,이동통신요금 자동이체 시 0.2% 포인트리 추가 적립
https://www.card-gorilla.com/card/detail/454,244,편의점,편의점,EXACT,GS25 편의점 0.2% 포인트리 추가 적립
https://www.card-gorilla.com/card/detail/454,244,교통,기타혜택,UNMAPPED_FALLBACK_기타혜택,"대중교통(버스, 지하철), 택시 0.2% 포인트리 추가 적립"
https://www.card-gorilla.com/card/detail/454,244,대형마트,대형마트,EXACT,대형마트 0.8% 포인트리 추가 적립
https://www.card-gorilla.com/card/detail/454,244,주유,주유소,SYNONYM_APPLIED,GS칼텍스 주유소 0.8% 포인트리 추가 적립
https://www.card-gorilla.com/card/detail/455,245,국민행복,기타혜택,UNMAPPED_FALLBACK_기타혜택,국가바우처
https://www.card-gorilla.com/card/detail/455,245,쇼핑,쇼핑,EXACT,쇼핑 5% 결제일 할인
https://www.card-gorilla.com/card/detail/455,245,교육/육아,기타혜택,UNMAPPED_FALLBACK_기타혜택,키즈 30% 결제일 할인
https://www.card-gorilla.com/card/detail/455,245,병원/약국,병원약국,SYNONYM_APPLIED,"헬스(병원, 약국, 산후조리원 업종) 5% 결제일 할인"
https://www.card-gorilla.com/card/detail/455,245,교육/육아,기타혜택,UNMAPPED_FALLBACK_기타혜택,"육아/교육(어린이집, 유치원, 학원, 학습지 등) 10% 결제일 할인"
https://www.card-gorilla.com/card/detail/455,245,교통,기타혜택,UNMAPPED_FALLBACK_기타혜택,교통 10% 결제일 할인
https://www.card-gorilla.com/card/detail/455,245,통신,통신,EXACT,통신 2천원 결제일 할인
https://www.card-gorilla.com/card/detail/455,245,교육/육아,기타혜택,UNMAPPED_FALLBACK_기타혜택,롯데 국민행복카드 특화서비스
https://www.card-gorilla.com/card/detail/457,246,수수료우대,기타혜택,UNMAPPED_FALLBACK_기타혜택,[해외서비스] 해외이용수수료 면제
https://www.card-gorilla.com/card/detail/457,246,해외이용,기타혜택,UNMAPPED_FALLBACK_기타혜택,[해외서비스] 해외가맹점(해외직구 포함) 이용금액의 1~2% 캐시백
https://www.card-gorilla.com/card/detail/457,246,공항라운지,공항라운지,EXACT,[해외서비스] 인천 공항라운지 무료이용 서비스
https://www.card-gorilla.com/card/detail/457,246,생활,생활,EXACT,"[국내서비스] 쇼핑, 커피, 영화 등 다양한 국내 가맹점 할인 서비스"
https://www.card-gorilla.com/card/detail/458,247,선택형,기타혜택,UNMAPPED_FALLBACK_기타혜택,라이프스타일 옵션 패키지
https://www.card-gorilla.com/card/detail/458,247,네이버페이,네이버페이,EXACT,[일상팩] 네이버페이 온라인 간편결제 시 10% 네이버페이 포인트 적립
https://www.card-gorilla.com/card/detail/458,247,카페,카페,EXACT,[일상팩] 커피전문점·편의점·배달앱 5% 네이버페이 포인트 적립
https://www.card-gorilla.com/card/detail/458,247,네이버페이,네이버페이,EXACT,[온라인팩] 네이버페이 온라인 간편결제 시 10% 네이버페이 포인트 적립
https://www.card-gorilla.com/card/detail/458,247,네이버페이,네이버페이,EXACT,"[온라인팩] 네이버페이 온라인 간편결제 시 3,000 네이버페이 포인트 추가적립"
https://www.card-gorilla.com/card/detail/458,247,적립,기타혜택,UNMAPPED_FALLBACK_기타혜택,국내외 온오프라인 가맹점 기본 0.5% 네이버페이 포인트 적립
https://www.card-gorilla.com/card/detail/459,248,적립,기타혜택,UNMAPPED_FALLBACK_기타혜택,모아포인트 5%~0.8% 적립
https://www.card-gorilla.com/card/detail/459,248,간편결제,간편결제,EXACT,주요 간편결제 모아포인트 3% 추가적립
https://www.card-gorilla.com/card/detail/465,249,적립,기타혜택,UNMAPPED_FALLBACK_기타혜택,"통합적립한도 안에서 하나머니 적립
(월 최대 3만 하나머니)"
https://www.card-gorilla.com/card/detail/465,249,영화,영화,EXACT,"CGV, 메가박스, 롯데시네마 영화표 1만원 이상 결제하면 5천원 청구할인 (월 1회)"
https://www.card-gorilla.com/card/detail/466,250,대한항공,대한항공,EXACT,대한항공 마일리지 적립 (전월실적 50만원 이상)
https://www.card-gorilla.com/card/detail/466,250,프리미엄 서비스,기타혜택,UNMAPPED_FALLBACK_기타혜택,AMEX PLATINUM 서비스 제공
https://www.card-gorilla.com/card/detail/469,251,온라인쇼핑,온라인쇼핑,EXACT,[Easy 서비스] 인터넷쇼핑몰 5% 적립
https://www.card-gorilla.com/card/detail/469,251,배달앱,배달앱,EXACT,[Easy 서비스] 배달앱 5% 적립
https://www.card-gorilla.com/card/detail/469,251,대형마트,대형마트,EXACT,[Easy 서비스] 대형마트 5% 적립
https://www.card-gorilla.com/card/detail/469,251,주유,주유소,SYNONYM_APPLIED,[Easy 서비스] 주유소/충전소 5% 적립
https://www.card-gorilla.com/card/detail/469,251,대중교통,대중교통,EXACT,[Basic 서비스] 대중교통 5% 적립
https://www.card-gorilla.com/card/detail/469,251,통신,통신,EXACT,[Basic 서비스] 이동통신 5% 적립
https://www.card-gorilla.com/card/detail/469,251,APP,기타혜택,UNMAPPED_FALLBACK_기타혜택,[Basic 서비스] 인터넷 쇼핑몰 앱카드 결제 5% 적립
https://www.card-gorilla.com/card/detail/469,251,선택형,기타혜택,UNMAPPED_FALLBACK_기타혜택,[Pick 서비스] 선호영역(택1) 5% 적립
https://www.card-gorilla.com/card/detail/470,252,온라인쇼핑,온라인쇼핑,EXACT,[Easy on 특화서비스] 인터넷 쇼핑몰 5% 할인
https://www.card-gorilla.com/card/detail/470,252,푸드,기타혜택,UNMAPPED_FALLBACK_기타혜택,[Easy on 특화서비스] 음식 업종 5% 할인
https://www.card-gorilla.com/card/detail/470,252,소셜커머스,기타혜택,UNMAPPED_FALLBACK_기타혜택,[Easy on 특화서비스] 소셜커머스 5% 할인
https://www.card-gorilla.com/card/detail/470,252,배달앱,배달앱,EXACT,[Easy on 특화서비스] 배달앱 5% 할인
https://www.card-gorilla.com/card/detail/470,252,백화점,백화점,EXACT,[Easy on 특화서비스] 백화점 5% 할인
https://www.card-gorilla.com/card/detail/470,252,카페,카페,EXACT,[Easy on 특화서비스] 커피 5% 할인
https://www.card-gorilla.com/card/detail/470,252,편의점,편의점,EXACT,[Easy on 특화서비스] 편의점 5% 할인
https://www.card-gorilla.com/card/detail/470,252,대중교통,대중교통,EXACT,[Easy on Plus 서비스] 대중교통 5% 할인
https://www.card-gorilla.com/card/detail/470,252,통신,통신,EXACT,[Easy on Plus 서비스] 이동통신요금 5% 할인
https://www.card-gorilla.com/card/detail/470,252,생활,생활,EXACT,"[Easy on Plus 서비스] 온라인 음원, 숙박앱 5% 할인"
https://www.card-gorilla.com/card/detail/470,252,APP,기타혜택,UNMAPPED_FALLBACK_기타혜택,[Easy on Plus 서비스] 인터넷 쇼핑몰 앱카드 결제 5% 할인
https://www.card-gorilla.com/card/detail/471,253,생활,생활,EXACT,기본적립 0.5% L.POINT 적립
https://www.card-gorilla.com/card/detail/471,253,생활,생활,EXACT,특별적립 3% L.POINT 적립
https://www.card-gorilla.com/card/detail/473,254,저가항공,기타혜택,UNMAPPED_FALLBACK_기타혜택,[특별적립] 저비용 항공사 6개사 3% UniMile 적립
https://www.card-gorilla.com/card/detail/473,254,해외이용,기타혜택,UNMAPPED_FALLBACK_기타혜택,[특별적립] 해외이용 2% UniMile 적립
https://www.card-gorilla.com/card/detail/473,254,온라인 여행사,기타혜택,UNMAPPED_FALLBACK_기타혜택,[특별적립] 온라인여행사 2% UniMile 적립
https://www.card-gorilla.com/card/detail/473,254,면세점,면세점,EXACT,[특별적립] 면세점 2% UniMile 적립
https://www.card-gorilla.com/card/detail/473,254,렌터카,기타혜택,UNMAPPED_FALLBACK_기타혜택,[특별적립] 렌터카 1% UniMile 적립
https://www.card-gorilla.com/card/detail/473,254,주유소,주유소,EXACT,[특별적립] 주유소 1% UniMile 적립
https://www.card-gorilla.com/card/detail/473,254,생활,생활,EXACT,[기본적립] 국내가맹점 0.7% UniMile 적립
https://www.card-gorilla.com/card/detail/473,254,여행/숙박,기타혜택,UNMAPPED_FALLBACK_기타혜택,프리미엄 투어 서비스
https://www.card-gorilla.com/card/detail/473,254,카페,카페,EXACT,"스타벅스, 투썸플레이스 1천원 청구할인"
https://www.card-gorilla.com/card/detail/473,254,공항라운지,공항라운지,EXACT,국내외 공항라운지 무료 이용
https://www.card-gorilla.com/card/detail/473,254,해외,기타혜택,UNMAPPED_FALLBACK_기타혜택,해외 유명 박물관/미술관 입장권 할인
https://www.card-gorilla.com/card/detail/473,254,프리미엄 서비스,기타혜택,UNMAPPED_FALLBACK_기타혜택,UnionPay Platinum 서비스
https://www.card-gorilla.com/card/detail/476,255,선택형,기타혜택,UNMAPPED_FALLBACK_기타혜택,[Making 17 서비스] 포인트 적립받을 영역과 적립율을 직접 선택하는 DIY 서비스!
https://www.card-gorilla.com/card/detail/476,255,쇼핑,쇼핑,EXACT,"백화점, 마트, 홈쇼핑, 온라인쇼핑, 소셜몰, 패션&뷰티 1~5% 적립"
https://www.card-gorilla.com/card/detail/476,255,푸드,기타혜택,UNMAPPED_FALLBACK_기타혜택,"커피전문점, 편의점, 베이커리, 배달앱 1~5% 적립"
https://www.card-gorilla.com/card/detail/476,255,해외,기타혜택,UNMAPPED_FALLBACK_기타혜택,"해외, 항공&면세점 1~5% 적립"
https://www.card-gorilla.com/card/detail/476,255,생활,생활,EXACT,"주유, 교육, 병원, 이동통신, 대중교통 1~5% 적립"
https://www.card-gorilla.com/card/detail/476,255,적립,기타혜택,UNMAPPED_FALLBACK_기타혜택,"[My Pick 서비스] 마이신한포인트 2,000포인트 적립"
https://www.card-gorilla.com/card/detail/477,256,선택형,기타혜택,UNMAPPED_FALLBACK_기타혜택,[Taking 10 서비스] 가장 많이 이용한 5개 영역 각 2%씩 적립
https://www.card-gorilla.com/card/detail/477,256,쇼핑,쇼핑,EXACT,"백화점, 마트, 홈쇼핑, 온라인쇼핑, 소셜몰, 패션&뷰티 2% 적립"
https://www.card-gorilla.com/card/detail/477,256,푸드,기타혜택,UNMAPPED_FALLBACK_기타혜택,"커피전문점, 편의점, 베이커리, 배달앱 2% 적립"
https://www.card-gorilla.com/card/detail/477,256,해외,기타혜택,UNMAPPED_FALLBACK_기타혜택,"해외, 항공&면세점 2% 적립"
https://www.card-gorilla.com/card/detail/477,256,생활,생활,EXACT,"주유, 교육, 병원, 이동통신, 대중교통 2% 적립"
https://www.card-gorilla.com/card/detail/477,256,적립,기타혜택,UNMAPPED_FALLBACK_기타혜택,"[My Pick 서비스] 마이신한포인트 1,000포인트 적립"
https://www.card-gorilla.com/card/detail/478,257,대형마트,대형마트,EXACT,홈플러스 포인트 1.2% 적립
https://www.card-gorilla.com/card/detail/478,257,영화,영화,EXACT,"YES24, 인터파크 영화 예매 1,500원 할인"
https://www.card-gorilla.com/card/detail/478,257,기타,기타,EXACT,생활친화가맹점 잔돈할인 서비스
https://www.card-gorilla.com/card/detail/479,258,마트/편의점,기타혜택,UNMAPPED_FALLBACK_기타혜택,홈플러스포인트 0.6% 적립
https://www.card-gorilla.com/card/detail/480,259,APP,기타혜택,UNMAPPED_FALLBACK_기타혜택,카카오 T 2천원 할인
https://www.card-gorilla.com/card/detail/480,259,주유소,주유소,EXACT,주유소 리터당 60원 할인
https://www.card-gorilla.com/card/detail/480,259,기차,기타혜택,UNMAPPED_FALLBACK_기타혜택,철도(KTX/SRT포함) 5% 할인
https://www.card-gorilla.com/card/detail/480,259,영화,영화,EXACT,영화관 3천원 할인
https://www.card-gorilla.com/card/detail/481,260,온라인쇼핑,온라인쇼핑,EXACT,온라인 쇼핑 10% 청구할인
https://www.card-gorilla.com/card/detail/481,260,간편결제,간편결제,EXACT,4대 PAY 결제 시 5% 추가 청구할인
https://www.card-gorilla.com/card/detail/481,260,동물병원,기타혜택,UNMAPPED_FALLBACK_기타혜택,동물병원 10% 청구할인
https://www.card-gorilla.com/card/detail/481,260,쇼핑,쇼핑,EXACT,"백화점, 아울렛, 잡화 10% 청구할인"
https://www.card-gorilla.com/card/detail/481,260,마트/편의점,기타혜택,UNMAPPED_FALLBACK_기타혜택,"대형할인점, 편의점 등 10% 청구할인"
https://www.card-gorilla.com/card/detail/481,260,해외이용,기타혜택,UNMAPPED_FALLBACK_기타혜택,해외 이용금액 1% 청구할인
https://www.card-gorilla.com/card/detail/481,260,공항라운지,공항라운지,EXACT,국내외 공항라운지 무료 이용 서비스
https://www.card-gorilla.com/card/detail/481,260,주유소,주유소,EXACT,주말 4대 주유소 리터당 60원 청구할인
https://www.card-gorilla.com/card/detail/481,260,카페,카페,EXACT,"스타벅스, 폴바셋 10% 청구할인"
https://www.card-gorilla.com/card/detail/482,261,온라인쇼핑,온라인쇼핑,EXACT,온라인 쇼핑 10% 청구할인
https://www.card-gorilla.com/card/detail/482,261,간편결제,간편결제,EXACT,4대 PAY 결제 시 5% 추가 청구할인
https://www.card-gorilla.com/card/detail/482,261,동물병원,기타혜택,UNMAPPED_FALLBACK_기타혜택,동물병원 10% 청구할인
https://www.card-gorilla.com/card/detail/482,261,쇼핑,쇼핑,EXACT,"백화점, 아울렛, 잡화 10% 청구할인"
https://www.card-gorilla.com/card/detail/482,261,마트/편의점,기타혜택,UNMAPPED_FALLBACK_기타혜택,"대형할인점, 편의점 등 10% 청구할인"
https://www.card-gorilla.com/card/detail/482,261,해외이용,기타혜택,UNMAPPED_FALLBACK_기타혜택,해외 이용금액 1% 청구할인
https://www.card-gorilla.com/card/detail/482,261,공항라운지,공항라운지,EXACT,국내외 공항라운지 무료 이용 서비스
https://www.card-gorilla.com/card/detail/482,261,주유소,주유소,EXACT,주말 4대 주유소 리터당 60원 청구할인
https://www.card-gorilla.com/card/detail/482,261,카페,카페,EXACT,"스타벅스, 폴바셋 10% 청구할인"
https://www.card-gorilla.com/card/detail/486,262,쇼핑,쇼핑,EXACT,올리브영 3천원 캐시백
https://www.card-gorilla.com/card/detail/486,262,영화,영화,EXACT,CGV 3천원 캐시백
https://www.card-gorilla.com/card/detail/486,262,베이커리,기타혜택,UNMAPPED_FALLBACK_기타혜택,뚜레쥬르 3천원 캐시백
https://www.card-gorilla.com/card/detail/486,262,대중교통,대중교통,EXACT,"버스, 지하철 3천원 캐시백"
https://www.card-gorilla.com/card/detail/486,262,공항라운지,공항라운지,EXACT,인천공항 라운지 무료이용 서비스
https://www.card-gorilla.com/card/detail/487,263,대중교통,대중교통,EXACT,"버스, 지하철 후불 교통 이용 금액 일 200원 ~ 일 600원 할인"
https://www.card-gorilla.com/card/detail/487,263,택시,택시,EXACT,택시/KTX 이용 금액 10% 할인
https://www.card-gorilla.com/card/detail/487,263,백화점,백화점,EXACT,4대 백화점 5% 할인
https://www.card-gorilla.com/card/detail/487,263,카페,카페,EXACT,커피전문점 10% 할인
https://www.card-gorilla.com/card/detail/487,263,편의점,편의점,EXACT,편의점 5% 할인
https://www.card-gorilla.com/card/detail/487,263,통신,통신,EXACT,이동통신요금 5% 할인
https://www.card-gorilla.com/card/detail/487,263,영화,영화,EXACT,"CGV, 인터파크, YES24 영화 할인"
https://www.card-gorilla.com/card/detail/487,263,캐시백,기타혜택,UNMAPPED_FALLBACK_기타혜택,"전기요금, 통신요금, 해외이용금액 5% 캐시백 제공"
https://www.card-gorilla.com/card/detail/488,264,주유,주유소,SYNONYM_APPLIED,주유 리터당 150점 포인트리 적립
https://www.card-gorilla.com/card/detail/488,264,자동차/하이패스,기타혜택,UNMAPPED_FALLBACK_기타혜택,오토케어 5% 포인트리 적립
https://www.card-gorilla.com/card/detail/488,264,보험,기타혜택,UNMAPPED_FALLBACK_기타혜택,자동차보험 1만점 포인트리 적립
https://www.card-gorilla.com/card/detail/488,264,OTT/영화/문화,기타혜택,UNMAPPED_FALLBACK_기타혜택,영화 3천점 포인트리 적립
https://www.card-gorilla.com/card/detail/488,264,카페/디저트,카페,SYNONYM_APPLIED,제과/아이스크림 2천점 포인트리 적립
https://www.card-gorilla.com/card/detail/488,264,편의점,편의점,EXACT,"편의점, 올리브영 1천점 포인트리 적립"
https://www.card-gorilla.com/card/detail/488,264,적립,기타혜택,UNMAPPED_FALLBACK_기타혜택,국내·외 가맹점 0.2% 포인트리 적립
https://www.card-gorilla.com/card/detail/488,264,프리미엄 서비스,기타혜택,UNMAPPED_FALLBACK_기타혜택,Easy auto 티타늄 서비스
https://www.card-gorilla.com/card/detail/489,265,여행/숙박,기타혜택,UNMAPPED_FALLBACK_기타혜택,여행 할인
https://www.card-gorilla.com/card/detail/489,265,할인,기타혜택,UNMAPPED_FALLBACK_기타혜택,전 가맹점 할인
https://www.card-gorilla.com/card/detail/489,265,생활,생활,EXACT,Easy fly+ 서비스
https://www.card-gorilla.com/card/detail/489,265,프리미엄,기타혜택,UNMAPPED_FALLBACK_기타혜택,Easy fly 티타늄 서비스
https://www.card-gorilla.com/card/detail/489,265,", ‘여행족이 뽑은 여행 혜택 1위’ 설문조사 발표",기타혜택,UNMAPPED_FALLBACK_기타혜택,탄탄대로 Miz&Mr 티타늄카드
https://www.card-gorilla.com/card/detail/490,266,적립,기타혜택,UNMAPPED_FALLBACK_기타혜택,국내외 가맹점 이용금액 0.5% SK pay 포인트 적립
https://www.card-gorilla.com/card/detail/490,266,온라인쇼핑,온라인쇼핑,EXACT,11번가에서 SK pay 결제 시 이용금액 1% 적립
https://www.card-gorilla.com/card/detail/491,267,적립,기타혜택,UNMAPPED_FALLBACK_기타혜택,국내외 가맹점 이용금액 0.1% SK pay 포인트 적립
https://www.card-gorilla.com/card/detail/491,267,온라인쇼핑,온라인쇼핑,EXACT,11번가에서 SK pay 결제 시 이용금액 0.5% 적립
https://www.card-gorilla.com/card/detail/498,268,적립,기타혜택,UNMAPPED_FALLBACK_기타혜택,"일상생활, 농협계통업종, 농업관련업종 NH포인트 적립"
https://www.card-gorilla.com/card/detail/500,269,모든가맹점,모든가맹점,EXACT,전 가맹점 0.8~1.2% 적립/청구할인
https://www.card-gorilla.com/card/detail/500,269,면세점,면세점,EXACT,신세계면세점 선불카드 5만원 증정
https://www.card-gorilla.com/card/detail/500,269,공항라운지/PP,기타혜택,UNMAPPED_FALLBACK_기타혜택,공항라운지 및 발레파킹 서비스
https://www.card-gorilla.com/card/detail/500,269,적립,기타혜택,UNMAPPED_FALLBACK_기타혜택,신세계포인트 가맹점 이용 시 신세계포인트 적립
https://www.card-gorilla.com/card/detail/501,270,모든가맹점,모든가맹점,EXACT,"실적 관계없이, 한도 제한없이 전 가맹점 1~1.5% 적립/청구할인"
https://www.card-gorilla.com/card/detail/501,270,적립,기타혜택,UNMAPPED_FALLBACK_기타혜택,신세계포인트 가맹점 이용 시 신세계포인트 추가 적립
https://www.card-gorilla.com/card/detail/502,271,기타,기타,EXACT,"네이버에서 네이버투자통장(삼성증권 CMA계좌) 개설 후, 네이버에서만 카드신청 가능"
https://www.card-gorilla.com/card/detail/502,271,적립,기타혜택,UNMAPPED_FALLBACK_기타혜택,0.5% 또는 3% 네이버페이 포인트 적립
https://www.card-gorilla.com/card/detail/502,271,프리미엄 서비스,기타혜택,UNMAPPED_FALLBACK_기타혜택,Platinum Service
https://www.card-gorilla.com/card/detail/507,272,간편결제,간편결제,EXACT,페이 결제 시 5% 할인
https://www.card-gorilla.com/card/detail/507,272,쇼핑,쇼핑,EXACT,온라인/오프라인 쇼핑 5% 할인
https://www.card-gorilla.com/card/detail/507,272,모든가맹점,모든가맹점,EXACT,전 가맹점 0.5% 기본할인
https://www.card-gorilla.com/card/detail/508,273,교육/육아,기타혜택,UNMAPPED_FALLBACK_기타혜택,학원비 5% 청구할인
https://www.card-gorilla.com/card/detail/508,273,교육/육아,기타혜택,UNMAPPED_FALLBACK_기타혜택,초/중/고교 교육비 자동납부 시 2천원 청구할인
https://www.card-gorilla.com/card/detail/508,273,생활,생활,EXACT,10대 업종 0.5~1% 청구할인
https://www.card-gorilla.com/card/detail/508,273,금융,기타혜택,UNMAPPED_FALLBACK_기타혜택,전자금융 수수료 면제
https://www.card-gorilla.com/card/detail/516,274,모든가맹점,모든가맹점,EXACT,할인한도 없이 0.7%~1.4% 할인
https://www.card-gorilla.com/card/detail/516,274,해외,기타혜택,UNMAPPED_FALLBACK_기타혜택,해외이용가맹점 1.0% 청구할인
https://www.card-gorilla.com/card/detail/516,274,생활,생활,EXACT,선택영역 1개 영역 1.4%~2.1% 청구할인
https://www.card-gorilla.com/card/detail/517,275,모든가맹점,모든가맹점,EXACT,국내·외 전 가맹점 0.2~0.3% 청구할인
https://www.card-gorilla.com/card/detail/517,275,은행사,기타혜택,UNMAPPED_FALLBACK_기타혜택,NH1934체크카드 & NH1934우대통장 교차이용 혜택
https://www.card-gorilla.com/card/detail/521,276,온라인쇼핑,온라인쇼핑,EXACT,온라인 쇼핑 10% 청구할인
https://www.card-gorilla.com/card/detail/521,276,쇼핑,쇼핑,EXACT,오프라인 쇼핑 10% 청구할인
https://www.card-gorilla.com/card/detail/521,276,해외이용,기타혜택,UNMAPPED_FALLBACK_기타혜택,베트남 현지 오프라인 全가맹점 5% 청구할인
https://www.card-gorilla.com/card/detail/521,276,공항라운지/PP,기타혜택,UNMAPPED_FALLBACK_기타혜택,국내외 공항라운지 무료 이용 서비스
https://www.card-gorilla.com/card/detail/521,276,주유,주유소,SYNONYM_APPLIED,주말 4대 주유소 리터당 60원 청구할인
https://www.card-gorilla.com/card/detail/521,276,카페/디저트,카페,SYNONYM_APPLIED,"스타벅스, 폴바셋 10% 청구할인"
https://www.card-gorilla.com/card/detail/522,277,통신,통신,EXACT,통신요금 자동이체 1만원~1만5천원 청구할인
https://www.card-gorilla.com/card/detail/522,277,프리미엄 서비스,기타혜택,UNMAPPED_FALLBACK_기타혜택,Liiv M 마스터 티타늄 서비스
https://www.card-gorilla.com/card/detail/523,278,통신,통신,EXACT,이동통신요금 5% 환급할인
https://www.card-gorilla.com/card/detail/523,278,소셜커머스,기타혜택,UNMAPPED_FALLBACK_기타혜택,11번가 3% 환급할인
https://www.card-gorilla.com/card/detail/523,278,여행/숙박,기타혜택,UNMAPPED_FALLBACK_기타혜택,야놀자 3% 환급할인
https://www.card-gorilla.com/card/detail/523,278,편의점,편의점,EXACT,CU편의점 3% 환급할인
https://www.card-gorilla.com/card/detail/529,279,모든가맹점,모든가맹점,EXACT,"국내외 가맹점에서 1% 기본 M포인트 적립
100만원 이상 이용 시 1.5배 적립 / 200만원 이상 이용 시 2배 적립"
https://www.card-gorilla.com/card/detail/529,279,바우처,기타혜택,UNMAPPED_FALLBACK_기타혜택,최대 20만원 상당의 바우처 제공(연 1회)
https://www.card-gorilla.com/card/detail/529,279,프리미엄 서비스,기타혜택,UNMAPPED_FALLBACK_기타혜택,"특수 소재 카드 플레이트 제공
공항라운지 무료이용 / 발레파킹서비스 제공"
https://www.card-gorilla.com/card/detail/529,279,기타,기타,EXACT,"연회비 감면
MasterCard/VISA 서비스"
https://www.card-gorilla.com/card/detail/533,280,주유소,주유소,EXACT,"[DC ONE] 내가 직접 고르는 특별할인!
[DC ALL] 언제 어디서나 누리는 기본할인!"
https://www.card-gorilla.com/card/detail/533,280,저녁,기타혜택,UNMAPPED_FALLBACK_기타혜택,"[드라이버 할인] 음식점(저녁), 편의점, 주차장, 세차장, 대리운전 5% 할인"
https://www.card-gorilla.com/card/detail/533,280,자동차,기타혜택,UNMAPPED_FALLBACK_기타혜택,"[오토 할인]엔진오일 교환 25,000원 할인
자동차보험 10,000원 할인"
https://www.card-gorilla.com/card/detail/534,281,무실적,기타혜택,UNMAPPED_FALLBACK_기타혜택,국내외 온·오프라인 가맹점 0.5% 결제일 청구할인
https://www.card-gorilla.com/card/detail/534,281,온라인쇼핑,온라인쇼핑,EXACT,인터파크 5.0% 결제일 청구할인
https://www.card-gorilla.com/card/detail/535,282,쇼핑,쇼핑,EXACT,"롯데면세점 5~15% 할인우대, 롯데백화점 5% 할인 e-쿠폰 등"
https://www.card-gorilla.com/card/detail/535,282,푸드,기타혜택,UNMAPPED_FALLBACK_기타혜택,"T.G.I. FRiDAY'S 10% 할인, 미스터피자 15% 현장할인 등"
https://www.card-gorilla.com/card/detail/535,282,뷰티/피트니스,기타혜택,UNMAPPED_FALLBACK_기타혜택,박준 뷰티랩 20%할인/박승철 헤어스투디오 15% 할인 (프리미엄 매장 제외)
https://www.card-gorilla.com/card/detail/535,282,기타,기타,EXACT,"롯데월드 본인 종합이용권 50% 할인, 롯데시네마 관람권 1,500원 할인 등"
https://www.card-gorilla.com/card/detail/535,282,바우처,기타혜택,UNMAPPED_FALLBACK_기타혜택,스페셜기프트 제공(연 1회)
https://www.card-gorilla.com/card/detail/535,282,생활,생활,EXACT,Be My Guest / Star Point / Life Support / Bonus Present
https://www.card-gorilla.com/card/detail/535,282,프리미엄 서비스,기타혜택,UNMAPPED_FALLBACK_기타혜택,AMEX Platinum 서비스
https://www.card-gorilla.com/card/detail/536,283,렌탈,기타혜택,UNMAPPED_FALLBACK_기타혜택,10개 렌탈사 자동이체 이용 시 마이신한포인트 적립
https://www.card-gorilla.com/card/detail/536,283,공과금,기타혜택,UNMAPPED_FALLBACK_기타혜택,7개 생활월납 자동이체 이용 시 마이신한포인트 적립
https://www.card-gorilla.com/card/detail/536,283,기타,기타,EXACT,디지털 구독 서비스 정기결제 이용 시 마이신한포인트 적립
https://www.card-gorilla.com/card/detail/537,284,렌탈,기타혜택,UNMAPPED_FALLBACK_기타혜택,10개 렌탈사 자동이체 이용 시 마이신한포인트 적립
https://www.card-gorilla.com/card/detail/537,284,공과금,기타혜택,UNMAPPED_FALLBACK_기타혜택,7개 생활월납 자동이체 이용 시 마이신한포인트 적립
https://www.card-gorilla.com/card/detail/537,284,기타,기타,EXACT,7개 디지털 구독 서비스 정기결제 이용 시 마이신한 포인트 적립
https://www.card-gorilla.com/card/detail/537,284,생활,생활,EXACT,"커피, 편의점, 해외 이용시 마이신한포인트 적립"
https://www.card-gorilla.com/card/detail/538,285,학원,교육육아,SYNONYM_APPLIED,"학원 3% 할인
온라인강의 5% 할인"
https://www.card-gorilla.com/card/detail/538,285,뷰티/피트니스,기타혜택,UNMAPPED_FALLBACK_기타혜택,"수영장, 요가, 레포츠클럽, 문화센터, 종합스포츠센터 3% 할인"
https://www.card-gorilla.com/card/detail/538,285,도서,기타혜택,UNMAPPED_FALLBACK_기타혜택,"서점, 문방구점, 학습지, 기타 학습자재 5% 할인"
https://www.card-gorilla.com/card/detail/538,285,생활,생활,EXACT,"대형마트, 통신요금, 패스트푸드 할인"
https://www.card-gorilla.com/card/detail/538,285,프리미엄 서비스,기타혜택,UNMAPPED_FALLBACK_기타혜택,Easy study 티타늄 서비스
https://www.card-gorilla.com/card/detail/539,286,바우처,기타혜택,UNMAPPED_FALLBACK_기타혜택,3만원 상당 기프트카드 제공
https://www.card-gorilla.com/card/detail/539,286,생활,생활,EXACT,"외식업종, 마트, 학원업종 10% 할인"
https://www.card-gorilla.com/card/detail/539,286,병원,기타혜택,UNMAPPED_FALLBACK_기타혜택,의료업종 2~3개월 무이자 할부
https://www.card-gorilla.com/card/detail/539,286,프리미엄 서비스,기타혜택,UNMAPPED_FALLBACK_기타혜택,마스터 플래티넘 서비스
https://www.card-gorilla.com/card/detail/539,286,기타,기타,EXACT,"라이프 매거진 매월 발송,
쇼핑/외식/여가문화 혜택"
https://www.card-gorilla.com/card/detail/540,287,병원/약국,병원약국,SYNONYM_APPLIED,"병원, 약국, 동물병원 5% 캐시백"
https://www.card-gorilla.com/card/detail/540,287,뷰티/피트니스,기타혜택,UNMAPPED_FALLBACK_기타혜택,"운동, 레저스포츠, 건강보조식품 등 5% 캐시백"
https://www.card-gorilla.com/card/detail/540,287,선택형,기타혜택,UNMAPPED_FALLBACK_기타혜택,월 이용금액 TOP3 그룹 자동으로 5% 캐시백
https://www.card-gorilla.com/card/detail/540,287,기타,기타,EXACT,"누적 이용금액 600만원 달성 시, 1만원 보너스 캐시백"
https://www.card-gorilla.com/card/detail/541,288,국내외가맹점,모든가맹점,SYNONYM_APPLIED,국내외 가맹점 최대 1.4% 할인
https://www.card-gorilla.com/card/detail/542,289,백화점,백화점,EXACT,갤러리아 관련 혜택
https://www.card-gorilla.com/card/detail/542,289,해외이용,기타혜택,UNMAPPED_FALLBACK_기타혜택,해외 가맹점(해외직구 포함) 1% 청구할인
https://www.card-gorilla.com/card/detail/542,289,주유소,주유소,EXACT,4대 주유소 주말 주유시 리터당 60원 청구할인
https://www.card-gorilla.com/card/detail/542,289,카페,카페,EXACT,"커피(스타벅스, 폴바셋, 빈스앤베리스) 1천원 청구할인"
https://www.card-gorilla.com/card/detail/542,289,OTT/영화/문화,기타혜택,UNMAPPED_FALLBACK_기타혜택,"CGV, 롯데시네마 12,000원 이상 결제시 5,000원 청구할인
대림미술관 20% 청구할인"
https://www.card-gorilla.com/card/detail/542,289,프리미엄 서비스,기타혜택,UNMAPPED_FALLBACK_기타혜택,"공항라운지 무료,
발렛 파킹 무료"
https://www.card-gorilla.com/card/detail/543,290,공과금,기타혜택,UNMAPPED_FALLBACK_기타혜택,"아파트관리비(공공 임대료) 5천~15천원 청구할인,
도시가스 자동납부 3,000원 청구할인"
https://www.card-gorilla.com/card/detail/543,290,기타,기타,EXACT,"유튜브 프리미엄 정기권 30% 청구할인,
넷플릭스 정기권 30% 청구할인"
https://www.card-gorilla.com/card/detail/544,291,공과금,기타혜택,UNMAPPED_FALLBACK_기타혜택,"아파트관리비(공공 임대료) 5천~15천원 청구할인,
도시가스 자동납부 3,000원 청구할인"
https://www.card-gorilla.com/card/detail/544,291,학원,교육육아,SYNONYM_APPLIED,학원 10% 청구할인
https://www.card-gorilla.com/card/detail/544,291,기타,기타,EXACT,"유튜브 프리미엄 정기권 30% 청구할인,
넷플릭스 정기권 30% 청구할인"
https://www.card-gorilla.com/card/detail/544,291,프리미엄 서비스,기타혜택,UNMAPPED_FALLBACK_기타혜택,"전 세계 1,000여개 공항라운지 무료 입장 서비스,
프리미엄 투어 서비스"
https://www.card-gorilla.com/card/detail/545,292,공과금,기타혜택,UNMAPPED_FALLBACK_기타혜택,아파트관리비(공공 임대료) 3천~10천원 캐시백
https://www.card-gorilla.com/card/detail/545,292,기타,기타,EXACT,유튜브 프리미엄 정기권 30% 캐시백
https://www.card-gorilla.com/card/detail/546,293,대중교통,대중교통,EXACT,대중교통요금 10% 할인
https://www.card-gorilla.com/card/detail/546,293,적립,기타혜택,UNMAPPED_FALLBACK_기타혜택,모아포인트 최고 0.9% 적립
https://www.card-gorilla.com/card/detail/546,293,주유소,주유소,EXACT,GS칼텍스 리터당 최대 70원 청구할인
https://www.card-gorilla.com/card/detail/546,293,패밀리레스토랑,기타혜택,UNMAPPED_FALLBACK_기타혜택,패밀리 레스토랑 할인
https://www.card-gorilla.com/card/detail/546,293,OTT/영화/문화,기타혜택,UNMAPPED_FALLBACK_기타혜택,"영화, 놀이공원, 콘도 할인"
https://www.card-gorilla.com/card/detail/546,293,쇼핑,쇼핑,EXACT,"유명의류, 한국프뢰벨, 현대홈쇼핑, 특별할인서비스"
https://www.card-gorilla.com/card/detail/546,293,생활,생활,EXACT,"자동차, 통신 등 생활서비스 제공"
https://www.card-gorilla.com/card/detail/548,294,대한항공,대한항공,EXACT,"이용금액 1,000원당 대한항공 마일리지 적립"
https://www.card-gorilla.com/card/detail/548,294,공항라운지,공항라운지,EXACT,세계 공항라운지 무료 이용 서비스
https://www.card-gorilla.com/card/detail/551,295,생활,생활,EXACT,자동납부 5천원/1만원 캐시백
https://www.card-gorilla.com/card/detail/551,295,통신,통신,EXACT,통신요금 자동납부 5천원 청구할인
https://www.card-gorilla.com/card/detail/551,295,영화,영화,EXACT,영화 3천원 청구할인
https://www.card-gorilla.com/card/detail/551,295,기타,기타,EXACT,정기결제 1천원 청구할인
https://www.card-gorilla.com/card/detail/551,295,선택형,기타혜택,UNMAPPED_FALLBACK_기타혜택,Easy link 선택서비스(택1)
https://www.card-gorilla.com/card/detail/551,295,프리미엄 서비스,기타혜택,UNMAPPED_FALLBACK_기타혜택,티타늄 서비스
https://www.card-gorilla.com/card/detail/558,296,아시아나항공,아시아나항공,EXACT,"이용금액 1,000원당 아시아나항공 마일리지 적립"
https://www.card-gorilla.com/card/detail/558,296,공항라운지,공항라운지,EXACT,전 세계 공항라운지 무료 이용 서비스
https://www.card-gorilla.com/card/detail/558,296,기타,기타,EXACT,프리미엄 투어 서비스
https://www.card-gorilla.com/card/detail/559,297,대중교통,대중교통,EXACT,버스·지하철 10% 청구할인
https://www.card-gorilla.com/card/detail/559,297,통신,통신,EXACT,"이동통신요금 2,500원 환급할인"
https://www.card-gorilla.com/card/detail/559,297,영화,영화,EXACT,CGV 35% 환급할인
https://www.card-gorilla.com/card/detail/559,297,푸드,기타혜택,UNMAPPED_FALLBACK_기타혜택,"아웃백, VIPS / 스타벅스 20% 환급할인"
https://www.card-gorilla.com/card/detail/559,297,테마파크,테마파크,EXACT,에버랜드·롯데월드 50% 환급할인
https://www.card-gorilla.com/card/detail/559,297,금융,기타혜택,UNMAPPED_FALLBACK_기타혜택,금융수수료 면제 서비스
https://www.card-gorilla.com/card/detail/559,297,편의점,편의점,EXACT,GS25 5% 환급할인
https://www.card-gorilla.com/card/detail/559,297,도서,기타혜택,UNMAPPED_FALLBACK_기타혜택,교보문고 5% 환급할인
https://www.card-gorilla.com/card/detail/559,297,기타,기타,EXACT,통합할인한도
https://www.card-gorilla.com/card/detail/561,298,대중교통,대중교통,EXACT,버스·지하철 10% 청구할인
https://www.card-gorilla.com/card/detail/561,298,통신,통신,EXACT,"이동통신요금 2,500원 환급할인"
https://www.card-gorilla.com/card/detail/561,298,영화,영화,EXACT,CGV 35% 환급할인
https://www.card-gorilla.com/card/detail/561,298,푸드,기타혜택,UNMAPPED_FALLBACK_기타혜택,"아웃백, VIPS / 스타벅스 20% 환급할인"
https://www.card-gorilla.com/card/detail/561,298,테마파크,테마파크,EXACT,에버랜드·롯데월드 50% 환급할인
https://www.card-gorilla.com/card/detail/561,298,금융,기타혜택,UNMAPPED_FALLBACK_기타혜택,금융수수료 면제 서비스
https://www.card-gorilla.com/card/detail/561,298,편의점,편의점,EXACT,GS25 5% 환급할인
https://www.card-gorilla.com/card/detail/561,298,도서,기타혜택,UNMAPPED_FALLBACK_기타혜택,교보문고 5% 환급할인
https://www.card-gorilla.com/card/detail/561,298,기타,기타,EXACT,통합할인한도
https://www.card-gorilla.com/card/detail/568,299,적립,기타혜택,UNMAPPED_FALLBACK_기타혜택,"커피, 이동통신, 주유 등 1~3% 빅포인트 적립"
https://www.card-gorilla.com/card/detail/568,299,베이커리,기타혜택,UNMAPPED_FALLBACK_기타혜택,파리바게뜨·배스킨라빈스·던킨도너츠 10% 결제일할인
https://www.card-gorilla.com/card/detail/568,299,영화,영화,EXACT,"CGV 및 롯데시네마 3,000원 결제일할인"
https://www.card-gorilla.com/card/detail/568,299,생활,생활,EXACT,부가세환급 편의지원서비스 및 전자세금계산서 월 250건 무료 제공
https://www.card-gorilla.com/card/detail/569,300,생활,생활,EXACT,4대 디지털 스트리밍 서비스 1만원 청구 할인
https://www.card-gorilla.com/card/detail/569,300,간편결제,간편결제,EXACT,6대 온라인 간편결제서비스 5% 청구 할인
https://www.card-gorilla.com/card/detail/569,300,선택형,기타혜택,UNMAPPED_FALLBACK_기타혜택,서로 다른 매력이 있는 4종의 디자인 중에서 하나를 선택해 발급
https://www.card-gorilla.com/card/detail/578,301,금융,기타혜택,UNMAPPED_FALLBACK_기타혜택,"금융포인트 0.5~5% 적립
KB증권 매매수수료의 5% 금융포인트 적립"
https://www.card-gorilla.com/card/detail/578,301,기타,기타,EXACT,다양한 KB금융 서비스 혜택
https://www.card-gorilla.com/card/detail/579,302,대한항공,대한항공,EXACT,"국내외(온․오프라인) 가맹점 1,000원당 1마일리지 적립
해외, 커피, 택시, 편의점, 대중교통 가맹점 1,000원당 1마일리지 추가 적립"
https://www.card-gorilla.com/card/detail/579,302,공항라운지,공항라운지,EXACT,공항라운지(The Lounge Members) 무료 이용 서비스
https://www.card-gorilla.com/card/detail/579,302,프리미엄,기타혜택,UNMAPPED_FALLBACK_기타혜택,Mastercard Platinum 서비스
https://www.card-gorilla.com/card/detail/580,303,온라인쇼핑,온라인쇼핑,EXACT,[Easy 서비스] 인터넷쇼핑몰 5% 적립
https://www.card-gorilla.com/card/detail/580,303,배달앱,배달앱,EXACT,[Easy 서비스] 배달앱 5% 적립
https://www.card-gorilla.com/card/detail/580,303,대형마트,대형마트,EXACT,[Easy 서비스] 대형마트 5% 적립
https://www.card-gorilla.com/card/detail/580,303,주유,주유소,SYNONYM_APPLIED,[Easy 서비스] 주유소/충전소 5% 적립
https://www.card-gorilla.com/card/detail/580,303,피트니스,기타혜택,UNMAPPED_FALLBACK_기타혜택,[Easy 서비스] 피트니스 5% 적립
https://www.card-gorilla.com/card/detail/580,303,대중교통,대중교통,EXACT,[Basic 서비스] 대중교통 5% 적립
https://www.card-gorilla.com/card/detail/580,303,통신,통신,EXACT,[Basic 서비스] 이동통신 5% 적립
https://www.card-gorilla.com/card/detail/580,303,APP,기타혜택,UNMAPPED_FALLBACK_기타혜택,[Basic 서비스] 인터넷 쇼핑몰 앱카드 결제 5% 적립
https://www.card-gorilla.com/card/detail/580,303,렌탈,기타혜택,UNMAPPED_FALLBACK_기타혜택,[Basic 서비스] 정수기 렌탈 5% 적립
https://www.card-gorilla.com/card/detail/580,303,선택형,기타혜택,UNMAPPED_FALLBACK_기타혜택,[Pick 서비스] 선호영역(택1) 5% 적립
https://www.card-gorilla.com/card/detail/580,303,프리미엄,기타혜택,UNMAPPED_FALLBACK_기타혜택,티타늄 서비스
https://www.card-gorilla.com/card/detail/581,304,모든가맹점,모든가맹점,EXACT,국내외 가맹점 0.5% 결제일 할인
https://www.card-gorilla.com/card/detail/581,304,할인,기타혜택,UNMAPPED_FALLBACK_기타혜택,"슈퍼, 병원, 커피, 편의점 최대 2% 결제일 할인"
https://www.card-gorilla.com/card/detail/581,304,할인,기타혜택,UNMAPPED_FALLBACK_기타혜택,"이동통신, 대중교통 최대 5% 결제일 할인"
https://www.card-gorilla.com/card/detail/582,305,국내외가맹점,모든가맹점,SYNONYM_APPLIED,[기본할인] 국내외 가맹점 0.7 % 결제일 할인
https://www.card-gorilla.com/card/detail/582,305,할인,기타혜택,UNMAPPED_FALLBACK_기타혜택,[특별할인] 건별 10만원 이상 결제 시 1.4% 결제일 할인
https://www.card-gorilla.com/card/detail/582,305,프리미엄 서비스,기타혜택,UNMAPPED_FALLBACK_기타혜택,"공항라운지(The Lounge Members) 무료 이용 서비스,
Mastercard Platinum 서비스"
https://www.card-gorilla.com/card/detail/583,306,대중교통,대중교통,EXACT,K-패스 사업 지역 안내
https://www.card-gorilla.com/card/detail/583,306,할인,기타혜택,UNMAPPED_FALLBACK_기타혜택,생활 편의 서비스
https://www.card-gorilla.com/card/detail/583,306,할인,기타혜택,UNMAPPED_FALLBACK_기타혜택,생활 밀착 서비스
https://www.card-gorilla.com/card/detail/584,307,대중교통,대중교통,EXACT,K-패스 사업 지역 안내
https://www.card-gorilla.com/card/detail/584,307,해외,기타혜택,UNMAPPED_FALLBACK_기타혜택,해외 서비스(Mastercard 브랜드 발급 시 제공)
https://www.card-gorilla.com/card/detail/584,307,캐시백,기타혜택,UNMAPPED_FALLBACK_기타혜택,국내서비스
https://www.card-gorilla.com/card/detail/587,308,온라인쇼핑,온라인쇼핑,EXACT,온라인 쇼핑 10% 적립
https://www.card-gorilla.com/card/detail/587,308,쇼핑,쇼핑,EXACT,생활 쇼핑 5% 적립
https://www.card-gorilla.com/card/detail/587,308,아울렛,기타혜택,UNMAPPED_FALLBACK_기타혜택,아울렛 쇼핑 5% 적립
https://www.card-gorilla.com/card/detail/588,309,네이버페이,네이버페이,EXACT,네이버페이 포인트 1% 적립
https://www.card-gorilla.com/card/detail/588,309,공항라운지,공항라운지,EXACT,국내외 공항라운지 무료 이용 서비스
https://www.card-gorilla.com/card/detail/588,309,수수료우대,기타혜택,UNMAPPED_FALLBACK_기타혜택,해외이용수수료 면제
https://www.card-gorilla.com/card/detail/588,309,프리미엄 서비스,기타혜택,UNMAPPED_FALLBACK_기타혜택,MasterCard Platinum 서비스 제공
https://www.card-gorilla.com/card/detail/589,310,해외,기타혜택,UNMAPPED_FALLBACK_기타혜택,해외 모든 가맹점 2% 토스머니 적립 (월 1만 토스머니 한도)
https://www.card-gorilla.com/card/detail/589,310,해외이용,기타혜택,UNMAPPED_FALLBACK_기타혜택,해외 인출 수수료 우대 서비스
https://www.card-gorilla.com/card/detail/589,310,프리미엄 서비스,기타혜택,UNMAPPED_FALLBACK_기타혜택,국제 브랜드 서비스
https://www.card-gorilla.com/card/detail/591,311,카카오페이,카카오페이,EXACT,간편결제 3천원 할인
https://www.card-gorilla.com/card/detail/591,311,편의점,편의점,EXACT,편의점 3천원 할인
https://www.card-gorilla.com/card/detail/591,311,OTT/영화/문화,기타혜택,UNMAPPED_FALLBACK_기타혜택,영화·배달앱 3천원 할인
https://www.card-gorilla.com/card/detail/591,311,푸드,기타혜택,UNMAPPED_FALLBACK_기타혜택,커피·제과·패스트푸드 3천원 할인
https://www.card-gorilla.com/card/detail/591,311,여행/숙박,기타혜택,UNMAPPED_FALLBACK_기타혜택,숙박앱 5천원 할인
https://www.card-gorilla.com/card/detail/591,311,레저/스포츠,기타혜택,UNMAPPED_FALLBACK_기타혜택,"공연/음악 5천원 할인
스포츠/놀이 5천원 할인"
https://www.card-gorilla.com/card/detail/592,312,할인,기타혜택,UNMAPPED_FALLBACK_기타혜택,조건 없이 국내외 가맹점 0.5% 할인
https://www.card-gorilla.com/card/detail/592,312,마트/편의점,기타혜택,UNMAPPED_FALLBACK_기타혜택,조건 없이 마트/편의점 1% 할인
https://www.card-gorilla.com/card/detail/592,312,OTT/영화/문화,기타혜택,UNMAPPED_FALLBACK_기타혜택,"넷플릭스, 웨이브, 멜론 20% 할인
CGV, 롯데시네마 5천원 할인"
https://www.card-gorilla.com/card/detail/592,312,생활,생활,EXACT,"커피/교통 5% 할인
쇼핑/배달앱 3% 할인"
https://www.card-gorilla.com/card/detail/594,313,쇼핑,쇼핑,EXACT,삼성디지털프라자 장기할부 및 청구할인
https://www.card-gorilla.com/card/detail/594,313,영화,영화,EXACT,"전국 영화관 3,000원 청구할인"
https://www.card-gorilla.com/card/detail/594,313,카페,카페,EXACT,커피전문점 1천원 청구할인
https://www.card-gorilla.com/card/detail/594,313,프리미엄 서비스,기타혜택,UNMAPPED_FALLBACK_기타혜택,VISA브랜드 제공 서비스
https://www.card-gorilla.com/card/detail/595,314,자동차/하이패스,기타혜택,UNMAPPED_FALLBACK_기타혜택,i PARKING 주차비 할인
https://www.card-gorilla.com/card/detail/595,314,주유,주유소,SYNONYM_APPLIED,주유 / 충전 할인
https://www.card-gorilla.com/card/detail/596,315,렌탈,기타혜택,UNMAPPED_FALLBACK_기타혜택,셀리턴 렌탈 요금 자동이체 시 청구할인
https://www.card-gorilla.com/card/detail/597,316,모든가맹점,모든가맹점,EXACT,국내가맹점 이용액 0.2% 위비꿀머니(모아포인트) 적립
https://www.card-gorilla.com/card/detail/597,316,카페,카페,EXACT,"스타벅스, 폴바셋 1천원 청구할인"
https://www.card-gorilla.com/card/detail/597,316,테마파크,테마파크,EXACT,주요 놀이공원 자유이용권 50% 현장할인
https://www.card-gorilla.com/card/detail/597,316,공항라운지,공항라운지,EXACT,국내외 공항라운지 무료 이용 서비스
https://www.card-gorilla.com/card/detail/597,316,멤버십포인트,기타혜택,UNMAPPED_FALLBACK_기타혜택,AK플라자 현장할인과 AK멤버스 마일리지 적립
https://www.card-gorilla.com/card/detail/598,317,모든가맹점,모든가맹점,EXACT,국내가맹점 이용액 0.2% 위비꿀머니(모아포인트) 적립
https://www.card-gorilla.com/card/detail/598,317,카페,카페,EXACT,"스타벅스, 폴바셋 1천원 청구할인"
https://www.card-gorilla.com/card/detail/598,317,테마파크,테마파크,EXACT,주요 놀이공원 자유이용권 50% 현장할인
https://www.card-gorilla.com/card/detail/598,317,공항라운지,공항라운지,EXACT,국내외 공항라운지 무료 이용 서비스
https://www.card-gorilla.com/card/detail/598,317,멤버십포인트,기타혜택,UNMAPPED_FALLBACK_기타혜택,"AK플라자 추가 현장할인,
AK 멤버스 서비스"
https://www.card-gorilla.com/card/detail/598,317,프리미엄 서비스,기타혜택,UNMAPPED_FALLBACK_기타혜택,브랜드서비스 제공
https://www.card-gorilla.com/card/detail/599,318,모든가맹점,모든가맹점,EXACT,국내가맹점 이용액 0.1% 우리WON꿀머니(모아포인트) 적립
https://www.card-gorilla.com/card/detail/599,318,카페,카페,EXACT,"스타벅스, 폴바셋 1천원 청구할인"
https://www.card-gorilla.com/card/detail/599,318,테마파크,테마파크,EXACT,주요 놀이공원 자유이용권 50% 현장할인
https://www.card-gorilla.com/card/detail/599,318,멤버십포인트,기타혜택,UNMAPPED_FALLBACK_기타혜택,AK플라자 현장할인과 AK멤버스 마일리지 적립
https://www.card-gorilla.com/card/detail/600,319,대한항공,대한항공,EXACT,"국내외 가맹점 이용금액 1천원당 1마일리지 기본 적립
특정 업종별 이용금액 1천원당 2마일리지 적립(기본 1마일 + 추가 1마일)"
https://www.card-gorilla.com/card/detail/600,319,프리미엄 서비스,기타혜택,UNMAPPED_FALLBACK_기타혜택,MasterCard 플래티넘서비스
https://www.card-gorilla.com/card/detail/601,320,대한항공,대한항공,EXACT,"국내외 가맹점 이용금액 1천원당 1마일리지 기본 적립
특정 업종별 이용금액 1천원당 2마일리지 적립(기본 1마일 + 추가 1마일)"
https://www.card-gorilla.com/card/detail/601,320,공항라운지,공항라운지,EXACT,인천국제공항 제2여객터미널 마티나라운지 무료 이용
https://www.card-gorilla.com/card/detail/601,320,카페,카페,EXACT,"스타벅스, 폴바셋, 이디야 결제 건당 500원 할인"
https://www.card-gorilla.com/card/detail/601,320,자동차,기타혜택,UNMAPPED_FALLBACK_기타혜택,서울 및 대도시 제휴 주차장 주말 무료 주차
https://www.card-gorilla.com/card/detail/601,320,프리미엄 서비스,기타혜택,UNMAPPED_FALLBACK_기타혜택,MasterCard 플래티넘서비스
https://www.card-gorilla.com/card/detail/601,320,기타,기타,EXACT,웰컴보너스 5천 마일리지 적립
https://www.card-gorilla.com/card/detail/602,321,대한항공,대한항공,EXACT,"국내외 가맹점 이용금액 1천원당 1마일리지 기본 적립
특정 업종별 이용금액 1천원당 2~3마일리지 적립(기본 1마일 + 추가 1~2마일)"
https://www.card-gorilla.com/card/detail/602,321,바우처,기타혜택,UNMAPPED_FALLBACK_기타혜택,"마일리지, 항공권, 면세점 바우처 서비스"
https://www.card-gorilla.com/card/detail/602,321,기타,기타,EXACT,특수 소재 플레이트
https://www.card-gorilla.com/card/detail/602,321,공항라운지,공항라운지,EXACT,인천국제공항 제2여객터미널 마티나/마티나골드 라운지 무료 이용
https://www.card-gorilla.com/card/detail/602,321,프리미엄,기타혜택,UNMAPPED_FALLBACK_기타혜택,국내 특급호텔 및 공항 무료 발레파킹서비스
https://www.card-gorilla.com/card/detail/602,321,카페,카페,EXACT,"스타벅스, 폴바셋, 이디야 결제 건당 500원 할인"
https://www.card-gorilla.com/card/detail/602,321,자동차,기타혜택,UNMAPPED_FALLBACK_기타혜택,서울 및 대도시 제휴 주차장 주말 무료 주차
https://www.card-gorilla.com/card/detail/602,321,프리미엄 서비스,기타혜택,UNMAPPED_FALLBACK_기타혜택,MasterCard World 서비스
https://www.card-gorilla.com/card/detail/602,321,기타,기타,EXACT,웰컴보너스 5천 마일리지 적립
https://www.card-gorilla.com/card/detail/603,322,대한항공,대한항공,EXACT,"국내외 가맹점 이용금액 1천원당 1마일리지 기본 적립
특정 업종별 이용금액 1천원당 3~5마일리지 적립(기본 1마일 + 추가 2~4마일)"
https://www.card-gorilla.com/card/detail/603,322,바우처,기타혜택,UNMAPPED_FALLBACK_기타혜택,"마일리지, 항공권, 면세점, Special 바우처 서비스"
https://www.card-gorilla.com/card/detail/603,322,기타,기타,EXACT,특수 소재 플레이트
https://www.card-gorilla.com/card/detail/603,322,공항라운지,공항라운지,EXACT,인천국제공항 제2여객터미널 마티나/마티나골드 라운지 무료 이용 + 해외 라운지 무료 이용
https://www.card-gorilla.com/card/detail/603,322,프리미엄,기타혜택,UNMAPPED_FALLBACK_기타혜택,국내 특급호텔 및 공항 무료 발레파킹서비스
https://www.card-gorilla.com/card/detail/603,322,카페,카페,EXACT,"스타벅스, 폴바셋, 이디야 결제 건당 500원 할인"
https://www.card-gorilla.com/card/detail/603,322,자동차,기타혜택,UNMAPPED_FALLBACK_기타혜택,서울 및 대도시 제휴 주차장 주말 무료 주차
https://www.card-gorilla.com/card/detail/603,322,프리미엄 서비스,기타혜택,UNMAPPED_FALLBACK_기타혜택,MasterCard World 서비스
https://www.card-gorilla.com/card/detail/603,322,기타,기타,EXACT,웰컴보너스 1만5천 마일리지 적립
https://www.card-gorilla.com/card/detail/606,323,생활,생활,EXACT,정기결제 최대 20% 청구할인
https://www.card-gorilla.com/card/detail/606,323,기타,기타,EXACT,"쿠팡 로켓와우, 간편결제, 게임결제 청구할인"
https://www.card-gorilla.com/card/detail/606,323,해외이용,기타혜택,UNMAPPED_FALLBACK_기타혜택,해외 가맹점 (온라인/오프라인) 1% 청구할인
https://www.card-gorilla.com/card/detail/607,324,생활,생활,EXACT,정기결제 최대 20% 청구할인
https://www.card-gorilla.com/card/detail/607,324,기타,기타,EXACT,"쿠팡 로켓와우, 간편결제, 게임결제"
https://www.card-gorilla.com/card/detail/607,324,해외이용,기타혜택,UNMAPPED_FALLBACK_기타혜택,해외 가맹점 (온라인/오프라인) 2% 청구할인
https://www.card-gorilla.com/card/detail/607,324,공항라운지,공항라운지,EXACT,"공항라운지 무료 이용(월 1회, 연 2회)"
https://www.card-gorilla.com/card/detail/608,325,할인,기타혜택,UNMAPPED_FALLBACK_기타혜택,[기본 할인] 국내외 가맹점 이용금액의 0.7% 청구 할인
https://www.card-gorilla.com/card/detail/608,325,할인,기타혜택,UNMAPPED_FALLBACK_기타혜택,[생활 필수 영역 할인] 이용금액의 1.5% 청구 할인
https://www.card-gorilla.com/card/detail/608,325,프리미엄 서비스,기타혜택,UNMAPPED_FALLBACK_기타혜택,VISA 플래티넘 / Young Premium 서비스 제공
https://www.card-gorilla.com/card/detail/608,325,무이자할부,기타혜택,UNMAPPED_FALLBACK_기타혜택,무이자할부 서비스
https://www.card-gorilla.com/card/detail/609,326,할인,기타혜택,UNMAPPED_FALLBACK_기타혜택,[기본 할인] 국내외 가맹점 이용금액의 0.7% 청구 할인
https://www.card-gorilla.com/card/detail/609,326,할인,기타혜택,UNMAPPED_FALLBACK_기타혜택,[모바일 필수 영역 할인] 이용금액의 1.5% 할인
https://www.card-gorilla.com/card/detail/609,326,프리미엄 서비스,기타혜택,UNMAPPED_FALLBACK_기타혜택,VISA 플래티넘 / Young Premium 서비스 제공
https://www.card-gorilla.com/card/detail/609,326,무이자할부,기타혜택,UNMAPPED_FALLBACK_기타혜택,무이자할부 서비스
https://www.card-gorilla.com/card/detail/610,327,적립,기타혜택,UNMAPPED_FALLBACK_기타혜택,[기본 적립] 국내외 가맹점 이용금액의 1% 기본 M포인트 적립
https://www.card-gorilla.com/card/detail/610,327,적립,기타혜택,UNMAPPED_FALLBACK_기타혜택,[생활 필수 영역 적립] 이용금액의 2.5% M포인트 적립
https://www.card-gorilla.com/card/detail/610,327,프리미엄 서비스,기타혜택,UNMAPPED_FALLBACK_기타혜택,VISA 플래티넘 / Young Premium 서비스 제공
https://www.card-gorilla.com/card/detail/610,327,무이자할부,기타혜택,UNMAPPED_FALLBACK_기타혜택,무이자할부 서비스
https://www.card-gorilla.com/card/detail/611,328,적립,기타혜택,UNMAPPED_FALLBACK_기타혜택,[기본 적립] 국내외 가맹점 이용금액의 1% 기본 M포인트 적립
https://www.card-gorilla.com/card/detail/611,328,적립,기타혜택,UNMAPPED_FALLBACK_기타혜택,[모바일 필수 영역 적립] 이용금액의 2.5% M포인트 적립
https://www.card-gorilla.com/card/detail/611,328,프리미엄 서비스,기타혜택,UNMAPPED_FALLBACK_기타혜택,VISA 플래티넘 / Young Premium 서비스 제공
https://www.card-gorilla.com/card/detail/611,328,무이자할부,기타혜택,UNMAPPED_FALLBACK_기타혜택,무이자할부 서비스
https://www.card-gorilla.com/card/detail/613,329,생활,생활,EXACT,마리아쥬 서비스 적립
https://www.card-gorilla.com/card/detail/613,329,온라인쇼핑,온라인쇼핑,EXACT,온라인쇼핑 지원 적립
https://www.card-gorilla.com/card/detail/613,329,기타,기타,EXACT,홈DIY 적립
https://www.card-gorilla.com/card/detail/614,330,간편결제,간편결제,EXACT,네이버페이.카카오페이.SSG페이 최대 4천원 할인
https://www.card-gorilla.com/card/detail/614,330,대중교통,대중교통,EXACT,버스.지하철 최대 4천원 할인
https://www.card-gorilla.com/card/detail/614,330,편의점,편의점,EXACT,CU편의점 최대 4천원 할인
https://www.card-gorilla.com/card/detail/614,330,카페,카페,EXACT,스타벅스(사이렌오더 포함) 최대 4천원 할인
https://www.card-gorilla.com/card/detail/614,330,영화,영화,EXACT,CGV 최대 4천원 할인
https://www.card-gorilla.com/card/detail/614,330,기타,기타,EXACT,텐바이텐 최대 4천원 할인
https://www.card-gorilla.com/card/detail/614,330,드럭스토어,드럭스토어,EXACT,"올리브영,안경(렌즈)점 최대 4천원 할인"
https://www.card-gorilla.com/card/detail/614,330,도서,기타혜택,UNMAPPED_FALLBACK_기타혜택,"YES24, 교보문고 최대 4천원 할인"
https://www.card-gorilla.com/card/detail/614,330,공연/전시,기타혜택,UNMAPPED_FALLBACK_기타혜택,인터파크티켓 최대 4천원 할인
https://www.card-gorilla.com/card/detail/615,331,통신,통신,EXACT,"통신요금 자동납부 1만원당 1,500원 청구 할인"
https://www.card-gorilla.com/card/detail/615,331,OTT/영화/문화,기타혜택,UNMAPPED_FALLBACK_기타혜택,"영화, 음원/영상, 배달앱 청구할인"
https://www.card-gorilla.com/card/detail/615,331,선택형,기타혜택,UNMAPPED_FALLBACK_기타혜택,온라인쇼핑 5% 청구할인
https://www.card-gorilla.com/card/detail/615,331,적립,기타혜택,UNMAPPED_FALLBACK_기타혜택,리워드 특별 적립 서비스
https://www.card-gorilla.com/card/detail/615,331,프리미엄 서비스,기타혜택,UNMAPPED_FALLBACK_기타혜택,티타늄 서비스
https://www.card-gorilla.com/card/detail/616,332,멤버십포인트,기타혜택,UNMAPPED_FALLBACK_기타혜택,다이소 0.5% 멤버십 포인트 적립
https://www.card-gorilla.com/card/detail/616,332,생활,생활,EXACT,"다이소 2,000원 ~ 4,000원 결제일할인"
https://www.card-gorilla.com/card/detail/616,332,카페,카페,EXACT,"커피전문점 2,000원 결제일할인"
https://www.card-gorilla.com/card/detail/616,332,배달앱,배달앱,EXACT,"배달앱 2,000원 결제일할인"
https://www.card-gorilla.com/card/detail/616,332,할인,기타혜택,UNMAPPED_FALLBACK_기타혜택,다이소몰 1% 결제일할인
https://www.card-gorilla.com/card/detail/616,332,기타,기타,EXACT,할인점.온라인쇼핑몰.편의점.의료 1% 결제일할인
https://www.card-gorilla.com/card/detail/617,333,여행/숙박,기타혜택,UNMAPPED_FALLBACK_기타혜택,제주여행 특화 서비스
https://www.card-gorilla.com/card/detail/617,333,저가항공,기타혜택,UNMAPPED_FALLBACK_기타혜택,UniMile 적립
https://www.card-gorilla.com/card/detail/617,333,공항라운지,공항라운지,EXACT,전세계 공항 라운지 무료 이용 서비스
https://www.card-gorilla.com/card/detail/617,333,주유소,주유소,EXACT,주유할인 서비스
https://www.card-gorilla.com/card/detail/618,334,선택형,기타혜택,UNMAPPED_FALLBACK_기타혜택,플레이트 디자인 선택 가능
https://www.card-gorilla.com/card/detail/618,334,대중교통,대중교통,EXACT,대중교통 이용금액 5% 캐시백
https://www.card-gorilla.com/card/detail/618,334,통신,통신,EXACT,이동통신요금 자동납부 시 2천원 캐시백
https://www.card-gorilla.com/card/detail/618,334,영화,영화,EXACT,CGV 영화 예매 5천원 캐시백
https://www.card-gorilla.com/card/detail/618,334,편의점,편의점,EXACT,편의점 1천원 캐시백
https://www.card-gorilla.com/card/detail/618,334,카페,카페,EXACT,카페 1천원 캐시백
https://www.card-gorilla.com/card/detail/618,334,패스트푸드,기타혜택,UNMAPPED_FALLBACK_기타혜택,패스트푸드 1천원 캐시백
https://www.card-gorilla.com/card/detail/618,334,배달앱,배달앱,EXACT,배달앱 1천원 캐시백
https://www.card-gorilla.com/card/detail/618,334,생활,생활,EXACT,생활 가맹점 1천원 캐시백
https://www.card-gorilla.com/card/detail/618,334,디지털구독,디지털구독,EXACT,OTT 1천원 캐시백
https://www.card-gorilla.com/card/detail/618,334,온라인쇼핑,온라인쇼핑,EXACT,온라인 쇼핑 1천원 캐시백
https://www.card-gorilla.com/card/detail/618,334,간편결제,간편결제,EXACT,간편결제(Pay)로 국내 이용 시 1% 캐시백
https://www.card-gorilla.com/card/detail/618,334,해외,기타혜택,UNMAPPED_FALLBACK_기타혜택,"해외 전 가맹점(온라인포함) 1.2% 캐시백
해외인출 1건 당 US  캐시백 제공"
https://www.card-gorilla.com/card/detail/620,335,기타,기타,EXACT,두장의 혜택을 세트로 누리는 카드 LOCA
https://www.card-gorilla.com/card/detail/620,335,모든가맹점,모든가맹점,EXACT,국내외 가맹점 결제일 할인
https://www.card-gorilla.com/card/detail/621,336,주유,주유소,SYNONYM_APPLIED,SK 에너지ㆍS-OILㆍGS칼텍스ㆍ현대오일뱅크 100원/L 할인
https://www.card-gorilla.com/card/detail/621,336,보험,기타혜택,UNMAPPED_FALLBACK_기타혜택,"자동차 손해보험 10,000원 할인"
https://www.card-gorilla.com/card/detail/621,336,마트/편의점,기타혜택,UNMAPPED_FALLBACK_기타혜택,GS25ㆍCUㆍ세븐일레븐 5% 할인
https://www.card-gorilla.com/card/detail/621,336,배달앱,배달앱,EXACT,배달의민족ㆍ요기요 5% 할인
https://www.card-gorilla.com/card/detail/622,337,카페,카페,EXACT,스타벅스ㆍ폴바셋ㆍ빽다방ㆍ투썸플레이스 50% 할인
https://www.card-gorilla.com/card/detail/622,337,디지털구독,디지털구독,EXACT,넷플릭스ㆍ유투브ㆍ왓챠ㆍ멜론ㆍ지니뮤직 20% 할인
https://www.card-gorilla.com/card/detail/622,337,교통,기타혜택,UNMAPPED_FALLBACK_기타혜택,버스ㆍ지하철ㆍ택시 10% 할인
https://www.card-gorilla.com/card/detail/622,337,배달앱,배달앱,EXACT,배달의민족ㆍ요기요 10% 할인
https://www.card-gorilla.com/card/detail/622,337,온라인쇼핑,온라인쇼핑,EXACT,쿠팡ㆍSSG닷컴ㆍ마켓컬리 5% 할인
https://www.card-gorilla.com/card/detail/623,338,교육/육아,기타혜택,UNMAPPED_FALLBACK_기타혜택,학원ㆍ학습지ㆍ유치원(건당 10만원 이상 시) 5% 할인
https://www.card-gorilla.com/card/detail/623,338,도서,기타혜택,UNMAPPED_FALLBACK_기타혜택,서점ㆍ문구점 10% 할인
https://www.card-gorilla.com/card/detail/624,339,병원,기타혜택,UNMAPPED_FALLBACK_기타혜택,병원ㆍ약국ㆍ동물병원 10% 할인
https://www.card-gorilla.com/card/detail/624,339,쇼핑,쇼핑,EXACT,"백화점, 슈퍼 5% 할인"
https://www.card-gorilla.com/card/detail/624,339,대중교통,대중교통,EXACT,버스ㆍ지하철 10% 할인
https://www.card-gorilla.com/card/detail/625,340,대형마트,대형마트,EXACT,이마트ㆍ홈플러스ㆍ롯데마트 10% 할인
https://www.card-gorilla.com/card/detail/625,340,온라인쇼핑,온라인쇼핑,EXACT,쿠팡ㆍ위메프ㆍ티몬ㆍG마켓 ㆍ옥션ㆍ11번가 10% 할인
https://www.card-gorilla.com/card/detail/625,340,홈쇼핑,기타혜택,UNMAPPED_FALLBACK_기타혜택,롯데ㆍ GSㆍNSㆍ현대ㆍCJㆍ홈앤쇼핑 10% 할인
https://www.card-gorilla.com/card/detail/625,340,편의점,편의점,EXACT,세븐일레븐ㆍGS25ㆍCU 10% 할인
https://www.card-gorilla.com/card/detail/626,341,모든가맹점,모든가맹점,EXACT,국내외 가맹점 결제일 할인
https://www.card-gorilla.com/card/detail/626,341,기타,기타,EXACT,SPECIAL GIFT 서비스: 특급호텔 F&B 5만원 이용권
https://www.card-gorilla.com/card/detail/626,341,프리미엄 서비스,기타혜택,UNMAPPED_FALLBACK_기타혜택,Master Platinum 서비스(Master 플래티넘 카드 발급 시 제공)
https://www.card-gorilla.com/card/detail/627,342,대한항공,대한항공,EXACT,"1,500원당 1마일 기본적립
1,000원당 1마일 특별적립"
https://www.card-gorilla.com/card/detail/627,342,기타,기타,EXACT,SPECIAL GIFT 서비스: 특급호텔 F&B 5만원 이용권
https://www.card-gorilla.com/card/detail/627,342,프리미엄 서비스,기타혜택,UNMAPPED_FALLBACK_기타혜택,Master Platinum 서비스(Master 플래티넘 카드 발급 시 제공)
https://www.card-gorilla.com/card/detail/628,343,모든가맹점,모든가맹점,EXACT,모아포인트 0.3 ~ 1.5% 적립
https://www.card-gorilla.com/card/detail/628,343,테마파크,테마파크,EXACT,롯데아쿠아리움 및 주요 놀이공원 50% 현장할인
https://www.card-gorilla.com/card/detail/630,344,선택형,기타혜택,UNMAPPED_FALLBACK_기타혜택,Easy all 선택 서비스(택1)
https://www.card-gorilla.com/card/detail/630,344,선택형,기타혜택,UNMAPPED_FALLBACK_기타혜택,"1. Auto 모드 (많이 쓴 영역에서 자동 캐시백)
2. DIY 모드 (원하는 영역에서 자유롭게 청구할인)"
https://www.card-gorilla.com/card/detail/630,344,프리미엄,기타혜택,UNMAPPED_FALLBACK_기타혜택,Visa Young Premium 서비스
https://www.card-gorilla.com/card/detail/634,345,선택형,기타혜택,UNMAPPED_FALLBACK_기타혜택,Easy all 선택 서비스(택1)
https://www.card-gorilla.com/card/detail/634,345,선택형,기타혜택,UNMAPPED_FALLBACK_기타혜택,"1. Auto 모드 (많이 쓴 영역에서 자동 캐시백)
2. DIY 모드 (원하는 영역에서 자유롭게 청구할인)"
https://www.card-gorilla.com/card/detail/634,345,프리미엄,기타혜택,UNMAPPED_FALLBACK_기타혜택,티타늄 서비스
https://www.card-gorilla.com/card/detail/638,346,모든가맹점,모든가맹점,EXACT,모든 가맹점 0.3% 포인트 적립
https://www.card-gorilla.com/card/detail/638,346,생활,생활,EXACT,생활가맹점 총 2% 포인트 적립 (기본 0.3%+추가 1.7%)
https://www.card-gorilla.com/card/detail/638,346,쇼핑,쇼핑,EXACT,쇼핑가맹점 총 1% 포인트 적립(기본 0.3%+추가 0.7%)
https://www.card-gorilla.com/card/detail/638,346,해외이용,기타혜택,UNMAPPED_FALLBACK_기타혜택,해외 가맹점 이용금액 총 1% 포인트 적립(기본 0.3%+추가 0.7%)
https://www.card-gorilla.com/card/detail/644,347,공연/전시,기타혜택,UNMAPPED_FALLBACK_기타혜택,국내콘서트/공연 예매 및 팬클럽 가입 이용금액의 5% 캐시백
https://www.card-gorilla.com/card/detail/644,347,음원사이트,기타혜택,UNMAPPED_FALLBACK_기타혜택,"음원, 스트리밍(멜론, FLO) 이용금액 5% 캐시백"
https://www.card-gorilla.com/card/detail/644,347,대중교통,대중교통,EXACT,"대중교통(버스-마을, 시내, 시외, 광역, 공항버스/지하철) 이용금액 3% 캐시백"
https://www.card-gorilla.com/card/detail/644,347,카페,카페,EXACT,스타벅스(사이렌오더 포함)/JYP-Soulcup 5% 캐시백
https://www.card-gorilla.com/card/detail/644,347,마트/편의점,기타혜택,UNMAPPED_FALLBACK_기타혜택,"편의점(GS25), 올리브영 5% 캐시백"
https://www.card-gorilla.com/card/detail/644,347,해외이용,기타혜택,UNMAPPED_FALLBACK_기타혜택,"해외 전가맹점(온라인 포함) 이용금액의 1% 캐시백,
해외인출 1건당 3$ 캐시백"
https://www.card-gorilla.com/card/detail/645,348,적립,기타혜택,UNMAPPED_FALLBACK_기타혜택,국내/해외 이용금액 0.1% 포인트 적립
https://www.card-gorilla.com/card/detail/645,348,교통,기타혜택,UNMAPPED_FALLBACK_기타혜택,"후불교통(버스/지하철) 및 택시, 롯데 더드림영역 이용금액 0.5% 포인트 적립"
https://www.card-gorilla.com/card/detail/645,348,간편결제,간편결제,EXACT,특별적립 대상 롯데 더드림영역에서 L.pay 결제시 최대 2.5% 추가 포인트 적립
https://www.card-gorilla.com/card/detail/646,349,적립,기타혜택,UNMAPPED_FALLBACK_기타혜택,[모두드림] 국내/외 일시불+할부 이용 가맹점 0.2% 기본 포인트 적립
https://www.card-gorilla.com/card/detail/646,349,생활,생활,EXACT,[더해드림] 자주 가는 DREAM영역은 기본의 3배 (총 0.6%) 포인트 적립
https://www.card-gorilla.com/card/detail/646,349,생활,생활,EXACT,[챙겨드림] DREAM영역 중 가장 많이 이용한 영역은 기본의 5배 (총 1.0%) 포인트 자동적립
https://www.card-gorilla.com/card/detail/646,349,주유소,주유소,EXACT,"주말(토,일) 전 주유소 리터당 40원 적립"
https://www.card-gorilla.com/card/detail/646,349,택시,택시,EXACT,"택시 3,6,9번째 1천원 할인"
https://www.card-gorilla.com/card/detail/646,349,적립,기타혜택,UNMAPPED_FALLBACK_기타혜택,[반겨드림] 반겨드림 3천 포인트 적립
https://www.card-gorilla.com/card/detail/647,350,모든가맹점,모든가맹점,EXACT,전 가맹점 이용금액의 0.2% ~ 0.5% 마이신한포인트 적립
https://www.card-gorilla.com/card/detail/647,350,푸드,기타혜택,UNMAPPED_FALLBACK_기타혜택,요식업종 이용금액의 5% 할인
https://www.card-gorilla.com/card/detail/647,350,교통,기타혜택,UNMAPPED_FALLBACK_기타혜택,"버스, 지하철 이용금액의 5% 할인(후불교통 카드 선택 시)
SK주유소 주유 시 리터당 40원 할인(후불교통카드 미 선택 시)"
https://www.card-gorilla.com/card/detail/647,350,쇼핑,쇼핑,EXACT,"홈쇼핑 이용금액의 5% 할인
해외 이용금액의 5% 할인"
https://www.card-gorilla.com/card/detail/647,350,금융,기타혜택,UNMAPPED_FALLBACK_기타혜택,금융 우대 서비스
https://www.card-gorilla.com/card/detail/649,351,간편결제,간편결제,EXACT,간편결제 1.5% 포인트리 적립
https://www.card-gorilla.com/card/detail/649,351,생활,생활,EXACT,편의점/택시 1천점 포인트리 적립
https://www.card-gorilla.com/card/detail/649,351,쇼핑,쇼핑,EXACT,쇼핑/배달 5% 포인트리 적립
https://www.card-gorilla.com/card/detail/650,352,푸드,기타혜택,UNMAPPED_FALLBACK_기타혜택,푸드(#외식 #커피) 5% 청구할인
https://www.card-gorilla.com/card/detail/650,352,편의점,편의점,EXACT,편의(#편의점 #뷰티) 5% 청구할인
https://www.card-gorilla.com/card/detail/650,352,생활,생활,EXACT,생활(#마트 #주유 #통신) 5% 청구할인
https://www.card-gorilla.com/card/detail/650,352,쇼핑,쇼핑,EXACT,쇼핑/배달 5% 청구할인
https://www.card-gorilla.com/card/detail/650,352,", ‘첫 코로나 추석, 명절 선물은 어떻게?’ 설문조사 결과 발표",기타혜택,UNMAPPED_FALLBACK_기타혜택,7월 신규카드 솔직리뷰! DIY카드/온라인혜택카드/신규체크카드/홈플러스제휴카드
https://www.card-gorilla.com/card/detail/651,353,선택형,기타혜택,UNMAPPED_FALLBACK_기타혜택,플레이트 디자인 선택 가능
https://www.card-gorilla.com/card/detail/651,353,네이버페이,네이버페이,EXACT,네이버에서 결제 시 2% 적립
https://www.card-gorilla.com/card/detail/651,353,적립,기타혜택,UNMAPPED_FALLBACK_기타혜택,네이버 외 결제 시 0.5% 적립
https://www.card-gorilla.com/card/detail/652,354,선택형,기타혜택,UNMAPPED_FALLBACK_기타혜택,팩(PACK) 2종 중 1종 선택
https://www.card-gorilla.com/card/detail/652,354,선택형,기타혜택,UNMAPPED_FALLBACK_기타혜택,Best OIL 팩
https://www.card-gorilla.com/card/detail/652,354,선택형,기타혜택,UNMAPPED_FALLBACK_기타혜택,Smart PASS 팩
https://www.card-gorilla.com/card/detail/652,354,카페,카페,EXACT,"커피전문점 2,000원 청구할인(월 2회)"
https://www.card-gorilla.com/card/detail/652,354,편의점,편의점,EXACT,"편의점 1,000원 청구할인(월 2회)"
https://www.card-gorilla.com/card/detail/656,355,직장인,기타혜택,UNMAPPED_FALLBACK_기타혜택,"저녁시간 음식점(주점 포함), 노래방, 커피, 배달앱 캐시백"
https://www.card-gorilla.com/card/detail/656,355,교통,기타혜택,UNMAPPED_FALLBACK_기타혜택,"교통 캐시백(택시, 대중교통)"
https://www.card-gorilla.com/card/detail/656,355,쇼핑,쇼핑,EXACT,"쇼핑 캐시백(대형할인점, 편의점, 뷰티스토어)"
https://www.card-gorilla.com/card/detail/656,355,해외,기타혜택,UNMAPPED_FALLBACK_기타혜택,해외가맹점(해외직구 포함) 이용금액의 2.0%~0.5% 캐시백
https://www.card-gorilla.com/card/detail/657,356,간편결제,간편결제,EXACT,온라인 간편결제 5% 결제일할인
https://www.card-gorilla.com/card/detail/657,356,디지털구독,디지털구독,EXACT,스트리밍 50% 결제일할인
https://www.card-gorilla.com/card/detail/657,356,마트/편의점,기타혜택,UNMAPPED_FALLBACK_기타혜택,편의점·헬스&뷰티·생활잡화 10% 결제일할인
https://www.card-gorilla.com/card/detail/657,356,해외,기타혜택,UNMAPPED_FALLBACK_기타혜택,해외 1.5% 결제일할인
https://www.card-gorilla.com/card/detail/658,357,주유소,주유소,EXACT,주유 리터당 60원~150원 할인
https://www.card-gorilla.com/card/detail/658,357,할인,기타혜택,UNMAPPED_FALLBACK_기타혜택,편의점·커피전문점 10% 할인
https://www.card-gorilla.com/card/detail/658,357,쇼핑,쇼핑,EXACT,온라인 간편결제·온라인쇼핑몰 1% 할인
https://www.card-gorilla.com/card/detail/658,357,해외,기타혜택,UNMAPPED_FALLBACK_기타혜택,해외 1.5% 결제일 할인
https://www.card-gorilla.com/card/detail/659,358,온라인쇼핑,온라인쇼핑,EXACT,온라인 쇼핑 5% 할인
https://www.card-gorilla.com/card/detail/659,358,쇼핑,쇼핑,EXACT,오프라인 쇼핑 5% 할인
https://www.card-gorilla.com/card/detail/659,358,디지털구독,디지털구독,EXACT,"스트리밍 3,000원 할인"
https://www.card-gorilla.com/card/detail/659,358,해외,기타혜택,UNMAPPED_FALLBACK_기타혜택,해외 1.5% 할인
https://www.card-gorilla.com/card/detail/661,359,생활,생활,EXACT,정기결제 10~20% 청구할인
https://www.card-gorilla.com/card/detail/661,359,기타,기타,EXACT,"UNTACT AIR 서비스,
UNTACT SPECIAL 서비스"
https://www.card-gorilla.com/card/detail/661,359,해외,기타혜택,UNMAPPED_FALLBACK_기타혜택,해외 가맹점 (온라인/오프라인) 1% 적립
https://www.card-gorilla.com/card/detail/662,360,할인,기타혜택,UNMAPPED_FALLBACK_기타혜택,삼성페이로 결제 시 국내 가맹점 3%·2%·1% 결제일 할인
https://www.card-gorilla.com/card/detail/662,360,해외이용,기타혜택,UNMAPPED_FALLBACK_기타혜택,삼성페이로 결제 시 해외 오프라인 가맹점 5% 결제일 할인
https://www.card-gorilla.com/card/detail/662,360,해외이용,기타혜택,UNMAPPED_FALLBACK_기타혜택,해외 가맹점 1.5% 결제일 할인
https://www.card-gorilla.com/card/detail/662,360,할인,기타혜택,UNMAPPED_FALLBACK_기타혜택,국내 가맹점 0.5% 결제일 할인
https://www.card-gorilla.com/card/detail/663,361,적립,기타혜택,UNMAPPED_FALLBACK_기타혜택,롤라머니 7% 적립
https://www.card-gorilla.com/card/detail/663,361,주유소,주유소,EXACT,SK 주유소 롤라머니 1% 적립
https://www.card-gorilla.com/card/detail/663,361,기타,기타,EXACT,[플레이롯데] 롯데 주요 매장 5% 할인
https://www.card-gorilla.com/card/detail/663,361,기타,기타,EXACT,"[플레이롤라] 커피, 자동차, 교육, 금융 등 일상생활혜택
[롤라박스] 롤라카드 회원만을 위한 더 특별한 혜택"
https://www.card-gorilla.com/card/detail/664,362,적립,기타혜택,UNMAPPED_FALLBACK_기타혜택,New PAYCO 롯데카드 이용 시 PAYCO 포인트 적립
https://www.card-gorilla.com/card/detail/667,363,저녁,기타혜택,UNMAPPED_FALLBACK_기타혜택,저녁식사(오후 6시~9시) 5% 적립
https://www.card-gorilla.com/card/detail/667,363,대형마트,대형마트,EXACT,대형마트 5% 적립
https://www.card-gorilla.com/card/detail/667,363,카페,카페,EXACT,커피 5% 적립
https://www.card-gorilla.com/card/detail/667,363,APP,기타혜택,UNMAPPED_FALLBACK_기타혜택,온라인가맹점 5% 적립
https://www.card-gorilla.com/card/detail/667,363,레저/스포츠,기타혜택,UNMAPPED_FALLBACK_기타혜택,골프/레저 5% 적립
https://www.card-gorilla.com/card/detail/667,363,병원,기타혜택,UNMAPPED_FALLBACK_기타혜택,병원/동물병원 5% 적립
https://www.card-gorilla.com/card/detail/673,364,국내외가맹점,모든가맹점,SYNONYM_APPLIED,스타벅스 별 적립
https://www.card-gorilla.com/card/detail/673,364,프리미엄 서비스,기타혜택,UNMAPPED_FALLBACK_기타혜택,"VISA 플래티넘서비스
MasterCard 플래티넘서비스"
https://www.card-gorilla.com/card/detail/677,365,배달앱,배달앱,EXACT,"배달의민족 1,100원 캐시백"
https://www.card-gorilla.com/card/detail/677,365,온라인쇼핑,온라인쇼핑,EXACT,"G마켓, 옥션, 우리WON마켓 10% 캐시백"
https://www.card-gorilla.com/card/detail/677,365,카페,카페,EXACT,스타벅스(사이렌오더 포함) 20% 캐시백
https://www.card-gorilla.com/card/detail/677,365,기타,기타,EXACT,"파리바게뜨, 배스킨라빈스, 던킨도너츠 10% 캐시백"
https://www.card-gorilla.com/card/detail/677,365,대중교통,대중교통,EXACT,"전국 시내버스 지하철 2,000원 캐시백"
https://www.card-gorilla.com/card/detail/677,365,NU 오하쳌(오늘하루체크),기타혜택,UNMAPPED_FALLBACK_기타혜택,우리카드
https://www.card-gorilla.com/card/detail/679,366,디지털구독,디지털구독,EXACT,"멜론, YouTube Premium 5% 환급할인"
https://www.card-gorilla.com/card/detail/679,366,기타,기타,EXACT,"문구점 5% 환급할인
독서실 5% 환급할인"
https://www.card-gorilla.com/card/detail/679,366,편의점,편의점,EXACT,"GS25, CU편의점 5% 환급할인"
https://www.card-gorilla.com/card/detail/679,366,패스트푸드,기타혜택,UNMAPPED_FALLBACK_기타혜택,패스트푸드점 5% 환급할인
https://www.card-gorilla.com/card/detail/679,366,대중교통,대중교통,EXACT,"대중교통(버스, 지하철) 5% 청구할인"
https://www.card-gorilla.com/card/detail/680,367,디지털구독,디지털구독,EXACT,"멜론, YouTube Premium 5% 환급할인"
https://www.card-gorilla.com/card/detail/680,367,기타,기타,EXACT,"문구점 5% 환급할인
독서실 5% 환급할인"
https://www.card-gorilla.com/card/detail/680,367,편의점,편의점,EXACT,"GS25, CU편의점 5% 환급할인"
https://www.card-gorilla.com/card/detail/680,367,패스트푸드,기타혜택,UNMAPPED_FALLBACK_기타혜택,패스트푸드점 5% 환급할인
https://www.card-gorilla.com/card/detail/680,367,대중교통,대중교통,EXACT,"대중교통(버스, 지하철) 5% 청구할인"
https://www.card-gorilla.com/card/detail/681,368,적립,기타혜택,UNMAPPED_FALLBACK_기타혜택,SSG.COM 결제 시 1% SSG MONEY 적립
https://www.card-gorilla.com/card/detail/681,368,적립,기타혜택,UNMAPPED_FALLBACK_기타혜택,SSG.COM 결제 시 9% SSG MONEY 추가 적립
https://www.card-gorilla.com/card/detail/681,368,생활,생활,EXACT,생활편의영역 5% SSG MONEY 추가 적립
https://www.card-gorilla.com/card/detail/681,368,APP,기타혜택,UNMAPPED_FALLBACK_기타혜택,SSGPAY를 통한 오프라인 간편결제 시 1% SSG MONEY 적립
https://www.card-gorilla.com/card/detail/681,368,해외,기타혜택,UNMAPPED_FALLBACK_기타혜택,해외 1.5% SSG MONEY 적립
https://www.card-gorilla.com/card/detail/681,368,디지털구독,디지털구독,EXACT,스마일클럽 월 이용료 결제일할인
https://www.card-gorilla.com/card/detail/681,368,프리미엄 서비스,기타혜택,UNMAPPED_FALLBACK_기타혜택,Mastercard PLATINUM 등급서비스
https://www.card-gorilla.com/card/detail/684,369,편의점,편의점,EXACT,"편의점(CU, GS25, 세븐일레븐) 1천원 캐시백"
https://www.card-gorilla.com/card/detail/684,369,도서,기타혜택,UNMAPPED_FALLBACK_기타혜택,"서점(영풍문고, 반디앤루니스, 교보문고) 1천원 캐시백"
https://www.card-gorilla.com/card/detail/684,369,베이커리,기타혜택,UNMAPPED_FALLBACK_기타혜택,"베이커리(뚜레쥬르, 파리바게뜨, 던킨도너츠) 1천원 캐시백"
https://www.card-gorilla.com/card/detail/685,370,생활,생활,EXACT,라이프 할인서비스(편의점/푸드/음료)
https://www.card-gorilla.com/card/detail/685,370,기타,기타,EXACT,스터디 할인서비스
https://www.card-gorilla.com/card/detail/687,371,쇼핑,쇼핑,EXACT,"온·오프라인, 대·소형몰 먹거리까지 구분 없이
10% 캐시백 서비스"
https://www.card-gorilla.com/card/detail/687,371,기타,기타,EXACT,언박싱 스페셜 할인 서비스
https://www.card-gorilla.com/card/detail/687,371,선택형,기타혜택,UNMAPPED_FALLBACK_기타혜택,원하는 플레이트 디자인 선택 가능
https://www.card-gorilla.com/card/detail/688,372,모든가맹점,모든가맹점,EXACT,모아포인트 0.3 ~ 1.5% 적립
https://www.card-gorilla.com/card/detail/688,372,테마파크,테마파크,EXACT,롯데아쿠아리움 및 주요 놀이공원 50% 현장할인
https://www.card-gorilla.com/card/detail/689,373,여행/숙박,기타혜택,UNMAPPED_FALLBACK_기타혜택,"면세점, 항공사, 관광여행사 업종 5% 환급할인"
https://www.card-gorilla.com/card/detail/689,373,배달앱,배달앱,EXACT,"마켓컬리, 배달의민족, 데일리호텔 5% 환급할인"
https://www.card-gorilla.com/card/detail/689,373,카페,카페,EXACT,스타벅스 5% 환급할인
https://www.card-gorilla.com/card/detail/689,373,편의점,편의점,EXACT,GS25 편의점 5% 환급할인
https://www.card-gorilla.com/card/detail/689,373,소셜커머스,기타혜택,UNMAPPED_FALLBACK_기타혜택,"쿠팡, 위메프, 티몬 5% 환급할인"
https://www.card-gorilla.com/card/detail/689,373,해외,기타혜택,UNMAPPED_FALLBACK_기타혜택,해외 물품구매 및 ATM 예금인출 수수료 캐시백
https://www.card-gorilla.com/card/detail/690,374,모든가맹점,모든가맹점,EXACT,[국내] 전월실적 및 횟수 제한 없이 하나머니 0.3%~0.4% 적립
https://www.card-gorilla.com/card/detail/690,374,해외,기타혜택,UNMAPPED_FALLBACK_기타혜택,[해외] 전월실적 및 횟수 제한 없이 하나머니 0.4% 적립
https://www.card-gorilla.com/card/detail/691,375,배달앱,배달앱,EXACT,요기요 10% 결제일할인
https://www.card-gorilla.com/card/detail/691,375,배달앱,배달앱,EXACT,요기요 1% 결제일할인
https://www.card-gorilla.com/card/detail/691,375,기타,기타,EXACT,커피전문점·편의점·생활잡화 5% 결제일할인
https://www.card-gorilla.com/card/detail/691,375,디지털구독,디지털구독,EXACT,스트리밍 10% 결제일할인
https://www.card-gorilla.com/card/detail/692,376,배달앱,배달앱,EXACT,"요기요 20% 결제일 할인,
요기요 추가 10% 캐시백"
https://www.card-gorilla.com/card/detail/692,376,디지털구독,디지털구독,EXACT,OTT 15% 결제일 할인
https://www.card-gorilla.com/card/detail/692,376,온라인쇼핑,온라인쇼핑,EXACT,온라인 쇼핑몰 건당 2천원 결제일 할인
https://www.card-gorilla.com/card/detail/692,376,카페,카페,EXACT,"스타벅스 사이렌오더, 와인앤모어 10% 결제일 할인"
https://www.card-gorilla.com/card/detail/693,377,자동차,기타혜택,UNMAPPED_FALLBACK_기타혜택,"자동차 신용결제 구매 캐시백
자동차 오토금융(장기할부) 구매 캐시백"
https://www.card-gorilla.com/card/detail/693,377,주유,주유소,SYNONYM_APPLIED,"전국 모든 주유소 이용금액 리터당 80원 결제일 할인
전국 모든 충전소 이용금액 리터당 40원 결제일 할인"
https://www.card-gorilla.com/card/detail/693,377,정비,기타혜택,UNMAPPED_FALLBACK_기타혜택,"스피드메이트/오토오아시스/현대 블루핸즈/기아 오토큐
연 최대 4만원 결제일 할인"
https://www.card-gorilla.com/card/detail/693,377,자동차/하이패스,기타혜택,UNMAPPED_FALLBACK_기타혜택,전기차 충전/전국 주차장/대리운전/하이패스 요금 할인
https://www.card-gorilla.com/card/detail/693,377,카페,카페,EXACT,전국 모든 커피전문점 월 최대 2천원 결제일 할인
https://www.card-gorilla.com/card/detail/694,378,배달앱,배달앱,EXACT,배민 앱에서 배민페이 결제 시 배민포인트 3% 적립
https://www.card-gorilla.com/card/detail/694,378,온라인쇼핑,온라인쇼핑,EXACT,온라인 쇼핑 배민포인트 2% 적립
https://www.card-gorilla.com/card/detail/694,378,디지털구독,디지털구독,EXACT,디지털 콘텐츠 서비스 배민포인트 2% 적립
https://www.card-gorilla.com/card/detail/694,378,적립,기타혜택,UNMAPPED_FALLBACK_기타혜택,그 외 가맹점 배민포인트 0.5% 적립
https://www.card-gorilla.com/card/detail/694,378,기타,기타,EXACT,배민 앱에서 배민페이 연간 이용금액 10만원 이상 시 차년도 연회비 면제
https://www.card-gorilla.com/card/detail/695,379,모든가맹점,모든가맹점,EXACT,국내외 가맹점 L.POINT 0.5% 적립
https://www.card-gorilla.com/card/detail/695,379,생활,생활,EXACT,"커피 50% 할인
스트리밍 30% 할인"
https://www.card-gorilla.com/card/detail/695,379,면세점,면세점,EXACT,롯데면세점 5~15% 현장할인 (정상가 기준)
https://www.card-gorilla.com/card/detail/695,379,프리미엄 서비스,기타혜택,UNMAPPED_FALLBACK_기타혜택,Mastercard World 서비스
https://www.card-gorilla.com/card/detail/696,380,자동차,기타혜택,UNMAPPED_FALLBACK_기타혜택,"전기차, 수소차 충전 50% 적립 / 공유 모빌리티 10% 적립"
https://www.card-gorilla.com/card/detail/696,380,대중교통,대중교통,EXACT,대중교통(버스/지하철) 10% 적립
https://www.card-gorilla.com/card/detail/696,380,도서,기타혜택,UNMAPPED_FALLBACK_기타혜택,알라딘(중고서점 포함) 10% 적립
https://www.card-gorilla.com/card/detail/696,380,통신,통신,EXACT,통신요금 자동납부 10% 적립
https://www.card-gorilla.com/card/detail/696,380,디지털구독,디지털구독,EXACT,스트리밍 정기결제 10% 적립 / 전자책 정기결제 10% 적립
https://www.card-gorilla.com/card/detail/696,380,간편결제,간편결제,EXACT,주요 간편결제 온/오프라인 이용금액 0.7% 모아포인트 적립
https://www.card-gorilla.com/card/detail/697,381,선택형,기타혜택,UNMAPPED_FALLBACK_기타혜택,"[선택형1] 주유소, 대형할인점, 인터넷쇼핑몰 포인트리 적립"
https://www.card-gorilla.com/card/detail/697,381,선택형,기타혜택,UNMAPPED_FALLBACK_기타혜택,"[선택형2] SK, GS칼텍스 주유소 리터당 130점 포인트리 적립"
https://www.card-gorilla.com/card/detail/697,381,선택형,기타혜택,UNMAPPED_FALLBACK_기타혜택,"[선택형3] 3대 대형할인점(이마트, 홈플러스, 롯데마트), 하나로식자재매장 20% 포인트리 적립"
https://www.card-gorilla.com/card/detail/697,381,선택형,기타혜택,UNMAPPED_FALLBACK_기타혜택,"[선택형4] 6대 인터넷쇼핑몰(G마켓, 옥션, 11번가, 인터파크, 롯데ON, 신세계몰) 20% 포인트리 적립"
https://www.card-gorilla.com/card/detail/697,381,기타,기타,EXACT,Biz Basic 서비스
https://www.card-gorilla.com/card/detail/699,382,카페,카페,EXACT,스타벅스 50% 할인
https://www.card-gorilla.com/card/detail/699,382,디지털구독,디지털구독,EXACT,"구독(YouTube Premium, 넷플릭스, 웨이브, 티빙) 20% 할인"
https://www.card-gorilla.com/card/detail/699,382,간편결제,간편결제,EXACT,온라인 간편결제 10% 할인
https://www.card-gorilla.com/card/detail/699,382,배달앱,배달앱,EXACT,"배달(배달의민족, 요기요) 5% 할인"
https://www.card-gorilla.com/card/detail/699,382,대중교통,대중교통,EXACT,"대중교통(버스, 지하철) 5% 할인"
https://www.card-gorilla.com/card/detail/700,383,적립,기타혜택,UNMAPPED_FALLBACK_기타혜택,"[기본 적립] 업종별 0.5~3% 적립
월 100만원 이상 이용 시 1.5배 적립"
https://www.card-gorilla.com/card/detail/700,383,적립,기타혜택,UNMAPPED_FALLBACK_기타혜택,"온라인 간편결제서비스 이용 시 5% M포인트 적립
해외 가맹점 이용 시 5% M포인트 적립"
https://www.card-gorilla.com/card/detail/700,383,적립,기타혜택,UNMAPPED_FALLBACK_기타혜택,보너스 리워드 1만 M포인트 적립
https://www.card-gorilla.com/card/detail/700,383,무이자할부,기타혜택,UNMAPPED_FALLBACK_기타혜택,무이자할부 서비스
https://www.card-gorilla.com/card/detail/700,383,프리미엄 서비스,기타혜택,UNMAPPED_FALLBACK_기타혜택,"VISA 플래티넘 / MasterCard 플래티넘 서비스 제공
VISA Young Premium 서비스 제공"
https://www.card-gorilla.com/card/detail/701,384,모든가맹점,모든가맹점,EXACT,"[기본 할인] 모든 가맹점에서 1%/1.5% 할인
당월 이용금액별 최대 1.5% 할인"
https://www.card-gorilla.com/card/detail/701,384,할인,기타혜택,UNMAPPED_FALLBACK_기타혜택,"온라인 간편결제서비스 이용 시 5% 할인
해외 가맹점 이용 시 5% 할인"
https://www.card-gorilla.com/card/detail/701,384,무이자할부,기타혜택,UNMAPPED_FALLBACK_기타혜택,무이자할부 서비스
https://www.card-gorilla.com/card/detail/701,384,프리미엄,기타혜택,UNMAPPED_FALLBACK_기타혜택,"VISA 플래티넘 / MasterCard 플래티넘 서비스 제공
VISA Young Premium 서비스 제공"
https://www.card-gorilla.com/card/detail/702,385,적립,기타혜택,UNMAPPED_FALLBACK_기타혜택,"[기본 적립] 업종별 0.5~3% 적립
월 100만원 이상 이용 시 1.5배 적립"
https://www.card-gorilla.com/card/detail/702,385,적립,기타혜택,UNMAPPED_FALLBACK_기타혜택,"온라인 간편결제서비스 이용 시 5% M포인트 적립
해외 가맹점 이용 시 5% M포인트 적립"
https://www.card-gorilla.com/card/detail/702,385,적립,기타혜택,UNMAPPED_FALLBACK_기타혜택,보너스 리워드 1만 M포인트 적립
https://www.card-gorilla.com/card/detail/702,385,무이자할부,기타혜택,UNMAPPED_FALLBACK_기타혜택,무이자할부 서비스
https://www.card-gorilla.com/card/detail/702,385,프리미엄 서비스,기타혜택,UNMAPPED_FALLBACK_기타혜택,"VISA 플래티넘 / MasterCard 플래티넘 서비스 제공
VISA Young Premium 서비스 제공"
https://www.card-gorilla.com/card/detail/702,385,기타,기타,EXACT,현대카드 플래티넘서비스
https://www.card-gorilla.com/card/detail/703,386,적립,기타혜택,UNMAPPED_FALLBACK_기타혜택,"[기본 적립] 업종별 0.5~3% 적립
월 100만원 이상 이용 시 1.5배 / 200만원 이용 시 2배 적립"
https://www.card-gorilla.com/card/detail/703,386,적립,기타혜택,UNMAPPED_FALLBACK_기타혜택,"온라인 간편결제서비스 이용 시 5% M포인트 적립
해외 가맹점 이용 시 5% M포인트 적립"
https://www.card-gorilla.com/card/detail/703,386,적립,기타혜택,UNMAPPED_FALLBACK_기타혜택,보너스 리워드 1만 M포인트 적립
https://www.card-gorilla.com/card/detail/703,386,무이자할부,기타혜택,UNMAPPED_FALLBACK_기타혜택,무이자할부 서비스
https://www.card-gorilla.com/card/detail/703,386,프리미엄 서비스,기타혜택,UNMAPPED_FALLBACK_기타혜택,"VISA 플래티넘 / MasterCard 플래티넘 서비스 제공
VISA Young Premium 서비스 제공"
https://www.card-gorilla.com/card/detail/703,386,기타,기타,EXACT,현대카드 플래티넘서비스
https://www.card-gorilla.com/card/detail/704,387,모든가맹점,모든가맹점,EXACT,"[기본 할인] 모든 가맹점에서 1%/1.5% 할인
당월 이용금액별 최대 1.5% 할인"
https://www.card-gorilla.com/card/detail/704,387,할인,기타혜택,UNMAPPED_FALLBACK_기타혜택,"온라인 간편결제서비스 이용 시 5% 할인
해외 가맹점 이용 시 5% 할인"
https://www.card-gorilla.com/card/detail/704,387,무이자할부,기타혜택,UNMAPPED_FALLBACK_기타혜택,무이자할부 서비스
https://www.card-gorilla.com/card/detail/704,387,프리미엄 서비스,기타혜택,UNMAPPED_FALLBACK_기타혜택,"VISA 플래티넘 / MasterCard 플래티넘 서비스 제공
VISA Young Premium 서비스 제공"
https://www.card-gorilla.com/card/detail/704,387,기타,기타,EXACT,현대카드 플래티넘서비스
https://www.card-gorilla.com/card/detail/705,388,모든가맹점,모든가맹점,EXACT,"[기본 할인] 모든 가맹점에서 1%/1.5% 할인
당월 이용금액별 최대 1.5% 할인"
https://www.card-gorilla.com/card/detail/705,388,할인,기타혜택,UNMAPPED_FALLBACK_기타혜택,"온라인 간편결제서비스 이용 시 5% 할인
해외 가맹점 이용 시 5% 할인"
https://www.card-gorilla.com/card/detail/705,388,할인,기타혜택,UNMAPPED_FALLBACK_기타혜택,[보너스 캐시백] 당월 이용금액 200만원 이상 시 1만원 캐시백
https://www.card-gorilla.com/card/detail/705,388,무이자할부,기타혜택,UNMAPPED_FALLBACK_기타혜택,무이자할부 서비스
https://www.card-gorilla.com/card/detail/705,388,프리미엄 서비스,기타혜택,UNMAPPED_FALLBACK_기타혜택,"VISA 플래티넘 / MasterCard 플래티넘 서비스 제공
VISA Young Premium 서비스 제공"
https://www.card-gorilla.com/card/detail/705,388,기타,기타,EXACT,현대카드 플래티넘서비스
https://www.card-gorilla.com/card/detail/706,389,국내외가맹점,모든가맹점,SYNONYM_APPLIED,"실적 조건 없는 1% 로카코인 적립
금융 이용 시 2% 로카코인 적립"
https://www.card-gorilla.com/card/detail/707,390,국내외가맹점,모든가맹점,SYNONYM_APPLIED,"선넘은 카드의 일당백 할인혜택
어디서나 최대 1% 기본할인"
https://www.card-gorilla.com/card/detail/707,390,할인,기타혜택,UNMAPPED_FALLBACK_기타혜택,온라인 1.5% 특별할인
https://www.card-gorilla.com/card/detail/707,390,바우처,기타혜택,UNMAPPED_FALLBACK_기타혜택,큰 금액 이용할 때 6만원 Flex Voucher까지
https://www.card-gorilla.com/card/detail/708,391,렌터카,기타혜택,UNMAPPED_FALLBACK_기타혜택,쏘카 앱 이용 시 최대 3% 크레딧 적립
https://www.card-gorilla.com/card/detail/708,391,적립,기타혜택,UNMAPPED_FALLBACK_기타혜택,"특별가맹점 최대 3% 크레딧 적립
(외식, 커피, 영화, 호텔, 프리미엄아웃렛, 대중교통)"
https://www.card-gorilla.com/card/detail/708,391,적립,기타혜택,UNMAPPED_FALLBACK_기타혜택,"쏘카 앱, 특별가맹점 외 가맹점 1% 적립"
https://www.card-gorilla.com/card/detail/712,392,병원/약국,병원약국,SYNONYM_APPLIED,병원/약국/산후조리원 5% 결제일 할인 (전월실적 30만원 이상)
https://www.card-gorilla.com/card/detail/712,392,온라인쇼핑,온라인쇼핑,EXACT,"쿠팡, SSG닷컴, 롯데ON, 11번가, G마켓 5% 결제일 할인 (전월실적 30만원 이상)"
https://www.card-gorilla.com/card/detail/712,392,교육/육아,기타혜택,UNMAPPED_FALLBACK_기타혜택,"어린이집/유치원 中 부모부담금,
학원, 인터넷서점 (YES24, 알라딘, 교보문고) 10% 결제일 할인 (전월실적 30만원 이상)"
https://www.card-gorilla.com/card/detail/712,392,배달앱,배달앱,EXACT,"배달의민족, 요기요 10% 결제일 할인 (전월실적 30만원 이상)"
https://www.card-gorilla.com/card/detail/712,392,디지털구독,디지털구독,EXACT,"넷플릭스, 유튜브프리미엄 50% 할인
네이버-플러스멤버쉽, 쿠팡-로켓와우, 롯데ON-롯데오너스 3천원 할인 (전월실적 30만원 이상)"
https://www.card-gorilla.com/card/detail/712,392,금융,기타혜택,UNMAPPED_FALLBACK_기타혜택,신한카드 국민행복 금융서비스
https://www.card-gorilla.com/card/detail/713,393,병원/약국,병원약국,SYNONYM_APPLIED,병원/약국/산후조리원 5% 결제일 할인
https://www.card-gorilla.com/card/detail/713,393,온라인쇼핑,온라인쇼핑,EXACT,"쿠팡, SSG닷컴, 롯데ON, 11번가, G마켓 5% 결제일 할인"
https://www.card-gorilla.com/card/detail/713,393,교육/육아,기타혜택,UNMAPPED_FALLBACK_기타혜택,"어린이집/유치원 中 부모부담금,
학원, 인터넷서점 (YES24, 알라딘, 교보문고) 5% 결제일 할인"
https://www.card-gorilla.com/card/detail/713,393,배달앱,배달앱,EXACT,"배달의민족, 요기요 5% 결제일 할인"
https://www.card-gorilla.com/card/detail/713,393,디지털구독,디지털구독,EXACT,"넷플릭스, 유튜브프리미엄 50% 할인
네이버-플러스멤버쉽, 쿠팡-로켓와우, 롯데ON-롯데오너스 3천원 할인"
https://www.card-gorilla.com/card/detail/713,393,금융,기타혜택,UNMAPPED_FALLBACK_기타혜택,신한카드 국민행복 금융서비스
https://www.card-gorilla.com/card/detail/716,394,호텔,기타혜택,UNMAPPED_FALLBACK_기타혜택,전세계 메리어트 참여 호텔 무료 숙박권 제공(연회비 주기 내 1백만원 이상)
https://www.card-gorilla.com/card/detail/716,394,적립,기타혜택,UNMAPPED_FALLBACK_기타혜택,"메리어트 본보이 포인트 특별 적립 (1천원당, 최대 5 포인트)
메리어트 본보이 포인트 기본 적립 (1천원당, 1 포인트)"
https://www.card-gorilla.com/card/detail/716,394,적립,기타혜택,UNMAPPED_FALLBACK_기타혜택,메리어트 본보이 보너스 포인트 제공(연회비 주기 내 1천만원 이상)
https://www.card-gorilla.com/card/detail/716,394,멤버십포인트,기타혜택,UNMAPPED_FALLBACK_기타혜택,"메리어트 본보이 엘리트 멤버십 제공
메리어트 본보이™ 엘리트 숙박 크레딧 제공(연회비 주기 내 6천만원 이상)"
https://www.card-gorilla.com/card/detail/716,394,공항라운지,공항라운지,EXACT,The Lounge Members 모바일 앱을 통한 전세계 공항 라운지 무료 이용(전월실적 30만원 이상)
https://www.card-gorilla.com/card/detail/717,395,적립,기타혜택,UNMAPPED_FALLBACK_기타혜택,[고액 적립] 최대 1.5% 적립
https://www.card-gorilla.com/card/detail/717,395,적립,기타혜택,UNMAPPED_FALLBACK_기타혜택,"[특별 적립] 해외, 면세점, 백화점, 이동통신, 병의원, 4대 보험료 최대 2% 적립"
https://www.card-gorilla.com/card/detail/717,395,적립,기타혜택,UNMAPPED_FALLBACK_기타혜택,"[기본적립] 특별 적립 외 국내 적립 대상 가맹점 0.5% 적립
[보너스적립] 12개월마다 20,000점 적립"
https://www.card-gorilla.com/card/detail/717,395,바우처,기타혜택,UNMAPPED_FALLBACK_기타혜택,"프리미엄 기프트 5만원 상당 제공(연 1회, 택 1)"
https://www.card-gorilla.com/card/detail/717,395,프리미엄 서비스,기타혜택,UNMAPPED_FALLBACK_기타혜택,"전세계 공항 라운지 무료 이용 서비스
국내 지정 골프장 무료 커피 제공(골프장 카페 서비스), 골프연습장 무료 제공(골프연습장 타석 서비스)"
https://www.card-gorilla.com/card/detail/717,395,주유,주유소,SYNONYM_APPLIED,SK 주유 및 충전 시 리터(ℓ)당 60원 청구 할인
https://www.card-gorilla.com/card/detail/717,395,여행/숙박,기타혜택,UNMAPPED_FALLBACK_기타혜택,"국내 호텔/리조트/카라반/글램핑 2박 연박 시 1박 무료
해외 패키지 여행 할인 등 제공"
https://www.card-gorilla.com/card/detail/717,395,기타,기타,EXACT,개인사업자 Win-Tax 서비스
https://www.card-gorilla.com/card/detail/718,396,국민행복,기타혜택,UNMAPPED_FALLBACK_기타혜택,정부지원 국가바우처 이용 가능
https://www.card-gorilla.com/card/detail/718,396,쇼핑,쇼핑,EXACT,백화점·프리미엄 아울렛·할인점·온라인쇼핑몰·생활잡화·신선식품 배송 7% 결제일할인
https://www.card-gorilla.com/card/detail/718,396,교육/육아,기타혜택,UNMAPPED_FALLBACK_기타혜택,의료·산후조리원·학원·학습지·온라인서점·어린이집·유치원·주유 7% 결제일할인
https://www.card-gorilla.com/card/detail/718,396,공과금,기타혜택,UNMAPPED_FALLBACK_기타혜택,아파트 관리비·도시가스요금·전기요금·4대 사회보험·보험·통신·렌탈 자동납부 연결 시 7% 결제일할인
https://www.card-gorilla.com/card/detail/718,396,디지털구독,디지털구독,EXACT,"스트리밍 3,000원 결제일할인"
https://www.card-gorilla.com/card/detail/718,396,해외,기타혜택,UNMAPPED_FALLBACK_기타혜택,해외 1.5% 결제일할인
https://www.card-gorilla.com/card/detail/718,396,기타,기타,EXACT,"임신, 출산, 육아 등 국가가 지원하는 바우처를 해당 카드로 이용 가능,
신세계백화점 제휴 서비스"
https://www.card-gorilla.com/card/detail/719,397,할인,기타혜택,UNMAPPED_FALLBACK_기타혜택,"할인한도, 전월실적조건 없이 0.7% 기본할인"
https://www.card-gorilla.com/card/detail/719,397,디지털구독,디지털구독,EXACT,"넷플릭스, 멜론 10% 할인"
https://www.card-gorilla.com/card/detail/719,397,배달앱,배달앱,EXACT,배달의민족 10% 할인
https://www.card-gorilla.com/card/detail/719,397,카페,카페,EXACT,스타벅스 사이렌오더 10% 할인
https://www.card-gorilla.com/card/detail/719,397,자동차,기타혜택,UNMAPPED_FALLBACK_기타혜택,전기차 충전 할인 10%
https://www.card-gorilla.com/card/detail/719,397,생활,생활,EXACT,"일상 생활(대중교통, 휴대전화, 해외) 할인 5%"
https://www.card-gorilla.com/card/detail/720,398,적립,기타혜택,UNMAPPED_FALLBACK_기타혜택,0.8% 기본적립
https://www.card-gorilla.com/card/detail/720,398,디지털구독,디지털구독,EXACT,"넷플릭스, 멜론 5% 적립"
https://www.card-gorilla.com/card/detail/720,398,배달앱,배달앱,EXACT,배달의민족 5% 적립
https://www.card-gorilla.com/card/detail/720,398,카페,카페,EXACT,스타벅스 사이렌오더 5% 적립
https://www.card-gorilla.com/card/detail/720,398,자동차,기타혜택,UNMAPPED_FALLBACK_기타혜택,전기차 충전 적립 5%
https://www.card-gorilla.com/card/detail/720,398,생활,생활,EXACT,"일상 생활(대형마트, 슈퍼마켓, 영화, 커피, 대중교통, 휴대전화, 해외) 적립 1%"
https://www.card-gorilla.com/card/detail/720,398,온라인쇼핑,온라인쇼핑,EXACT,온라인쇼핑 적립 3%
https://www.card-gorilla.com/card/detail/721,399,국민행복,기타혜택,UNMAPPED_FALLBACK_기타혜택,"쇼핑/생활 업종(백화점, 대형할인점, 온라인쇼핑, 이동통신, 생활월납, 렌탈) 5% 청구할인"
https://www.card-gorilla.com/card/detail/721,399,국민행복,기타혜택,UNMAPPED_FALLBACK_기타혜택,의료(임신·출산) / 보육(교육) 업종 7% 청구할인
https://www.card-gorilla.com/card/detail/721,399,디지털구독,디지털구독,EXACT,"언택트 라이프 업종(영상, 음원, 전자도서, 멤버십) 20% 청구할인"
https://www.card-gorilla.com/card/detail/721,399,해외,기타혜택,UNMAPPED_FALLBACK_기타혜택,해외가맹점(해외직구 포함) 이용금액 청구할인
https://www.card-gorilla.com/card/detail/721,399,여행/숙박,기타혜택,UNMAPPED_FALLBACK_기타혜택,프리미엄 투어 서비스
https://www.card-gorilla.com/card/detail/722,400,국민행복,기타혜택,UNMAPPED_FALLBACK_기타혜택,"쇼핑/생활 업종(백화점, 대형할인점, 온라인쇼핑, 이동통신, 생활월납, 렌탈) 2% 캐시백"
https://www.card-gorilla.com/card/detail/722,400,국민행복,기타혜택,UNMAPPED_FALLBACK_기타혜택,의료(임신·출산) / 보육(교육) 업종 3% 캐시백
https://www.card-gorilla.com/card/detail/722,400,디지털구독,디지털구독,EXACT,"언택트 라이프 업종(영상, 음원, 전자도서, 멤버십) 10% 캐시백"
https://www.card-gorilla.com/card/detail/722,400,해외,기타혜택,UNMAPPED_FALLBACK_기타혜택,해외가맹점(해외직구 포함) 이용금액 캐시백
https://www.card-gorilla.com/card/detail/724,401,바우처,기타혜택,UNMAPPED_FALLBACK_기타혜택,"[공통 제공 혜택]
트래블·호텔·쇼핑 영역별 최대 4매, 총 60만원까지 연 1회 선택 가능"
https://www.card-gorilla.com/card/detail/724,401,적립,기타혜택,UNMAPPED_FALLBACK_기타혜택,"[선택 제공 혜택]
항공마일리지(대한항공/아시아나항공) 또는 M포인트 적립"
https://www.card-gorilla.com/card/detail/724,401,적립,기타혜택,UNMAPPED_FALLBACK_기타혜택,"연간 이용실적 4,000만원 충족 시 로열티 보너스 제공(연 1회, 택 1)"
https://www.card-gorilla.com/card/detail/724,401,프리미엄,기타혜택,UNMAPPED_FALLBACK_기타혜택,"신규 발급 시 본인 회원에 한해 1회 무료로 특수 소재 플레이트 제공,
전 세계 800여 개 공항 라운지 무료 이용 가능한 Priority Pass 카드 제공 외"
https://www.card-gorilla.com/card/detail/725,402,편의점,편의점,EXACT,GS25 편의점 5% 할인
https://www.card-gorilla.com/card/detail/725,402,생활,생활,EXACT,"쏘카, 야놀자, LiivM 이동통신 5% 할인"
https://www.card-gorilla.com/card/detail/725,402,카페,카페,EXACT,"스타벅스, 파리바게뜨 5% 할인"
https://www.card-gorilla.com/card/detail/725,402,디지털구독,디지털구독,EXACT,"멜론, 지니, 넷플릭스, 웨이브 월정액 결제시 5% 할인"
https://www.card-gorilla.com/card/detail/725,402,도서,기타혜택,UNMAPPED_FALLBACK_기타혜택,"교보문고, 어학시험응시료(온라인접수) 5% 할인"
https://www.card-gorilla.com/card/detail/726,403,통신,통신,EXACT,알뜰폰 통신료 자동이체 최대 1만 5천원 할인 서비스
https://www.card-gorilla.com/card/detail/726,403,프리미엄,기타혜택,UNMAPPED_FALLBACK_기타혜택,"티타늄 전용 서비스(공항/호텔 발레바킹, 공항 라운지 등)"
https://www.card-gorilla.com/card/detail/727,404,통신,통신,EXACT,알뜰폰 통신료 자동이체 할인 서비스
https://www.card-gorilla.com/card/detail/728,405,간편결제,간편결제,EXACT,간편결제 최대 10% 할인
https://www.card-gorilla.com/card/detail/728,405,온라인쇼핑,온라인쇼핑,EXACT,"온라인쇼핑, 홈쇼핑 5% 할인"
https://www.card-gorilla.com/card/detail/728,405,배달앱,배달앱,EXACT,배달앱 5% 할인
https://www.card-gorilla.com/card/detail/728,405,대중교통,대중교통,EXACT,교통 최대 5% 할인
https://www.card-gorilla.com/card/detail/729,406,온라인쇼핑,온라인쇼핑,EXACT,삼성닷컴 3% 결제일할인
https://www.card-gorilla.com/card/detail/729,406,공과금/렌탈,기타혜택,UNMAPPED_FALLBACK_기타혜택,생활요금 자동납부 5%·10% 결제일할인
https://www.card-gorilla.com/card/detail/729,406,생활,생활,EXACT,주유·온라인쇼핑몰 3%·6% 결제일할인
https://www.card-gorilla.com/card/detail/729,406,기타,기타,EXACT,"라이트할부 이용 시 삼성케어플러스 3,000원~5,000원 결제일할인"
https://www.card-gorilla.com/card/detail/729,406,제휴/PLCC,기타혜택,UNMAPPED_FALLBACK_기타혜택,"삼성스토어 24·36개월 라이트할부 제공,
삼성스토어 라이트할부 이용 시 10,000원~20,000원 결제대금 차감"
https://www.card-gorilla.com/card/detail/730,407,온라인쇼핑,온라인쇼핑,EXACT,온라인쇼핑몰 이용금액의 10% 청구 할인
https://www.card-gorilla.com/card/detail/730,407,대형마트,대형마트,EXACT,대형마트 이용금액의 10% 청구 할인
https://www.card-gorilla.com/card/detail/730,407,배달앱,배달앱,EXACT,배달 앱 이용금액의 10% 청구 할인
https://www.card-gorilla.com/card/detail/730,407,주유소,주유소,EXACT,주유 시 리터당 100원 청구 할인
https://www.card-gorilla.com/card/detail/730,407,생활,생활,EXACT,생활요금 정기결제 시 7% 청구 할인
https://www.card-gorilla.com/card/detail/730,407,무이자할부,기타혜택,UNMAPPED_FALLBACK_기타혜택,모든 가맹점에서 2~3개월 무이자할부 혜택 제공
https://www.card-gorilla.com/card/detail/731,408,카페,카페,EXACT,커피전문점 이용금액의 50% 청구 할인
https://www.card-gorilla.com/card/detail/731,408,편의점,편의점,EXACT,편의점 이용금액의 10% 청구 할인
https://www.card-gorilla.com/card/detail/731,408,대중교통,대중교통,EXACT,대중교통 이용금액의 10% 청구 할인
https://www.card-gorilla.com/card/detail/731,408,간편결제,간편결제,EXACT,온라인 간편결제 이용금액의 10% 청구 할인
https://www.card-gorilla.com/card/detail/731,408,통신,통신,EXACT,이동통신요금 정기결제 시 7% 청구 할인
https://www.card-gorilla.com/card/detail/731,408,무이자할부,기타혜택,UNMAPPED_FALLBACK_기타혜택,모든 가맹점에서 2~3개월 무이자할부 혜택 제공
https://www.card-gorilla.com/card/detail/732,409,간편결제,간편결제,EXACT,온라인 간편결제 이용금액의 10% 청구 할인
https://www.card-gorilla.com/card/detail/732,409,온라인쇼핑,온라인쇼핑,EXACT,온라인쇼핑 멤버십 이용금액의 70% 청구 할인
https://www.card-gorilla.com/card/detail/732,409,디지털구독,디지털구독,EXACT,디지털 콘텐츠 서비스 이용금액의 30% 청구 할인
https://www.card-gorilla.com/card/detail/732,409,배달앱,배달앱,EXACT,배달 앱 이용금액의 10% 청구 할인
https://www.card-gorilla.com/card/detail/732,409,카페,카페,EXACT,커피전문점 스마트오더 이용금액의 50% 청구 할인
https://www.card-gorilla.com/card/detail/732,409,무이자할부,기타혜택,UNMAPPED_FALLBACK_기타혜택,모든 가맹점에서 2~3개월 무이자할부 혜택 제공
https://www.card-gorilla.com/card/detail/733,410,온라인쇼핑,온라인쇼핑,EXACT,무신사 및 솔드아웃에서 결제 시 5% 청구 할인
https://www.card-gorilla.com/card/detail/733,410,적립,기타혜택,UNMAPPED_FALLBACK_기타혜택,그 외 가맹점에서 결제 시 무신사 적립금 1% 적립
https://www.card-gorilla.com/card/detail/735,411,카페,카페,EXACT,"커피빈 이용 시 청구 할인(최대 1만 8천원),
커피빈 모바일 쿠폰 제공(1만원권)"
https://www.card-gorilla.com/card/detail/735,411,생활,생활,EXACT,주요 생활 영역 5% 청구 할인
https://www.card-gorilla.com/card/detail/736,412,적립,기타혜택,UNMAPPED_FALLBACK_기타혜택,"국내외 가맹점 기본 1% 멤버십리워즈 적립
온라인쇼핑·해외 추가 4% 멤버십리워즈 적립"
https://www.card-gorilla.com/card/detail/736,412,생활,생활,EXACT,라이프스타일 30% 결제일할인 [전월 실적 100만원 이상]
https://www.card-gorilla.com/card/detail/736,412,프리미엄 서비스,기타혜택,UNMAPPED_FALLBACK_기타혜택,특수 소재 플레이트(Special Plate) 제공
https://www.card-gorilla.com/card/detail/738,413,적립,기타혜택,UNMAPPED_FALLBACK_기타혜택,"일시불 · 할부 이용금액 0.2% 포인트 적립
전월 이용금액별 0.3%~0.6% 포인트 추가 적립"
https://www.card-gorilla.com/card/detail/738,413,대형마트,대형마트,EXACT,주요 마트 최대 10% 적립
https://www.card-gorilla.com/card/detail/738,413,주유,주유소,SYNONYM_APPLIED,"모든 주유소 이용금액 5% 포인트 적립
전기차 충전소 이용금액 30% 포인트 적립"
https://www.card-gorilla.com/card/detail/738,413,레저/스포츠,기타혜택,UNMAPPED_FALLBACK_기타혜택,"실외 골프장, 제주신화월드 이용금액 5% 포인트 적립
에이바우트커피 이용금액 10% 포인트 적립"
https://www.card-gorilla.com/card/detail/738,413,온라인쇼핑,온라인쇼핑,EXACT,"온라인 쇼핑몰 이용 시 2,500원 결제일 할인"
https://www.card-gorilla.com/card/detail/738,413,대중교통,대중교통,EXACT,버스 이용금액 10% 결제일 할인
https://www.card-gorilla.com/card/detail/738,413,통신,통신,EXACT,이동통신요금 자동이체 5% 결제일 할인
https://www.card-gorilla.com/card/detail/739,414,기타,기타,EXACT,"군마트(P.X) 및 GS25 해군마트 환급할인
군 KT공중전화 할인"
https://www.card-gorilla.com/card/detail/739,414,쇼핑,쇼핑,EXACT,GS리테일 팝서비스
https://www.card-gorilla.com/card/detail/739,414,대중교통,대중교통,EXACT,대중교통(전국 버스/지하철) 20% 청구할인
https://www.card-gorilla.com/card/detail/739,414,OTT/영화/문화,기타혜택,UNMAPPED_FALLBACK_기타혜택,"CGV 35% / 스타벅스 20% / 아웃백, VIPS 20%
/ 에버랜드, 롯데월드 현장예매 50% 환급할인"
https://www.card-gorilla.com/card/detail/739,414,교육/육아,기타혜택,UNMAPPED_FALLBACK_기타혜택,"교보문고 5% 환급할인
TOEIC, JPT 응시료 2,000원 환급할인"
https://www.card-gorilla.com/card/detail/739,414,통신,통신,EXACT,"이동통신 자동납부 2,500원 환급할인"
https://www.card-gorilla.com/card/detail/739,414,쇼핑,쇼핑,EXACT,"GS홈쇼핑, CJ홈쇼핑, G마켓, 옥션 5% 환급할인"
https://www.card-gorilla.com/card/detail/740,415,멤버십포인트,기타혜택,UNMAPPED_FALLBACK_기타혜택,업종별 블루멤버스 포인트 최대 3% 적립
https://www.card-gorilla.com/card/detail/740,415,멤버십포인트,기타혜택,UNMAPPED_FALLBACK_기타혜택,Bluemembers 멤버십 서비스
https://www.card-gorilla.com/card/detail/740,415,기타,기타,EXACT,플레이트
https://www.card-gorilla.com/card/detail/741,416,멤버십포인트,기타혜택,UNMAPPED_FALLBACK_기타혜택,업종별 블루멤버스 포인트 최대 3% 적립
https://www.card-gorilla.com/card/detail/741,416,멤버십포인트,기타혜택,UNMAPPED_FALLBACK_기타혜택,Bluemembers 멤버십 서비스
https://www.card-gorilla.com/card/detail/741,416,프리미엄,기타혜택,UNMAPPED_FALLBACK_기타혜택,현대카드 플래티넘서비스
https://www.card-gorilla.com/card/detail/741,416,프리미엄,기타혜택,UNMAPPED_FALLBACK_기타혜택,VISA/MasterCard 플래티넘서비스
https://www.card-gorilla.com/card/detail/741,416,기타,기타,EXACT,플레이트
https://www.card-gorilla.com/card/detail/744,417,쇼핑,쇼핑,EXACT,"IKEA 매장(푸드 제외) 이용 시 이용금액의 10% 결제일 할인
IKEA 푸드 이용 시 이용금액의 15% 결제일 할인"
https://www.card-gorilla.com/card/detail/744,417,쇼핑,쇼핑,EXACT,백화점/프리미엄 아울렛 및 대형 할인점 5% 결제일 할인
https://www.card-gorilla.com/card/detail/744,417,편의점,편의점,EXACT,편의점 5% 결제일 할인
https://www.card-gorilla.com/card/detail/744,417,영화,영화,EXACT,영화 예매 5% 결제일 할인
https://www.card-gorilla.com/card/detail/744,417,카페,카페,EXACT,커피 5% 결제일 할인
https://www.card-gorilla.com/card/detail/744,417,통신,통신,EXACT,이동통신요금 자동이체 5% 결제일 할인
https://www.card-gorilla.com/card/detail/745,418,대중교통,대중교통,EXACT,대중교통 20% 청구할인
https://www.card-gorilla.com/card/detail/745,418,편의점,편의점,EXACT,편의점 10% 청구할인
https://www.card-gorilla.com/card/detail/745,418,카페,카페,EXACT,커피 10% 청구할인
https://www.card-gorilla.com/card/detail/746,419,대중교통,대중교통,EXACT,대중교통 15% 캐시백
https://www.card-gorilla.com/card/detail/746,419,온라인쇼핑,온라인쇼핑,EXACT,국내 온라인 쇼핑 최대 5천원 캐시백
https://www.card-gorilla.com/card/detail/746,419,해외,기타혜택,UNMAPPED_FALLBACK_기타혜택,"해외 직접 구매 배송 대행료 20% 할인,
해외 이용 수수료 우대"
https://www.card-gorilla.com/card/detail/747,420,통신,통신,EXACT,Liiv M 통신료 자동이체 최대 1만 7천원 할인
https://www.card-gorilla.com/card/detail/749,421,해외이용,기타혜택,UNMAPPED_FALLBACK_기타혜택,해외 가맹점 이용 수수료 면제 서비스
https://www.card-gorilla.com/card/detail/749,421,수수료우대,기타혜택,UNMAPPED_FALLBACK_기타혜택,해외 ATM 인출 수수료 면제 서비스
https://www.card-gorilla.com/card/detail/749,421,할인,기타혜택,UNMAPPED_FALLBACK_기타혜택,국내 가맹점 0.3% 캐쉬백
https://www.card-gorilla.com/card/detail/750,422,생활,생활,EXACT,요식/대형마트/백화점/병원/약국/인터넷 쇼핑몰 0.5% 캐시백
https://www.card-gorilla.com/card/detail/750,422,통신,통신,EXACT,휴대폰 요금 자동이체 3천원 캐쉬백
https://www.card-gorilla.com/card/detail/750,422,KB국민 국민행복체크,기타혜택,UNMAPPED_FALLBACK_기타혜택,KB국민카드
https://www.card-gorilla.com/card/detail/751,423,국민행복,기타혜택,UNMAPPED_FALLBACK_기타혜택,국가바우처 제공
https://www.card-gorilla.com/card/detail/751,423,쇼핑,쇼핑,EXACT,대형마트/온라인쇼핑몰/홈쇼핑 5% 할인
https://www.card-gorilla.com/card/detail/751,423,교육/육아,기타혜택,UNMAPPED_FALLBACK_기타혜택,키즈카페/문화센터/학습지 5% 할인
https://www.card-gorilla.com/card/detail/751,423,공과금,기타혜택,UNMAPPED_FALLBACK_기타혜택,통신료/아파트관리비 5% 할인
https://www.card-gorilla.com/card/detail/751,423,보험사,기타혜택,UNMAPPED_FALLBACK_기타혜택,단체보험 무료가입
https://www.card-gorilla.com/card/detail/752,424,국민행복,기타혜택,UNMAPPED_FALLBACK_기타혜택,국가바우처
https://www.card-gorilla.com/card/detail/752,424,병원,기타혜택,UNMAPPED_FALLBACK_기타혜택,병원 5% 할인
https://www.card-gorilla.com/card/detail/752,424,교육/육아,기타혜택,UNMAPPED_FALLBACK_기타혜택,키즈카페/문화센터/학습지 5% 청구할인
https://www.card-gorilla.com/card/detail/752,424,보험사,기타혜택,UNMAPPED_FALLBACK_기타혜택,단체보험 무료가입
https://www.card-gorilla.com/card/detail/753,425,화장품,기타혜택,UNMAPPED_FALLBACK_기타혜택,아모레퍼시픽 12% 적립
https://www.card-gorilla.com/card/detail/753,425,쇼핑,쇼핑,EXACT,"특별가맹점(할인점, 백화점, 면세점, 카페 등) 5% 적립"
https://www.card-gorilla.com/card/detail/754,426,국민행복,기타혜택,UNMAPPED_FALLBACK_기타혜택,정부지원 국가바우처 이용 가능
https://www.card-gorilla.com/card/detail/754,426,쇼핑,쇼핑,EXACT,백화점·프리미엄 아울렛·할인점·온라인쇼핑몰·생활잡화·신선식품 배송 2% 캐시백
https://www.card-gorilla.com/card/detail/754,426,생활,생활,EXACT,의료·산후조리원·학원·학습지·온라인서점·어린이집·유치원 2% 캐시백
https://www.card-gorilla.com/card/detail/754,426,기타,기타,EXACT,신세계백화점 제휴 서비스
https://www.card-gorilla.com/card/detail/755,427,카페,카페,EXACT,"스타벅스, 엔제리너스 1천원 캐시백"
https://www.card-gorilla.com/card/detail/755,427,영화,영화,EXACT,"롯데시네마, CGV 2천원 캐시백"
https://www.card-gorilla.com/card/detail/755,427,편의점,편의점,EXACT,"세븐일레븐, GS25, CU 1천원 캐시백"
https://www.card-gorilla.com/card/detail/755,427,통신,통신,EXACT,"SKT, KT, LG U+ 2천원 캐시백"
https://www.card-gorilla.com/card/detail/756,428,할인,기타혜택,UNMAPPED_FALLBACK_기타혜택,"국내(온·오프라인) 가맹점 0.2% 캐시백
주말 및 공휴일 0.2% 추가 캐시백"
https://www.card-gorilla.com/card/detail/757,429,온라인쇼핑,온라인쇼핑,EXACT,온라인 이용 건 3% 캐시백
https://www.card-gorilla.com/card/detail/757,429,쇼핑,쇼핑,EXACT,"쿠팡, 티몬, 위메프, 11번가, 옥션, G마켓 5% 캐시백"
https://www.card-gorilla.com/card/detail/758,430,생활,생활,EXACT,다이소 30% 할인
https://www.card-gorilla.com/card/detail/758,430,편의점,편의점,EXACT,"GS25, CU 10% 할인"
https://www.card-gorilla.com/card/detail/758,430,카페,카페,EXACT,"스타벅스, 커피빈 10% 할인"
https://www.card-gorilla.com/card/detail/758,430,영화,영화,EXACT,"CGV, 롯데시네마 20% 할인"
https://www.card-gorilla.com/card/detail/758,430,베이커리,기타혜택,UNMAPPED_FALLBACK_기타혜택,"파리바게뜨, 뚜레쥬르 10% 할인"
https://www.card-gorilla.com/card/detail/760,431,편의점,편의점,EXACT,GS25 5% 환급할인
https://www.card-gorilla.com/card/detail/760,431,화장품,기타혜택,UNMAPPED_FALLBACK_기타혜택,올리브영 5% 환급할인
https://www.card-gorilla.com/card/detail/760,431,패스트푸드,기타혜택,UNMAPPED_FALLBACK_기타혜택,패스트푸드 업종 5% 환급할인
https://www.card-gorilla.com/card/detail/760,431,도서,기타혜택,UNMAPPED_FALLBACK_기타혜택,서점업종 5% 환급할인
https://www.card-gorilla.com/card/detail/760,431,소셜커머스,기타혜택,UNMAPPED_FALLBACK_기타혜택,"소셜커머스 5% 환급할인 (쿠팡, 티몬, 위메프)"
https://www.card-gorilla.com/card/detail/760,431,영화,영화,EXACT,CGV 5% 환급할인
https://www.card-gorilla.com/card/detail/760,431,교통,기타혜택,UNMAPPED_FALLBACK_기타혜택,티머니 서비스 소개
https://www.card-gorilla.com/card/detail/761,432,적립,기타혜택,UNMAPPED_FALLBACK_기타혜택,"골프, 여가 영역 5% 적립
해외 3% 적립, 기본 0.5% 적립"
https://www.card-gorilla.com/card/detail/761,432,골프,골프,EXACT,"국내 지정 골프장 커피(4잔) 무료 제공
국내 지정 골프연습장 타석권 무료 제공"
https://www.card-gorilla.com/card/detail/761,432,생활,생활,EXACT,"주유, 전기차, 커피전문점 할인 서비스"
https://www.card-gorilla.com/card/detail/761,432,프리미엄 서비스,기타혜택,UNMAPPED_FALLBACK_기타혜택,MasterCard Platinum 서비스
https://www.card-gorilla.com/card/detail/762,433,온라인쇼핑,온라인쇼핑,EXACT,온라인 쇼핑 5% 캐시백
https://www.card-gorilla.com/card/detail/762,433,간편결제,간편결제,EXACT,간편결제 5% 캐시백
https://www.card-gorilla.com/card/detail/762,433,생활,생활,EXACT,안경/렌즈 5% 캐시백
https://www.card-gorilla.com/card/detail/762,433,카페,카페,EXACT,커피 5% 캐시백
https://www.card-gorilla.com/card/detail/762,433,배달앱,배달앱,EXACT,배달/주문 5% 캐시백
https://www.card-gorilla.com/card/detail/762,433,대중교통,대중교통,EXACT,대중교통(버스/지하철) 5% 캐시백
https://www.card-gorilla.com/card/detail/762,433,통신,통신,EXACT,이동통신 5% 캐시백
https://www.card-gorilla.com/card/detail/762,433,해외,기타혜택,UNMAPPED_FALLBACK_기타혜택,해외 5% 캐시백
https://www.card-gorilla.com/card/detail/762,433,기타,기타,EXACT,"OTT서비스, 공연티켓, 어학시험 5% 캐시백"
https://www.card-gorilla.com/card/detail/763,434,모든가맹점,모든가맹점,EXACT,"국내외 가맹점 1% 적립
월 200만원 이상 이용 시 2배, 월 100만원 이상 이용 시 1.5배 적립"
https://www.card-gorilla.com/card/detail/763,434,기타,기타,EXACT,"M포인트로 상품권 교환, 면세점에서 사용 가능한 the Pink 바우처 교환(10만원권)"
https://www.card-gorilla.com/card/detail/763,434,바우처,기타혜택,UNMAPPED_FALLBACK_기타혜택,the Pink 최초 발급 시 웰컴 바우처 10만원권 1매 제공
https://www.card-gorilla.com/card/detail/763,434,연회비지원,기타혜택,UNMAPPED_FALLBACK_기타혜택,7만 M포인트 적립 또는 연회비 7만원 감면(택 1)
https://www.card-gorilla.com/card/detail/763,434,프리미엄,기타혜택,UNMAPPED_FALLBACK_기타혜택,"인천국제공항라운지, 발레파킹 무료 서비스 제공"
https://www.card-gorilla.com/card/detail/763,434,프리미엄 서비스,기타혜택,UNMAPPED_FALLBACK_기타혜택,"VISA Signature 서비스
MasterCard World 서비스"
https://www.card-gorilla.com/card/detail/764,435,통신,통신,EXACT,"이동통신요금 카카오페이포인트 3,000P 적립"
https://www.card-gorilla.com/card/detail/764,435,디지털구독,디지털구독,EXACT,스트리밍 10% 카카오페이포인트 적립
https://www.card-gorilla.com/card/detail/764,435,해외,기타혜택,UNMAPPED_FALLBACK_기타혜택,해외 1% 카카오페이포인트 적립
https://www.card-gorilla.com/card/detail/764,435,기타,기타,EXACT,플레이트 디자인 선택가능
https://www.card-gorilla.com/card/detail/764,435,카카오페이,카카오페이,EXACT,카카오페이로 카카오톡 선물하기 결제 시 3% 카카오페이포인트 적립
https://www.card-gorilla.com/card/detail/764,435,카카오페이,카카오페이,EXACT,카카오페이로 결제 시 2% 카카오페이포인트 적립
https://www.card-gorilla.com/card/detail/764,435,적립,기타혜택,UNMAPPED_FALLBACK_기타혜택,"전월 이용금액에 관계없이, 적립한도 없이 국내 가맹점 1% 카카오페이포인트 적립"
https://www.card-gorilla.com/card/detail/764,435,"귀여운 디자인에 그렇지 않은 혜택, 우리가 의 반전매력에 빠진 이유",기타혜택,UNMAPPED_FALLBACK_기타혜택,카카오페이 신용카드 & 체크카드 추천 BEST 5┃카카오페이 카드 등록·결제 방법 총정리
https://www.card-gorilla.com/card/detail/768,436,자동차,기타혜택,UNMAPPED_FALLBACK_기타혜택,"전기/수소차 충전소, 버스/지하철, 철도 10% 포인트리 적립
공유 모빌리티 20% 포인트리 적립"
https://www.card-gorilla.com/card/detail/768,436,쇼핑,쇼핑,EXACT,"친환경 마켓 20% 포인트리 적립
업사이클링 제품, 반려식물 10% 포인트리 적립"
https://www.card-gorilla.com/card/detail/768,436,디지털구독,디지털구독,EXACT,"모바일단독카드 이용 시, 영상/음원 건당 5천원 이상 이용 시 포인트리 1천점 적립(월1회)
굿윌스토어 건당 2만원 이상 이용 시 포인트리 1천점 적립(월2회)"
https://www.card-gorilla.com/card/detail/768,436,기타,기타,EXACT,기부포인트 적립 서비스
https://www.card-gorilla.com/card/detail/769,437,"[20,000]원 · 30만원 이상 · VISA · Mastercard · UnionPay",기타혜택,UNMAPPED_FALLBACK_기타혜택,적립
https://www.card-gorilla.com/card/detail/769,437,[기본적립] 국내 가맹점 0.7% 기본적립 (전월실적 없음),기타혜택,UNMAPPED_FALLBACK_기타혜택,적립
https://www.card-gorilla.com/card/detail/769,437,[추가 적립] 주말/공휴일 국내 가맹점 0.5% 추가적립 (전월실적 없음),기타혜택,UNMAPPED_FALLBACK_기타혜택,푸드
https://www.card-gorilla.com/card/detail/769,437,"[추가 적립] 음식점, 커피 전문점 업종 0.5% 추가적립 (전월실적 없음)",기타혜택,UNMAPPED_FALLBACK_기타혜택,교통
https://www.card-gorilla.com/card/detail/769,437,"[추가 적립] 버스/지하철, 택시 0.5% 추가적립 (전월실적 없음)",기타혜택,UNMAPPED_FALLBACK_기타혜택,통신
https://www.card-gorilla.com/card/detail/769,437,[추가 적립] 이동통신요금 0.5% 추가적립 (전월실적 없음),기타혜택,UNMAPPED_FALLBACK_기타혜택,할인
https://www.card-gorilla.com/card/detail/769,437,해외이용금액 1.7% 할인 캐시백 (전월실적 없음),기타혜택,UNMAPPED_FALLBACK_기타혜택,영화
https://www.card-gorilla.com/card/detail/769,437,CGV/메가박스 온라인 영화 예매 청구할인 (전월실적 30만원 이상),기타혜택,UNMAPPED_FALLBACK_기타혜택,테마파크
https://www.card-gorilla.com/card/detail/769,437,롯데월드/에버랜드/캐리비안베이 현장할인 (전월실적 30만원 이상),기타혜택,UNMAPPED_FALLBACK_기타혜택,2026  인기 포인트 적립 높은 신용카드 순위 비교 추천 BEST 5
https://www.card-gorilla.com/card/detail/770,438,골프,골프,EXACT,"골프연습장/스크린골프, 골프관광(그린재킷 투어) 5% 환급할인
골프웨어/골프용품 5% 환급할인"
https://www.card-gorilla.com/card/detail/770,438,주유소,주유소,EXACT,주유소 5% 환급할인
https://www.card-gorilla.com/card/detail/770,438,보험사,기타혜택,UNMAPPED_FALLBACK_기타혜택,보험료 자동납부 5% 환급할인
https://www.card-gorilla.com/card/detail/770,438,멤버십포인트,기타혜택,UNMAPPED_FALLBACK_기타혜택,해피포인트 멤버쉽 최대 5% 현장적립
https://www.card-gorilla.com/card/detail/771,439,간편결제,간편결제,EXACT,"지난달 실적 30만원 이상 시, 1.5%~1.0% L.POINT 적립"
https://www.card-gorilla.com/card/detail/774,440,온라인쇼핑,온라인쇼핑,EXACT,쿠팡 15% 할인
https://www.card-gorilla.com/card/detail/774,440,푸드,기타혜택,UNMAPPED_FALLBACK_기타혜택,"롯데리아, 엔제리너스, 나뚜루, TGIF, 보네스뻬, 크리스피크림도넛 10% 할인 (1만원 이상 결제 시 할인)"
https://www.card-gorilla.com/card/detail/774,440,테마파크,테마파크,EXACT,롯데월드 종합이용권 50% 할인
https://www.card-gorilla.com/card/detail/774,440,쇼핑,쇼핑,EXACT,"롯데백화점, 면세점, 롯데ON, 롯데마트 할인"
https://www.card-gorilla.com/card/detail/774,440,영화,영화,EXACT,"롯데시네마 관람료 1,500원 할인"
https://www.card-gorilla.com/card/detail/774,440,푸드,기타혜택,UNMAPPED_FALLBACK_기타혜택,미스터피자 15% 현장 할인
https://www.card-gorilla.com/card/detail/774,440,멤버십포인트,기타혜택,UNMAPPED_FALLBACK_기타혜택,"롯데 SK 주유포인트 적립
L.POINT 적립"
https://www.card-gorilla.com/card/detail/775,441,적립,기타혜택,UNMAPPED_FALLBACK_기타혜택,"해피페이 / 해피오더 / 해피마켓 사용 시, 해피포인트 10% 적립
전월실적 관계없이 사용 횟수에 따라 최대 21,000 해피포인트 적립"
https://www.card-gorilla.com/card/detail/775,441,해외이용,기타혜택,UNMAPPED_FALLBACK_기타혜택,해외 이용금액의 1% 해피포인트 적립
https://www.card-gorilla.com/card/detail/775,441,해피포인트,기타혜택,UNMAPPED_FALLBACK_기타혜택,해피포인트 가맹점 이용액 현장 적립
https://www.card-gorilla.com/card/detail/776,442,대형마트,대형마트,EXACT,홈플러스에서 결제 시 1%·5% 결제일할인(청구할인)
https://www.card-gorilla.com/card/detail/776,442,병원/약국,병원약국,SYNONYM_APPLIED,의료비 5% 결제일할인(청구할인)
https://www.card-gorilla.com/card/detail/776,442,주유소,주유소,EXACT,GS칼텍스에서 주유 시 리터당 80원 결제일할인(청구할인)
https://www.card-gorilla.com/card/detail/777,443,멤버십포인트,기타혜택,UNMAPPED_FALLBACK_기타혜택,L.POINT 0.7 ~ 3% 적립
https://www.card-gorilla.com/card/detail/777,443,멤버십포인트,기타혜택,UNMAPPED_FALLBACK_기타혜택,롯데가맹점 1 ~ 2% 추가적립
https://www.card-gorilla.com/card/detail/777,443,테마파크,테마파크,EXACT,롯데월드 아쿠아리움 입장권 및 놀이공원 자유이용권 50% 현장할인
https://www.card-gorilla.com/card/detail/778,444,온라인쇼핑,온라인쇼핑,EXACT,GS SHOP 12% 청구 할인
https://www.card-gorilla.com/card/detail/778,444,대형마트,대형마트,EXACT,대형마트 5% 청구 할인
https://www.card-gorilla.com/card/detail/778,444,통신,통신,EXACT,이동통신 5% 청구 할인
https://www.card-gorilla.com/card/detail/778,444,카페,카페,EXACT,커피 10% 청구 할인
https://www.card-gorilla.com/card/detail/778,444,편의점,편의점,EXACT,편의점 10% 청구 할인
https://www.card-gorilla.com/card/detail/778,444,택시,택시,EXACT,택시 10% 청구 할인
https://www.card-gorilla.com/card/detail/778,444,레저/스포츠,기타혜택,UNMAPPED_FALLBACK_기타혜택,미용실/화장품/문화센터/스포츠 5% 청구 할인
https://www.card-gorilla.com/card/detail/779,445,온라인쇼핑,온라인쇼핑,EXACT,"위메프 적립 2%
위메프오 적립 1%"
https://www.card-gorilla.com/card/detail/779,445,생활,생활,EXACT,생활영역/구독서비스 적립 5%
https://www.card-gorilla.com/card/detail/779,445,적립,기타혜택,UNMAPPED_FALLBACK_기타혜택,기본적립 0.2%
https://www.card-gorilla.com/card/detail/780,446,할인,기타혜택,UNMAPPED_FALLBACK_기타혜택,국내외 가맹점 0.5% 할인
https://www.card-gorilla.com/card/detail/780,446,할인,기타혜택,UNMAPPED_FALLBACK_기타혜택,온라인쇼핑몰·주유·할인점 3% 결제일할인
https://www.card-gorilla.com/card/detail/780,446,할인,기타혜택,UNMAPPED_FALLBACK_기타혜택,4대 사회보험·손해보험·전기요금·이동통신·인터넷 10% 결제일할인
https://www.card-gorilla.com/card/detail/780,446,할인,기타혜택,UNMAPPED_FALLBACK_기타혜택,4대 사회보험 자동납부 시 납부대행수수료(납부금액의 0.8%) 결제일할인
https://www.card-gorilla.com/card/detail/780,446,기타,기타,EXACT,"부가세환급 편의지원서비스
전자세금계산서 월 250건 무료"
https://www.card-gorilla.com/card/detail/783,447,온라인쇼핑,온라인쇼핑,EXACT,SSG.COM에서 결제 시 2~4% 신세계포인트 적립
https://www.card-gorilla.com/card/detail/783,447,생활,생활,EXACT,생활편의영역에서 결제 시 3~5% 신세계포인트 적립
https://www.card-gorilla.com/card/detail/784,448,LGU+,LGU+,EXACT,LG U+ 24개월 라이트할부
https://www.card-gorilla.com/card/detail/784,448,LGU+,LGU+,EXACT,LG U+ 월 통신요금 할인
https://www.card-gorilla.com/card/detail/785,449,KT,KT,EXACT,KT 24개월 라이트할부
https://www.card-gorilla.com/card/detail/785,449,KT,KT,EXACT,KT 월 통신요금 할인
https://www.card-gorilla.com/card/detail/788,450,CJ ONE,기타혜택,UNMAPPED_FALLBACK_기타혜택,CJ ONE 포인트 2~5배 적립
https://www.card-gorilla.com/card/detail/788,450,CJ ONE,기타혜택,UNMAPPED_FALLBACK_기타혜택,일반 제휴점 이용 시 CJ ONE 포인트 0.5% 특별적립
https://www.card-gorilla.com/card/detail/788,450,테마파크,테마파크,EXACT,놀이공원 50%·워터파크 30% 할인
https://www.card-gorilla.com/card/detail/788,450,CJ ONE,기타혜택,UNMAPPED_FALLBACK_기타혜택,CJ ONE 멤버십 서비스 제공
https://www.card-gorilla.com/card/detail/788,450,푸드,기타혜택,UNMAPPED_FALLBACK_기타혜택,CJ푸드빌 15% 현장할인
https://www.card-gorilla.com/card/detail/788,450,영화,영화,EXACT,"CGV 4,000원·8,000원 할인"
https://www.card-gorilla.com/card/detail/788,450,푸드,기타혜택,UNMAPPED_FALLBACK_기타혜택,CJ푸드빌 20%·30% 현장할인
https://www.card-gorilla.com/card/detail/789,451,마트/편의점,기타혜택,UNMAPPED_FALLBACK_기타혜택,이마트 7대 가맹점에서 결제 시 최대 5% 신세계포인트 적립
https://www.card-gorilla.com/card/detail/789,451,생활,생활,EXACT,생활편의영역에서 결제 시 최대 5% 신세계포인트 적립
https://www.card-gorilla.com/card/detail/789,451,모든가맹점,모든가맹점,EXACT,그 외 모든 가맹점에서 결제 시 최대 0.5% 신세계포인트 적립
https://www.card-gorilla.com/card/detail/791,452,멤버십포인트,기타혜택,UNMAPPED_FALLBACK_기타혜택,"당월 이용금액에 따라 코스트코 리워드 포인트 1~3% 적립
코스트코 매장·온라인몰 / 생활편의영역 / 그 외 가맹점"
https://www.card-gorilla.com/card/detail/791,452,멤버십포인트,기타혜택,UNMAPPED_FALLBACK_기타혜택,코스트코 리워드 포인트 연 1회 바우처 교환
https://www.card-gorilla.com/card/detail/791,452,멤버십포인트,기타혜택,UNMAPPED_FALLBACK_기타혜택,"연회비 면제 / 코스트코멤버십 연회비 자동납부 서비스
코스트코멤버십카드 기능 추가"
https://www.card-gorilla.com/card/detail/791,452,프리미엄 서비스,기타혜택,UNMAPPED_FALLBACK_기타혜택,VISA 브랜드 플래티넘서비스 제공
https://www.card-gorilla.com/card/detail/791,452,비즈니스,기타혜택,UNMAPPED_FALLBACK_기타혜택,코스트코 리워드 비즈니스 현대카드 사업지원서비스
https://www.card-gorilla.com/card/detail/816,453,주유소,주유소,EXACT,전주유소 이용액의 2% 할인(LPG제외)
https://www.card-gorilla.com/card/detail/816,453,영화,영화,EXACT,"전국 주요영화관 1,500원 할인"
https://www.card-gorilla.com/card/detail/816,453,패밀리레스토랑,기타혜택,UNMAPPED_FALLBACK_기타혜택,주요 패밀리레스토랑 10% 할인
https://www.card-gorilla.com/card/detail/816,453,테마파크,테마파크,EXACT,전국 주요놀이공원 할인
https://www.card-gorilla.com/card/detail/816,453,카페,카페,EXACT,커피전문점 10% 할인
https://www.card-gorilla.com/card/detail/816,453,경기관람,기타혜택,UNMAPPED_FALLBACK_기타혜택,"인터넷 예매 1,500원 할인"
https://www.card-gorilla.com/card/detail/816,453,도서,기타혜택,UNMAPPED_FALLBACK_기타혜택,"온라인 서적 인터넷 2,000원 할인"
https://www.card-gorilla.com/card/detail/816,453,금융,기타혜택,UNMAPPED_FALLBACK_기타혜택,은행 금융서비스 제공
https://www.card-gorilla.com/card/detail/852,454,모든가맹점,모든가맹점,EXACT,"스마일페이 가맹점/해외에서 스마일페이로 결제 시 2% 스마일캐시 적립
그 외 가맹점 이용 시 1% 스마일캐시 적립"
https://www.card-gorilla.com/card/detail/852,454,무이자할부,기타혜택,UNMAPPED_FALLBACK_기타혜택,모든 가맹점에서 5만원 이상 결제 시 2~3개월 무이자할부
https://www.card-gorilla.com/card/detail/853,455,간편결제,간편결제,EXACT,"스마일배송 가맹점에서 스마일페이 결제 시 3%
스마일페이 가맹점에서 스마일페이 결제 및 해외가맹 이용 시 2% / 그 외 가맹점에서 1% 스마일캐시 적립"
https://www.card-gorilla.com/card/detail/853,455,연회비지원,기타혜택,UNMAPPED_FALLBACK_기타혜택,스마일클럽 연회비 지원
https://www.card-gorilla.com/card/detail/853,455,무이자할부,기타혜택,UNMAPPED_FALLBACK_기타혜택,모든 가맹점에서 5만원 이상 결제 시 2~3개월 무이자할부
https://www.card-gorilla.com/card/detail/853,455,프리미엄 서비스,기타혜택,UNMAPPED_FALLBACK_기타혜택,VISA 플래티넘서비스
https://www.card-gorilla.com/card/detail/854,456,주유,주유소,SYNONYM_APPLIED,"현대오일뱅크/SK에너지에서 주유 시 리터당 200원·400원 청구 할인
모든 충전소(LPG) 이용 시 리터당 100원·200원 청구 할인"
https://www.card-gorilla.com/card/detail/854,456,멤버십포인트,기타혜택,UNMAPPED_FALLBACK_기타혜택,"기아 멤버십 프로그램 Kia Members 제휴서비스 제공
당월 이용금액의 0.1% 기아멤버스 포인트 추가 적립"
https://www.card-gorilla.com/card/detail/854,456,자동차/하이패스,기타혜택,UNMAPPED_FALLBACK_기타혜택,"현대해상 자동차 보험료 결제 시 청구할인
차량정비서비스"
https://www.card-gorilla.com/card/detail/854,456,은행사,기타혜택,UNMAPPED_FALLBACK_기타혜택,현금카드 기능 (KEB하나은행)
https://www.card-gorilla.com/card/detail/854,456,적립,기타혜택,UNMAPPED_FALLBACK_기타혜택,"국내가맹점 0.5% M포인트 적립
현대, 기아 신차구매 및 GS칼텍스 주유 시 특별적립"
https://www.card-gorilla.com/card/detail/859,457,주유,주유소,SYNONYM_APPLIED,경차 유류세 환급 대상자 주유 및 충전(LPG) 시 유류세 환급
https://www.card-gorilla.com/card/detail/859,457,주유,주유소,SYNONYM_APPLIED,"현대오일뱅크/SK에너지에서 주유 시 리터당 200원·400원 청구 할인
모든 충전소(LPG) 이용 시 리터당 100원·200원 청구 할인"
https://www.card-gorilla.com/card/detail/859,457,자동차/하이패스,기타혜택,UNMAPPED_FALLBACK_기타혜택,"현대해상 자동차 보험료 결제 시 청구할인
차량정비서비스"
https://www.card-gorilla.com/card/detail/859,457,멤버십포인트,기타혜택,UNMAPPED_FALLBACK_기타혜택,"기아 멤버십 프로그램 Kia Members 제휴서비스 제공
당월 이용금액의 0.1% 기아멤버스 포인트 추가 적립"
https://www.card-gorilla.com/card/detail/859,457,금융,기타혜택,UNMAPPED_FALLBACK_기타혜택,현금카드 기능 (KEB하나은행)
https://www.card-gorilla.com/card/detail/859,457,적립,기타혜택,UNMAPPED_FALLBACK_기타혜택,"국내가맹점 0.5% M포인트 적립
현대, 기아 신차구매 및 GS칼텍스 주유 시 특별적립"
https://www.card-gorilla.com/card/detail/865,458,대형마트,대형마트,EXACT,"홈플러스 매장, 온라인몰 결제 시 마이홈플러스 포인트 7% 적립"
https://www.card-gorilla.com/card/detail/865,458,모든가맹점,모든가맹점,EXACT,홈플러스 매장 외 가맹점 결제 시 0.3% 결제일 할인
https://www.card-gorilla.com/card/detail/881,459,바우처,기타혜택,UNMAPPED_FALLBACK_기타혜택,모바일쿠폰 서비스
https://www.card-gorilla.com/card/detail/881,459,멤버십포인트,기타혜택,UNMAPPED_FALLBACK_기타혜택,통합멤버십 서비스
https://www.card-gorilla.com/card/detail/884,460,하이패스,기타혜택,UNMAPPED_FALLBACK_기타혜택,하이패스 0.1% 마이신한포인트 적립
https://www.card-gorilla.com/card/detail/884,460,하이패스,기타혜택,UNMAPPED_FALLBACK_기타혜택,"출퇴근시간대 통행료 20~50% 할인
판교 ↔ 청계, 판교 ↔ 성남, 연계통행료 자동 면제"
https://www.card-gorilla.com/card/detail/889,461,생활,생활,EXACT,(주택임대료형) 주택임대료 자동이체 신청 시 최대 1만 5천원 할인
https://www.card-gorilla.com/card/detail/889,461,통신,통신,EXACT,"(생활형) 통신, 인터넷, 보안업체 자동이체 시 결제일 할인서비스 제공"
https://www.card-gorilla.com/card/detail/889,461,공과금,기타혜택,UNMAPPED_FALLBACK_기타혜택,(공통서비스) 아파트 관리비 3천원 할인
https://www.card-gorilla.com/card/detail/889,461,교육/육아,기타혜택,UNMAPPED_FALLBACK_기타혜택,(공통서비스) 교육료 1% 할인
https://www.card-gorilla.com/card/detail/889,461,병원/약국,병원약국,SYNONYM_APPLIED,병원·약국 1% 할인
https://www.card-gorilla.com/card/detail/889,461,대형마트,대형마트,EXACT,(공통서비스) 3대 마트 1% 할인
https://www.card-gorilla.com/card/detail/889,461,금융,기타혜택,UNMAPPED_FALLBACK_기타혜택,(기본 제공) 신한은행 우대 서비스
https://www.card-gorilla.com/card/detail/890,462,바우처,기타혜택,UNMAPPED_FALLBACK_기타혜택,스페셜기프트 - 매년 2만원 캐시백 지급
https://www.card-gorilla.com/card/detail/890,462,간편결제,간편결제,EXACT,e스타일할인 - 매월 스마일페이 및 롯데 제휴사 매장 결제일 할인
https://www.card-gorilla.com/card/detail/890,462,간편결제,간편결제,EXACT,e스마일할인 - 매년 스마일페이 가맹점 결제일 할인
https://www.card-gorilla.com/card/detail/890,462,생활,생활,EXACT,영라이프할인 - 라이프 가맹점 10~12% 결제일 할인
https://www.card-gorilla.com/card/detail/890,462,프리미엄 서비스,기타혜택,UNMAPPED_FALLBACK_기타혜택,VISA Platinum 서비스
https://www.card-gorilla.com/card/detail/895,463,모든가맹점,모든가맹점,EXACT,모든 가맹점 0.7% 포인트 적립
https://www.card-gorilla.com/card/detail/895,463,쇼핑,쇼핑,EXACT,"신한은행 결제계좌 연결 시, 쇼핑 1.3% 추가적립"
https://www.card-gorilla.com/card/detail/895,463,해외,기타혜택,UNMAPPED_FALLBACK_기타혜택,"신한은행 결제계좌 연결 시, 해외 1.3% 추가적립"
https://www.card-gorilla.com/card/detail/895,463,생활,생활,EXACT,"신한은행 결제계좌 연결 시, 통신/대중교통/도시가스 3.3% 추가적립"
https://www.card-gorilla.com/card/detail/905,464,마트/편의점,기타혜택,UNMAPPED_FALLBACK_기타혜택,"메가마트 매장 결제 시 메가포인트 1.0% 적립
메가마트 자체 추가적립 0.5%, 총 1.5% 적립"
https://www.card-gorilla.com/card/detail/905,464,모든가맹점,모든가맹점,EXACT,메가마트 제외 모든가맹점 메가포인트 0.5% 적립
https://www.card-gorilla.com/card/detail/905,464,교통,기타혜택,UNMAPPED_FALLBACK_기타혜택,"택시, 버스, 지하철 3~5% 할인 (모바일 교통거래 포함)"
https://www.card-gorilla.com/card/detail/905,464,주유,주유소,SYNONYM_APPLIED,GS칼텍스 60원/L 할인
https://www.card-gorilla.com/card/detail/905,464,신세계 BC 바로 콰트로 플러스,기타혜택,UNMAPPED_FALLBACK_기타혜택,BC 바로카드
https://www.card-gorilla.com/card/detail/906,465,마트/편의점,기타혜택,UNMAPPED_FALLBACK_기타혜택,"메가마트 매장 결제 시 메가포인트 0.5% 적립
메가마트 자체 추가적립 0.2%, 총 0.7% 적립"
https://www.card-gorilla.com/card/detail/906,465,모든가맹점,모든가맹점,EXACT,메가마트 제외 모든가맹점 메가포인트 0.1% 적립
https://www.card-gorilla.com/card/detail/912,466,쇼핑,쇼핑,EXACT,"온라인쇼핑몰, 대형마트, 소셜커머스, 백화점 10% 포인트리 적립"
https://www.card-gorilla.com/card/detail/912,466,선택형,기타혜택,UNMAPPED_FALLBACK_기타혜택,"아파트 관리비, 편의점, 배달앱 5% 포인트리 적립"
https://www.card-gorilla.com/card/detail/912,466,간편결제,간편결제,EXACT,온라인쇼핑몰에서 KB Pay 이용 시 5% 포인트리 적립
https://www.card-gorilla.com/card/detail/912,466,프리미엄 서비스,기타혜택,UNMAPPED_FALLBACK_기타혜택,"Master 티타늄 서비스
K-WORLD/국내전용 티타늄 서비스"
https://www.card-gorilla.com/card/detail/916,467,주유,주유소,SYNONYM_APPLIED,알뜰주유소 리터당 80원~100원 청구할인
https://www.card-gorilla.com/card/detail/916,467,푸드,기타혜택,UNMAPPED_FALLBACK_기타혜택,치킨·피자 10% 청구할인
https://www.card-gorilla.com/card/detail/916,467,영화,영화,EXACT,"전국 영화관 12,000원 이상 결제 시 3,000원 청구할인"
https://www.card-gorilla.com/card/detail/916,467,카페,카페,EXACT,커피전문점 10% 청구할인
https://www.card-gorilla.com/card/detail/940,468,OK캐쉬백,기타혜택,UNMAPPED_FALLBACK_기타혜택,11번가 OK캐쉬백 11% 특별적립
https://www.card-gorilla.com/card/detail/940,468,OK캐쉬백,기타혜택,UNMAPPED_FALLBACK_기타혜택,생활밀착업종 OK캐쉬백 5% 특별적립
https://www.card-gorilla.com/card/detail/940,468,모든가맹점,모든가맹점,EXACT,전 가맹점 OK캐쉬백 0.1% 기본적립
https://www.card-gorilla.com/card/detail/940,468,선택형,기타혜택,UNMAPPED_FALLBACK_기타혜택,플레이트 선택
https://www.card-gorilla.com/card/detail/942,469,백화점,백화점,EXACT,"AK PLAZA 청구할인 최대 10%
AK 멤버스 서비스"
https://www.card-gorilla.com/card/detail/942,469,생활,생활,EXACT,"[생활영역 청구 할인] 학원, 패밀리레스토랑,커피,미용실 5% 할인"
https://www.card-gorilla.com/card/detail/942,469,해피포인트,기타혜택,UNMAPPED_FALLBACK_기타혜택,[생활영역 청구 할인] 해피포인트 10% 할인
https://www.card-gorilla.com/card/detail/942,469,제주항공,기타혜택,UNMAPPED_FALLBACK_기타혜택,[생활영역 청구 할인] 제주항공 10% 할인
https://www.card-gorilla.com/card/detail/942,469,영화,영화,EXACT,"인터파크 영화예매 1매당 3,500원 청구 할인"
https://www.card-gorilla.com/card/detail/942,469,테마파크,테마파크,EXACT,놀이공원 최대 50% 할인
https://www.card-gorilla.com/card/detail/945,470,모든가맹점,모든가맹점,EXACT,"일시불, 할부 이용금액 마이신한포인트 1% 적립
전월 300만원 이상 이용 시 일시불, 할부 이용금액 0.5% 추가적립"
https://www.card-gorilla.com/card/detail/945,1255,해외,기타혜택,UNMAPPED_FALLBACK_기타혜택,[Travel 적립] 해외/면세점 이용금액 2% 추가 적립(전월실적 50만원 이상)
https://www.card-gorilla.com/card/detail/945,470,적립,기타혜택,UNMAPPED_FALLBACK_기타혜택,[Bouns 적립] 분기당 1천만원 이상 이용 시 보너스 포인트 적립
https://www.card-gorilla.com/card/detail/945,470,공항라운지,공항라운지,EXACT,The Lounge Members 본인+동반 1인 공항 라운지 무료 입장 서비스(전월실적 50만원 이상)
https://www.card-gorilla.com/card/detail/945,470,프리미엄,기타혜택,UNMAPPED_FALLBACK_기타혜택,국제 브랜드사 서비스 (플래티늄 등급 선택 시 제공)
https://www.card-gorilla.com/card/detail/949,471,모든가맹점,모든가맹점,EXACT,모든 가맹점 이용액 0.5% 캐시백
https://www.card-gorilla.com/card/detail/949,471,영화,영화,EXACT,영화관 건당 8천원 이상 결제시 3천원 캐시백
https://www.card-gorilla.com/card/detail/949,471,기타,기타,EXACT,ATM 출금 수수료 면제
https://www.card-gorilla.com/card/detail/949,471,선택형,기타혜택,UNMAPPED_FALLBACK_기타혜택,선택한 2가지 업종 1.2% 캐시백
https://www.card-gorilla.com/card/detail/949,471,선택형,기타혜택,UNMAPPED_FALLBACK_기타혜택,선택한 업종 2.0% 캐시백(혜택 추가시 연회비 3천원 추가)
https://www.card-gorilla.com/card/detail/951,472,렌탈,기타혜택,UNMAPPED_FALLBACK_기타혜택,"렌탈요금 월 최대 20,000원 할인"
https://www.card-gorilla.com/card/detail/951,472,패밀리레스토랑,기타혜택,UNMAPPED_FALLBACK_기타혜택,"아웃백, TGIF 10% 청구할인"
https://www.card-gorilla.com/card/detail/951,472,카페,카페,EXACT,"스타벅스, 투썸플레이스 20% 청구할인"
https://www.card-gorilla.com/card/detail/951,472,영화,영화,EXACT,"모든 영화관 3,000원 청구할인"
https://www.card-gorilla.com/card/detail/951,472,테마파크,테마파크,EXACT,놀이공원 50% 현장할인
https://www.card-gorilla.com/card/detail/952,473,주유,주유소,SYNONYM_APPLIED,SK주유소 월 최대 5만원 할인
https://www.card-gorilla.com/card/detail/952,473,패밀리레스토랑,기타혜택,UNMAPPED_FALLBACK_기타혜택,"아웃백, TGIF 10% 청구할인"
https://www.card-gorilla.com/card/detail/952,473,카페,카페,EXACT,"스타벅스, 투썸플레이스 20% 청구할인"
https://www.card-gorilla.com/card/detail/952,473,테마파크,테마파크,EXACT,놀이공원 50% 현장할인
https://www.card-gorilla.com/card/detail/952,473,영화,영화,EXACT,"모든 영화관 3,000원 청구할인"
https://www.card-gorilla.com/card/detail/953,474,자동차,기타혜택,UNMAPPED_FALLBACK_기타혜택,자동차금융 이용고객 월 납부금 최대 1만원 청구할인
https://www.card-gorilla.com/card/detail/953,474,주유,주유소,SYNONYM_APPLIED,주유소/충전소 리터당 70원 할인
https://www.card-gorilla.com/card/detail/953,474,보험,기타혜택,UNMAPPED_FALLBACK_기타혜택,자동차 보험 최대 2만원 청구할인
https://www.card-gorilla.com/card/detail/953,474,정비,기타혜택,UNMAPPED_FALLBACK_기타혜택,스피드메이트 엔진오일 및 차량정비 할인
https://www.card-gorilla.com/card/detail/953,474,렌터카,기타혜택,UNMAPPED_FALLBACK_기타혜택,SK렌터카 최대 70% 현장할인
https://www.card-gorilla.com/card/detail/953,474,생활,생활,EXACT,"영화관, 패밀리레스토랑, 커피 할인"
https://www.card-gorilla.com/card/detail/993,475,바우처,기타혜택,UNMAPPED_FALLBACK_기타혜택,Gift Option 서비스
https://www.card-gorilla.com/card/detail/993,475,항공마일리지,항공,SYNONYM_APPLIED,항공 마일리지 적립 서비스
https://www.card-gorilla.com/card/detail/993,475,공항라운지,공항라운지,EXACT,The Lounge Members 무료 이용 서비스
https://www.card-gorilla.com/card/detail/993,475,골프,골프,EXACT,골프 할인 서비스
https://www.card-gorilla.com/card/detail/993,475,호텔,기타혜택,UNMAPPED_FALLBACK_기타혜택,특급호텔 라운지 무료음료 서비스
https://www.card-gorilla.com/card/detail/993,475,프리미엄,기타혜택,UNMAPPED_FALLBACK_기타혜택,국제 브랜드사 서비스 (플래티늄 등급 선택 시 제공)
https://www.card-gorilla.com/card/detail/1002,476,통신,통신,EXACT,통신요금 최대 2만원 할인
https://www.card-gorilla.com/card/detail/1002,476,모든가맹점,모든가맹점,EXACT,국내 모든 가맹점 최대 1% 할인
https://www.card-gorilla.com/card/detail/1002,476,기타,기타,EXACT,L.POINT
https://www.card-gorilla.com/card/detail/1003,477,쇼핑,쇼핑,EXACT,"전국 유명 백화점, 할인점, 온라인 쇼핑몰 5% 할인
전국 유명 백화점 및 할인점 상시 2~3개월 무이자 할부"
https://www.card-gorilla.com/card/detail/1003,477,주유,주유소,SYNONYM_APPLIED,GS칼텍스 60원/L 할인
https://www.card-gorilla.com/card/detail/1003,477,푸드,기타혜택,UNMAPPED_FALLBACK_기타혜택,"불고기브라더스, 제일제면소 30% 할인
아웃백, 카페마마스, 스타벅스 20% 할인"
https://www.card-gorilla.com/card/detail/1003,477,영화,영화,EXACT,"CGV, YES24 영화 7천원 할인"
https://www.card-gorilla.com/card/detail/1003,477,생활,생활,EXACT,LG계열 제휴사 최대 5~10% 할인 및 포인트 적립
https://www.card-gorilla.com/card/detail/1003,477,적립,기타혜택,UNMAPPED_FALLBACK_기타혜택,Love포인트 적립
https://www.card-gorilla.com/card/detail/1003,477,테마파크,테마파크,EXACT,유명 테마파크 자유이용권 할인
https://www.card-gorilla.com/card/detail/1003,477,경기관람,기타혜택,UNMAPPED_FALLBACK_기타혜택,스포츠 할인
https://www.card-gorilla.com/card/detail/1003,477,프리미엄,기타혜택,UNMAPPED_FALLBACK_기타혜택,Platinum# 서비스 및 국제브랜드사 서비스
https://www.card-gorilla.com/card/detail/1006,478,바우처,기타혜택,UNMAPPED_FALLBACK_기타혜택,매년 1회 Gift Option 선택 제공 (전년도 실적 300만원 이상)
https://www.card-gorilla.com/card/detail/1006,1256,대한항공,대한항공,EXACT,항공 마일리지 적립 (전월실적 30만원 이상)
https://www.card-gorilla.com/card/detail/1006,478,골프,골프,EXACT,골프 쇼핑 or 레슨 할인 (전월실적 50만원 이상)
https://www.card-gorilla.com/card/detail/1006,478,공항라운지,공항라운지,EXACT,골프 커피 or 공항라운지 무료 (전월실적 50만원 이상)
https://www.card-gorilla.com/card/detail/1006,478,배달앱,배달앱,EXACT,"배달 앱(쿠팡이츠, 배달의 민족) 10% 할인 (전월실적 50만원 이상)"
https://www.card-gorilla.com/card/detail/1006,478,프리미엄,기타혜택,UNMAPPED_FALLBACK_기타혜택,국제 브랜드사 서비스 (플래티늄 등급 선택 시 제공)
https://www.card-gorilla.com/card/detail/1007,479,KT,KT,EXACT,"KT 통신요금 청구할인 최대 17,000원"
https://www.card-gorilla.com/card/detail/1010,480,기타,기타,EXACT,"전기/수소차 충전 50% 적립
올가홀푸드, 바이올가, SSG.COM, 쿠팡 5% 적립"
https://www.card-gorilla.com/card/detail/1010,480,기타,기타,EXACT,이용건별 기부서비스(1+1적립)
https://www.card-gorilla.com/card/detail/1010,480,프리미엄 서비스,기타혜택,UNMAPPED_FALLBACK_기타혜택,"K-WORLD/국내전용 티타늄 서비스
Master 티타늄 서비스"
https://www.card-gorilla.com/card/detail/1018,481,도서,기타혜택,UNMAPPED_FALLBACK_기타혜택,리디북스 20% 결제일 할인
https://www.card-gorilla.com/card/detail/1018,481,SPA브랜드,기타혜택,UNMAPPED_FALLBACK_기타혜택,SPA 브랜드 10% 결제일 할인
https://www.card-gorilla.com/card/detail/1018,481,드럭스토어,드럭스토어,EXACT,H&B Store 10% 결제일 할인
https://www.card-gorilla.com/card/detail/1018,481,영화,영화,EXACT,"CGV, 롯데시네마, 메가박스 4천원 결제일 할인"
https://www.card-gorilla.com/card/detail/1018,481,카페,카페,EXACT,커피 업종 이용시 20% 결제일 할인
https://www.card-gorilla.com/card/detail/1019,482,카페,카페,EXACT,빽다방 30% 결제일 할인
https://www.card-gorilla.com/card/detail/1019,482,푸드,기타혜택,UNMAPPED_FALLBACK_기타혜택,더본(theborn) 모든 매장 10% 결제일 할인
https://www.card-gorilla.com/card/detail/1019,482,편의점,편의점,EXACT,편의점 5% 결제일 할인
https://www.card-gorilla.com/card/detail/1019,482,택시,택시,EXACT,택시 10% 결제일 할인
https://www.card-gorilla.com/card/detail/1019,482,영화,영화,EXACT,CGV 3천원 결제일 할인
https://www.card-gorilla.com/card/detail/1032,483,하이패스,기타혜택,UNMAPPED_FALLBACK_기타혜택,후불하이패스
https://www.card-gorilla.com/card/detail/1035,484,보험,기타혜택,UNMAPPED_FALLBACK_기타혜택,"한화손해보험 자동차 보험료 최대 3만원 할인
한화손해보험 결제 시 최대 3개월 무이자/ 한화호텔&리조트 20% 할인"
https://www.card-gorilla.com/card/detail/1035,484,주유소,주유소,EXACT,"SK주유소 50원/ℓ 할인
엔진오일 교환 시 최대 1만 5천원 현장할인"
https://www.card-gorilla.com/card/detail/1035,484,OTT/영화/문화,기타혜택,UNMAPPED_FALLBACK_기타혜택,"영화 최고 4,000원 할인
놀이공원 본인 최고 50% 할인"
https://www.card-gorilla.com/card/detail/1035,484,무이자할부,기타혜택,UNMAPPED_FALLBACK_기타혜택,백화점/대형마트 2~3개월 무이자 할부
https://www.card-gorilla.com/card/detail/1035,484,대중교통,대중교통,EXACT,대중교통 이용금액 10% 할인
https://www.card-gorilla.com/card/detail/1073,485,KT,KT,EXACT,"KT통신비 최대 13,000원 할인
단말기 장기할부 서비스"
https://www.card-gorilla.com/card/detail/1073,485,영화,영화,EXACT,"모든 영화관 3,000원 할인"
https://www.card-gorilla.com/card/detail/1073,485,테마파크,테마파크,EXACT,놀이공원 50% 할인
https://www.card-gorilla.com/card/detail/1155,486,쇼핑,쇼핑,EXACT,"온라인쇼핑몰, 대형마트, 소셜커머스, 백화점 10% 포인트리 적립"
https://www.card-gorilla.com/card/detail/1155,486,선택형,기타혜택,UNMAPPED_FALLBACK_기타혜택,"아파트 관리비, 편의점, 배달앱 5% 포인트리 적립"
https://www.card-gorilla.com/card/detail/1155,486,간편결제,간편결제,EXACT,온라인쇼핑몰에서 KB Pay 이용 시 5% 포인트리 적립
https://www.card-gorilla.com/card/detail/1165,487,골프,골프,EXACT,골프존 할인 서비스
https://www.card-gorilla.com/card/detail/1165,487,멤버십포인트,기타혜택,UNMAPPED_FALLBACK_기타혜택,L.POINT
https://www.card-gorilla.com/card/detail/1165,487,테마파크,테마파크,EXACT,롯데월드 본인 종합이용권 50% 할인
https://www.card-gorilla.com/card/detail/1165,487,헤어,기타혜택,UNMAPPED_FALLBACK_기타혜택,미용실 최대 20% 현장할인
https://www.card-gorilla.com/card/detail/1165,487,쇼핑,쇼핑,EXACT,"롯데백화점, 롯데면세점, 롯데ON 현장할인"
https://www.card-gorilla.com/card/detail/1165,487,영화,영화,EXACT,"롯데시네마 영화관람료 1,500원 할인"
https://www.card-gorilla.com/card/detail/1165,487,푸드,기타혜택,UNMAPPED_FALLBACK_기타혜택,T.G.I.FRiDAY'S 10% 현장할인(주류 제외)
https://www.card-gorilla.com/card/detail/1169,488,도서,기타혜택,UNMAPPED_FALLBACK_기타혜택,교보문고/교보핫트랙스 멤버십 서비스
https://www.card-gorilla.com/card/detail/1169,488,푸드,기타혜택,UNMAPPED_FALLBACK_기타혜택,"파리바게뜨, 던킨도너츠 10% 할인"
https://www.card-gorilla.com/card/detail/1169,488,헤어,기타혜택,UNMAPPED_FALLBACK_기타혜택,미용실 최대 20% 할인
https://www.card-gorilla.com/card/detail/1169,488,테마파크,테마파크,EXACT,놀이공원 최대 50% 할인
https://www.card-gorilla.com/card/detail/1169,488,경기관람,기타혜택,UNMAPPED_FALLBACK_기타혜택,롯데 자이언츠 20% 할인
https://www.card-gorilla.com/card/detail/1169,488,쇼핑,쇼핑,EXACT,"롯데백화점, 롯데ON, 롯데마트 할부 및 할인"
https://www.card-gorilla.com/card/detail/1169,488,여행/숙박,기타혜택,UNMAPPED_FALLBACK_기타혜택,여행서비스
https://www.card-gorilla.com/card/detail/1169,488,푸드,기타혜택,UNMAPPED_FALLBACK_기타혜택,외식
https://www.card-gorilla.com/card/detail/1169,488,주유소,주유소,EXACT,SK주유소 리터당 SK주유포인트 50원적립
https://www.card-gorilla.com/card/detail/1169,488,멤버십포인트,기타혜택,UNMAPPED_FALLBACK_기타혜택,"L.POINT, 롯데 SK 주유포인트 적립"
https://www.card-gorilla.com/card/detail/1169,488,기타,기타,EXACT,연회비 면제 및 SMS 무료 서비스
https://www.card-gorilla.com/card/detail/1171,489,모든가맹점,모든가맹점,EXACT,모든 이용금액(일부 제외)0.5% 적립
https://www.card-gorilla.com/card/detail/1171,489,백화점,백화점,EXACT,현대백화점그룹내 1%추가적립
https://www.card-gorilla.com/card/detail/1171,489,생활,생활,EXACT,"커피, 편의점, 약국 업종 5%청구할인"
https://www.card-gorilla.com/card/detail/1171,489,할인,기타혜택,UNMAPPED_FALLBACK_기타혜택,"패밀리레스토랑, 패스트푸드, 주유소/충전소 업종 5%청구할인"
https://www.card-gorilla.com/card/detail/1171,489,기타,기타,EXACT,"학원, 골프/골프연습장, 미용실 업종 5%청구할인"
https://www.card-gorilla.com/card/detail/1171,489,영화,영화,EXACT,"인터파크 영화 예매 시 1매당 3,500원 청구할인"
https://www.card-gorilla.com/card/detail/1171,489,테마파크,테마파크,EXACT,롯데월드/에버랜드/캐리비안베이 30 ~ 50% 현장할인
https://www.card-gorilla.com/card/detail/1172,490,대형마트,대형마트,EXACT,하나로마트 대상점 이용 시 이용금액 10% 청구 할인
https://www.card-gorilla.com/card/detail/1172,490,베이커리,기타혜택,UNMAPPED_FALLBACK_기타혜택,베이커리 이용 시 이용금액 5% 청구 할인
https://www.card-gorilla.com/card/detail/1172,490,카페,카페,EXACT,"KEB 하나은행 결제계좌 이용고객 월 1회 커피 청구 할인
스타벅스, 커피빈 4천원 이상 결제 시 4천원 청구할인"
https://www.card-gorilla.com/card/detail/1172,490,통신,통신,EXACT,"통신 자동이체 이용 시, 이용금액의 5% 청구 할인"
https://www.card-gorilla.com/card/detail/1172,490,학원,교육육아,SYNONYM_APPLIED,"학원 업종 이용 시, 이용금액의 5% 청구 할인"
https://www.card-gorilla.com/card/detail/1174,491,적립,기타혜택,UNMAPPED_FALLBACK_기타혜택,"하나원큐페이 결제 1.8% 하나머니 적립
국내 전 가맹점 0.8% 하나머니 적립"
https://www.card-gorilla.com/card/detail/1174,491,해외,기타혜택,UNMAPPED_FALLBACK_기타혜택,해외에서도 전월 실적 및 횟수 제한 없는 하나머니 적립 서비스
https://www.card-gorilla.com/card/detail/1174,491,LOCA LIKIT 1.2,기타혜택,UNMAPPED_FALLBACK_기타혜택,롯데카드
https://www.card-gorilla.com/card/detail/1180,492,푸드,기타혜택,UNMAPPED_FALLBACK_기타혜택,"풀무원샵, 풀무원녹즙, 풀무원 로하스, 올가, 베이비밀, 자담터, 아미오, 잇슬림 청구할인"
https://www.card-gorilla.com/card/detail/1180,492,적립,기타혜택,UNMAPPED_FALLBACK_기타혜택,"온라인쇼핑, 아파트관리비 자동이체 10만원 당 5천 하나머니 적립"
https://www.card-gorilla.com/card/detail/1184,493,인테리어,기타혜택,UNMAPPED_FALLBACK_기타혜택,Z:IN 가맹 대리점에서 할부 이용 시 할부 수수료 혜택
https://www.card-gorilla.com/card/detail/1184,493,캐시백,기타혜택,UNMAPPED_FALLBACK_기타혜택,Z:IN 가맹 대리점 할부이용 캐시백
https://www.card-gorilla.com/card/detail/1184,493,LOCA LIKIT 1.2,기타혜택,UNMAPPED_FALLBACK_기타혜택,롯데카드
https://www.card-gorilla.com/card/detail/1186,494,생활,생활,EXACT,생활 가맹점 이용당 5% 하나머니 적립
https://www.card-gorilla.com/card/detail/1186,494,기타,기타,EXACT,플레이트 디자인 선택 가능
https://www.card-gorilla.com/card/detail/1188,495,적립,기타혜택,UNMAPPED_FALLBACK_기타혜택,"동물병원, 온라인쇼핑, 커피 10% 하나머니 적립
대중교통, 통신요금 7% 하나머니 적립"
https://www.card-gorilla.com/card/detail/1198,496,쇼핑,쇼핑,EXACT,IKEA 매장 이용 시 10% 할인
https://www.card-gorilla.com/card/detail/1198,496,생활,생활,EXACT,IKEA 점외 가맹점 통합 할인
https://www.card-gorilla.com/card/detail/1202,497,지역,기타혜택,UNMAPPED_FALLBACK_기타혜택,"부산시 내 전통시장 이용 시 2% 할인
부산시 내 일반가맹점 이용 시 0.2% 할인"
https://www.card-gorilla.com/card/detail/1202,497,[교통] 부산에서 교통비를 월 4만5천원 아끼는 꿀팁,기타혜택,UNMAPPED_FALLBACK_기타혜택,노리2 체크카드(KB Pay)
https://www.card-gorilla.com/card/detail/1213,498,애완동물,기타혜택,UNMAPPED_FALLBACK_기타혜택,반려동물 특화 할인 서비스
https://www.card-gorilla.com/card/detail/1213,498,마트/편의점,기타혜택,UNMAPPED_FALLBACK_기타혜택,"대형마트 5% 청구할인
편의점 5% 청구할인"
https://www.card-gorilla.com/card/detail/1213,498,주유,주유소,SYNONYM_APPLIED,전국 주유소 리터당 60원 할인
https://www.card-gorilla.com/card/detail/1213,498,소셜커머스,기타혜택,UNMAPPED_FALLBACK_기타혜택,소셜커머스 5% 청구할인
https://www.card-gorilla.com/card/detail/1215,499,화장품,기타혜택,UNMAPPED_FALLBACK_기타혜택,아모레퍼시픽 가맹점 10% 적립
https://www.card-gorilla.com/card/detail/1215,499,적립,기타혜택,UNMAPPED_FALLBACK_기타혜택,슈퍼/커피/제과/영화 5% 적립
https://www.card-gorilla.com/card/detail/1225,500,교육/육아,기타혜택,UNMAPPED_FALLBACK_기타혜택,윙크학습비 자동이체 할인 서비스
https://www.card-gorilla.com/card/detail/1225,500,프리미엄 서비스,기타혜택,UNMAPPED_FALLBACK_기타혜택,Master 티타늄 서비스
https://www.card-gorilla.com/card/detail/1229,501,통신,통신,EXACT,kt M mobile 통신료 청구할인
https://www.card-gorilla.com/card/detail/1233,502,기타,기타,EXACT,라이트할부 할인서비스 최대 1만 5천원
https://www.card-gorilla.com/card/detail/1233,502,렌탈,기타혜택,UNMAPPED_FALLBACK_기타혜택,렌탈요금 할인서비스 최대 1만 5천원
https://www.card-gorilla.com/card/detail/1243,503,LGU+,LGU+,EXACT,U+ 알뜰모바일 통신료 청구할인 최대 1만 7천원
https://www.card-gorilla.com/card/detail/1246,504,렌탈,기타혜택,UNMAPPED_FALLBACK_기타혜택,"소노시즌 자동이체시 전월실적에 따라 청구할인
월 9천원~최대 2만원 할인"
https://www.card-gorilla.com/card/detail/1248,505,렌탈,기타혜택,UNMAPPED_FALLBACK_기타혜택,바디프랜드 렌탈요금 자동이체 시 월 1만3천원 청구할인
https://www.card-gorilla.com/card/detail/1248,505,대형마트,대형마트,EXACT,"이마트, 이마트 트레이더스, 홈플러스, 롯데마트 이용금액 3% 청구할인"
https://www.card-gorilla.com/card/detail/1248,505,카페,카페,EXACT,커피빈 이용금액 10% 청구할인
https://www.card-gorilla.com/card/detail/1253,506,푸드,기타혜택,UNMAPPED_FALLBACK_기타혜택,랭킹닭컴 이용 시 7% 청구할인
https://www.card-gorilla.com/card/detail/1253,506,영화,영화,EXACT,"지난달 이용실적 30만원 이상 시 청구할인 제공
CGV, 메가박스, 롯데시네마 3천원 할인"
https://www.card-gorilla.com/card/detail/1253,506,해외이용,기타혜택,UNMAPPED_FALLBACK_기타혜택,"지난달 이용실적 30만원 이상 시 청구할인 제공
해외 전 가맹점 5% 할인"
https://www.card-gorilla.com/card/detail/1253,506,배달앱,배달앱,EXACT,"지난달 이용실적 30만원 이상 시 청구할인 제공
요기요, 배달의민족 5% 할인 (월 5천원 한도)"
https://www.card-gorilla.com/card/detail/1253,506,카페,카페,EXACT,"지난달 이용실적 30만원 이상 시 청구할인 제공
스타벅스, 커피빈 4천원 할인 (월 4천원 한도, 월 1회)"
https://www.card-gorilla.com/card/detail/1253,506,생활,생활,EXACT,"지난달 이용실적 70만원 이상 시 제공
통신, 대중교통, 온라인 7% 청구할인"
https://www.card-gorilla.com/card/detail/1256,507,통신,통신,EXACT,U+알뜰모바일 이동통신료 자동이체 캐시백
https://www.card-gorilla.com/card/detail/1256,507,우리 K-패스 (COOKIE CHECK),기타혜택,UNMAPPED_FALLBACK_기타혜택,우리카드
https://www.card-gorilla.com/card/detail/1258,508,OK캐쉬백,기타혜택,UNMAPPED_FALLBACK_기타혜택,OK캐쉬백 멤버십 서비스
https://www.card-gorilla.com/card/detail/1258,508,온라인쇼핑,온라인쇼핑,EXACT,"G마켓, 옥션 10% 할인"
https://www.card-gorilla.com/card/detail/1258,508,카페/디저트,카페,SYNONYM_APPLIED,"스타벅스 20% 할인(사이렌오더 포함)
파리바게뜨, 배스킨라빈스, 던킨도너츠 10% 할인"
https://www.card-gorilla.com/card/detail/1258,508,푸드,기타혜택,UNMAPPED_FALLBACK_기타혜택,"맥도날드, 롯데리아, 버거킹, 피자헛, 미스터피자, 도미노피자 10% 할인"
https://www.card-gorilla.com/card/detail/1258,508,마트/편의점,기타혜택,UNMAPPED_FALLBACK_기타혜택,"편의점(CU), 올리브영 5% 할인"
https://www.card-gorilla.com/card/detail/1258,508,영화,영화,EXACT,"CGV, 롯데시네마, 메가박스 10% 할인"
https://www.card-gorilla.com/card/detail/1258,508,대중교통,대중교통,EXACT,"전국 시내버스, 지하철 2천원 할인"
https://www.card-gorilla.com/card/detail/1258,508,교육,기타혜택,UNMAPPED_FALLBACK_기타혜택,"YBM시사(토익응시료 포함), 파고다, 해커스어학원 10% 할인"
https://www.card-gorilla.com/card/detail/1258,508,통신,통신,EXACT,휴대전화 요금 3천원 할인
https://www.card-gorilla.com/card/detail/1258,508,NU 오하쳌(오늘하루체크),기타혜택,UNMAPPED_FALLBACK_기타혜택,우리카드
https://www.card-gorilla.com/card/detail/1259,509,LGU+,LGU+,EXACT,LG U+ 통신요금 최대 5천원 할인
https://www.card-gorilla.com/card/detail/1259,509,패밀리레스토랑,기타혜택,UNMAPPED_FALLBACK_기타혜택,패밀리레스토랑 10% 캐시백 할인
https://www.card-gorilla.com/card/detail/1259,509,카페,카페,EXACT,"스타벅스, 커피빈 10% 캐시백 할인"
https://www.card-gorilla.com/card/detail/1259,509,영화,영화,EXACT,전국 영화관 2천원 캐시백 할인
https://www.card-gorilla.com/card/detail/1259,509,테마파크,테마파크,EXACT,주요 놀이공원 자유이용권 50% 현장할인
https://www.card-gorilla.com/card/detail/1260,510,대중교통,대중교통,EXACT,"전국 시내버스, 지하철 1,500원 할인"
https://www.card-gorilla.com/card/detail/1260,510,병원/약국,병원약국,SYNONYM_APPLIED,"병원(동물병원 포함), 약국 5% 할인"
https://www.card-gorilla.com/card/detail/1260,510,영화,영화,EXACT,모든 영화관 3천원 할인
https://www.card-gorilla.com/card/detail/1260,510,패밀리레스토랑,기타혜택,UNMAPPED_FALLBACK_기타혜택,"아웃백, TGIF 20% 현장 할인"
https://www.card-gorilla.com/card/detail/1260,510,카페,카페,EXACT,"스타벅스, 투썸플레이스 20% 할인"
https://www.card-gorilla.com/card/detail/1260,510,주유,주유소,SYNONYM_APPLIED,GS칼텍스 40원/L 할인
https://www.card-gorilla.com/card/detail/1278,511,국민행복,기타혜택,UNMAPPED_FALLBACK_기타혜택,국민행복 특화 서비스
https://www.card-gorilla.com/card/detail/1278,511,병원,기타혜택,UNMAPPED_FALLBACK_기타혜택,의료비 5% 할인
https://www.card-gorilla.com/card/detail/1278,511,온라인쇼핑,온라인쇼핑,EXACT,온라인 쇼핑 5% 할인
https://www.card-gorilla.com/card/detail/1278,511,패밀리레스토랑,기타혜택,UNMAPPED_FALLBACK_기타혜택,패밀리레스토랑 10% 할인
https://www.card-gorilla.com/card/detail/1278,511,카페,카페,EXACT,커피전문점 20% 할인
https://www.card-gorilla.com/card/detail/1278,511,통신,통신,EXACT,이동통신요금 1천원 할인
https://www.card-gorilla.com/card/detail/1278,511,테마파크,테마파크,EXACT,키즈파크 5% 할인
https://www.card-gorilla.com/card/detail/1285,512,게임,기타혜택,UNMAPPED_FALLBACK_기타혜택,넥슨캐시/세라 온라인 충전금액 15% 캐쉬백
https://www.card-gorilla.com/card/detail/1285,512,교통,기타혜택,UNMAPPED_FALLBACK_기타혜택,"대중교통, 택시 5% 캐쉬백"
https://www.card-gorilla.com/card/detail/1285,512,생활,생활,EXACT,"온라인쇼핑, 생활영역 5% 캐쉬백"
https://www.card-gorilla.com/card/detail/1286,513,온라인쇼핑,온라인쇼핑,EXACT,"CJ오쇼핑, CJmall 5% 청구할인"
https://www.card-gorilla.com/card/detail/1286,513,푸드,기타혜택,UNMAPPED_FALLBACK_기타혜택,CJ푸드빌 10~20% 현장할인
https://www.card-gorilla.com/card/detail/1286,513,화장품,기타혜택,UNMAPPED_FALLBACK_기타혜택,CJ올리브영 10% 현장할인
https://www.card-gorilla.com/card/detail/1286,513,영화,영화,EXACT,CGV 2~6천원 청구할인
https://www.card-gorilla.com/card/detail/1288,514,모든가맹점,모든가맹점,EXACT,전 가맹점 이용 시 기본 1.0% 토스포인트 기본적립
https://www.card-gorilla.com/card/detail/1288,514,카페,카페,EXACT,스타벅스 이용 시 추가 4.0% 토스포인트 추가적립
https://www.card-gorilla.com/card/detail/1289,515,SKT,기타혜택,UNMAPPED_FALLBACK_기타혜택,SKT통신요금 자동납부 할인 서비스 최대 2만 1천원
https://www.card-gorilla.com/card/detail/1290,516,게임,기타혜택,UNMAPPED_FALLBACK_기타혜택,넥슨캐시/세라 온라인 충전금액 15% 캐쉬백
https://www.card-gorilla.com/card/detail/1290,516,교통,기타혜택,UNMAPPED_FALLBACK_기타혜택,"대중교통, 택시 5% 캐쉬백"
https://www.card-gorilla.com/card/detail/1290,516,생활,생활,EXACT,"온라인쇼핑, 생활영역 5% 캐쉬백"
https://www.card-gorilla.com/card/detail/1294,517,적립,기타혜택,UNMAPPED_FALLBACK_기타혜택,"국내 가맹점 0.3% 기본적립
해외이용금액 2.0% 기본적립"
https://www.card-gorilla.com/card/detail/1294,517,적립,기타혜택,UNMAPPED_FALLBACK_기타혜택,"사업지원영역 : 주유/통신/전자상거래 업종 0.6% 추가적립
고액결제 0.6%~1.0% 추가적립"
https://www.card-gorilla.com/card/detail/1294,517,기타,기타,EXACT,"사업지원 서비스(전자세금계산서 발행, 세금신고 지원) 제공"
https://www.card-gorilla.com/card/detail/1298,518,편의점,편의점,EXACT,편의점 10% 할인
https://www.card-gorilla.com/card/detail/1298,518,카페/디저트,카페,SYNONYM_APPLIED,"베이커리 업종 10% 할인
커피전문점 10% 할인"
https://www.card-gorilla.com/card/detail/1298,518,패스트푸드,기타혜택,UNMAPPED_FALLBACK_기타혜택,"맥도날드, 롯데리아 10% 할인"
https://www.card-gorilla.com/card/detail/1298,518,쇼핑,쇼핑,EXACT,온/오프라인 쇼핑 할인
https://www.card-gorilla.com/card/detail/1298,518,OTT/영화/문화,기타혜택,UNMAPPED_FALLBACK_기타혜택,"영화관 4천원 할인
도서 2천원 할인"
https://www.card-gorilla.com/card/detail/1298,518,교통,기타혜택,UNMAPPED_FALLBACK_기타혜택,후불교통기능
https://www.card-gorilla.com/card/detail/1299,519,모든가맹점,모든가맹점,EXACT,국내가맹점 1~1.3% 포인트리 적립
https://www.card-gorilla.com/card/detail/1299,519,해외,기타혜택,UNMAPPED_FALLBACK_기타혜택,해외이용(직구포함) 5% 할인 캐시백
https://www.card-gorilla.com/card/detail/1299,519,바우처,기타혜택,UNMAPPED_FALLBACK_기타혜택,플래티늄 바우처_쿠폰 서비스
https://www.card-gorilla.com/card/detail/1299,519,프리미엄 서비스,기타혜택,UNMAPPED_FALLBACK_기타혜택,"인천공항 음료(HOT/ICE 아메리카노) 무료제공 등 고품격 서비스
Master / Local 플래티늄 전용서비스"
https://www.card-gorilla.com/card/detail/1302,520,지역,기타혜택,UNMAPPED_FALLBACK_기타혜택,제주도 제휴서비스
https://www.card-gorilla.com/card/detail/1302,520,주유,주유소,SYNONYM_APPLIED,S-OIL 리터당 40 보너스포인트 적립
https://www.card-gorilla.com/card/detail/1302,520,경기관람,기타혜택,UNMAPPED_FALLBACK_기타혜택,프로스포츠 경기 할인
https://www.card-gorilla.com/card/detail/1309,521,적립,기타혜택,UNMAPPED_FALLBACK_기타혜택,국내 가맹점 포인트리 0.3% 기본 적립
https://www.card-gorilla.com/card/detail/1309,521,쇼핑,쇼핑,EXACT,쇼핑 특화 영역 포인트리 0.7% 추가 적립
https://www.card-gorilla.com/card/detail/1309,521,여행/숙박,기타혜택,UNMAPPED_FALLBACK_기타혜택,여행 특화 영역 포인트리 0.7% 추가 적립
https://www.card-gorilla.com/card/detail/1309,521,해외,기타혜택,UNMAPPED_FALLBACK_기타혜택,해외이용 최대 3% 적립
https://www.card-gorilla.com/card/detail/1309,521,기타,기타,EXACT,해외 배송대행 업체 배송료 할인
https://www.card-gorilla.com/card/detail/1311,522,모든가맹점,모든가맹점,EXACT,국내 이용금액 0.2~0.4% 캐시백
https://www.card-gorilla.com/card/detail/1311,522,해외이용,기타혜택,UNMAPPED_FALLBACK_기타혜택,해외 이용금액 1% 캐시백
https://www.card-gorilla.com/card/detail/1315,523,선택형,기타혜택,UNMAPPED_FALLBACK_기타혜택,"병원,약국 / 주유 / 대형마트 中 택1"
https://www.card-gorilla.com/card/detail/1315,523,적립,기타혜택,UNMAPPED_FALLBACK_기타혜택,골프/건강관리/여행/쇼핑/대중교통/이동통신 1~2% 적립
https://www.card-gorilla.com/card/detail/1315,523,할인,기타혜택,UNMAPPED_FALLBACK_기타혜택,"골든라이프서비스, 반려동물 관련업종, 음식업종 5~10% 청구 할인"
https://www.card-gorilla.com/card/detail/1315,523,해외,기타혜택,UNMAPPED_FALLBACK_기타혜택,해외 이용금액 2% 할인 캐시백
https://www.card-gorilla.com/card/detail/1315,523,기타,기타,EXACT,연간 리워드 1만점 적립
https://www.card-gorilla.com/card/detail/1315,523,기타,기타,EXACT,스마트 기능
https://www.card-gorilla.com/card/detail/1323,524,쇼핑,쇼핑,EXACT,온/오프라인 쇼핑 할인
https://www.card-gorilla.com/card/detail/1323,524,카카오페이,카카오페이,EXACT,카카오페이 15% 청구할인
https://www.card-gorilla.com/card/detail/1339,525,골프,골프,EXACT,스크린골프 및 직영매장 20% 청구할인
https://www.card-gorilla.com/card/detail/1339,525,레저/스포츠,기타혜택,UNMAPPED_FALLBACK_기타혜택,골프연습장/스포츠센터/레포츠용품점 5% 청구할인
https://www.card-gorilla.com/card/detail/1339,525,주유소,주유소,EXACT,전 주유소 리터당 60원 청구할인
https://www.card-gorilla.com/card/detail/1339,525,패스트푸드,기타혜택,UNMAPPED_FALLBACK_기타혜택,VIPS/아웃백/TGIF 20% 청구할인
https://www.card-gorilla.com/card/detail/1339,525,통신,통신,EXACT,SKT/KT/LGU+ 이동통신요금 자동이체 시 3천원 청구할인
https://www.card-gorilla.com/card/detail/1339,525,기타,기타,EXACT,"카드를 골프존 시뮬레이터에 접촉 시 자동로그인 가능
카드를 스마트폰에 터치 시 NFC를 통해 맞춤정보 확인가능"
https://www.card-gorilla.com/card/detail/1340,526,해피포인트,기타혜택,UNMAPPED_FALLBACK_기타혜택,"해피오더, 해피마켓, 해피페이 결제 건별 5천원 당 1,000 포인트 적립
해피포인트 가맹점 2% / 온오프 가맹점 0.5~1% 적립"
https://www.card-gorilla.com/card/detail/1340,526,해피포인트,기타혜택,UNMAPPED_FALLBACK_기타혜택,해피포인트 가맹점 이용 시 현장 적립
https://www.card-gorilla.com/card/detail/1360,527,모든가맹점,모든가맹점,EXACT,빅포인트 0.5% 기본적립 (빅포인트계열)
https://www.card-gorilla.com/card/detail/1360,527,주유,주유소,SYNONYM_APPLIED,S-OIL 리터당 40 보너스포인트 적립
https://www.card-gorilla.com/card/detail/1360,527,경기관람,기타혜택,UNMAPPED_FALLBACK_기타혜택,프로스포츠 프로모션 서비스
https://www.card-gorilla.com/card/detail/1379,528,주유,주유소,SYNONYM_APPLIED,"[주유] 주유소, 충전소 업종 리터당 60원 청구할인"
https://www.card-gorilla.com/card/detail/1379,528,통신,통신,EXACT,"[통신] 전화요금, 인터넷이용료, 케이블TV 업종 10% 청구할인"
https://www.card-gorilla.com/card/detail/1379,528,교통,기타혜택,UNMAPPED_FALLBACK_기타혜택,"[교통] 버스, 지하철, 택시 업종10% 청구할인"
https://www.card-gorilla.com/card/detail/1379,528,푸드,기타혜택,UNMAPPED_FALLBACK_기타혜택,"음식점, 커피전문점, 편의점, 약국 업종 10% 추가 청구할인"
https://www.card-gorilla.com/card/detail/1379,528,생활,생활,EXACT,"학원, 휘트니스센터 업종 10% 추가 청구할인"
https://www.card-gorilla.com/card/detail/1379,528,프리미엄 서비스,기타혜택,UNMAPPED_FALLBACK_기타혜택,"인천공항 음료 무료제공 등 고품격 서비스
Master / VISA / AMEX / Local 플래티늄 전용서비스"
https://www.card-gorilla.com/card/detail/1379,528,바우처,기타혜택,UNMAPPED_FALLBACK_기타혜택,"쿠폰서비스 [연1회, 12가지 쿠폰서비스 중 택1]
최대 11만원 상당 제공"
https://www.card-gorilla.com/card/detail/1380,529,자동차,기타혜택,UNMAPPED_FALLBACK_기타혜택,넥센타이어 렌탈료 자동이체 시 1만 1천원 ~ 2만원 청구할인
https://www.card-gorilla.com/card/detail/1380,529,영화,영화,EXACT,"인터파크 영화예매 시 3,500원 청구할인"
https://www.card-gorilla.com/card/detail/1380,529,테마파크,테마파크,EXACT,놀이공원 최대 50% 할인
https://www.card-gorilla.com/card/detail/1381,530,여행사,기타혜택,UNMAPPED_FALLBACK_기타혜택,"모두투어 투어마일리지 적립
1,000원당 15~30투어마일리지 적립"
https://www.card-gorilla.com/card/detail/1381,530,패밀리레스토랑,기타혜택,UNMAPPED_FALLBACK_기타혜택,외식 10% 청구할인
https://www.card-gorilla.com/card/detail/1381,530,카페,카페,EXACT,커피 10% 청구할인
https://www.card-gorilla.com/card/detail/1381,530,OTT/영화/문화,기타혜택,UNMAPPED_FALLBACK_기타혜택,놀이공원 현장할인 및 인터파크 청구할인
https://www.card-gorilla.com/card/detail/1382,531,적립,기타혜택,UNMAPPED_FALLBACK_기타혜택,"[기본적립] 국내 가맹점 0.5% 포인트리 적립
[추가적립] 여행/커피/쇼핑 1% 추가 적립"
https://www.card-gorilla.com/card/detail/1382,531,해외,기타혜택,UNMAPPED_FALLBACK_기타혜택,해외 전 가맹점 최대 3% 포인트리 적립
https://www.card-gorilla.com/card/detail/1382,531,쇼핑,쇼핑,EXACT,몰테일 배송료 이용금액 2% 적립 및 수수료 할인
https://www.card-gorilla.com/card/detail/1383,532,애완동물,기타혜택,UNMAPPED_FALLBACK_기타혜택,"반려동물 업종 10% 할인
반려동물 보호를 위한 공익기금 조성"
https://www.card-gorilla.com/card/detail/1383,532,대형마트,대형마트,EXACT,이마트 · 롯데마트 · 홈플러스 5%청구할인
https://www.card-gorilla.com/card/detail/1383,532,온라인쇼핑,온라인쇼핑,EXACT,G마켓 · 옥션 · 인터파크 · 11번가 5%청구할인
https://www.card-gorilla.com/card/detail/1390,533,통신,통신,EXACT,LG U+ 요금 통합 최대 1만 5천원 결제일 할인
https://www.card-gorilla.com/card/detail/1390,533,LGU+,LGU+,EXACT,LG U+ 스마트할부 서비스 제공
https://www.card-gorilla.com/card/detail/1390,533,주유,주유소,SYNONYM_APPLIED,현대오일뱅크 주유 시 40P/L 적립
https://www.card-gorilla.com/card/detail/1390,533,영화,영화,EXACT,"인터파크, YES24 영화 예매 할인"
https://www.card-gorilla.com/card/detail/1390,533,테마파크,테마파크,EXACT,"롯데월드, 서울랜드 자유이용권 할인"
https://www.card-gorilla.com/card/detail/1394,534,모든가맹점,모든가맹점,EXACT,"모든 가맹점 0.2% 캐시백
특정업종 추가로 0.2% 캐시백"
https://www.card-gorilla.com/card/detail/1394,534,공연/전시,기타혜택,UNMAPPED_FALLBACK_기타혜택,문화할인 서비스
https://www.card-gorilla.com/card/detail/1394,534,백화점,백화점,EXACT,현대백화점 5% 현장할인
https://www.card-gorilla.com/card/detail/1433,535,하이패스,기타혜택,UNMAPPED_FALLBACK_기타혜택,하이패스 이용방법
https://www.card-gorilla.com/card/detail/1433,535,하이패스,기타혜택,UNMAPPED_FALLBACK_기타혜택,통행료 자동할인 및 경차할인
https://www.card-gorilla.com/card/detail/1438,536,해피포인트,기타혜택,UNMAPPED_FALLBACK_기타혜택,해피포인트 가맹점 할인 및 적립
https://www.card-gorilla.com/card/detail/1438,536,패밀리레스토랑,기타혜택,UNMAPPED_FALLBACK_기타혜택,패밀리레스토랑 10% 캐시백
https://www.card-gorilla.com/card/detail/1438,536,편의점,편의점,EXACT,편의점 10% 캐시백
https://www.card-gorilla.com/card/detail/1438,536,OTT/영화/문화,기타혜택,UNMAPPED_FALLBACK_기타혜택,"영화 2천원 / 서적 3% 캐시백
토익시험응시료 캐시백"
https://www.card-gorilla.com/card/detail/1443,537,테마파크,테마파크,EXACT,"에버랜드 자유이용권(대인 동반 소인 1매) 50% 현장할인
캐리비안베이 입장권 30% 현장할인"
https://www.card-gorilla.com/card/detail/1443,537,할인,기타혜택,UNMAPPED_FALLBACK_기타혜택,"에버랜드 직영 기념품 매장 20% 현장할인
연간회원권 10% 현장할인"
https://www.card-gorilla.com/card/detail/1443,537,패밀리레스토랑,기타혜택,UNMAPPED_FALLBACK_기타혜택,"VIPS, 아웃백, TGIF 20% 청구할인"
https://www.card-gorilla.com/card/detail/1443,537,레저/스포츠,기타혜택,UNMAPPED_FALLBACK_기타혜택,"스타포유㈜와 제휴된 전통고택, 글램핑, 카라반 우대 할인"
https://www.card-gorilla.com/card/detail/1446,538,학습지,기타혜택,UNMAPPED_FALLBACK_기타혜택,웅진씽크빅 자동납부요금 청구할인 월 최대 1만 7천원
https://www.card-gorilla.com/card/detail/1451,539,금융,기타혜택,UNMAPPED_FALLBACK_기타혜택,"외환 환전 송금 최대 50% 환율 우대
우리원송금클럽"
https://www.card-gorilla.com/card/detail/1451,539,영화,영화,EXACT,CGV 최대 4천원 청구할인
https://www.card-gorilla.com/card/detail/1451,539,테마파크,테마파크,EXACT,놀이공원 및 테마파크 30~50% 할인
https://www.card-gorilla.com/card/detail/1451,539,대형마트,대형마트,EXACT,대형마트 5% 청구할인
https://www.card-gorilla.com/card/detail/1451,539,은행사,기타혜택,UNMAPPED_FALLBACK_기타혜택,수수료 면제
https://www.card-gorilla.com/card/detail/1451,539,NU 오하쳌(오늘하루체크),기타혜택,UNMAPPED_FALLBACK_기타혜택,우리카드
https://www.card-gorilla.com/card/detail/1468,540,적립,기타혜택,UNMAPPED_FALLBACK_기타혜택,"신판 1,200원당 10~20P 적립"
https://www.card-gorilla.com/card/detail/1468,540,공항라운지,공항라운지,EXACT,공항라운지 연 2회 무료 이용
https://www.card-gorilla.com/card/detail/1519,541,렌탈,기타혜택,UNMAPPED_FALLBACK_기타혜택,"LG전자 렌탈요금 자동이체 시 13,000원/23,000원 할인"
https://www.card-gorilla.com/card/detail/1523,542,적립,기타혜택,UNMAPPED_FALLBACK_기타혜택,"L.PAY 결제/후불교통 2%, 롯데가맹점 0.5% L.POINT 적립
이외 국내 전 가맹점 0.1% L.POINT 적립"
https://www.card-gorilla.com/card/detail/1526,543,적립,기타혜택,UNMAPPED_FALLBACK_기타혜택,"스타벅스 20%/ 편의점, 영화 10%/ 대중교통, 통신 1천 하나머니 적립
외식, 쇼핑, 어학시험, 어학원 5% 하나머니 적립"
https://www.card-gorilla.com/card/detail/1526,543,OK캐쉬백,기타혜택,UNMAPPED_FALLBACK_기타혜택,OK캐쉬백 플러스 원클릭 충전 및 자동충전시 1% OK캐쉬백 추가 적립
https://www.card-gorilla.com/card/detail/1526,543,수수료우대,기타혜택,UNMAPPED_FALLBACK_기타혜택,해외 ATM 현금인출 수수료 우대
https://www.card-gorilla.com/card/detail/1526,543,테마파크,테마파크,EXACT,"롯데월드, 에버랜드 자유이용권 50% 할인"
https://www.card-gorilla.com/card/detail/1529,544,KT,KT,EXACT,KT 통신요금 7천원/1만5천원 청구할인
https://www.card-gorilla.com/card/detail/1529,544,카페,카페,EXACT,5대 커피업종 5% 청구할인
https://www.card-gorilla.com/card/detail/1529,544,영화,영화,EXACT,"영화업종 3,000원 청구할인"
https://www.card-gorilla.com/card/detail/1529,544,기타,기타,EXACT,올레콘텐츠박스 이용쿠폰 제공
https://www.card-gorilla.com/card/detail/1532,545,LGU+,LGU+,EXACT,"LGU+ 통신서비스 요금 7천원/1만3천원 청구할인
LGU+ 단말기 장기할부 서비스"
https://www.card-gorilla.com/card/detail/1532,545,영화,영화,EXACT,"모든 영화관 3,000원 청구할인"
https://www.card-gorilla.com/card/detail/1532,545,테마파크,테마파크,EXACT,놀이공원 자유이용권 50% 현장할인
https://www.card-gorilla.com/card/detail/1544,546,해피포인트,기타혜택,UNMAPPED_FALLBACK_기타혜택,"해피포인트 가맹점 10~30% 청구할인
해피포인트 가맹점 5%현장적립"
https://www.card-gorilla.com/card/detail/1544,546,온라인쇼핑,온라인쇼핑,EXACT,옥션 · G마켓 5% 청구할인
https://www.card-gorilla.com/card/detail/1544,546,영화,영화,EXACT,"인터파크 3,500원 청구할인"
https://www.card-gorilla.com/card/detail/1544,546,여행/숙박,기타혜택,UNMAPPED_FALLBACK_기타혜택,제너두 둔내 펜션 10%~40% 현장할인
https://www.card-gorilla.com/card/detail/1544,546,무이자할부,기타혜택,UNMAPPED_FALLBACK_기타혜택,"백화점 및 할인점 2~3개월 무이자할부
국내 면세점 2~3개월 무이자할부"
https://www.card-gorilla.com/card/detail/1549,547,여행사,기타혜택,UNMAPPED_FALLBACK_기타혜택,하나투어 포인트 최대 10% 적립
https://www.card-gorilla.com/card/detail/1549,547,영화,영화,EXACT,"인터파크 영화예매 1매당 3,500원 청구 할인"
https://www.card-gorilla.com/card/detail/1549,547,여행사,기타혜택,UNMAPPED_FALLBACK_기타혜택,최대 50만원까지!! 여행을 SAVE하는 '하나투어 포인트연계할부서비스(세이브)'
https://www.card-gorilla.com/card/detail/1549,547,무이자할부,기타혜택,UNMAPPED_FALLBACK_기타혜택,2~3개월 무이자할부 서비스
https://www.card-gorilla.com/card/detail/1549,547,금융,기타혜택,UNMAPPED_FALLBACK_기타혜택,외국통화 매매 및 여행자 수표 매도 시 매매마진율의 30% 우대
https://www.card-gorilla.com/card/detail/1555,548,SKT,기타혜택,UNMAPPED_FALLBACK_기타혜택,T라이트할부 및 SKT 통신요금 월 1만원 ~ 2만원 청구할인
https://www.card-gorilla.com/card/detail/1555,548,영화,영화,EXACT,전국 영화관 3천원 청구할인
https://www.card-gorilla.com/card/detail/1555,548,패밀리레스토랑,기타혜택,UNMAPPED_FALLBACK_기타혜택,"VIPS, TGIF 10% 청구할인"
https://www.card-gorilla.com/card/detail/1555,548,카페,카페,EXACT,"할리스, 엔제리너스 20% 청구할인"
https://www.card-gorilla.com/card/detail/1555,548,테마파크,테마파크,EXACT,"롯데월드, 에버랜드, 서울랜드, 이월드(대구), 경주월드, 통도환타지아 자유이용권 50% 현장할인"
https://www.card-gorilla.com/card/detail/1558,549,쇼핑,쇼핑,EXACT,3대 대형마트 / 3대 백화점 10% 청구할인
https://www.card-gorilla.com/card/detail/1558,549,교통,기타혜택,UNMAPPED_FALLBACK_기타혜택,"대중교통(버스, 지하철), 택시 5% 청구할인"
https://www.card-gorilla.com/card/detail/1558,549,통신,통신,EXACT,이동통신요금 5% 청구할인
https://www.card-gorilla.com/card/detail/1558,549,기타,기타,EXACT,"외국인 선호 관광지 20% 청구할인
외국인 선호/거주 지역 음식 청구할인 5% 청구할인"
https://www.card-gorilla.com/card/detail/1572,550,적립,기타혜택,UNMAPPED_FALLBACK_기타혜택,국내외 가맹점 0.2% 기본 포인트리 적립
https://www.card-gorilla.com/card/detail/1572,550,푸드,기타혜택,UNMAPPED_FALLBACK_기타혜택,"음식점, 커피전문점 업종 0.2% 추가 포인트리 적립"
https://www.card-gorilla.com/card/detail/1572,550,대중교통,대중교통,EXACT,"대중교통(버스·지하철), 택시 0.2% 추가 포인트리 적립"
https://www.card-gorilla.com/card/detail/1572,550,통신,통신,EXACT,이동통신요금 0.2% 추가 포인트리 적립
https://www.card-gorilla.com/card/detail/1573,551,패밀리레스토랑,기타혜택,UNMAPPED_FALLBACK_기타혜택,"아웃백·VIPS·TGIF·세븐스프링스
주중 10%, 주말 15% 환급할인"
https://www.card-gorilla.com/card/detail/1573,551,영화,영화,EXACT,CGV·메가박스 20% 환급할인
https://www.card-gorilla.com/card/detail/1573,551,테마파크,테마파크,EXACT,에버랜드·서울랜드·롯데월드 30% 환급할인
https://www.card-gorilla.com/card/detail/1573,551,카페,카페,EXACT,"커피빈 주중 5%, 주말 10% 환급할인"
https://www.card-gorilla.com/card/detail/1573,551,제주항공,기타혜택,UNMAPPED_FALLBACK_기타혜택,제주항공 10% 환급할인
https://www.card-gorilla.com/card/detail/1573,551,헤어,기타혜택,UNMAPPED_FALLBACK_기타혜택,박승철헤어스투디오·올리브영 10% 환급할인
https://www.card-gorilla.com/card/detail/1573,551,도서,기타혜택,UNMAPPED_FALLBACK_기타혜택,교보문고 3% 환급할인
https://www.card-gorilla.com/card/detail/1573,551,편의점,편의점,EXACT,GS25 5% 환급할인
https://www.card-gorilla.com/card/detail/1573,551,금융,기타혜택,UNMAPPED_FALLBACK_기타혜택,금융수수료 면제 서비스
https://www.card-gorilla.com/card/detail/1573,551,교통,기타혜택,UNMAPPED_FALLBACK_기타혜택,티머니 서비스
https://www.card-gorilla.com/card/detail/1577,552,하이패스,기타혜택,UNMAPPED_FALLBACK_기타혜택,고속도로 통행료 결제
https://www.card-gorilla.com/card/detail/1577,552,하이패스,기타혜택,UNMAPPED_FALLBACK_기타혜택,출퇴근 시간대 통행료 자동할인 최대 50%
https://www.card-gorilla.com/card/detail/1584,553,쇼핑,쇼핑,EXACT,백화점/할인점/홈쇼핑·온라인몰 1.0~5.0% 적립
https://www.card-gorilla.com/card/detail/1584,553,모든가맹점,모든가맹점,EXACT,"전국 가맹점 0.2~2.0% 적립
해외 가맹점 1~5% 적립"
https://www.card-gorilla.com/card/detail/1584,553,주유소,주유소,EXACT,"S-OIL, 현대오일뱅크 주유 시 리터 당 60원 적립"
https://www.card-gorilla.com/card/detail/1584,553,금융,기타혜택,UNMAPPED_FALLBACK_기타혜택,"신한금융투자 CMA 결제계좌 0.2% 추가 적립
마이신한포인트 가맹점 추가 적립"
https://www.card-gorilla.com/card/detail/1584,553,통신,통신,EXACT,SK텔레콤/KT/LG U+ 이동통신요금 1.0~5.0% 적립
https://www.card-gorilla.com/card/detail/1584,553,기타,기타,EXACT,무이자/영화/테마파크
https://www.card-gorilla.com/card/detail/1584,553,적립,기타혜택,UNMAPPED_FALLBACK_기타혜택,포인트 적립상세 및 포인트 사용 안내
https://www.card-gorilla.com/card/detail/1586,554,쇼핑,쇼핑,EXACT,오프라인 쇼핑 10% 할인
https://www.card-gorilla.com/card/detail/1586,554,온라인쇼핑,온라인쇼핑,EXACT,온라인 쇼핑 10% 할인
https://www.card-gorilla.com/card/detail/1586,554,카페,카페,EXACT,"스타벅스, 커피빈, 카페베네,엔제리너스, 투썸플레이스 10% 할인"
https://www.card-gorilla.com/card/detail/1586,554,생활,생활,EXACT,"다이소, 올리브영, 온라인 서점 10% 할인"
https://www.card-gorilla.com/card/detail/1586,554,주유소,주유소,EXACT,주유소 리터당 60원 할인
https://www.card-gorilla.com/card/detail/1586,554,해외,기타혜택,UNMAPPED_FALLBACK_기타혜택,해외이용금액 5% 캐시백
https://www.card-gorilla.com/card/detail/1586,554,푸드,기타혜택,UNMAPPED_FALLBACK_기타혜택,"마켓컬리, 하이프레시, 집반찬연구소 10% 할인서비스"
https://www.card-gorilla.com/card/detail/1592,555,대중교통,대중교통,EXACT,"버스, 지하철 후불 교통 이용 금액 일 200원 ~ 일 600원 할인"
https://www.card-gorilla.com/card/detail/1592,555,택시,택시,EXACT,택시/KTX 이용 금액 10% 할인
https://www.card-gorilla.com/card/detail/1592,555,백화점,백화점,EXACT,4대 백화점 5% 할인
https://www.card-gorilla.com/card/detail/1592,555,카페,카페,EXACT,커피전문점 10% 할인
https://www.card-gorilla.com/card/detail/1592,555,편의점,편의점,EXACT,편의점 5% 할인
https://www.card-gorilla.com/card/detail/1592,555,통신,통신,EXACT,이동통신요금 5% 할인
https://www.card-gorilla.com/card/detail/1592,555,영화,영화,EXACT,"CGV, 메가박스"
https://www.card-gorilla.com/card/detail/1592,555,캐시백,기타혜택,UNMAPPED_FALLBACK_기타혜택,"전기요금, 통신요금, 해외이용금액 5% 캐시백 제공"
https://www.card-gorilla.com/card/detail/1593,556,주유,주유소,SYNONYM_APPLIED,모든 주유소 리터당 40~150포인트/충전소 리터당 10~50포인트 적립
https://www.card-gorilla.com/card/detail/1593,556,쇼핑,쇼핑,EXACT,1~5% 특별적립
https://www.card-gorilla.com/card/detail/1593,556,마트/편의점,기타혜택,UNMAPPED_FALLBACK_기타혜택,1~5% 특별적립
https://www.card-gorilla.com/card/detail/1593,556,택시,택시,EXACT,1~5% 특별적립
https://www.card-gorilla.com/card/detail/1593,556,정비,기타혜택,UNMAPPED_FALLBACK_기타혜택,1~5% 특별적립
https://www.card-gorilla.com/card/detail/1593,556,모든가맹점,모든가맹점,EXACT,국내/외 모든 가맹점 0.2~2.0% 적립
https://www.card-gorilla.com/card/detail/1593,556,프리미엄,기타혜택,UNMAPPED_FALLBACK_기타혜택,Platinum # 서비스
https://www.card-gorilla.com/card/detail/1595,557,쇼핑,쇼핑,EXACT,"전국 유명 백화점, 할인점, 온라인 쇼핑몰 5% 할인
전국 유명 백화점 및 할인점 상시 2~3개월 무이자 할부"
https://www.card-gorilla.com/card/detail/1595,557,주유소,주유소,EXACT,GS칼텍스 60원/L 할인
https://www.card-gorilla.com/card/detail/1595,557,푸드,기타혜택,UNMAPPED_FALLBACK_기타혜택,"불고기브라더스, 제일제면소 30% 할인
아웃백, 카페마마스, 스타벅스 20% 할인"
https://www.card-gorilla.com/card/detail/1595,557,영화,영화,EXACT,"CGV, YES24 영화 7천원 할인"
https://www.card-gorilla.com/card/detail/1595,557,생활,생활,EXACT,LG계열 제휴사 최대 5~10% 할인 및 포인트 적립
https://www.card-gorilla.com/card/detail/1595,557,적립,기타혜택,UNMAPPED_FALLBACK_기타혜택,Love포인트 적립
https://www.card-gorilla.com/card/detail/1595,557,테마파크,테마파크,EXACT,유명 테마파크 자유이용권 할인
https://www.card-gorilla.com/card/detail/1595,557,경기관람,기타혜택,UNMAPPED_FALLBACK_기타혜택,스포츠 할인
https://www.card-gorilla.com/card/detail/1595,557,프리미엄,기타혜택,UNMAPPED_FALLBACK_기타혜택,Platinum# 서비스 및 국제브랜드사 서비스
https://www.card-gorilla.com/card/detail/1597,558,대한항공,대한항공,EXACT,"국내외 이용금액 1,000원당 1마일 적립"
https://www.card-gorilla.com/card/detail/1597,558,해외이용,기타혜택,UNMAPPED_FALLBACK_기타혜택,"해외 이용금액 1,000원당 총 2마일 적립"
https://www.card-gorilla.com/card/detail/1597,558,면세점,면세점,EXACT,"신라면세점 더 심플(앱) 1,000원당 총 2마일 적립"
https://www.card-gorilla.com/card/detail/1597,558,프리미엄 서비스,기타혜택,UNMAPPED_FALLBACK_기타혜택,AMEX PLATINUM 서비스 제공
https://www.card-gorilla.com/card/detail/1599,559,바우처,기타혜택,UNMAPPED_FALLBACK_기타혜택,Gift Option
https://www.card-gorilla.com/card/detail/1599,559,대한항공,대한항공,EXACT,"전 가맹점 일시불/할부 이용금액 1,500원당 1마일 적립"
https://www.card-gorilla.com/card/detail/1599,559,아시아나항공,아시아나항공,EXACT,"전 가맹점 일시불/할부 이용금액 1,000원당 1마일"
https://www.card-gorilla.com/card/detail/1599,559,주유소,주유소,EXACT,GS칼텍스 주유 시 리터당 40원 결제일 할인
https://www.card-gorilla.com/card/detail/1599,559,PP,기타혜택,UNMAPPED_FALLBACK_기타혜택,Priority Pass 카드 제공
https://www.card-gorilla.com/card/detail/1599,559,면세점,면세점,EXACT,제주 JDC 면세점 8% 결제일 할인
https://www.card-gorilla.com/card/detail/1599,559,카페,카페,EXACT,"스타벅스 3,000원 할인"
https://www.card-gorilla.com/card/detail/1599,559,프리미엄,기타혜택,UNMAPPED_FALLBACK_기타혜택,인천공항 무료 발렛 파킹
https://www.card-gorilla.com/card/detail/1608,560,통신,통신,EXACT,SK 7mobile 통신료 청구할인
https://www.card-gorilla.com/card/detail/1610,561,통신,통신,EXACT,"이동통신요금 2,500원 환급할인"
https://www.card-gorilla.com/card/detail/1610,561,영화,영화,EXACT,CGV 35% 환급할인
https://www.card-gorilla.com/card/detail/1610,561,패밀리레스토랑,기타혜택,UNMAPPED_FALLBACK_기타혜택,"아웃백, VIPS 20% 환급할인"
https://www.card-gorilla.com/card/detail/1610,561,카페,카페,EXACT,스타벅스 20% 환급할인
https://www.card-gorilla.com/card/detail/1610,561,테마파크,테마파크,EXACT,에버랜드·롯데월드 50% 환급할인
https://www.card-gorilla.com/card/detail/1610,561,금융,기타혜택,UNMAPPED_FALLBACK_기타혜택,금융수수료 면제 서비스
https://www.card-gorilla.com/card/detail/1610,561,편의점,편의점,EXACT,GS25 5% 환급할인
https://www.card-gorilla.com/card/detail/1610,561,도서,기타혜택,UNMAPPED_FALLBACK_기타혜택,교보문고 5% 환급할인
https://www.card-gorilla.com/card/detail/1610,561,기타,기타,EXACT,"KB국민 티머니 체크카드
(체크카드 혜택 + 티머니서비스 + 멤버십서비스)"
https://www.card-gorilla.com/card/detail/1611,562,게임,기타혜택,UNMAPPED_FALLBACK_기타혜택,"PlayStation®Plus 정기구독서비스 결제 시 캐시백
게임 콘텐츠 결제 시 최대 1만5천원 청구 할인"
https://www.card-gorilla.com/card/detail/1611,562,적립,기타혜택,UNMAPPED_FALLBACK_기타혜택,"모든 가맹점에서 0.2% M포인트 적립
온라인쇼핑 시 추가 M포인트 적립"
https://www.card-gorilla.com/card/detail/1615,563,통신,통신,EXACT,"이동통신요금 2,500원 환급할인"
https://www.card-gorilla.com/card/detail/1615,563,영화,영화,EXACT,CGV 35% 환급할인
https://www.card-gorilla.com/card/detail/1615,563,패밀리레스토랑,기타혜택,UNMAPPED_FALLBACK_기타혜택,"아웃백, VIPS 20% 환급할인"
https://www.card-gorilla.com/card/detail/1615,563,카페,카페,EXACT,스타벅스 20% 환급할인
https://www.card-gorilla.com/card/detail/1615,563,테마파크,테마파크,EXACT,에버랜드·롯데월드 50% 환급할인
https://www.card-gorilla.com/card/detail/1615,563,금융,기타혜택,UNMAPPED_FALLBACK_기타혜택,금융수수료 면제 서비스
https://www.card-gorilla.com/card/detail/1615,563,편의점,편의점,EXACT,GS25 5% 환급할인
https://www.card-gorilla.com/card/detail/1615,563,도서,기타혜택,UNMAPPED_FALLBACK_기타혜택,교보문고 5% 환급할인
https://www.card-gorilla.com/card/detail/1615,563,기타,기타,EXACT,"KB국민 티머니 체크카드
(체크카드 혜택 + 티머니서비스 + 멤버십서비스)"
https://www.card-gorilla.com/card/detail/1616,564,통신,통신,EXACT,"이동통신요금 2,500원 환급할인"
https://www.card-gorilla.com/card/detail/1616,564,영화,영화,EXACT,CGV 35% 환급할인
https://www.card-gorilla.com/card/detail/1616,564,패밀리레스토랑,기타혜택,UNMAPPED_FALLBACK_기타혜택,"아웃백, VIPS 20% 환급할인"
https://www.card-gorilla.com/card/detail/1616,564,카페,카페,EXACT,스타벅스 20% 환급할인
https://www.card-gorilla.com/card/detail/1616,564,테마파크,테마파크,EXACT,에버랜드·롯데월드 50% 환급할인
https://www.card-gorilla.com/card/detail/1616,564,금융,기타혜택,UNMAPPED_FALLBACK_기타혜택,금융수수료 면제 서비스
https://www.card-gorilla.com/card/detail/1616,564,편의점,편의점,EXACT,GS25 5% 환급할인
https://www.card-gorilla.com/card/detail/1616,564,도서,기타혜택,UNMAPPED_FALLBACK_기타혜택,교보문고 5% 환급할인
https://www.card-gorilla.com/card/detail/1616,564,기타,기타,EXACT,"KB국민 티머니 체크카드
(체크카드 혜택 + 티머니서비스 + 멤버십서비스)"
https://www.card-gorilla.com/card/detail/1617,565,통신,통신,EXACT,"이동통신요금 2,500원 환급할인"
https://www.card-gorilla.com/card/detail/1617,565,영화,영화,EXACT,CGV 35% 환급할인
https://www.card-gorilla.com/card/detail/1617,565,패밀리레스토랑,기타혜택,UNMAPPED_FALLBACK_기타혜택,"아웃백, VIPS 20% 환급할인"
https://www.card-gorilla.com/card/detail/1617,565,카페,카페,EXACT,스타벅스 20% 환급할인
https://www.card-gorilla.com/card/detail/1617,565,테마파크,테마파크,EXACT,에버랜드·롯데월드 50% 환급할인
https://www.card-gorilla.com/card/detail/1617,565,금융,기타혜택,UNMAPPED_FALLBACK_기타혜택,금융수수료 면제 서비스
https://www.card-gorilla.com/card/detail/1617,565,편의점,편의점,EXACT,GS25 5% 환급할인
https://www.card-gorilla.com/card/detail/1617,565,도서,기타혜택,UNMAPPED_FALLBACK_기타혜택,교보문고 5% 환급할인
https://www.card-gorilla.com/card/detail/1617,565,기타,기타,EXACT,"KB국민 티머니 체크카드
(체크카드 혜택 + 티머니서비스 + 멤버십서비스)"
https://www.card-gorilla.com/card/detail/1618,566,통신,통신,EXACT,"이동통신요금 2,500원 환급할인"
https://www.card-gorilla.com/card/detail/1618,566,영화,영화,EXACT,CGV 35% 환급할인
https://www.card-gorilla.com/card/detail/1618,566,패밀리레스토랑,기타혜택,UNMAPPED_FALLBACK_기타혜택,"아웃백, VIPS 20% 환급할인"
https://www.card-gorilla.com/card/detail/1618,566,카페,카페,EXACT,스타벅스 20% 환급할인
https://www.card-gorilla.com/card/detail/1618,566,테마파크,테마파크,EXACT,에버랜드·롯데월드 50% 환급할인
https://www.card-gorilla.com/card/detail/1618,566,금융,기타혜택,UNMAPPED_FALLBACK_기타혜택,금융수수료 면제 서비스
https://www.card-gorilla.com/card/detail/1618,566,편의점,편의점,EXACT,GS25 5% 환급할인
https://www.card-gorilla.com/card/detail/1618,566,도서,기타혜택,UNMAPPED_FALLBACK_기타혜택,교보문고 5% 환급할인
https://www.card-gorilla.com/card/detail/1618,566,기타,기타,EXACT,"KB국민 티머니 체크카드
(체크카드 혜택 + 티머니서비스 + 멤버십서비스)"
https://www.card-gorilla.com/card/detail/1619,567,통신,통신,EXACT,"이동통신요금 2,500원 환급할인"
https://www.card-gorilla.com/card/detail/1619,567,영화,영화,EXACT,CGV 35% 환급할인
https://www.card-gorilla.com/card/detail/1619,567,패밀리레스토랑,기타혜택,UNMAPPED_FALLBACK_기타혜택,"아웃백, VIPS 20% 환급할인"
https://www.card-gorilla.com/card/detail/1619,567,카페,카페,EXACT,스타벅스 20% 환급할인
https://www.card-gorilla.com/card/detail/1619,567,테마파크,테마파크,EXACT,에버랜드·롯데월드 50% 환급할인
https://www.card-gorilla.com/card/detail/1619,567,금융,기타혜택,UNMAPPED_FALLBACK_기타혜택,금융수수료 면제 서비스
https://www.card-gorilla.com/card/detail/1619,567,편의점,편의점,EXACT,GS25 5% 환급할인
https://www.card-gorilla.com/card/detail/1619,567,도서,기타혜택,UNMAPPED_FALLBACK_기타혜택,교보문고 5% 환급할인
https://www.card-gorilla.com/card/detail/1619,567,기타,기타,EXACT,"KB국민 티머니 체크카드
(체크카드 혜택 + 티머니서비스 + 멤버십서비스)"
https://www.card-gorilla.com/card/detail/1623,568,모든가맹점,모든가맹점,EXACT,빅포인트 0.5% 기본적립
https://www.card-gorilla.com/card/detail/1623,568,주유,주유소,SYNONYM_APPLIED,S-OIL 리터당 40 보너스포인트 적립
https://www.card-gorilla.com/card/detail/1623,568,경기관람,기타혜택,UNMAPPED_FALLBACK_기타혜택,프로스포츠 경기 할인
https://www.card-gorilla.com/card/detail/1630,569,주유,주유소,SYNONYM_APPLIED,SK주유소(LPG포함) 주유 할인
https://www.card-gorilla.com/card/detail/1630,569,교통,기타혜택,UNMAPPED_FALLBACK_기타혜택,"대중교통 건당 50~100원 청구할인
택시 5% 청구할인 / KTX 10% 할인"
https://www.card-gorilla.com/card/detail/1630,569,여행/숙박,기타혜택,UNMAPPED_FALLBACK_기타혜택,"국내선 5%, 국제선 7% 발권 수수료 할인 (횟수제한 없음)
롯데렌터카 35% 현장할인"
https://www.card-gorilla.com/card/detail/1630,569,통신,통신,EXACT,"KT, SKT, LGU+ 매월 청구금액의 3% 청구할인"
https://www.card-gorilla.com/card/detail/1630,569,할인,기타혜택,UNMAPPED_FALLBACK_기타혜택,"다양한 통합할인 혜택
- 커피, 베이커리 10% 청구할인 / 마트, 편의점 5% 청구할인"
https://www.card-gorilla.com/card/detail/1630,569,테마파크,테마파크,EXACT,놀이공원 자유이용권 50% 현장할인
https://www.card-gorilla.com/card/detail/1630,569,영화,영화,EXACT,영화관 할인
https://www.card-gorilla.com/card/detail/1630,569,여행/숙박,기타혜택,UNMAPPED_FALLBACK_기타혜택,"여행서비스 할인
골프 라운지 혜택"
https://www.card-gorilla.com/card/detail/1630,569,기타,기타,EXACT,한화그룹 계열사 서비스
https://www.card-gorilla.com/card/detail/1648,570,보험사,기타혜택,UNMAPPED_FALLBACK_기타혜택,보험료 결제금액에 따라 2~3만원 청구할인
https://www.card-gorilla.com/card/detail/1648,570,주유,주유소,SYNONYM_APPLIED,"Sk에너지, 농협주유소 5% 청구할인(충전소 제외)"
https://www.card-gorilla.com/card/detail/1648,570,푸드,기타혜택,UNMAPPED_FALLBACK_기타혜택,"국내음식점, 커피전문점, 제과점, 아이스크림점, 패밀리레스토랑 및 패스트푸드점 3% 청구할인"
https://www.card-gorilla.com/card/detail/1673,571,주유,주유소,SYNONYM_APPLIED,S-OIL 주유소에소 주유 시 리터당 80 빅포인트 적립
https://www.card-gorilla.com/card/detail/1673,571,적립,기타혜택,UNMAPPED_FALLBACK_기타혜택,업종별 1%~3% 빅포인트 적립
https://www.card-gorilla.com/card/detail/1673,571,베이커리,기타혜택,UNMAPPED_FALLBACK_기타혜택,파리바게뜨·배스킨라빈스·던킨도너츠 10% 결제일할인(청구할인)
https://www.card-gorilla.com/card/detail/1673,571,영화,영화,EXACT,"CGV 현장 결제 시 3,000원 현장할인 및 온라인 예매 시 3,000원 즉시할인"
https://www.card-gorilla.com/card/detail/1695,572,주유,주유소,SYNONYM_APPLIED,SK주유소(LPG포함) 주유 할인
https://www.card-gorilla.com/card/detail/1695,572,교통,기타혜택,UNMAPPED_FALLBACK_기타혜택,"대중교통 건당 50~100원 청구할인
택시 5% 청구할인 / KTX 10% 할인"
https://www.card-gorilla.com/card/detail/1695,572,여행/숙박,기타혜택,UNMAPPED_FALLBACK_기타혜택,"국내선 5%, 국제선 7% 발권 수수료 할인 (횟수제한 없음)
롯데렌터카 35% 현장할인"
https://www.card-gorilla.com/card/detail/1695,572,통신,통신,EXACT,"KT, SKT, LGU+ 매월 청구금액의 3% 청구할인"
https://www.card-gorilla.com/card/detail/1695,572,할인,기타혜택,UNMAPPED_FALLBACK_기타혜택,"다양한 통합할인 혜택
- 커피, 베이커리 10% 청구할인 / 마트, 편의점 5% 청구할인"
https://www.card-gorilla.com/card/detail/1695,572,테마파크,테마파크,EXACT,놀이공원 자유이용권 50% 현장할인
https://www.card-gorilla.com/card/detail/1695,572,영화,영화,EXACT,영화관 할인
https://www.card-gorilla.com/card/detail/1695,572,여행/숙박,기타혜택,UNMAPPED_FALLBACK_기타혜택,"여행서비스 할인
뮤지컬, 연극 등 공윤 할인 및 이벤트 제공"
https://www.card-gorilla.com/card/detail/1695,572,기타,기타,EXACT,한화그룹 계열사 서비스
https://www.card-gorilla.com/card/detail/1699,573,주유,주유소,SYNONYM_APPLIED,SK주유소(LPG포함) 40원/L 청구할인
https://www.card-gorilla.com/card/detail/1699,573,대중교통,대중교통,EXACT,"전국 버스, 지하철 건당 50원 청구할인"
https://www.card-gorilla.com/card/detail/1699,573,통신,통신,EXACT,휴대폰 요금 3% 청구할인
https://www.card-gorilla.com/card/detail/1699,573,렌터카,기타혜택,UNMAPPED_FALLBACK_기타혜택,롯데렌터카 35% 현장할인
https://www.card-gorilla.com/card/detail/1699,573,카페/디저트,카페,SYNONYM_APPLIED,커피/베이커리 5% 청구할인
https://www.card-gorilla.com/card/detail/1699,573,기타,기타,EXACT,한화그룹 계열사 서비스
https://www.card-gorilla.com/card/detail/1702,574,해외,기타혜택,UNMAPPED_FALLBACK_기타혜택,"해외이용금액 외화결제계좌 달러 인출
해외가맹점(해외직구 포함) 이용 시 이용수수료 면제"
https://www.card-gorilla.com/card/detail/1702,574,모든가맹점,모든가맹점,EXACT,국내 전가맹점 0.3% 모아포인트 적립
https://www.card-gorilla.com/card/detail/1710,575,적립,기타혜택,UNMAPPED_FALLBACK_기타혜택,"특별가맹점 5%~1% 모아포인트 적립
이외 국내가맹점 0.6% 모아포인트 적립"
https://www.card-gorilla.com/card/detail/1710,575,간편결제,간편결제,EXACT,주요 간편결제 모아포인트 3% 추가적립
https://www.card-gorilla.com/card/detail/1710,575,기타,기타,EXACT,광복회 후원
https://www.card-gorilla.com/card/detail/1714,576,편의점,편의점,EXACT,"세븐일레븐에서 결제 시 1,000원당 7포인트 적립"
https://www.card-gorilla.com/card/detail/1714,576,연회비지원,기타혜택,UNMAPPED_FALLBACK_기타혜택,연회비 면제 및 SMS 무료 서비스
https://www.card-gorilla.com/card/detail/1714,576,헤어,기타혜택,UNMAPPED_FALLBACK_기타혜택,미용실 최대 20% 할인
https://www.card-gorilla.com/card/detail/1714,576,테마파크,테마파크,EXACT,테마파크 최대 50% 할인
https://www.card-gorilla.com/card/detail/1714,576,레저/스포츠,기타혜택,UNMAPPED_FALLBACK_기타혜택,롯데 자이언츠 20% 할인
https://www.card-gorilla.com/card/detail/1714,576,쇼핑,쇼핑,EXACT,롯데멤버스 제휴사 최대 10% 할인
https://www.card-gorilla.com/card/detail/1714,576,여행/숙박,기타혜택,UNMAPPED_FALLBACK_기타혜택,롯데카드 여행서비스 최대 7% 할인
https://www.card-gorilla.com/card/detail/1714,576,푸드,기타혜택,UNMAPPED_FALLBACK_기타혜택,외식 10% 할인
https://www.card-gorilla.com/card/detail/1714,576,주유,주유소,SYNONYM_APPLIED,SK주유소 리터당 SK주유포인트 50원적립
https://www.card-gorilla.com/card/detail/1714,576,멤버십포인트,기타혜택,UNMAPPED_FALLBACK_기타혜택,국내 및 해외 가맹점에서 사용한 금액에 대해 L.POINT 0.2% 적립
https://www.card-gorilla.com/card/detail/1731,577,바우처,기타혜택,UNMAPPED_FALLBACK_기타혜택,100만원 상당 선택 제공 기프트 ①~⑤ 택 1 (연 1회)
https://www.card-gorilla.com/card/detail/1731,577,프리미엄 서비스,기타혜택,UNMAPPED_FALLBACK_기타혜택,CONCIERGE Service
https://www.card-gorilla.com/card/detail/1731,577,항공마일리지,항공,SYNONYM_APPLIED,Airport Service
https://www.card-gorilla.com/card/detail/1731,577,공항라운지/PP,기타혜택,UNMAPPED_FALLBACK_기타혜택,Airport Service
https://www.card-gorilla.com/card/detail/1731,577,골프,골프,EXACT,Golf Service
https://www.card-gorilla.com/card/detail/1731,577,여행/숙박,기타혜택,UNMAPPED_FALLBACK_기타혜택,Premium Service - Travel
https://www.card-gorilla.com/card/detail/1731,577,쇼핑,쇼핑,EXACT,Premium Service - Shopping
https://www.card-gorilla.com/card/detail/1731,577,주유,주유소,SYNONYM_APPLIED,Premium Service - Life style
https://www.card-gorilla.com/card/detail/1741,578,바우처,기타혜택,UNMAPPED_FALLBACK_기타혜택,"프리미엄 기프트(연 1회, 택1)"
https://www.card-gorilla.com/card/detail/1741,578,여행/숙박,기타혜택,UNMAPPED_FALLBACK_기타혜택,프리미엄 여행기프트
https://www.card-gorilla.com/card/detail/1741,578,공항라운지,공항라운지,EXACT,공항라운지 이용 서비스(THE LOUNGE)
https://www.card-gorilla.com/card/detail/1741,578,적립,기타혜택,UNMAPPED_FALLBACK_기타혜택,모아포인트 1% ~ 2% 적립
https://www.card-gorilla.com/card/detail/1741,578,프리미엄 서비스,기타혜택,UNMAPPED_FALLBACK_기타혜택,프리미엄 서비스 (주유/해외/여행보험)
https://www.card-gorilla.com/card/detail/1741,578,the OPUS silver,기타혜택,UNMAPPED_FALLBACK_기타혜택,우리카드
https://www.card-gorilla.com/card/detail/1754,579,주유소,주유소,EXACT,GS칼텍스주유포인트 리터당 60점 적립
https://www.card-gorilla.com/card/detail/1754,579,헤어,기타혜택,UNMAPPED_FALLBACK_기타혜택,건강/미용
https://www.card-gorilla.com/card/detail/1754,579,테마파크,테마파크,EXACT,놀이공원
https://www.card-gorilla.com/card/detail/1754,579,쇼핑,쇼핑,EXACT,쇼핑
https://www.card-gorilla.com/card/detail/1754,579,영화,영화,EXACT,"롯데시네마 관람료 1,500원 청구할인"
https://www.card-gorilla.com/card/detail/1754,579,푸드,기타혜택,UNMAPPED_FALLBACK_기타혜택,외식
https://www.card-gorilla.com/card/detail/1758,580,적립,기타혜택,UNMAPPED_FALLBACK_기타혜택,"국내외 이용가맹점 0.7% 적립
온/오프라인 쇼핑 0.5% 추가적립"
https://www.card-gorilla.com/card/detail/1758,580,금융,기타혜택,UNMAPPED_FALLBACK_기타혜택,"대출 보유 시 매월 최대 6,000 NH포인트 적립"
https://www.card-gorilla.com/card/detail/1759,581,아시아나항공,아시아나항공,EXACT,"국내외 가맹점 이용금액 1,000원당 아시아나 1 마일리지 기본 적립"
https://www.card-gorilla.com/card/detail/1759,581,아시아나항공,아시아나항공,EXACT,"온라인쇼핑몰·홈쇼핑 이용금액 1,000원당 아시아나 2 마일리지 적립"
https://www.card-gorilla.com/card/detail/1759,581,아시아나항공,아시아나항공,EXACT,"커피전문점 이용금액 1,000원당 아시아나 3 마일리지 적립"
https://www.card-gorilla.com/card/detail/1759,581,주유,주유소,SYNONYM_APPLIED,S-OIL 주유소에서 주유 시 리터당 40 보너스포인트 적립
https://www.card-gorilla.com/card/detail/1759,581,테마파크,테마파크,EXACT,놀이공원 자유이용권 50%·워터파크 입장권 30% 현장할인
https://www.card-gorilla.com/card/detail/1759,581,정비,기타혜택,UNMAPPED_FALLBACK_기타혜택,차량 점검 서비스 제공
https://www.card-gorilla.com/card/detail/1759,581,은행사,기타혜택,UNMAPPED_FALLBACK_기타혜택,SC제일은행 제휴 프로모션
https://www.card-gorilla.com/card/detail/1763,582,적립,기타혜택,UNMAPPED_FALLBACK_기타혜택,"국내외 이용금액 0.7% 적립
온/오프라인쇼핑 0.5% 추가적립"
https://www.card-gorilla.com/card/detail/1763,582,금융,기타혜택,UNMAPPED_FALLBACK_기타혜택,"대출 보유 시 매월 최대 6,000 NH포인트 적립"
https://www.card-gorilla.com/card/detail/1763,582,프리미엄 서비스,기타혜택,UNMAPPED_FALLBACK_기타혜택,브랜드 서비스 제공
https://www.card-gorilla.com/card/detail/1768,583,바우처,기타혜택,UNMAPPED_FALLBACK_기타혜택,"프리미엄 기프트(연 1회, 택1)"
https://www.card-gorilla.com/card/detail/1768,583,여행/숙박,기타혜택,UNMAPPED_FALLBACK_기타혜택,프리미엄 여행기프트
https://www.card-gorilla.com/card/detail/1768,583,공항라운지/PP,기타혜택,UNMAPPED_FALLBACK_기타혜택,공항라운지 - Priority Pass 카드 제공
https://www.card-gorilla.com/card/detail/1768,583,항공마일리지,항공,SYNONYM_APPLIED,"이용금액 1,000원당 1~2 대한항공 마일리지 적립"
https://www.card-gorilla.com/card/detail/1768,583,프리미엄 서비스,기타혜택,UNMAPPED_FALLBACK_기타혜택,프리미엄 서비스 (주유/해외/여행보험)
https://www.card-gorilla.com/card/detail/1787,584,하이패스,기타혜택,UNMAPPED_FALLBACK_기타혜택,"카드의정석 후불 하이패스
평일 출퇴근 시간대 통행료 20~50% 할인"
https://www.card-gorilla.com/card/detail/1807,585,게임,기타혜택,UNMAPPED_FALLBACK_기타혜택,"구글 플레이스토어, 애플 앱스토어, 원스토어 5% 캐시백"
https://www.card-gorilla.com/card/detail/1807,585,카페,카페,EXACT,스타벅스 20% 캐시백
https://www.card-gorilla.com/card/detail/1809,586,항공마일리지,항공,SYNONYM_APPLIED,UniMile 0.2~ 1.5% 적립
https://www.card-gorilla.com/card/detail/1809,586,공항라운지,공항라운지,EXACT,국내외 공항라운지 무료 이용 서비스
https://www.card-gorilla.com/card/detail/1809,586,공연/전시,기타혜택,UNMAPPED_FALLBACK_기타혜택,해외 유명 박물관ㆍ미술관 입장권 할인
https://www.card-gorilla.com/card/detail/1809,586,프리미엄 서비스,기타혜택,UNMAPPED_FALLBACK_기타혜택,UnionPay Platinum 서비스
https://www.card-gorilla.com/card/detail/1816,587,적립,기타혜택,UNMAPPED_FALLBACK_기타혜택,"모아포인트 1.0 ~ 3.0% 적립
포인트 현금 자동입금 / 보너스 캐쉬백"
https://www.card-gorilla.com/card/detail/1816,587,공항라운지,공항라운지,EXACT,인천공항라운지 무료이용 서비스
https://www.card-gorilla.com/card/detail/1816,587,영화,영화,EXACT,"전국 영화관 12,000원 이상 결제 시 3,000원 청구할인"
https://www.card-gorilla.com/card/detail/1816,587,카페,카페,EXACT,커피전문점 10% 청구할인
https://www.card-gorilla.com/card/detail/1816,587,여행/숙박,기타혜택,UNMAPPED_FALLBACK_기타혜택,프리미엄 투어 서비스
https://www.card-gorilla.com/card/detail/1816,587,하이브리드,기타혜택,UNMAPPED_FALLBACK_기타혜택,Two-in-One 결제서비스
https://www.card-gorilla.com/card/detail/1818,588,보험사,기타혜택,UNMAPPED_FALLBACK_기타혜택,삼성화재 보험료 장기할부 및 청구할인 서비스
https://www.card-gorilla.com/card/detail/1818,588,영화,영화,EXACT,"전국 영화관 3,000원 청구할인"
https://www.card-gorilla.com/card/detail/1818,588,카페,카페,EXACT,"스타벅스, 투썸플레이스 1,000원 청구할인"
https://www.card-gorilla.com/card/detail/1829,589,렌탈,기타혜택,UNMAPPED_FALLBACK_기타혜택,바드프랜드 렌탈요금 할인서비스
https://www.card-gorilla.com/card/detail/1829,589,영화,영화,EXACT,"영화 12,000원 이상 결제 시 6,000원 청구할인"
https://www.card-gorilla.com/card/detail/1829,589,카페,카페,EXACT,"스타벅스, 커피빈, 카페베네, 투썸플레이스에서 결제 시 5% 청구할인"
https://www.card-gorilla.com/card/detail/1829,589,테마파크,테마파크,EXACT,전국 놀이공원 자유이용권 50% 현장할인
https://www.card-gorilla.com/card/detail/1839,590,보험사,기타혜택,UNMAPPED_FALLBACK_기타혜택,AIA생명 보험료 결제 시 월 3천원~5천원 할인
https://www.card-gorilla.com/card/detail/1839,590,연회비지원,기타혜택,UNMAPPED_FALLBACK_기타혜택,연회비 면제 및 SMS 무료
https://www.card-gorilla.com/card/detail/1839,590,헤어,기타혜택,UNMAPPED_FALLBACK_기타혜택,미용실 최대 20% 할인
https://www.card-gorilla.com/card/detail/1839,590,테마파크,테마파크,EXACT,놀이공원 최대 50% 할인
https://www.card-gorilla.com/card/detail/1839,590,경기관람,기타혜택,UNMAPPED_FALLBACK_기타혜택,롯데 자이언츠 20% 할인
https://www.card-gorilla.com/card/detail/1839,590,쇼핑,쇼핑,EXACT,"롯데백화점, 롯데ON, 롯데마트, 롯데슈퍼, 토이저러스 혜택"
https://www.card-gorilla.com/card/detail/1839,590,항공권,기타혜택,UNMAPPED_FALLBACK_기타혜택,여행서비스
https://www.card-gorilla.com/card/detail/1839,590,영화,영화,EXACT,롯데시네마 할인
https://www.card-gorilla.com/card/detail/1839,590,푸드,기타혜택,UNMAPPED_FALLBACK_기타혜택,"보네스뻬, 보네스뻬브레드, T.G.I.F, 롯데리아, 엔제리너스커피, 나뚜루 할인"
https://www.card-gorilla.com/card/detail/1839,590,멤버십포인트,기타혜택,UNMAPPED_FALLBACK_기타혜택,L.POINT 적립
https://www.card-gorilla.com/card/detail/1854,591,적립,기타혜택,UNMAPPED_FALLBACK_기타혜택,모아포인트 1.0% ~ 1.8% 적립
https://www.card-gorilla.com/card/detail/1854,591,주유,주유소,SYNONYM_APPLIED,SK주유소 머핀포인트 적립 서비스
https://www.card-gorilla.com/card/detail/1854,591,멤버십포인트,기타혜택,UNMAPPED_FALLBACK_기타혜택,"멀티 멤버십 서비스 - ""모아포인트와 4대 멤버십을 1장의 카드로!"""
https://www.card-gorilla.com/card/detail/1854,591,OTT/영화/문화,기타혜택,UNMAPPED_FALLBACK_기타혜택,NHN Entertainment 서비스
https://www.card-gorilla.com/card/detail/1854,591,생활,생활,EXACT,"치킨/피자, 영화관, 커피, 놀이공원, 전기차 충전 할인"
https://www.card-gorilla.com/card/detail/1856,592,쇼핑,쇼핑,EXACT,하이마트 슬림할부 및 청구할인
https://www.card-gorilla.com/card/detail/1856,592,생활,생활,EXACT,"영화관, 패밀리레스토랑, 커피전문점 할인"
https://www.card-gorilla.com/card/detail/1859,593,OK캐쉬백,기타혜택,UNMAPPED_FALLBACK_기타혜택,OK캐쉬백 멤버십 서비스
https://www.card-gorilla.com/card/detail/1859,593,생활,생활,EXACT,"각영역별 주요 9대 업종 7% 청구할인
자동이체시 매월 포인트 적립"
https://www.card-gorilla.com/card/detail/1859,593,OTT/영화/문화,기타혜택,UNMAPPED_FALLBACK_기타혜택,NHN Entertainment 서비스
https://www.card-gorilla.com/card/detail/1859,593,생활,생활,EXACT,"치킨/피자, 영화관, 커피, 놀이공원, 전기차충전 할인"
https://www.card-gorilla.com/card/detail/1860,594,기타,기타,EXACT,RAUME O 카드 소개
https://www.card-gorilla.com/card/detail/1860,594,기타,기타,EXACT,RAUME 회원만을 위한 퍼스널 라이프 케어
https://www.card-gorilla.com/card/detail/1860,594,바우처,기타혜택,UNMAPPED_FALLBACK_기타혜택,"골프, 호텔, 쇼핑 등 프리미엄 기프트 바우처 제공"
https://www.card-gorilla.com/card/detail/1860,594,골프,골프,EXACT,항공 및 골프클럽 우대 서비스 등
https://www.card-gorilla.com/card/detail/1860,594,프리미엄,기타혜택,UNMAPPED_FALLBACK_기타혜택,제휴 대상점 할인 및 우대 서비스
https://www.card-gorilla.com/card/detail/1860,594,멤버십포인트,기타혜택,UNMAPPED_FALLBACK_기타혜택,RAUME O 포인트 적립 서비스
https://www.card-gorilla.com/card/detail/1860,594,프리미엄,기타혜택,UNMAPPED_FALLBACK_기타혜택,RAUME 회원을 위한 특별한 혜택
https://www.card-gorilla.com/card/detail/1860,594,여행/숙박,기타혜택,UNMAPPED_FALLBACK_기타혜택,MASTER 서비스
https://www.card-gorilla.com/card/detail/1860,594,the black,기타혜택,UNMAPPED_FALLBACK_기타혜택,현대카드
https://www.card-gorilla.com/card/detail/1861,595,드럭스토어,드럭스토어,EXACT,롭스매장 이용시 최대 15% + 커피/베이커리/대중교통 업종 최대 10% 청구할인
https://www.card-gorilla.com/card/detail/1861,595,헤어,기타혜택,UNMAPPED_FALLBACK_기타혜택,미용실 최대 20% 할인
https://www.card-gorilla.com/card/detail/1861,595,테마파크,테마파크,EXACT,놀이공원
https://www.card-gorilla.com/card/detail/1861,595,경기관람,기타혜택,UNMAPPED_FALLBACK_기타혜택,롯데 자이언츠 20% 할인
https://www.card-gorilla.com/card/detail/1861,595,쇼핑,쇼핑,EXACT,쇼핑
https://www.card-gorilla.com/card/detail/1861,595,공연/전시,기타혜택,UNMAPPED_FALLBACK_기타혜택,"뮤지컬, 연극 등 공연 10~30% 할인"
https://www.card-gorilla.com/card/detail/1861,595,푸드,기타혜택,UNMAPPED_FALLBACK_기타혜택,외식
https://www.card-gorilla.com/card/detail/1861,595,멤버십포인트,기타혜택,UNMAPPED_FALLBACK_기타혜택,L.POINT 적립
https://www.card-gorilla.com/card/detail/1865,596,기타,기타,EXACT,RAUME O 카드 소개
https://www.card-gorilla.com/card/detail/1865,596,대한항공,대한항공,EXACT,RAUME O 스카이패스 마일리지 적립 서비스
https://www.card-gorilla.com/card/detail/1865,596,바우처,기타혜택,UNMAPPED_FALLBACK_기타혜택,"골프, 호텔, 쇼핑 등 프리미엄 기프트 바우처 제공"
https://www.card-gorilla.com/card/detail/1865,596,골프,골프,EXACT,항공 및 골프클럽 우대 서비스 등
https://www.card-gorilla.com/card/detail/1865,596,프리미엄,기타혜택,UNMAPPED_FALLBACK_기타혜택,제휴 대상점 할인 및 우대 서비스
https://www.card-gorilla.com/card/detail/1865,596,프리미엄,기타혜택,UNMAPPED_FALLBACK_기타혜택,RAUME 회원을 위한 특별한 혜택
https://www.card-gorilla.com/card/detail/1865,596,여행/숙박,기타혜택,UNMAPPED_FALLBACK_기타혜택,MASTER 서비스
https://www.card-gorilla.com/card/detail/1866,597,기타,기타,EXACT,RAUME O 카드 소개
https://www.card-gorilla.com/card/detail/1866,597,아시아나항공,아시아나항공,EXACT,RAUME O 아시아나 마일리지 적립 서비스
https://www.card-gorilla.com/card/detail/1866,597,기타,기타,EXACT,RAUME 회원만을 위한 퍼스널 라이프 케어
https://www.card-gorilla.com/card/detail/1866,597,바우처,기타혜택,UNMAPPED_FALLBACK_기타혜택,"골프, 호텔, 쇼핑 등 프리미엄 기프트 바우처 제공"
https://www.card-gorilla.com/card/detail/1866,597,골프,골프,EXACT,항공 및 골프클럽 우대 서비스 등
https://www.card-gorilla.com/card/detail/1866,597,프리미엄,기타혜택,UNMAPPED_FALLBACK_기타혜택,제휴 대상점 할인 및 우대 서비스
https://www.card-gorilla.com/card/detail/1866,597,프리미엄,기타혜택,UNMAPPED_FALLBACK_기타혜택,RAUME 회원을 위한 특별한 혜택
https://www.card-gorilla.com/card/detail/1866,597,여행/숙박,기타혜택,UNMAPPED_FALLBACK_기타혜택,MASTER 서비스
https://www.card-gorilla.com/card/detail/1866,597,L.CLASS L60 (아시아나클럽형),기타혜택,UNMAPPED_FALLBACK_기타혜택,롯데카드
https://www.card-gorilla.com/card/detail/1868,598,공과금,기타혜택,UNMAPPED_FALLBACK_기타혜택,보험료 매월 1 / 1.5 / 2 / 3만원 할인
https://www.card-gorilla.com/card/detail/1868,598,영화,영화,EXACT,"전국 영화관 12,000원 이상 결제 시 3,000원 청구할인"
https://www.card-gorilla.com/card/detail/1868,598,테마파크,테마파크,EXACT,"에버랜드, 롯데월드, 서울랜드, 대구이월드, 경주월드, 통도환타지아 자유이용권 50% 현장할인"
https://www.card-gorilla.com/card/detail/1868,598,패밀리레스토랑,기타혜택,UNMAPPED_FALLBACK_기타혜택,"아웃백, TGIF, 베니건스 10% 청구 할인"
https://www.card-gorilla.com/card/detail/1868,598,카페,카페,EXACT,"스타벅스, 투썸플레이스 20% 청구할인"
https://www.card-gorilla.com/card/detail/1868,598,보험엔로카,기타혜택,UNMAPPED_FALLBACK_기타혜택,롯데카드
https://www.card-gorilla.com/card/detail/1882,599,쇼핑,쇼핑,EXACT,삼성스토어에서 가전제품 구매 시 24·36개월 라이트할부 제공
https://www.card-gorilla.com/card/detail/1882,599,쇼핑,쇼핑,EXACT,"삼성스토어 라이트할부 이용 시 11,000원·미이용 시 4,000원 결제대금 차감"
https://www.card-gorilla.com/card/detail/1882,599,교통,기타혜택,UNMAPPED_FALLBACK_기타혜택,대중교통·택시 5% 결제일할인(청구할인)
https://www.card-gorilla.com/card/detail/1882,599,카페,카페,EXACT,10대 커피전문점 5% 결제일할인(청구할인)
https://www.card-gorilla.com/card/detail/1882,599,쇼핑,쇼핑,EXACT,삼성닷컴 3% 결제일할인(청구할인)
https://www.card-gorilla.com/card/detail/1882,599,쇼핑,쇼핑,EXACT,삼성전자 서비스센터 10% 결제일할인(청구할인)
https://www.card-gorilla.com/card/detail/1883,600,간편결제,간편결제,EXACT,PAYCO로 결제 시 5% PAYCO 포인트 적립
https://www.card-gorilla.com/card/detail/1883,600,음원사이트,기타혜택,UNMAPPED_FALLBACK_기타혜택,벅스 50% PAYCO 포인트 적립
https://www.card-gorilla.com/card/detail/1883,600,카페/디저트,카페,SYNONYM_APPLIED,커피전문점·헬스&뷰티 5% PAYCO 포인트 적립
https://www.card-gorilla.com/card/detail/1883,600,편의점,편의점,EXACT,편의점·배달앱 5% PAYCO 포인트 적립
https://www.card-gorilla.com/card/detail/1884,601,보험사,기타혜택,UNMAPPED_FALLBACK_기타혜택,"보험료 결제 시 30만원당 연 10,000원 결제일할인(청구할인)"
https://www.card-gorilla.com/card/detail/1884,601,보험사,기타혜택,UNMAPPED_FALLBACK_기타혜택,"보험료 10,000원 이상 결제 시 월 3,000원·5,000원 결제일할인(청구할인)"
https://www.card-gorilla.com/card/detail/1884,601,주유,주유소,SYNONYM_APPLIED,"주유소에서 30,000원 이상 결제 시 3,000원 결제일할인(청구할인)"
https://www.card-gorilla.com/card/detail/1884,601,대형마트,대형마트,EXACT,"할인점에서 30,000원 이상 결제 시 2,000원 결제일할인(청구할인)"
https://www.card-gorilla.com/card/detail/1884,601,병원/약국,병원약국,SYNONYM_APPLIED,"의료비 3,000원 이상 결제 시 1,000원 결제일할인(청구할인)"
https://www.card-gorilla.com/card/detail/1884,601,영화,영화,EXACT,"영화 티켓 12,000원 이상 결제 시 5,000원 결제일할인(청구할인)"
https://www.card-gorilla.com/card/detail/1887,602,게임,기타혜택,UNMAPPED_FALLBACK_기타혜택,"구글플레이스토어, 애플 앱스토어, 원스토어 10% 할인"
https://www.card-gorilla.com/card/detail/1887,602,편의점,편의점,EXACT,"GS25, CU 10% 할인"
https://www.card-gorilla.com/card/detail/1887,602,카페,카페,EXACT,"스타벅스, 커피빈 10% 할인"
https://www.card-gorilla.com/card/detail/1887,602,베이커리,기타혜택,UNMAPPED_FALLBACK_기타혜택,"파리바게뜨, 뚜레쥬르 10% 할인"
https://www.card-gorilla.com/card/detail/1887,602,영화,영화,EXACT,"CGV, 롯데시네마 20% 할인"
https://www.card-gorilla.com/card/detail/1889,603,모든가맹점,모든가맹점,EXACT,모든 가맹점 1% 빅포인트 적립
https://www.card-gorilla.com/card/detail/1889,603,주유,주유소,SYNONYM_APPLIED,"모든 주유소·LPG 2,000원 결제일할인"
https://www.card-gorilla.com/card/detail/1889,603,OTT/영화/문화,기타혜택,UNMAPPED_FALLBACK_기타혜택,"모든 영화관 5,000원 결제일할인"
https://www.card-gorilla.com/card/detail/1899,604,쇼핑,쇼핑,EXACT,"LG전자 5~10% 청구할인
LG전자 베스트샵 멤버십 포인트 0.5% 적립"
https://www.card-gorilla.com/card/detail/1899,604,무이자할부,기타혜택,UNMAPPED_FALLBACK_기타혜택,베스트 플러스 할부 포인트 최고 3% 적립
https://www.card-gorilla.com/card/detail/1899,604,테마파크,테마파크,EXACT,"롯데월드, 서울랜드 50% 할인"
https://www.card-gorilla.com/card/detail/1899,604,프리미엄 서비스,기타혜택,UNMAPPED_FALLBACK_기타혜택,마스터카드 플래티늄 서비스
https://www.card-gorilla.com/card/detail/1906,605,자동차/하이패스,기타혜택,UNMAPPED_FALLBACK_기타혜택,출퇴근 시간대 통행료 자동할인
https://www.card-gorilla.com/card/detail/1909,606,바우처,기타혜택,UNMAPPED_FALLBACK_기타혜택,기프트 옵션 서비스(택1)
https://www.card-gorilla.com/card/detail/1909,606,대한항공,대한항공,EXACT,스카이패스 1천원당 최대 2 마일리지 적립
https://www.card-gorilla.com/card/detail/1909,606,택시,택시,EXACT,"일반 택시요금 1만원 이상 결제 시 2,000원 결제일할인(청구할인)"
https://www.card-gorilla.com/card/detail/1909,606,카페,카페,EXACT,"스타벅스 1만원 이상 결제 시 2,000원 결제일할인(청구할인)"
https://www.card-gorilla.com/card/detail/1909,606,공항,기타혜택,UNMAPPED_FALLBACK_기타혜택,"인천공항 주차요금 3만원 이상 결제 시 10,000원 결제일할인(청구할인)"
https://www.card-gorilla.com/card/detail/1909,606,프리미엄 서비스,기타혜택,UNMAPPED_FALLBACK_기타혜택,아멕스 PLATINUM ELITE 등급 서비스
https://www.card-gorilla.com/card/detail/1926,607,충전소,기타혜택,UNMAPPED_FALLBACK_기타혜택,E1충전소(리터당 87포인트) 외 5개 업종 이용 시 E1 오렌지포인트 적립
https://www.card-gorilla.com/card/detail/1926,607,정비,기타혜택,UNMAPPED_FALLBACK_기타혜택,E1 오렌지카드 서비스
https://www.card-gorilla.com/card/detail/1926,607,보험,기타혜택,UNMAPPED_FALLBACK_기타혜택,자동차보험료 청구할인
https://www.card-gorilla.com/card/detail/1926,607,헤어,기타혜택,UNMAPPED_FALLBACK_기타혜택,미용실 최대 20% 할인
https://www.card-gorilla.com/card/detail/1926,607,테마파크,테마파크,EXACT,놀이공원 최대 50% 할인
https://www.card-gorilla.com/card/detail/1926,607,경기관람,기타혜택,UNMAPPED_FALLBACK_기타혜택,롯데 자이언츠 20% 할인
https://www.card-gorilla.com/card/detail/1926,607,쇼핑,쇼핑,EXACT,"롯데백화점, 롯데ON, 롯데면세점, 롯데마트, 롯데슈퍼, 토이저러스 혜택"
https://www.card-gorilla.com/card/detail/1926,607,OTT/영화/문화,기타혜택,UNMAPPED_FALLBACK_기타혜택,"롯데시네마, 뮤지컬, 연극 할인"
https://www.card-gorilla.com/card/detail/1926,607,패밀리레스토랑,기타혜택,UNMAPPED_FALLBACK_기타혜택,"보네스뻬, 보네스뻬브레드, T.G.I.F, 미스터피자 할인"
https://www.card-gorilla.com/card/detail/1926,607,멤버십포인트,기타혜택,UNMAPPED_FALLBACK_기타혜택,L.POINT
https://www.card-gorilla.com/card/detail/1932,608,멤버십포인트,기타혜택,UNMAPPED_FALLBACK_기타혜택,E1 LPG 충전소 리터당 47 오렌지포인트 적립
https://www.card-gorilla.com/card/detail/1932,608,정비,기타혜택,UNMAPPED_FALLBACK_기타혜택,E1 오렌지카드 서비스
https://www.card-gorilla.com/card/detail/1932,608,연회비지원,기타혜택,UNMAPPED_FALLBACK_기타혜택,연회비 면제 및 SMS 무료 서비스
https://www.card-gorilla.com/card/detail/1932,608,헤어,기타혜택,UNMAPPED_FALLBACK_기타혜택,미용실 최대 20% 할인
https://www.card-gorilla.com/card/detail/1932,608,테마파크,테마파크,EXACT,놀이공원 최대 50% 할인
https://www.card-gorilla.com/card/detail/1932,608,경기관람,기타혜택,UNMAPPED_FALLBACK_기타혜택,롯데 자이언츠 20% 할인
https://www.card-gorilla.com/card/detail/1932,608,쇼핑,쇼핑,EXACT,"롯데백화점, 롯데ON, 롯데마트, 롯데슈퍼, 토이저러스 혜택"
https://www.card-gorilla.com/card/detail/1932,608,영화,영화,EXACT,롯데시네마 할인
https://www.card-gorilla.com/card/detail/1932,608,푸드,기타혜택,UNMAPPED_FALLBACK_기타혜택,"보네스뻬, 보네스뻬브레드, T.G.I.F, 롯데리아, 엔제리너스커피, 나뚜루 할인"
https://www.card-gorilla.com/card/detail/1932,608,멤버십포인트,기타혜택,UNMAPPED_FALLBACK_기타혜택,L.POINT
https://www.card-gorilla.com/card/detail/1944,609,멤버십포인트,기타혜택,UNMAPPED_FALLBACK_기타혜택,롯데 쇼핑계열 특별가맹점 L.POINT 적립
https://www.card-gorilla.com/card/detail/1944,609,멤버십포인트,기타혜택,UNMAPPED_FALLBACK_기타혜택,생활편의업종 L.POINT 적립
https://www.card-gorilla.com/card/detail/1944,609,대형마트,대형마트,EXACT,농협하나로 클럽·마트 3% 청구할인
https://www.card-gorilla.com/card/detail/1944,609,테마파크,테마파크,EXACT,주요 놀이공원 할인
https://www.card-gorilla.com/card/detail/1944,609,멤버십포인트,기타혜택,UNMAPPED_FALLBACK_기타혜택,L.POINT 안내
https://www.card-gorilla.com/card/detail/1944,609,디지로카 London,기타혜택,UNMAPPED_FALLBACK_기타혜택,롯데카드
https://www.card-gorilla.com/card/detail/1977,610,기타,기타,EXACT,"GS 제휴 혜택 GS&POINT 할인 및 적립, 사용"
https://www.card-gorilla.com/card/detail/1977,610,편의점,편의점,EXACT,[쇼핑할인혜택] GS25 10% 할인
https://www.card-gorilla.com/card/detail/1977,610,온라인쇼핑,온라인쇼핑,EXACT,[쇼핑할인혜택] 온라인쇼핑 5% 할인
https://www.card-gorilla.com/card/detail/1977,610,대형마트,대형마트,EXACT,[쇼핑할인혜택] 오프라인쇼핑 5% 할인
https://www.card-gorilla.com/card/detail/1977,610,카페,카페,EXACT,[쇼핑할인혜택] 스타벅스 20% 할인
https://www.card-gorilla.com/card/detail/1977,610,기타,기타,EXACT,추가 금융 혜택
https://www.card-gorilla.com/card/detail/1980,611,렌탈,기타혜택,UNMAPPED_FALLBACK_기타혜택,LG전자 베스트렌탈 자동이체 청구할인 최대 2만원
https://www.card-gorilla.com/card/detail/1984,612,보험사,기타혜택,UNMAPPED_FALLBACK_기타혜택,동양생명 보험료 자동이체 청구할인
https://www.card-gorilla.com/card/detail/1987,613,대형마트,대형마트,EXACT,"롯데마트 온/오프라인 매장에서 5만원 이상 결제시, 10%청구할인"
https://www.card-gorilla.com/card/detail/1987,613,무이자할부,기타혜택,UNMAPPED_FALLBACK_기타혜택,롯데마트 및 토이저러스 2~3개월 무이자할부
https://www.card-gorilla.com/card/detail/1987,613,헤어,기타혜택,UNMAPPED_FALLBACK_기타혜택,미용실 최대 20% 할인
https://www.card-gorilla.com/card/detail/1987,613,테마파크,테마파크,EXACT,놀이공원
https://www.card-gorilla.com/card/detail/1987,613,경기관람,기타혜택,UNMAPPED_FALLBACK_기타혜택,레저/스포츠
https://www.card-gorilla.com/card/detail/1987,613,쇼핑,쇼핑,EXACT,쇼핑
https://www.card-gorilla.com/card/detail/1987,613,OTT/영화/문화,기타혜택,UNMAPPED_FALLBACK_기타혜택,영화/공연
https://www.card-gorilla.com/card/detail/1987,613,푸드,기타혜택,UNMAPPED_FALLBACK_기타혜택,외식
https://www.card-gorilla.com/card/detail/1990,614,생활,생활,EXACT,엉 서비스 - O2O 앱 이용 시 10% 청구할인
https://www.card-gorilla.com/card/detail/1990,614,마트/편의점,기타혜택,UNMAPPED_FALLBACK_기타혜택,"GS 25, GS 수퍼 10% 청구할인
GS POP 서비스"
https://www.card-gorilla.com/card/detail/1990,614,카페,카페,EXACT,스타벅스 10% 청구할인
https://www.card-gorilla.com/card/detail/1990,614,영화,영화,EXACT,온라인 영화예매 2천원 청구할인
https://www.card-gorilla.com/card/detail/1991,615,대한항공,대한항공,EXACT,"토탈마일리지 적립서비스
결제납부금액에 따라 월간 3만 마일리지까지 적립"
https://www.card-gorilla.com/card/detail/1991,615,바우처,기타혜택,UNMAPPED_FALLBACK_기타혜택,동반자 1인에 대한 대한항공 이코노미 클래스 또는 비즈니스 클래스 왕복항공권을 무료로 제공
https://www.card-gorilla.com/card/detail/1991,615,바우처,기타혜택,UNMAPPED_FALLBACK_기타혜택,이코노미클래스 좌석을 비즈니스 클래스 좌석으로 또는 비즈니스 클래스 좌석을 퍼스트 클래스 좌석으로 승급
https://www.card-gorilla.com/card/detail/1991,615,바우처,기타혜택,UNMAPPED_FALLBACK_기타혜택,3인 이상 하나투어 해외여행/해외호텔을 예약하실 경우 1인 여행경비에 대해 100만원까지 현장할인
https://www.card-gorilla.com/card/detail/1991,615,바우처,기타혜택,UNMAPPED_FALLBACK_기타혜택,"서비스 ① CGV CINE de CHEF 동반자 1인 무료 서비스
서비스 ② 인터파크 공연 동반자 1인 무료 서비스"
https://www.card-gorilla.com/card/detail/1991,615,프리미엄 서비스,기타혜택,UNMAPPED_FALLBACK_기타혜택,BeV Ⅸ 서비스 / BeV Ⅸ VISA Infinite 전용서비스 등
https://www.card-gorilla.com/card/detail/1993,616,멤버십포인트,기타혜택,UNMAPPED_FALLBACK_기타혜택,국내외 가맹점 L.POINT 0.5% 적립
https://www.card-gorilla.com/card/detail/1993,616,프리미엄,기타혜택,UNMAPPED_FALLBACK_기타혜택,MASTER 서비스
https://www.card-gorilla.com/card/detail/1993,616,프리미엄,기타혜택,UNMAPPED_FALLBACK_기타혜택,마스터 월드 서비스
https://www.card-gorilla.com/card/detail/1996,617,렌탈,기타혜택,UNMAPPED_FALLBACK_기타혜택,LG Best Shop 라이트할부 및 렌탈료 자동이체 할인서비스
https://www.card-gorilla.com/card/detail/1996,617,생활할인,기타혜택,UNMAPPED_FALLBACK_기타혜택,"커피 (스타벅스/이디야), 베이커리/아이스크림10% 청구할인
영화 CGV 1천원 청구할인"
https://www.card-gorilla.com/card/detail/1996,617,테마파크,테마파크,EXACT,전국 주요 놀이공원 할인 50% 할인
https://www.card-gorilla.com/card/detail/2005,618,쇼핑,쇼핑,EXACT,GS계열사 이용 시 결제일 청구 할인
https://www.card-gorilla.com/card/detail/2005,618,멤버십포인트,기타혜택,UNMAPPED_FALLBACK_기타혜택,"L.POINT, GS&POINT"
https://www.card-gorilla.com/card/detail/2007,619,렌탈,기타혜택,UNMAPPED_FALLBACK_기타혜택,LG전자 할인 서비스
https://www.card-gorilla.com/card/detail/2007,619,패밀리레스토랑,기타혜택,UNMAPPED_FALLBACK_기타혜택,"아웃백, VIPS 10% 청구할인"
https://www.card-gorilla.com/card/detail/2007,619,카페,카페,EXACT,"스타벅스, 커피빈 20% 청구할인"
https://www.card-gorilla.com/card/detail/2007,619,영화,영화,EXACT,전국 영화관 3천원 청구할인
https://www.card-gorilla.com/card/detail/2007,619,테마파크,테마파크,EXACT,주요 놀이공원 자유이용권 50% 현장할인
https://www.card-gorilla.com/card/detail/2016,620,항공권,기타혜택,UNMAPPED_FALLBACK_기타혜택,진에어 항공권 10% 청구할인 (최대3만원)
https://www.card-gorilla.com/card/detail/2016,620,카페,카페,EXACT,커피전문점 5% 청구할인
https://www.card-gorilla.com/card/detail/2016,620,해외이용,기타혜택,UNMAPPED_FALLBACK_기타혜택,해외가맹점 할인(JCB브랜드 서비스)
https://www.card-gorilla.com/card/detail/2016,620,테마파크,테마파크,EXACT,롯데월드 본인 종합이용권 50% 현장할인
https://www.card-gorilla.com/card/detail/2016,620,쇼핑,쇼핑,EXACT,"롯데백화점, 롯데ON, 롯데면세점, 신라아이파크면세점, 롯데마트, 롯데슈퍼, 토이저러스 혜택"
https://www.card-gorilla.com/card/detail/2016,620,영화,영화,EXACT,"롯데시네마 관람료 1,500원 청구할인"
https://www.card-gorilla.com/card/detail/2016,620,푸드,기타혜택,UNMAPPED_FALLBACK_기타혜택,"T.G.I.F, 롯데리아, 나뚜루, 엔제리너스 할인"
https://www.card-gorilla.com/card/detail/2016,620,멤버십포인트,기타혜택,UNMAPPED_FALLBACK_기타혜택,L.POINT
https://www.card-gorilla.com/card/detail/2019,621,렌탈,기타혜택,UNMAPPED_FALLBACK_기타혜택,매월 넥센타이어 렌탈료 1~3만원 청구할인
https://www.card-gorilla.com/card/detail/2019,621,테마파크,테마파크,EXACT,전국 주요 놀이공원 할인 50% 할인
https://www.card-gorilla.com/card/detail/2021,622,렌탈,기타혜택,UNMAPPED_FALLBACK_기타혜택,매월 바디프랜드 렌탈료 1~3만원 청구할인
https://www.card-gorilla.com/card/detail/2021,622,테마파크,테마파크,EXACT,전국 주요 놀이공원 할인 50% 할인
https://www.card-gorilla.com/card/detail/2023,623,렌탈,기타혜택,UNMAPPED_FALLBACK_기타혜택,매월 코웨이 렌탈료 1~3만원 청구할인
https://www.card-gorilla.com/card/detail/2023,623,테마파크,테마파크,EXACT,전국 주요 놀이공원 할인 50% 할인
https://www.card-gorilla.com/card/detail/2026,624,카카오페이,카카오페이,EXACT,카카오페이 가맹점 이용금액 15% 청구할인
https://www.card-gorilla.com/card/detail/2026,624,온라인쇼핑,온라인쇼핑,EXACT,[On-line 쇼핑] 온라인 쇼핑 10% 청구할인
https://www.card-gorilla.com/card/detail/2026,624,편의점,편의점,EXACT,[Off-line 쇼핑] 편의점 및 드럭스토어 5% 청구할인
https://www.card-gorilla.com/card/detail/2060,625,멤버십포인트,기타혜택,UNMAPPED_FALLBACK_기타혜택,전국 가맹점에서 롯데카드 제공 L.POINT 0.2% 적립
https://www.card-gorilla.com/card/detail/2060,625,연회비지원,기타혜택,UNMAPPED_FALLBACK_기타혜택,연회비 면제
https://www.card-gorilla.com/card/detail/2060,625,해외이용,기타혜택,UNMAPPED_FALLBACK_기타혜택,해외이용 안내
https://www.card-gorilla.com/card/detail/2060,625,기타,기타,EXACT,청소년후불교통 서비스
https://www.card-gorilla.com/card/detail/2070,626,카페,카페,EXACT,"스타벅스, 투썸플레이스, 폴바셋 5천원 결제일 할인"
https://www.card-gorilla.com/card/detail/2070,626,디지털구독,디지털구독,EXACT,"넷플릭스, 유튜브, 왓챠, 멜론 50% 결제일 할인"
https://www.card-gorilla.com/card/detail/2070,626,편의점,편의점,EXACT,"GS25, CU, 세븐일레븐 1천원 결제일 할인"
https://www.card-gorilla.com/card/detail/2070,626,배달앱,배달앱,EXACT,배달앱 할인
https://www.card-gorilla.com/card/detail/2070,626,멤버십포인트,기타혜택,UNMAPPED_FALLBACK_기타혜택,L.POINT
https://www.card-gorilla.com/card/detail/2071,627,삼성페이,기타혜택,UNMAPPED_FALLBACK_기타혜택,국내 가맹점에서 삼성페이 롯데카드 결제 시 청구할인
https://www.card-gorilla.com/card/detail/2071,627,푸드,기타혜택,UNMAPPED_FALLBACK_기타혜택,L.POINT 외식업종 제휴사 청구할인
https://www.card-gorilla.com/card/detail/2071,627,쇼핑,쇼핑,EXACT,쇼핑
https://www.card-gorilla.com/card/detail/2071,627,공연/전시,기타혜택,UNMAPPED_FALLBACK_기타혜택,영화/공연
https://www.card-gorilla.com/card/detail/2072,628,전통시장,기타혜택,UNMAPPED_FALLBACK_기타혜택,전통시장 15% 할인
https://www.card-gorilla.com/card/detail/2072,628,기타,기타,EXACT,나들가게 15% 할인
https://www.card-gorilla.com/card/detail/2072,628,통신,통신,EXACT,"이동통신요금 2,000원 할인"
https://www.card-gorilla.com/card/detail/2072,628,기타,기타,EXACT,교통 5% 할인
https://www.card-gorilla.com/card/detail/2076,629,기타,기타,EXACT,이동통신비 2천원 할인
https://www.card-gorilla.com/card/detail/2076,629,기타,기타,EXACT,"병원, 약국 5% 할인"
https://www.card-gorilla.com/card/detail/2076,629,골프,골프,EXACT,"골프장, 골프연습장 5% 할인"
https://www.card-gorilla.com/card/detail/2076,629,대형마트,대형마트,EXACT,대형마트 5% 할인
https://www.card-gorilla.com/card/detail/2076,629,호텔,기타혜택,UNMAPPED_FALLBACK_기타혜택,숙박업종 5% 할인
https://www.card-gorilla.com/card/detail/2076,629,정비,기타혜택,UNMAPPED_FALLBACK_기타혜택,"자동차정비 5,000원 할인"
https://www.card-gorilla.com/card/detail/2076,629,영화,영화,EXACT,"영화 2,000원 할인"
https://www.card-gorilla.com/card/detail/2076,629,교통,기타혜택,UNMAPPED_FALLBACK_기타혜택,"고속버스, KTX/SRT, 렌터카 5% 할인"
https://www.card-gorilla.com/card/detail/2076,629,베이커리,기타혜택,UNMAPPED_FALLBACK_기타혜택,"파리바케트, 뚜레쥬르 10% 할인"
https://www.card-gorilla.com/card/detail/2078,630,기타,기타,EXACT,간편결제 1천원 할인
https://www.card-gorilla.com/card/detail/2078,630,영화,영화,EXACT,CGV 3천원 할인
https://www.card-gorilla.com/card/detail/2078,630,기타,기타,EXACT,"TOEIC, TEPS 2천원 할인"
https://www.card-gorilla.com/card/detail/2079,631,홈쇼핑,기타혜택,UNMAPPED_FALLBACK_기타혜택,홈쇼핑 6% 할인
https://www.card-gorilla.com/card/detail/2079,631,백화점,백화점,EXACT,백화점 5% 할인
https://www.card-gorilla.com/card/detail/2079,631,베이커리,기타혜택,UNMAPPED_FALLBACK_기타혜택,베이커리 10% 할인
https://www.card-gorilla.com/card/detail/2079,631,통신,통신,EXACT,통신비 5천원 할인
https://www.card-gorilla.com/card/detail/2080,632,백화점,백화점,EXACT,백화점 7% 할인
https://www.card-gorilla.com/card/detail/2080,632,온라인쇼핑,온라인쇼핑,EXACT,온라인쇼핑 10% 할인
https://www.card-gorilla.com/card/detail/2080,632,카페,카페,EXACT,커피 1천원 할인
https://www.card-gorilla.com/card/detail/2080,632,화장품,기타혜택,UNMAPPED_FALLBACK_기타혜택,뷰티업종 10% 할인
https://www.card-gorilla.com/card/detail/2080,632,공연/전시,기타혜택,UNMAPPED_FALLBACK_기타혜택,인터파크 공연 5% 할인
https://www.card-gorilla.com/card/detail/2080,632,영화,영화,EXACT,영화 2천원 할인
https://www.card-gorilla.com/card/detail/2080,632,학원,교육육아,SYNONYM_APPLIED,학원 5% 할인
https://www.card-gorilla.com/card/detail/2082,633,통신,통신,EXACT,이동통신요금 2천원 할인
https://www.card-gorilla.com/card/detail/2082,633,학원,교육육아,SYNONYM_APPLIED,학원 5% 할인
https://www.card-gorilla.com/card/detail/2082,633,병원,기타혜택,UNMAPPED_FALLBACK_기타혜택,"병원, 약국 5% 할인"
https://www.card-gorilla.com/card/detail/2082,633,온라인쇼핑,온라인쇼핑,EXACT,인터넷쇼핑 5% 할인
https://www.card-gorilla.com/card/detail/2082,633,백화점,백화점,EXACT,"백화점, 대형마트 5% 할인"
https://www.card-gorilla.com/card/detail/2082,633,영화,영화,EXACT,영화 2천원 할인
https://www.card-gorilla.com/card/detail/2082,633,도서,기타혜택,UNMAPPED_FALLBACK_기타혜택,"도서 2,000원 할인"
https://www.card-gorilla.com/card/detail/2082,633,공연/전시,기타혜택,UNMAPPED_FALLBACK_기타혜택,공연 3% 할인
https://www.card-gorilla.com/card/detail/2083,634,주유,주유소,SYNONYM_APPLIED,전국 주유 리터당 최대 60원 할인
https://www.card-gorilla.com/card/detail/2083,634,도서,기타혜택,UNMAPPED_FALLBACK_기타혜택,도서 2천원 할인
https://www.card-gorilla.com/card/detail/2083,634,카페,카페,EXACT,커피 10% 할인
https://www.card-gorilla.com/card/detail/2083,634,대형마트,대형마트,EXACT,대형마트 5% 할인
https://www.card-gorilla.com/card/detail/2083,634,편의점,편의점,EXACT,편의점 5% 할인
https://www.card-gorilla.com/card/detail/2084,635,카페,카페,EXACT,커피전문점 10% 할인
https://www.card-gorilla.com/card/detail/2084,635,도서,기타혜택,UNMAPPED_FALLBACK_기타혜택,"영화 최대 4,000원 할인"
https://www.card-gorilla.com/card/detail/2084,635,공연/전시,기타혜택,UNMAPPED_FALLBACK_기타혜택,공연 3% 할인
https://www.card-gorilla.com/card/detail/2084,635,기타,기타,EXACT,"어학응시료 2,000원 할인"
https://www.card-gorilla.com/card/detail/2084,635,도서,기타혜택,UNMAPPED_FALLBACK_기타혜택,도서 2천원 할인
https://www.card-gorilla.com/card/detail/2084,635,백화점,백화점,EXACT,백화점 5% 할인
https://www.card-gorilla.com/card/detail/2084,635,온라인쇼핑,온라인쇼핑,EXACT,인터넷 쇼핑 10% 할인
https://www.card-gorilla.com/card/detail/2084,635,기타,기타,EXACT,그린카드 서비스
https://www.card-gorilla.com/card/detail/2090,636,대한항공,대한항공,EXACT,"국내 이용금액 1,500원당 1마일리지 적립
해외 이용금액 1,500원당 1~3마일리지 적립"
https://www.card-gorilla.com/card/detail/2090,636,호텔,기타혜택,UNMAPPED_FALLBACK_기타혜택,특급 호텔의 1박2일 Package 연 1회 제공
https://www.card-gorilla.com/card/detail/2090,636,항공권,기타혜택,UNMAPPED_FALLBACK_기타혜택,본인회원 좌석 업그레이드 또는 동반 1인 무료항공권 제공 서비스 중 택 1
https://www.card-gorilla.com/card/detail/2090,636,PP,기타혜택,UNMAPPED_FALLBACK_기타혜택,공항 VIP라운지 무료이용 서비스 제공
https://www.card-gorilla.com/card/detail/2090,636,생활,생활,EXACT,"글로벌 라이프 서비스 제공
공항 의전 서비스 (FAST TRACK) / 해외 의료 지원 서비스 제공"
https://www.card-gorilla.com/card/detail/2090,636,기타,기타,EXACT,공항/골프장 리무진 서비스
https://www.card-gorilla.com/card/detail/2090,636,골프,골프,EXACT,"홀인원 축하금 300만원 서비스
제휴 골프장 그린피 무료 서비스 및 부킹 대행 서비스"
https://www.card-gorilla.com/card/detail/2090,636,면세점,면세점,EXACT,국내 유명 면세점 10% 할인
https://www.card-gorilla.com/card/detail/2091,637,항공마일리지,항공,SYNONYM_APPLIED,"대한항공 / 아시아나 항공 마일리지 적립
항공 좌석 승급(비즈니스→퍼스트 또는 비즈니스 스위트) 또는 동반자 비즈니스석 무료 항공권 (택1)"
https://www.card-gorilla.com/card/detail/2091,637,선택형,기타혜택,UNMAPPED_FALLBACK_기타혜택,"trendy OPTION
(개인 or 법인카드 연 3개/가족카드 연 1개 선택 가능)"
https://www.card-gorilla.com/card/detail/2091,637,쇼핑,쇼핑,EXACT,HOTEL & Duty Free
https://www.card-gorilla.com/card/detail/2091,637,골프,골프,EXACT,"KLPGA 하나금융그룹 Championship
홀인원 상금 지원 서비스 / 골프 상해보험 무료 가입 서비스"
https://www.card-gorilla.com/card/detail/2091,637,생활,생활,EXACT,가족카드 서비스
https://www.card-gorilla.com/card/detail/2091,637,기타,기타,EXACT,"Finance
- 하나금융그룹 우대서비스"
https://www.card-gorilla.com/card/detail/2093,638,대한항공,대한항공,EXACT,"국내외 가맹점 이용금액 1,500원당 1 스카이패스 마일리지 적립"
https://www.card-gorilla.com/card/detail/2093,638,바우처,기타혜택,UNMAPPED_FALLBACK_기타혜택,연 1회 스페셜기프트 제공
https://www.card-gorilla.com/card/detail/2093,638,프리미엄 서비스,기타혜택,UNMAPPED_FALLBACK_기타혜택,호텔/쇼핑/골프 프리미엄 서비스
https://www.card-gorilla.com/card/detail/2094,639,카카오페이,카카오페이,EXACT,카카오페이 15% 할인
https://www.card-gorilla.com/card/detail/2094,639,편의점,편의점,EXACT,편의점 5% 할인
https://www.card-gorilla.com/card/detail/2094,639,온라인쇼핑,온라인쇼핑,EXACT,온라인쇼핑 10% 할인
https://www.card-gorilla.com/card/detail/2094,639,기타,기타,EXACT,어학시험 2천원 할인
https://www.card-gorilla.com/card/detail/2094,639,영화,영화,EXACT,영화 2천원 할인
https://www.card-gorilla.com/card/detail/2094,639,카페,카페,EXACT,커피 10% 할인
https://www.card-gorilla.com/card/detail/2094,639,패스트푸드,기타혜택,UNMAPPED_FALLBACK_기타혜택,패스트푸드 10% 할인
https://www.card-gorilla.com/card/detail/2097,640,아시아나항공,아시아나항공,EXACT,"국내 이용금액 1,000원당 1마일리지 적립
해외 이용금액 1,000원당 1~3마일리지 적립"
https://www.card-gorilla.com/card/detail/2097,640,호텔,기타혜택,UNMAPPED_FALLBACK_기타혜택,특급 호텔의 1박2일 Package 연 1회 제공
https://www.card-gorilla.com/card/detail/2097,640,항공권,기타혜택,UNMAPPED_FALLBACK_기타혜택,본인회원 좌석 업그레이드 또는 동반 1인 무료항공권 제공 서비스 중 택 1
https://www.card-gorilla.com/card/detail/2097,640,PP,기타혜택,UNMAPPED_FALLBACK_기타혜택,공항 VIP라운지 무료이용 서비스 제공
https://www.card-gorilla.com/card/detail/2097,640,생활,생활,EXACT,"글로벌 라이프 서비스 제공
공항 의전 서비스 (FAST TRACK) / 해외 의료 지원 서비스 제공"
https://www.card-gorilla.com/card/detail/2097,640,기타,기타,EXACT,공항/골프장 리무진 서비스
https://www.card-gorilla.com/card/detail/2097,640,골프,골프,EXACT,"홀인원 축하금 300만원 서비스
제휴 골프장 그린피 무료 서비스 및 부킹 대행 서비스"
https://www.card-gorilla.com/card/detail/2097,640,면세점,면세점,EXACT,국내 유명 면세점 10% 할인
https://www.card-gorilla.com/card/detail/2104,641,모든가맹점,모든가맹점,EXACT,국내외 가맹점 1% L.POINT 적립
https://www.card-gorilla.com/card/detail/2104,641,바우처,기타혜택,UNMAPPED_FALLBACK_기타혜택,연 1회 스페셜기프트 제공
https://www.card-gorilla.com/card/detail/2104,641,프리미엄 서비스,기타혜택,UNMAPPED_FALLBACK_기타혜택,호텔/쇼핑/골프 프리미엄 서비스
https://www.card-gorilla.com/card/detail/2106,642,아시아나항공,아시아나항공,EXACT,"국내외 가맹점 이용금액 1,000원당 1 아시아나 마일리지 적립"
https://www.card-gorilla.com/card/detail/2106,642,바우처,기타혜택,UNMAPPED_FALLBACK_기타혜택,연 1회 스페셜기프트 제공
https://www.card-gorilla.com/card/detail/2106,642,프리미엄 서비스,기타혜택,UNMAPPED_FALLBACK_기타혜택,호텔/쇼핑/골프 프리미엄 서비스
https://www.card-gorilla.com/card/detail/2106,642,RAUME O (아시아나),기타혜택,UNMAPPED_FALLBACK_기타혜택,삼성카드
https://www.card-gorilla.com/card/detail/2132,643,주유소,주유소,EXACT,전국 모든 정유사 대상 리터당 100원 할인
https://www.card-gorilla.com/card/detail/2132,643,할인,기타혜택,UNMAPPED_FALLBACK_기타혜택,"보험료할인, 차량관련업종 할인
GS편의점, 스타벅스, 투썸플레이스 5% 청구할인"
https://www.card-gorilla.com/card/detail/2139,644,편의점,편의점,EXACT,세븐일레븐매장 10%할인
https://www.card-gorilla.com/card/detail/2139,644,연회비지원,기타혜택,UNMAPPED_FALLBACK_기타혜택,연회비 면제 서비스
https://www.card-gorilla.com/card/detail/2139,644,헤어,기타혜택,UNMAPPED_FALLBACK_기타혜택,미용실 최대 20% 할인
https://www.card-gorilla.com/card/detail/2139,644,테마파크,테마파크,EXACT,놀이공원 할인
https://www.card-gorilla.com/card/detail/2139,644,경기관람,기타혜택,UNMAPPED_FALLBACK_기타혜택,롯데 자이언츠 20% 할인
https://www.card-gorilla.com/card/detail/2139,644,쇼핑,쇼핑,EXACT,쇼핑
https://www.card-gorilla.com/card/detail/2139,644,여행/숙박,기타혜택,UNMAPPED_FALLBACK_기타혜택,여행서비스
https://www.card-gorilla.com/card/detail/2139,644,공연/전시,기타혜택,UNMAPPED_FALLBACK_기타혜택,"뮤지컬, 연극 등 공연 10~30% 할인"
https://www.card-gorilla.com/card/detail/2139,644,푸드,기타혜택,UNMAPPED_FALLBACK_기타혜택,외식
https://www.card-gorilla.com/card/detail/2139,644,주유소,주유소,EXACT,SK주유소 리터당 SK주유포인트 50원적립
https://www.card-gorilla.com/card/detail/2139,644,멤버십포인트,기타혜택,UNMAPPED_FALLBACK_기타혜택,L.POINT 적립
https://www.card-gorilla.com/card/detail/2140,645,홈쇼핑,기타혜택,UNMAPPED_FALLBACK_기타혜택,롯데홈쇼핑 포인트 적립 및 할인쿠폰 제공
https://www.card-gorilla.com/card/detail/2140,645,연회비지원,기타혜택,UNMAPPED_FALLBACK_기타혜택,연회비 면제 및 SMS 무료
https://www.card-gorilla.com/card/detail/2140,645,헤어,기타혜택,UNMAPPED_FALLBACK_기타혜택,미용실 최대 20% 할인
https://www.card-gorilla.com/card/detail/2140,645,테마파크,테마파크,EXACT,놀이공원
https://www.card-gorilla.com/card/detail/2140,645,경기관람,기타혜택,UNMAPPED_FALLBACK_기타혜택,롯데 자이언츠 20% 할인
https://www.card-gorilla.com/card/detail/2140,645,쇼핑,쇼핑,EXACT,쇼핑 5% 할인
https://www.card-gorilla.com/card/detail/2140,645,영화,영화,EXACT,"롯데시네마 관람료 1,500원 청구할인"
https://www.card-gorilla.com/card/detail/2140,645,푸드,기타혜택,UNMAPPED_FALLBACK_기타혜택,외식
https://www.card-gorilla.com/card/detail/2140,645,주유소,주유소,EXACT,SK주유소 리터당 SK주유포인트 50원적립
https://www.card-gorilla.com/card/detail/2140,645,멤버십포인트,기타혜택,UNMAPPED_FALLBACK_기타혜택,포인트 적립
https://www.card-gorilla.com/card/detail/2147,646,캐시백,기타혜택,UNMAPPED_FALLBACK_기타혜택,Weekly 캐시백 서비스
https://www.card-gorilla.com/card/detail/2147,646,쇼핑,쇼핑,EXACT,쇼핑
https://www.card-gorilla.com/card/detail/2147,646,테마파크,테마파크,EXACT,놀이공원 최대 50% 현장할인
https://www.card-gorilla.com/card/detail/2147,646,영화,영화,EXACT,"롯데시네마 1,500원 할인"
https://www.card-gorilla.com/card/detail/2147,646,푸드,기타혜택,UNMAPPED_FALLBACK_기타혜택,외식
https://www.card-gorilla.com/card/detail/2149,647,온라인쇼핑,온라인쇼핑,EXACT,이랜드리테일 이용금액 7% 결제일할인
https://www.card-gorilla.com/card/detail/2149,647,대형마트,대형마트,EXACT,주요 마트 이용금액 5% 결제일 할인
https://www.card-gorilla.com/card/detail/2149,647,연회비지원,기타혜택,UNMAPPED_FALLBACK_기타혜택,자동납부 실적 연 6회 이상 시 다음 해 제휴연회비 면제
https://www.card-gorilla.com/card/detail/2149,647,멤버십포인트,기타혜택,UNMAPPED_FALLBACK_기타혜택,L.POINT 적립
https://www.card-gorilla.com/card/detail/2150,648,국민행복,기타혜택,UNMAPPED_FALLBACK_기타혜택,A-Type(for Baby)
https://www.card-gorilla.com/card/detail/2150,648,국민행복,기타혜택,UNMAPPED_FALLBACK_기타혜택,B-Type(for Children)
https://www.card-gorilla.com/card/detail/2150,648,국민행복,기타혜택,UNMAPPED_FALLBACK_기타혜택,C-Type(for Green Life)
https://www.card-gorilla.com/card/detail/2150,648,기타,기타,EXACT,그린카드 멤버십 서비스
https://www.card-gorilla.com/card/detail/2151,649,카페,카페,EXACT,커피전문점 10% 청구할인
https://www.card-gorilla.com/card/detail/2151,649,영화,영화,EXACT,"영화관 2,000원 청구 할인"
https://www.card-gorilla.com/card/detail/2151,649,적립,기타혜택,UNMAPPED_FALLBACK_기타혜택,"국내 가맹점 이용금액의 0.2∼0.8% 에코머니 포인트 적립
대중교통 이용금액의 5∼20% 에코머니 포인트 적립"
https://www.card-gorilla.com/card/detail/2151,649,기타,기타,EXACT,"전자금융(인터넷뱅킹, 텔레뱅킹) 이용수수료 면제
그린카드 특화서비스 (모든 그린카드 제공되는 공통서비스)"
https://www.card-gorilla.com/card/detail/2172,650,대중교통,대중교통,EXACT,대중교통 10% 청구 할인
https://www.card-gorilla.com/card/detail/2172,650,교육/육아,기타혜택,UNMAPPED_FALLBACK_기타혜택,"토익 응시료 할인
도내 서비스 할인 (영어학원, 서점)"
https://www.card-gorilla.com/card/detail/2172,650,통신,통신,EXACT,이동통신요금 3% 청구 할인
https://www.card-gorilla.com/card/detail/2172,650,편의점,편의점,EXACT,편의점(CU) 최대 7% 청구 할인
https://www.card-gorilla.com/card/detail/2172,650,푸드,기타혜택,UNMAPPED_FALLBACK_기타혜택,"패밀리레스토랑(VIPS) 20% 청구 할인
커피전문점 20% 청구 할인"
https://www.card-gorilla.com/card/detail/2175,651,주유소,주유소,EXACT,"SK주유소, 충전소 리터당 최대 120원 청구할인"
https://www.card-gorilla.com/card/detail/2175,651,생활,생활,EXACT,생활 할인 서비스 5~10% 청구할인
https://www.card-gorilla.com/card/detail/2178,652,선택형,기타혜택,UNMAPPED_FALLBACK_기타혜택,"Triple 적립서비스
- 전월실적, 한도제한없이 선택 타입 업종 최대 1% 적립"
https://www.card-gorilla.com/card/detail/2178,652,적립,기타혜택,UNMAPPED_FALLBACK_기타혜택,JUST LIFE 적립서비스
https://www.card-gorilla.com/card/detail/2179,653,선택형,기타혜택,UNMAPPED_FALLBACK_기타혜택,"기본 선택서비스 적립 또는 캐시백
프리미엄 선택서비스 적립 또는 캐시백"
https://www.card-gorilla.com/card/detail/2179,653,모든가맹점,모든가맹점,EXACT,전 가맹점 이용액 0.5% 적립/캐시백
https://www.card-gorilla.com/card/detail/2179,653,영화,영화,EXACT,전국 영화관 건당 8천원 이상 이용시 3천원 할인
https://www.card-gorilla.com/card/detail/2179,653,기타,기타,EXACT,당행 ATM 출금 수수료 면제
https://www.card-gorilla.com/card/detail/2189,654,캐시백,기타혜택,UNMAPPED_FALLBACK_기타혜택,TRIPLE 캐시백 서비스
https://www.card-gorilla.com/card/detail/2189,654,기타,기타,EXACT,"전북은행 ATM 출금수수료 면제 (월5회)
카드디자인"
https://www.card-gorilla.com/card/detail/2190,655,해피포인트,기타혜택,UNMAPPED_FALLBACK_기타혜택,해피포인트 가맹점 할인 서비스
https://www.card-gorilla.com/card/detail/2190,655,생활,생활,EXACT,"영화(CGV, 메가박스, 롯데시네마) 2천원 청구할인
대중교통(버스/지하철) 및 편의점 10% 청구할인"
https://www.card-gorilla.com/card/detail/2191,656,캐시백,기타혜택,UNMAPPED_FALLBACK_기타혜택,건당 이용금액 구간별 0.2% ~ 1.2% 캐시백 서비스
https://www.card-gorilla.com/card/detail/2192,657,국민행복,기타혜택,UNMAPPED_FALLBACK_기타혜택,"A-Type ""for Baby Service"""
https://www.card-gorilla.com/card/detail/2192,657,국민행복,기타혜택,UNMAPPED_FALLBACK_기타혜택,"B-Type ""for Children Service"""
https://www.card-gorilla.com/card/detail/2194,658,할인,기타혜택,UNMAPPED_FALLBACK_기타혜택,전월 실적에 따라 5% ~ 최대 20% 다양한 할인
https://www.card-gorilla.com/card/detail/2195,659,적립,기타혜택,UNMAPPED_FALLBACK_기타혜택,모든 가맹점에서 기본 M포인트 적립
https://www.card-gorilla.com/card/detail/2195,659,자동차/하이패스,기타혜택,UNMAPPED_FALLBACK_기타혜택,"기아 신차 구매 시 1.5% M포인트 적립
기아 신차 구매 시 2만 기아멤버스 포인트 적립"
https://www.card-gorilla.com/card/detail/2195,659,제휴/PLCC,기타혜택,UNMAPPED_FALLBACK_기타혜택,"Kia Members 멤버십 서비스
연간 이용금액 6백만원 이상 시 차년도 1만 기아멤버스 포인트 적립"
https://www.card-gorilla.com/card/detail/2195,659,멤버십포인트,기타혜택,UNMAPPED_FALLBACK_기타혜택,주유/정비·외식·쇼핑·영화 등 제휴 사용처에서 M포인트 사용
https://www.card-gorilla.com/card/detail/2196,660,적립,기타혜택,UNMAPPED_FALLBACK_기타혜택,"당월 이용금액에 따라 국내외 가맹점 이용금액의 0.5% M포인트 적립
Kia Members 제휴처에서 이용 시 당월 이용금액에 따라 0.5% 동시 적립"
https://www.card-gorilla.com/card/detail/2196,660,자동차,기타혜택,UNMAPPED_FALLBACK_기타혜택,전기차 충전 시 당월 이용금액에 따라 30~70% 할인
https://www.card-gorilla.com/card/detail/2196,660,제휴/PLCC,기타혜택,UNMAPPED_FALLBACK_기타혜택,Kia Members 멤버십 서비스
https://www.card-gorilla.com/card/detail/2196,660,멤버십포인트,기타혜택,UNMAPPED_FALLBACK_기타혜택,주유/정비·외식·쇼핑·영화 등 제휴 사용처에서 M포인트 사용
https://www.card-gorilla.com/card/detail/2197,661,적립,기타혜택,UNMAPPED_FALLBACK_기타혜택,"월 100만원 미만 이용 시 0.5% M포인트 적립
월 100만원 이상 이용 시 1% M포인트 적립"
https://www.card-gorilla.com/card/detail/2197,661,기타,기타,EXACT,정부 유류세환급제도 지원
https://www.card-gorilla.com/card/detail/2197,661,기타,기타,EXACT,프로스포츠 입장권 할인
https://www.card-gorilla.com/card/detail/2197,661,멤버십포인트,기타혜택,UNMAPPED_FALLBACK_기타혜택,주유/정비·외식·쇼핑·영화 등 제휴 사용처에서 M포인트 사용
https://www.card-gorilla.com/card/detail/2198,662,제휴/PLCC,기타혜택,UNMAPPED_FALLBACK_기타혜택,캐롯손해보험료 청구 할인
https://www.card-gorilla.com/card/detail/2198,662,적립,기타혜택,UNMAPPED_FALLBACK_기타혜택,"업종별 0.5~3% 적립
월 100만원 이상 이용 시 1.5배 적립"
https://www.card-gorilla.com/card/detail/2199,663,제휴/PLCC,기타혜택,UNMAPPED_FALLBACK_기타혜택,산림조합상조 납부금액 청구 할인
https://www.card-gorilla.com/card/detail/2199,663,적립,기타혜택,UNMAPPED_FALLBACK_기타혜택,국내외 가맹점에서 0.2% M포인트 적립
https://www.card-gorilla.com/card/detail/2214,664,금융,기타혜택,UNMAPPED_FALLBACK_기타혜택,"CMA 우대금리 0.1% 제공
업무시간 內 롯데ATM 입/출금 수수료 면제 등"
https://www.card-gorilla.com/card/detail/2215,665,점심,기타혜택,UNMAPPED_FALLBACK_기타혜택,점심할인 10%(월10회)
https://www.card-gorilla.com/card/detail/2215,665,카페,카페,EXACT,커피할인 10%(월10회)
https://www.card-gorilla.com/card/detail/2215,665,편의점,편의점,EXACT,편의점할인 10%(월10회)
https://www.card-gorilla.com/card/detail/2215,665,할인,기타혜택,UNMAPPED_FALLBACK_기타혜택,할인액의 20%를 추가 할인!
https://www.card-gorilla.com/card/detail/2218,666,소셜커머스,기타혜택,UNMAPPED_FALLBACK_기타혜택,소셜커머스 10% 할인
https://www.card-gorilla.com/card/detail/2218,666,카페,카페,EXACT,커피 10% 할인
https://www.card-gorilla.com/card/detail/2218,666,편의점,편의점,EXACT,편의점 10% 할인
https://www.card-gorilla.com/card/detail/2218,666,택시,택시,EXACT,택시요금 10% 할인
https://www.card-gorilla.com/card/detail/2219,667,대형마트,대형마트,EXACT,대형마트 이용금액의 5% 할인
https://www.card-gorilla.com/card/detail/2219,667,온라인쇼핑,온라인쇼핑,EXACT,온라인쇼핑몰 이용금액의 5% 할인
https://www.card-gorilla.com/card/detail/2219,667,배달앱,배달앱,EXACT,배달 앱 이용금액의 5% 할인
https://www.card-gorilla.com/card/detail/2219,667,주유,주유소,SYNONYM_APPLIED,주유 시 리터당 40원 할인
https://www.card-gorilla.com/card/detail/2219,667,할인,기타혜택,UNMAPPED_FALLBACK_기타혜택,"현장할인서비스
특급호텔, F&B, 유명 레스토랑 Life 스타일 제휴처 현장할인"
https://www.card-gorilla.com/card/detail/2219,667,금융,기타혜택,UNMAPPED_FALLBACK_기타혜택,출금 및 이체수수료 면제 서비스
https://www.card-gorilla.com/card/detail/2220,668,모든가맹점,모든가맹점,EXACT,모든 가맹점 0.3% 캐쉬백
https://www.card-gorilla.com/card/detail/2220,668,주유,주유소,SYNONYM_APPLIED,GS칼텍스 리터당 100원 캐쉬백
https://www.card-gorilla.com/card/detail/2220,668,통신,통신,EXACT,"이동통신요금 5,000원 할인"
https://www.card-gorilla.com/card/detail/2220,668,금융,기타혜택,UNMAPPED_FALLBACK_기타혜택,"수시입출금의 편리함과 주식거래, 고금리를 하나의 계좌로,
결제계좌 이체/출금 수수료 면제"
https://www.card-gorilla.com/card/detail/2221,669,모든가맹점,모든가맹점,EXACT,"모든 가맹점 0.6% 캐쉬백
금융상품가입 시 최대 2.5% 추가 캐쉬백"
https://www.card-gorilla.com/card/detail/2221,669,금융,기타혜택,UNMAPPED_FALLBACK_기타혜택,"수시입출금의 편리함과 주식거래, 고금리를 하나의 계좌로,
결제계좌 이체/출금 수수료 면제"
https://www.card-gorilla.com/card/detail/2224,670,멤버십포인트,기타혜택,UNMAPPED_FALLBACK_기타혜택,통합멤버십서비스
https://www.card-gorilla.com/card/detail/2224,670,기타,기타,EXACT,모바일쿠폰서비스 최대 3만원
https://www.card-gorilla.com/card/detail/2224,670,할인,기타혜택,UNMAPPED_FALLBACK_기타혜택,"현장할인서비스
높은 할인율과 다양한 제휴처!"
https://www.card-gorilla.com/card/detail/2224,670,금융,기타혜택,UNMAPPED_FALLBACK_기타혜택,"able 금융서비스
언제 어디서나 수수료 면제!"
https://www.card-gorilla.com/card/detail/2225,671,할인,기타혜택,UNMAPPED_FALLBACK_기타혜택,"언제 어디서든 한도없이, 사용 금액의 0.5% 무제한 캐시백"
https://www.card-gorilla.com/card/detail/2225,671,할인,기타혜택,UNMAPPED_FALLBACK_기타혜택,"현장할인서비스
높은 할인율과 다양한 제휴처!"
https://www.card-gorilla.com/card/detail/2225,671,금융,기타혜택,UNMAPPED_FALLBACK_기타혜택,"able 금융서비스
언제 어디서나 수수료 면제!"
https://www.card-gorilla.com/card/detail/2226,672,모든가맹점,모든가맹점,EXACT,"기본캐시백: 전월 실적조건 없이 0.5% 캐시백
특별캐시백: 최대 5% 캐시백"
https://www.card-gorilla.com/card/detail/2226,672,프리미엄 서비스,기타혜택,UNMAPPED_FALLBACK_기타혜택,플래티넘(Platinum) 서비스
https://www.card-gorilla.com/card/detail/2226,672,멤버십포인트,기타혜택,UNMAPPED_FALLBACK_기타혜택,L.POINT
https://www.card-gorilla.com/card/detail/2228,673,카페,카페,EXACT,"스타벅스 50% 결제일 할인
간편결제 시 스타벅스 60% 결제일 할인"
https://www.card-gorilla.com/card/detail/2228,673,영화,영화,EXACT,"롯데시네마, CGV 50% 결제일 할인"
https://www.card-gorilla.com/card/detail/2228,673,대중교통,대중교통,EXACT,"시내버스, 지하철 10% 결제일 할인"
https://www.card-gorilla.com/card/detail/2228,673,통신,통신,EXACT,"SKT, KT, LG U+ 10% 결제일 할인"
https://www.card-gorilla.com/card/detail/2228,673,배달앱,배달앱,EXACT,"배달의 민족, 쿠팡이츠 5% 결제일 할인"
https://www.card-gorilla.com/card/detail/2230,674,생활,생활,EXACT,생활업종 5% 결제일 할인
https://www.card-gorilla.com/card/detail/2230,674,보험,기타혜택,UNMAPPED_FALLBACK_기타혜택,자동차보험료 3만원 결제일 할인
https://www.card-gorilla.com/card/detail/2230,674,무이자할부,기타혜택,UNMAPPED_FALLBACK_기타혜택,국내 가맹점에서 5만원 이상 2~3개월 할부 결제 시 무이자 할부 혜택이 제공
https://www.card-gorilla.com/card/detail/2232,675,적립,기타혜택,UNMAPPED_FALLBACK_기타혜택,"[데일리 적립]
전월실적 없이도 0.3%~1.0% 하나머니 적립(적립한도 없음)"
https://www.card-gorilla.com/card/detail/2232,675,적립,기타혜택,UNMAPPED_FALLBACK_기타혜택,"[플러스 적립]
온라인쇼핑, 통신/교통/자동이체, 해외영역별 이번달 합산 이용금액 10만원 이상시 5천 하나머니 적립"
https://www.card-gorilla.com/card/detail/2232,675,주유,주유소,SYNONYM_APPLIED,SK주유소 월 최대 6천원 할인
https://www.card-gorilla.com/card/detail/2232,675,카페,카페,EXACT,스타벅스/커피빈 4천원 이상 결제시 4천원 청구할인
https://www.card-gorilla.com/card/detail/2232,675,공과금,기타혜택,UNMAPPED_FALLBACK_기타혜택,"이번달 아파트관리비 / 4대보험 자동이체 금액
합산 10만원 이상일 때 5천 하나머니 적립"
https://www.card-gorilla.com/card/detail/2233,676,디지털구독,디지털구독,EXACT,네이버플러스 멤버십 무료 이용권 제공
https://www.card-gorilla.com/card/detail/2233,676,네이버페이,네이버페이,EXACT,네이버페이 포인트 최대 5% 적립
https://www.card-gorilla.com/card/detail/2234,677,할인,기타혜택,UNMAPPED_FALLBACK_기타혜택,"많이 쓰는 영역 5% 자동 맞춤 할인
(백화점·할인점·슈퍼마켓 영역)"
https://www.card-gorilla.com/card/detail/2234,677,생활,생활,EXACT,주유·이동통신·아파트 관리비 2.5% 할인
https://www.card-gorilla.com/card/detail/2234,677,모든가맹점,모든가맹점,EXACT,국내외 가맹점 0.5% 할인
https://www.card-gorilla.com/card/detail/2234,677,선택형,기타혜택,UNMAPPED_FALLBACK_기타혜택,"내 마음대로 고르는 디자인-
다양한 스타일로 새롭게 선보이는 삼성 iD 카드를 소개합니다."
https://www.card-gorilla.com/card/detail/2235,678,할인,기타혜택,UNMAPPED_FALLBACK_기타혜택,"많이 쓰는 영역 30% 자동 맞춤 할인
(커피전문점·배달앱·델리 영역)"
https://www.card-gorilla.com/card/detail/2235,678,생활,생활,EXACT,교통·이동통신·스트리밍 10% 할인
https://www.card-gorilla.com/card/detail/2235,678,할인,기타혜택,UNMAPPED_FALLBACK_기타혜택,온라인 간편결제·해외 3%·1% 할인
https://www.card-gorilla.com/card/detail/2235,678,선택형,기타혜택,UNMAPPED_FALLBACK_기타혜택,"내 마음대로 고르는 디자인-
다양한 스타일로 새롭게 선보이는 삼성 iD 카드를 소개합니다."
https://www.card-gorilla.com/card/detail/2236,679,편의점,편의점,EXACT,"GS25 행사상품 현장 즉시 할인 및 추가 증정 행사
GS&POINT: GS리테일 이용 시 적립"
https://www.card-gorilla.com/card/detail/2236,679,편의점,편의점,EXACT,모바일 기프티콘 발송 최대 6천원
https://www.card-gorilla.com/card/detail/2236,679,선택형,기타혜택,UNMAPPED_FALLBACK_기타혜택,3가지 카드 디자인 중 선택 가능
https://www.card-gorilla.com/card/detail/2237,680,대한항공,대한항공,EXACT,스카이패스 마일리지 적립 (지난달 실적 조건 확인)
https://www.card-gorilla.com/card/detail/2237,680,공항라운지,공항라운지,EXACT,"인천공항 라운지 이용 시 무료서비스 제공 (월 1회, 연 2회, 서비스 실적 조건 확인)"
https://www.card-gorilla.com/card/detail/2238,681,테마파크,테마파크,EXACT,롯데월드 운영 시설 이용권 본인 및 동반 1인 50% 현장할인
https://www.card-gorilla.com/card/detail/2238,681,테마파크,테마파크,EXACT,롯데월드 운영 시설 연간이용권 25% 현장할인
https://www.card-gorilla.com/card/detail/2238,681,테마파크,테마파크,EXACT,"전월 이용금액 관계없이, 할인한도 없이 롯데월드 직영 기념품샵 10% 현장할인"
https://www.card-gorilla.com/card/detail/2238,681,테마파크,테마파크,EXACT,전월 이용금액에 관계없이 롯데월드 운영 시설 기타 서비스 20%·50% 현장할인
https://www.card-gorilla.com/card/detail/2238,681,생활,생활,EXACT,"생활 필수 영역 7% 결제일할인
(아파트 관리비, 온라인쇼핑몰, 주유, 배달앱, 신선식품 배송, 온라인서점)"
https://www.card-gorilla.com/card/detail/2238,681,모든가맹점,모든가맹점,EXACT,"전월 이용금액에 관계없이, 할인한도 없이 국내 가맹점 0.5% 결제일할인"
https://www.card-gorilla.com/card/detail/2238,681,해외,기타혜택,UNMAPPED_FALLBACK_기타혜택,전월 이용금액에 관계없이 해외 1.5% 결제일할인
https://www.card-gorilla.com/card/detail/2238,681,디지털구독,디지털구독,EXACT,"스트리밍 이용료 건별 5,000원 이상 정기결제 시 2,000원 결제일할인"
https://www.card-gorilla.com/card/detail/2238,681,제휴/PLCC,기타혜택,UNMAPPED_FALLBACK_기타혜택,롯데월드 어드벤처 매직패스프리미엄(2회권) 현장 구매 가능
https://www.card-gorilla.com/card/detail/2240,682,적립,기타혜택,UNMAPPED_FALLBACK_기타혜택,Weverse Shop 이용금액의 4% Weverse Shop 캐시 추가 적립
https://www.card-gorilla.com/card/detail/2240,682,생활,생활,EXACT,생활영역 이용금액의 10% Weverse Shop 캐시 적립
https://www.card-gorilla.com/card/detail/2240,682,기타,기타,EXACT,"HYBE INSIGHT 내 매장 결제 시 50% 할인,
연 1회 Gift 서비스"
https://www.card-gorilla.com/card/detail/2240,682,선택형,기타혜택,UNMAPPED_FALLBACK_기타혜택,카드 디자인 선택가능
https://www.card-gorilla.com/card/detail/2241,683,캐시백,기타혜택,UNMAPPED_FALLBACK_기타혜택,"카카오페이지에서 결제 시 5% 캐시백
국내외 온·오프라인 최대 0.5% 캐시백"
https://www.card-gorilla.com/card/detail/2241,683,멤버십포인트,기타혜택,UNMAPPED_FALLBACK_기타혜택,L.POINT
https://www.card-gorilla.com/card/detail/2241,683,선택형,기타혜택,UNMAPPED_FALLBACK_기타혜택,카드 디자인 선택 가능
https://www.card-gorilla.com/card/detail/2242,684,주유,주유소,SYNONYM_APPLIED,GS칼텍스 이용금액 최대 15% 할인 및 Mobility 업종 이용금액 5% 할인
https://www.card-gorilla.com/card/detail/2242,684,선택형,기타혜택,UNMAPPED_FALLBACK_기타혜택,카드 디자인 선택 가능
https://www.card-gorilla.com/card/detail/2243,685,쇼핑,쇼핑,EXACT,GS리테일 점내 이용 시 GS&POINT 2% 적립
https://www.card-gorilla.com/card/detail/2243,685,모든가맹점,모든가맹점,EXACT,그 외 모든 가맹점 이용 시 GS&POINT 0.3% 기본 적립
https://www.card-gorilla.com/card/detail/2244,686,적립,기타혜택,UNMAPPED_FALLBACK_기타혜택,Weverse Shop 이용금액의 2% Weverse Shop 캐시 추가 적립
https://www.card-gorilla.com/card/detail/2244,686,생활,생활,EXACT,생활영역 이용금액의 5% Weverse Shop 캐시 적립
https://www.card-gorilla.com/card/detail/2244,686,기타,기타,EXACT,HYBE INSIGHT 내 매장 결제 시 25% 할인
https://www.card-gorilla.com/card/detail/2244,686,선택형,기타혜택,UNMAPPED_FALLBACK_기타혜택,카드 디자인 선택가능
https://www.card-gorilla.com/card/detail/2245,687,적립,기타혜택,UNMAPPED_FALLBACK_기타혜택,Weverse Shop 이용금액의 2% Weverse Shop 캐시 추가 적립
https://www.card-gorilla.com/card/detail/2245,687,생활,생활,EXACT,생활영역 이용금액의 5% Weverse Shop 캐시 적립
https://www.card-gorilla.com/card/detail/2245,687,기타,기타,EXACT,HYBE INSIGHT 내 매장 결제 시 25% 할인
https://www.card-gorilla.com/card/detail/2245,687,선택형,기타혜택,UNMAPPED_FALLBACK_기타혜택,카드 디자인 선택가능
https://www.card-gorilla.com/card/detail/2246,688,적립,기타혜택,UNMAPPED_FALLBACK_기타혜택,Weverse Shop 이용금액의 2% Weverse Shop 캐시 추가 적립
https://www.card-gorilla.com/card/detail/2246,688,생활,생활,EXACT,생활영역 이용금액의 5% Weverse Shop 캐시 적립
https://www.card-gorilla.com/card/detail/2246,688,기타,기타,EXACT,HYBE INSIGHT 내 매장 결제 시 25% 할인
https://www.card-gorilla.com/card/detail/2246,688,선택형,기타혜택,UNMAPPED_FALLBACK_기타혜택,카드 디자인 선택가능
https://www.card-gorilla.com/card/detail/2247,689,적립,기타혜택,UNMAPPED_FALLBACK_기타혜택,Weverse Shop 이용금액의 2% Weverse Shop 캐시 추가 적립
https://www.card-gorilla.com/card/detail/2247,689,생활,생활,EXACT,생활영역 이용금액의 5% Weverse Shop 캐시 적립
https://www.card-gorilla.com/card/detail/2247,689,기타,기타,EXACT,HYBE INSIGHT 내 매장 결제 시 25% 할인
https://www.card-gorilla.com/card/detail/2247,689,선택형,기타혜택,UNMAPPED_FALLBACK_기타혜택,카드 디자인 선택가능
https://www.card-gorilla.com/card/detail/2248,690,적립,기타혜택,UNMAPPED_FALLBACK_기타혜택,Weverse Shop 이용금액의 4% Weverse Shop 캐시 추가 적립
https://www.card-gorilla.com/card/detail/2248,690,생활,생활,EXACT,생활영역 이용금액의 10% Weverse Shop 캐시 적립
https://www.card-gorilla.com/card/detail/2248,690,기타,기타,EXACT,"HYBE INSIGHT 내 매장 결제 시 50% 할인,
연 1회 Gift 서비스"
https://www.card-gorilla.com/card/detail/2248,690,선택형,기타혜택,UNMAPPED_FALLBACK_기타혜택,카드 디자인 선택가능
https://www.card-gorilla.com/card/detail/2249,691,적립,기타혜택,UNMAPPED_FALLBACK_기타혜택,Weverse Shop 이용금액의 4% Weverse Shop 캐시 추가 적립
https://www.card-gorilla.com/card/detail/2249,691,생활,생활,EXACT,생활영역 이용금액의 10% Weverse Shop 캐시 적립
https://www.card-gorilla.com/card/detail/2249,691,기타,기타,EXACT,"HYBE INSIGHT 내 매장 결제 시 50% 할인,
연 1회 Gift 서비스"
https://www.card-gorilla.com/card/detail/2249,691,선택형,기타혜택,UNMAPPED_FALLBACK_기타혜택,카드 디자인 선택가능
https://www.card-gorilla.com/card/detail/2250,692,적립,기타혜택,UNMAPPED_FALLBACK_기타혜택,Weverse Shop 이용금액의 4% Weverse Shop 캐시 추가 적립
https://www.card-gorilla.com/card/detail/2250,692,생활,생활,EXACT,생활영역 이용금액의 10% Weverse Shop 캐시 적립
https://www.card-gorilla.com/card/detail/2250,692,기타,기타,EXACT,"HYBE INSIGHT 내 매장 결제 시 50% 할인,
연 1회 Gift 서비스"
https://www.card-gorilla.com/card/detail/2250,692,선택형,기타혜택,UNMAPPED_FALLBACK_기타혜택,카드 디자인 선택가능
https://www.card-gorilla.com/card/detail/2251,693,쇼핑,쇼핑,EXACT,오케이몰 상품 구매 시 장기할부 제공
https://www.card-gorilla.com/card/detail/2251,693,카페,카페,EXACT,"스타벅스, 투썸플레이스, 이디야, 폴바셋 이용금액 5% 할인"
https://www.card-gorilla.com/card/detail/2251,693,편의점,편의점,EXACT,"GS25, CU, 세븐일레븐, 이마트24 이용금액 5% 할인"
https://www.card-gorilla.com/card/detail/2255,694,적립,기타혜택,UNMAPPED_FALLBACK_기타혜택,KB Pay 3회 이용하면 포인트리 1천점 적립
https://www.card-gorilla.com/card/detail/2255,694,적립,기타혜택,UNMAPPED_FALLBACK_기타혜택,매 주 포인트리 1천점 적립
https://www.card-gorilla.com/card/detail/2255,694,선택형,기타혜택,UNMAPPED_FALLBACK_기타혜택,디자인 선택가능
https://www.card-gorilla.com/card/detail/2256,695,적립,기타혜택,UNMAPPED_FALLBACK_기타혜택,KB Pay 3회 이용하면 포인트리 1천점 적립
https://www.card-gorilla.com/card/detail/2256,695,적립,기타혜택,UNMAPPED_FALLBACK_기타혜택,매 주 포인트리 1천점 적립
https://www.card-gorilla.com/card/detail/2256,695,적립,기타혜택,UNMAPPED_FALLBACK_기타혜택,이용 리워드 4천점 적립
https://www.card-gorilla.com/card/detail/2256,695,선택형,기타혜택,UNMAPPED_FALLBACK_기타혜택,디자인 선택가능
https://www.card-gorilla.com/card/detail/2257,696,적립,기타혜택,UNMAPPED_FALLBACK_기타혜택,갤럭시 스토어 5% 삼성전자 포인트 적립
https://www.card-gorilla.com/card/detail/2257,696,적립,기타혜택,UNMAPPED_FALLBACK_기타혜택,삼성닷컴에서 10만원 이상 결제 시 10% 삼성전자 포인트 적립
https://www.card-gorilla.com/card/detail/2257,696,통신,통신,EXACT,이동통신요금 정기결제 시 10% 삼성전자 포인트 적립
https://www.card-gorilla.com/card/detail/2257,696,생활,생활,EXACT,배달앱·편의점·주유 5% 삼성전자 포인트 적립
https://www.card-gorilla.com/card/detail/2257,696,간편결제,간편결제,EXACT,온라인 간편결제 1% 삼성전자 포인트 적립
https://www.card-gorilla.com/card/detail/2257,696,디지털구독,디지털구독,EXACT,스트리밍 이용료 정기결제시 50% 삼성전자 포인트 적립
https://www.card-gorilla.com/card/detail/2258,697,간편결제,간편결제,EXACT,7개 간편결제(Pay)로 국내 거래시 5% 마이신한포인트 적립
https://www.card-gorilla.com/card/detail/2259,698,바우처,기타혜택,UNMAPPED_FALLBACK_기타혜택,"최대 20만원 상당의 바우처 제공
총 5개 영역에서 최대 20만원까지 선택하여 사용"
https://www.card-gorilla.com/card/detail/2259,698,프리미엄 서비스,기타혜택,UNMAPPED_FALLBACK_기타혜택,"전 세계 공항라운지 / 무료 발레파킹 서비스
VISA Signature / MasterCard World 서비스"
https://www.card-gorilla.com/card/detail/2259,698,대한항공,대한항공,EXACT,[마일리지형] 대한항공 : 1천원당 1마일리지 적립
https://www.card-gorilla.com/card/detail/2259,698,적립,기타혜택,UNMAPPED_FALLBACK_기타혜택,"[M포인트형] 국내외 가맹점 1% 적립
월 200만원 이상 이용 시 2배, 월 100만원 이상 이용 시 1.5배 적립"
https://www.card-gorilla.com/card/detail/2259,698,프리미엄,기타혜택,UNMAPPED_FALLBACK_기타혜택,"로열티 보너스: 연간 이용금액 2,000만원 이상 시 로열티 보너스 제공(연 1회, 택 1)"
https://www.card-gorilla.com/card/detail/2259,698,선택형,기타혜택,UNMAPPED_FALLBACK_기타혜택,"the Red Edition5의 특별한 디자인을 소개합니다.
내 취향에 맞는 카드 디자인을 선택해서 발급 받으세요."
https://www.card-gorilla.com/card/detail/2260,699,바우처,기타혜택,UNMAPPED_FALLBACK_기타혜택,10만원 상당의 바우처 제공
https://www.card-gorilla.com/card/detail/2260,699,프리미엄 서비스,기타혜택,UNMAPPED_FALLBACK_기타혜택,"전 세계 공항라운지 / 무료 발레파킹 서비스
VISA Signature / MasterCard World 서비스"
https://www.card-gorilla.com/card/detail/2260,699,적립,기타혜택,UNMAPPED_FALLBACK_기타혜택,기본적립/특별적립 최대 5% 적립
https://www.card-gorilla.com/card/detail/2260,699,적립,기타혜택,UNMAPPED_FALLBACK_기타혜택,"보너스 리워드
7만 M포인트 적립 또는 연회비 7만원 감면(택 1)"
https://www.card-gorilla.com/card/detail/2260,699,선택형,기타혜택,UNMAPPED_FALLBACK_기타혜택,"the Green Edition2의 특별한 디자인을 소개합니다.
내 취향에 맞는 카드 디자인을 선택해서 발급 받으세요."
https://www.card-gorilla.com/card/detail/2261,700,국내외가맹점,모든가맹점,SYNONYM_APPLIED,"국내외 1.2% 결제일 할인
국내 가맹점 1.2%, 해외 이용금액 1.2%"
https://www.card-gorilla.com/card/detail/2261,700,온라인쇼핑,온라인쇼핑,EXACT,온라인 1.5% 결제일 할인
https://www.card-gorilla.com/card/detail/2262,701,일반음식점,기타혜택,UNMAPPED_FALLBACK_기타혜택,음식점 60% 결제일 할인
https://www.card-gorilla.com/card/detail/2262,701,배달앱,배달앱,EXACT,"배달의 민족, 쿠팡이츠, 요기요 60% 결제일 할인"
https://www.card-gorilla.com/card/detail/2262,701,카페,카페,EXACT,"스타벅스, 투썸플레이스, 할리스커피, 폴바셋 60% 결제일 할인"
https://www.card-gorilla.com/card/detail/2262,701,디지털구독,디지털구독,EXACT,"쿠팡 로켓와우, 네이버플러스 멤버십 60% 결제일 할인"
https://www.card-gorilla.com/card/detail/2263,702,주유소,주유소,EXACT,"SK에너지, S-OIL, GS칼텍스, 현대오일뱅크 60% 결제일 할인"
https://www.card-gorilla.com/card/detail/2263,702,영화,영화,EXACT,"롯데시네마, CGV, 메가박스 60% 결제일 할인"
https://www.card-gorilla.com/card/detail/2263,702,디지털구독,디지털구독,EXACT,"넷플릭스, 왓챠, 유튜브, 멜론, 지니 60% 결제일 할인"
https://www.card-gorilla.com/card/detail/2263,702,디지털구독,디지털구독,EXACT,"쿠팡 로켓와우, 네이버플러스 멤버십 60% 결제일 할인"
https://www.card-gorilla.com/card/detail/2264,703,온라인쇼핑,온라인쇼핑,EXACT,"쿠팡, SSG.COM, 티몬 60% 결제일 할인"
https://www.card-gorilla.com/card/detail/2264,703,헤어,기타혜택,UNMAPPED_FALLBACK_기타혜택,미용실 60% 결제일 할인
https://www.card-gorilla.com/card/detail/2264,703,편의점,편의점,EXACT,"GS25, CU, 세븐일레븐 60% 결제일 할인"
https://www.card-gorilla.com/card/detail/2264,703,디지털구독,디지털구독,EXACT,"쿠팡 로켓와우, 네이버플러스 멤버십 60% 결제일 할인"
https://www.card-gorilla.com/card/detail/2265,704,홈쇼핑,기타혜택,UNMAPPED_FALLBACK_기타혜택,롯데홈쇼핑에서 7% 결제일 할인
https://www.card-gorilla.com/card/detail/2265,704,홈쇼핑,기타혜택,UNMAPPED_FALLBACK_기타혜택,롯데홈쇼핑 적립금 최대 3.5% 적립
https://www.card-gorilla.com/card/detail/2265,704,디지털구독,디지털구독,EXACT,클럽롤라 서비스(롯데카드의 구독형 멤버십 상품)
https://www.card-gorilla.com/card/detail/2267,705,적립,기타혜택,UNMAPPED_FALLBACK_기타혜택,[기본적립] 국내/해외 이용금액 0.1% 포인트 적립
https://www.card-gorilla.com/card/detail/2267,705,적립,기타혜택,UNMAPPED_FALLBACK_기타혜택,"[특별적립] 후불교통(버스/지하철) 및 택시, 롯데 더드림영역 이용금액 1% 포인트 적립"
https://www.card-gorilla.com/card/detail/2267,705,적립,기타혜택,UNMAPPED_FALLBACK_기타혜택,[추가적립] 특별적립 대상 롯데 더드림영역에서 L.PAY 결제시 최대 6% 추가 포인트 적립
https://www.card-gorilla.com/card/detail/2270,706,은행사,기타혜택,UNMAPPED_FALLBACK_기타혜택,"국내에서는 원화로, 해외에서는 달러(USD)로!
하나의 카드에 원화·외화 결제계좌를 모두 연결"
https://www.card-gorilla.com/card/detail/2270,706,해외,기타혜택,UNMAPPED_FALLBACK_기타혜택,"수수료 면제, 추가 캐시백 혜택"
https://www.card-gorilla.com/card/detail/2270,706,할인,기타혜택,UNMAPPED_FALLBACK_기타혜택,"실적 조건 없이 0.5%, 특정가맹점 최대 50% 결제일 할인"
https://www.card-gorilla.com/card/detail/2270,706,[해외] 일본여행 때 환전 손해 안 보는 방법 3가지,기타혜택,UNMAPPED_FALLBACK_기타혜택,우리카드 인기 순위 TOP 3 - 2026 상반기  혜택 좋은 신용카드 결산
https://www.card-gorilla.com/card/detail/2270,706,"[꿀팁] 넷플릭스 이제 계정 공유금지? 넷플 2,000원대로 보는 방법",기타혜택,UNMAPPED_FALLBACK_기타혜택,밀리언달러 하나카드
https://www.card-gorilla.com/card/detail/2272,707,적립,기타혜택,UNMAPPED_FALLBACK_기타혜택,음원/앱스토어/편의점 5% 리워드 적립에 쓸때마다 0.1% 적립
https://www.card-gorilla.com/card/detail/2277,708,디지털구독,디지털구독,EXACT,"요기패스 멤버십 청구할인 9,900원
넷플릭스, 웨이브 청구할인 10%"
https://www.card-gorilla.com/card/detail/2277,708,생활,생활,EXACT,생활업종 청구할인 5%
https://www.card-gorilla.com/card/detail/2277,708,선택형,기타혜택,UNMAPPED_FALLBACK_기타혜택,신용카드 디자인 선택
https://www.card-gorilla.com/card/detail/2278,709,홈쇼핑,기타혜택,UNMAPPED_FALLBACK_기타혜택,NS홈쇼핑 10% 결제일할인
https://www.card-gorilla.com/card/detail/2278,709,생활,생활,EXACT,주유·커피전문점·제과점·편의점·생활잡화 5% 결제일할인
https://www.card-gorilla.com/card/detail/2278,709,생활,생활,EXACT,"생활요금 정기결제 10,000원 이상 결제건별 1,000원 결제일할인"
https://www.card-gorilla.com/card/detail/2279,710,아울렛,기타혜택,UNMAPPED_FALLBACK_기타혜택,신세계사이먼 프리미엄 아울렛 10% 결제일할인
https://www.card-gorilla.com/card/detail/2279,710,마트/편의점,기타혜택,UNMAPPED_FALLBACK_기타혜택,할인점·슈퍼마켓·편의점 7% 결제일할인
https://www.card-gorilla.com/card/detail/2279,710,카페/디저트,카페,SYNONYM_APPLIED,커피전문점·제과점 10% 결제일할인
https://www.card-gorilla.com/card/detail/2279,710,배달앱,배달앱,EXACT,배달앱 10% 결제일할인
https://www.card-gorilla.com/card/detail/2279,710,간편결제,간편결제,EXACT,"전월 이용금액에 관계없이, 할인한도 없이 온라인 간편결제 1% 결제일할인"
https://www.card-gorilla.com/card/detail/2279,710,해외,기타혜택,UNMAPPED_FALLBACK_기타혜택,전월 이용금액에 관계없이 해외 1.5% 결제일할인
https://www.card-gorilla.com/card/detail/2279,710,기타,기타,EXACT,신세계백화점 제휴 서비스
https://www.card-gorilla.com/card/detail/2280,711,적립,기타혜택,UNMAPPED_FALLBACK_기타혜택,100만원 상당의 10만 멤버십 리워즈(MR) 매년 적립
https://www.card-gorilla.com/card/detail/2280,711,모든가맹점,모든가맹점,EXACT,한도 제한 없는 기본적립/특별적립
https://www.card-gorilla.com/card/detail/2280,711,공항라운지,공항라운지,EXACT,"전 세계 공항라운지 무료 이용서비스 제공
The Centurion® 라운지, Delta Sky Club® 라운지 무료 이용 (Global Lounge Collection)"
https://www.card-gorilla.com/card/detail/2280,711,프리미엄 서비스,기타혜택,UNMAPPED_FALLBACK_기타혜택,"메탈 플레이트 기본 제공 (교통카드 기능 탑재)
국내 주요 공항 및 특급호텔 월 5회 무료 발레파킹, Amex THE PLATINUM 서비스"
https://www.card-gorilla.com/card/detail/2280,711,항공마일리지,항공,SYNONYM_APPLIED,멤버십 리워즈(MR)를 10여개 항공사 마일리지로 전환
https://www.card-gorilla.com/card/detail/2280,711,여행/숙박,기타혜택,UNMAPPED_FALLBACK_기타혜택,"멤버십 리워즈(MR)를 글로벌 체인 호텔 멤버십 포인트로 전환 또는 전세계 호텔 예약에 사용
글로벌 호텔 체인 멤버십 골드 등급 업그레이드 , 전 세계 호텔/리조트에서 프리미엄 서비스 제공"
https://www.card-gorilla.com/card/detail/2280,711,할인,기타혜택,UNMAPPED_FALLBACK_기타혜택,"호텔델리/레스토랑, 패밀리 레스토랑 할인 (아멕스 Be My Guest 서비스)"
https://www.card-gorilla.com/card/detail/2280,711,교통,기타혜택,UNMAPPED_FALLBACK_기타혜택,공항 리무진 • 공항철도 서비스
https://www.card-gorilla.com/card/detail/2280,711,카페,카페,EXACT,공항 무료 커피서비스
https://www.card-gorilla.com/card/detail/2280,711,도서,기타혜택,UNMAPPED_FALLBACK_기타혜택,공항 Book Store 할인서비스
https://www.card-gorilla.com/card/detail/2281,712,적립,기타혜택,UNMAPPED_FALLBACK_기타혜택,30만원 상당의 3만 멤버십 리워즈(MR) 매년 적립
https://www.card-gorilla.com/card/detail/2281,712,모든가맹점,모든가맹점,EXACT,한도 제한 없는 기본적립/특별적립
https://www.card-gorilla.com/card/detail/2281,712,공항라운지,공항라운지,EXACT,전 세계 공항라운지 무료 이용서비스 제공
https://www.card-gorilla.com/card/detail/2281,712,프리미엄 서비스,기타혜택,UNMAPPED_FALLBACK_기타혜택,"메탈 플레이트 기본 제공(교통카드 기능 탑재)
국내 주요 공항 및 특급호텔 월 5회 무료 발레파킹, Amex PLATINUM ELITE 서비스"
https://www.card-gorilla.com/card/detail/2281,712,항공마일리지,항공,SYNONYM_APPLIED,멤버십 리워즈(MR)를 10여개 항공사 마일리지로 전환
https://www.card-gorilla.com/card/detail/2281,712,여행/숙박,기타혜택,UNMAPPED_FALLBACK_기타혜택,"멤버십 리워즈(MR)를 글로벌 체인 호텔 멤버십 포인트로 전환
또는 전세계 호텔 예약에 사용"
https://www.card-gorilla.com/card/detail/2281,712,할인,기타혜택,UNMAPPED_FALLBACK_기타혜택,"호텔델리/레스토랑, 패밀리 레스토랑 할인 (아멕스 Be My Guest 서비스)"
https://www.card-gorilla.com/card/detail/2281,712,교통,기타혜택,UNMAPPED_FALLBACK_기타혜택,공항 리무진 • 공항철도 서비스
https://www.card-gorilla.com/card/detail/2281,712,카페,카페,EXACT,공항 무료 커피서비스
https://www.card-gorilla.com/card/detail/2281,712,도서,기타혜택,UNMAPPED_FALLBACK_기타혜택,공항 Book Store 할인서비스
https://www.card-gorilla.com/card/detail/2282,713,적립,기타혜택,UNMAPPED_FALLBACK_기타혜택,최대 10만원 상당의 1만 멤버십 리워즈(MR) 매년 적립
https://www.card-gorilla.com/card/detail/2282,713,모든가맹점,모든가맹점,EXACT,한도 제한 없는 기본적립/특별적립
https://www.card-gorilla.com/card/detail/2282,713,공항라운지,공항라운지,EXACT,국내 공항 라운지 연 2회 무료 이용
https://www.card-gorilla.com/card/detail/2282,713,프리미엄 서비스,기타혜택,UNMAPPED_FALLBACK_기타혜택,"국내 주요 공항 및 국내 특급호텔 월 2회 무료 발레파킹
Amex PLATINUM ELITE 서비스"
https://www.card-gorilla.com/card/detail/2282,713,항공마일리지,항공,SYNONYM_APPLIED,멤버십 리워즈(MR)를 10여개 항공사 마일리지로 전환
https://www.card-gorilla.com/card/detail/2282,713,여행/숙박,기타혜택,UNMAPPED_FALLBACK_기타혜택,"멤버십 리워즈(MR)를 글로벌 체인 호텔 멤버십 포인트로 전환
또는 전세계 호텔 예약에 사용"
https://www.card-gorilla.com/card/detail/2282,713,할인,기타혜택,UNMAPPED_FALLBACK_기타혜택,"호텔델리/레스토랑, 패밀리 레스토랑 할인 (아멕스 Be My Guest 서비스)"
https://www.card-gorilla.com/card/detail/2282,713,교통,기타혜택,UNMAPPED_FALLBACK_기타혜택,공항 리무진 • 공항철도 서비스
https://www.card-gorilla.com/card/detail/2282,713,카페,카페,EXACT,공항 무료 커피서비스
https://www.card-gorilla.com/card/detail/2282,713,도서,기타혜택,UNMAPPED_FALLBACK_기타혜택,공항 Book Store 할인서비스
https://www.card-gorilla.com/card/detail/2283,714,렌터카,기타혜택,UNMAPPED_FALLBACK_기타혜택,롯데렌터카 장기렌터카 대여료 자동납부 청구할인 최대 2만5천원
https://www.card-gorilla.com/card/detail/2283,714,주유,주유소,SYNONYM_APPLIED,주유(LPG 충전)/전기차 충전 청구할인 최대 8천원
https://www.card-gorilla.com/card/detail/2283,714,기타,기타,EXACT,주차장 5천원 이상 결제 건당 1천원 할인
https://www.card-gorilla.com/card/detail/2283,714,하이패스,기타혜택,UNMAPPED_FALLBACK_기타혜택,후불 하이패스카드 이용금액 1천원 할인
https://www.card-gorilla.com/card/detail/2285,715,마트/편의점,기타혜택,UNMAPPED_FALLBACK_기타혜택,"CU, GS25, 세븐일레븐, 이마트24, 올리브영 건당 1만원 이상 결제 시, 1천원 캐시백"
https://www.card-gorilla.com/card/detail/2285,715,도서,기타혜택,UNMAPPED_FALLBACK_기타혜택,"교보문고, 영풍문고, 반디앤루니스 건당 1만원 이상 결제 시, 1천원 캐시백"
https://www.card-gorilla.com/card/detail/2285,715,푸드,기타혜택,UNMAPPED_FALLBACK_기타혜택,"뚜레쥬르, 파리바게트, 버거킹, 맥도날드, 롯데리아 건당 1만원 이상 결제 시, 1천원 캐시백"
https://www.card-gorilla.com/card/detail/2285,715,대중교통,대중교통,EXACT,"버스, 지하철, 후불교통 이용금액 월 합산 2만원 이상 결제 시, 2천원 캐시백"
https://www.card-gorilla.com/card/detail/2285,715,학원,교육육아,SYNONYM_APPLIED,"YBM시사(토익 응시료 포함), 해커스어학원 건당 2만원 이상 결제 시, 2천원 캐시백"
https://www.card-gorilla.com/card/detail/2286,716,적립,기타혜택,UNMAPPED_FALLBACK_기타혜택,[BASIC] 국내 가맹점 0.5% 무제한 적립
https://www.card-gorilla.com/card/detail/2286,716,적립,기타혜택,UNMAPPED_FALLBACK_기타혜택,[LIFE-STYLE] S.T.Y.L.E 가맹점에서 이용한 일시불+할부 이용금액에 대해 2.0% 적립
https://www.card-gorilla.com/card/detail/2286,716,적립,기타혜택,UNMAPPED_FALLBACK_기타혜택,[UNIQ LIFE-STYLE] S.T.Y.L.E 중 가장 많이 이용한 영역 한번 더 적립
https://www.card-gorilla.com/card/detail/2286,716,주유,주유소,SYNONYM_APPLIED,"[PLUS] S-OIL, 현대오일뱅크 주유 및 충전시 리터(ℓ)당 60점 적립"
https://www.card-gorilla.com/card/detail/2287,717,쇼핑,쇼핑,EXACT,[MX Black Zone] Shopping Zone 10% 청구 할인
https://www.card-gorilla.com/card/detail/2287,717,푸드,기타혜택,UNMAPPED_FALLBACK_기타혜택,[MX Black Zone] Food & Drink Zone 10% 청구 할인
https://www.card-gorilla.com/card/detail/2287,717,기타,기타,EXACT,[MX Black Zone] Mobility Zone 10% 청구 할인
https://www.card-gorilla.com/card/detail/2287,717,기타,기타,EXACT,MX Black Zone 할인서비스 제공 기준
https://www.card-gorilla.com/card/detail/2287,717,적립,기타혜택,UNMAPPED_FALLBACK_기타혜택,"모든 가맹점에서 1% M포인트 적립
신차 구매 시 2% M포인트 적립, 주유 시 리터당 80 M포인트 적립"
https://www.card-gorilla.com/card/detail/2287,717,프리미엄 서비스,기타혜택,UNMAPPED_FALLBACK_기타혜택,VISA/MasterCard 플래티넘서비스
https://www.card-gorilla.com/card/detail/2287,717,선택형,기타혜택,UNMAPPED_FALLBACK_기타혜택,현대카드 MX Black의 특별한 디자인을 소개합니다.
https://www.card-gorilla.com/card/detail/2288,718,쇼핑,쇼핑,EXACT,"신세계백화점, 신세계 아카데미, 시코르닷컴 5% 할인"
https://www.card-gorilla.com/card/detail/2288,718,간편결제,간편결제,EXACT,"SSG페이, 하나원큐페이, 카카오페이 5% 할인"
https://www.card-gorilla.com/card/detail/2288,718,카페/디저트,카페,SYNONYM_APPLIED,커피/제과/택시 20% 할인(1만원 이상 결제 건)
https://www.card-gorilla.com/card/detail/2288,718,테마파크,테마파크,EXACT,놀이공원/워터파크 30% 할인
https://www.card-gorilla.com/card/detail/2288,718,레저/스포츠,기타혜택,UNMAPPED_FALLBACK_기타혜택,프로야구/프로축구 30% 할인
https://www.card-gorilla.com/card/detail/2289,719,충전소,기타혜택,UNMAPPED_FALLBACK_기타혜택,전기차 충전요금 50%·70% 결제일할인
https://www.card-gorilla.com/card/detail/2289,719,자동차,기타혜택,UNMAPPED_FALLBACK_기타혜택,주차장·하이패스·대리운전 10% 결제일 할인
https://www.card-gorilla.com/card/detail/2289,719,보험사,기타혜택,UNMAPPED_FALLBACK_기타혜택,"현대해상 다이렉트 자동차보험 보험료 30만원 이상 결제 시 30,000원 결제일할인"
https://www.card-gorilla.com/card/detail/2289,719,배달앱,배달앱,EXACT,배달앱 10% 결제일할인
https://www.card-gorilla.com/card/detail/2289,719,디지털구독,디지털구독,EXACT,스트리밍 이용료 정기결제 시 20% 결제일할인
https://www.card-gorilla.com/card/detail/2289,719,해외,기타혜택,UNMAPPED_FALLBACK_기타혜택,"전월 이용금액에 관계없이, 할인한도 없이 해외 1% 결제일할인"
https://www.card-gorilla.com/card/detail/2289,719,선택형,기타혜택,UNMAPPED_FALLBACK_기타혜택,미래지향적 라이프스타일-친환경 소재(Recycling-PVC)를 50% 이상 사용한 삼성 iD EV 카드
https://www.card-gorilla.com/card/detail/2290,720,주유소,주유소,EXACT,"주유 10,000원 결제일할인"
https://www.card-gorilla.com/card/detail/2290,720,대중교통,대중교통,EXACT,대중교통·택시·전기차 충전요금 10% 결제일할인
https://www.card-gorilla.com/card/detail/2290,720,자동차,기타혜택,UNMAPPED_FALLBACK_기타혜택,주차장·대리운전 10% 결제일할인
https://www.card-gorilla.com/card/detail/2290,720,기타,기타,EXACT,고속도로 통행료 10% 결제일할인
https://www.card-gorilla.com/card/detail/2290,720,카페,카페,EXACT,스타벅스 드라이브 스루 30% 결제일할인
https://www.card-gorilla.com/card/detail/2290,720,자동차,기타혜택,UNMAPPED_FALLBACK_기타혜택,"엔진오일(오일필터/에어클리너 포함) 교환 시 2만원 현장할인(연 2회)
차량 안전점검/타이어 펑크 수리/타이어 위치 교환 무료(연1회)"
https://www.card-gorilla.com/card/detail/2290,720,선택형,기타혜택,UNMAPPED_FALLBACK_기타혜택,미래지향적 라이프스타일-친환경 소재(Recycling-PVC)를 50% 이상 사용한 삼성 iD ENERGY 카드
https://www.card-gorilla.com/card/detail/2291,721,적립,기타혜택,UNMAPPED_FALLBACK_기타혜택,"15,000 메리어트 본보이™ 포인트 제공 (연회비 주기 내 1백만원 이상)"
https://www.card-gorilla.com/card/detail/2291,721,적립,기타혜택,UNMAPPED_FALLBACK_기타혜택,이용 금액에 따른 메리어트 본보이™ 포인트 적립(최대 4포인트)
https://www.card-gorilla.com/card/detail/2291,721,적립,기타혜택,UNMAPPED_FALLBACK_기타혜택,연회비 주기 내 이용 실적에 따른 메리어트 본보이™ 보너스 포인트 적립 (연회비 주기 내 5백만원 이상)
https://www.card-gorilla.com/card/detail/2291,721,프리미엄 서비스,기타혜택,UNMAPPED_FALLBACK_기타혜택,메리어트 본보이™ 엘리트 멤버십 제공 (연회비 주기 내 2천만원 이상)
https://www.card-gorilla.com/card/detail/2291,721,호텔,기타혜택,UNMAPPED_FALLBACK_기타혜택,메리어트 본보이™ 엘리트 숙박 크레딧 제공 (연회비 주기 내 1천만원 이상)
https://www.card-gorilla.com/card/detail/2291,721,호텔,기타혜택,UNMAPPED_FALLBACK_기타혜택,국내 메리어트 참여 호텔 라운지 무료 음료 서비스 (전월실적 30만원 이상)
https://www.card-gorilla.com/card/detail/2291,721,공항라운지,공항라운지,EXACT,The Lounge Members 모바일 앱을 통한 전세계 공항 라운지 무료 이용 (전월실적 30만원 이상)
https://www.card-gorilla.com/card/detail/2292,722,비즈니스,기타혜택,UNMAPPED_FALLBACK_기타혜택,"사업지원서비스 2.0
현대카드 앱에서 누리는 사업지원서비스 토탈 패키지"
https://www.card-gorilla.com/card/detail/2292,722,비즈니스,기타혜택,UNMAPPED_FALLBACK_기타혜택,사업성 경비 영역에서 이용 시 1.5% 할인
https://www.card-gorilla.com/card/detail/2292,722,모든가맹점,모든가맹점,EXACT,모든 가맹점에서 이용 시 0.7% 할인
https://www.card-gorilla.com/card/detail/2292,722,기타,기타,EXACT,"사업구매전용 플레이트(2021. 11. 25 ~ 2022. 11. 24)
모든 가맹점에서 2~3개월 할부 결제 시 무이자 혜택 제공"
https://www.card-gorilla.com/card/detail/2293,723,비즈니스,기타혜택,UNMAPPED_FALLBACK_기타혜택,"사업지원서비스 2.0
현대카드 앱에서 누리는 사업지원서비스 토탈 패키지"
https://www.card-gorilla.com/card/detail/2293,723,비즈니스,기타혜택,UNMAPPED_FALLBACK_기타혜택,사업성 경비 영역에서 이용 시 1.5% 할인
https://www.card-gorilla.com/card/detail/2293,723,모든가맹점,모든가맹점,EXACT,모든 가맹점에서 이용 시 0.7% 할인
https://www.card-gorilla.com/card/detail/2293,723,기타,기타,EXACT,"사업구매전용 플레이트(2021. 11. 25 ~ 2022. 11. 24)
모든 가맹점에서 2~3개월 할부 결제 시 무이자 혜택 제공"
https://www.card-gorilla.com/card/detail/2294,724,비즈니스,기타혜택,UNMAPPED_FALLBACK_기타혜택,"사업지원서비스 2.0
현대카드 앱에서 누리는 사업지원서비스 토탈 패키지"
https://www.card-gorilla.com/card/detail/2294,724,비즈니스,기타혜택,UNMAPPED_FALLBACK_기타혜택,사업성 경비 영역에서 이용 시 1.5% 할인
https://www.card-gorilla.com/card/detail/2294,724,모든가맹점,모든가맹점,EXACT,모든 가맹점에서 이용 시 0.7% 할인
https://www.card-gorilla.com/card/detail/2296,725,디지털구독,디지털구독,EXACT,"멤버십(네이버플러스 멤버십, 쿠팡 로켓와우, 마켓컬리 컬리패스, 스마일클럽, 요기요 요기패스) 100% 할인"
https://www.card-gorilla.com/card/detail/2296,725,간편결제,간편결제,EXACT,온라인 간편결제 10% 청구할인
https://www.card-gorilla.com/card/detail/2296,725,편의점,편의점,EXACT,편의점 5% 청구할인
https://www.card-gorilla.com/card/detail/2296,725,대중교통,대중교통,EXACT,대중교통 5% 청구할인
https://www.card-gorilla.com/card/detail/2297,726,쇼핑,쇼핑,EXACT,"패션플랫폼(지그재그, 무신사, 브랜디, 에이블리) 50% 청구할인"
https://www.card-gorilla.com/card/detail/2297,726,간편결제,간편결제,EXACT,온라인 간편결제 10% 청구할인
https://www.card-gorilla.com/card/detail/2297,726,편의점,편의점,EXACT,편의점 5% 청구할인
https://www.card-gorilla.com/card/detail/2297,726,대중교통,대중교통,EXACT,대중교통 5% 청구할인
https://www.card-gorilla.com/card/detail/2298,727,디지털구독,디지털구독,EXACT,OTT 플랫폼 100% 청구할인
https://www.card-gorilla.com/card/detail/2298,727,간편결제,간편결제,EXACT,온라인 간편결제 10% 청구할인
https://www.card-gorilla.com/card/detail/2298,727,편의점,편의점,EXACT,편의점 5% 청구할인
https://www.card-gorilla.com/card/detail/2298,727,대중교통,대중교통,EXACT,대중교통 5% 청구할인
https://www.card-gorilla.com/card/detail/2299,728,배달앱,배달앱,EXACT,"배달앱(배달의민족, 요기요, 쿠팡이츠, 마켓컬리) 50% 청구할인"
https://www.card-gorilla.com/card/detail/2299,728,간편결제,간편결제,EXACT,온라인 간편결제 10% 청구할인
https://www.card-gorilla.com/card/detail/2299,728,편의점,편의점,EXACT,편의점 5% 청구할인
https://www.card-gorilla.com/card/detail/2299,728,대중교통,대중교통,EXACT,대중교통 5% 청구할인
https://www.card-gorilla.com/card/detail/2300,729,모든가맹점,모든가맹점,EXACT,국내외 전 가맹점 0.5% 하나머니 적립
https://www.card-gorilla.com/card/detail/2300,729,간편결제,간편결제,EXACT,"페이결제 건 1% 하나머니 적립
페이결제 추가 하나머니 적립 0.5%"
https://www.card-gorilla.com/card/detail/2300,729,쇼핑,쇼핑,EXACT,"백화점, 홈쇼핑, 마트 5% 하나머니 적립"
https://www.card-gorilla.com/card/detail/2300,729,쇼핑,쇼핑,EXACT,"패션, 명품 5% 하나머니 적립"
https://www.card-gorilla.com/card/detail/2300,729,주유,주유소,SYNONYM_APPLIED,"주유 5% 하나머니 적립
EV충전 20% 하나머니 적립"
https://www.card-gorilla.com/card/detail/2300,729,교육/육아,기타혜택,UNMAPPED_FALLBACK_기타혜택,"학원, 헬스장 / 수영장 5% 하나머니 적립"
https://www.card-gorilla.com/card/detail/2300,729,골프,골프,EXACT,골프장 / 골프연습장 / 스크린골프 / 카카오골프 10% 하나머니 적립
https://www.card-gorilla.com/card/detail/2300,729,여행/숙박,기타혜택,UNMAPPED_FALLBACK_기타혜택,"숙박, 고속철도, 항공 10% 하나머니 적립"
https://www.card-gorilla.com/card/detail/2300,729,병원/약국,병원약국,SYNONYM_APPLIED,"병원, 동물병원 10% 하나머니 적립"
https://www.card-gorilla.com/card/detail/2301,730,APP,기타혜택,UNMAPPED_FALLBACK_기타혜택,ONEstore(원스토어) 2% 할인
https://www.card-gorilla.com/card/detail/2301,730,게임,기타혜택,UNMAPPED_FALLBACK_기타혜택,PC게임방 5% 할인
https://www.card-gorilla.com/card/detail/2301,730,배달앱,배달앱,EXACT,"배달의 민족, 요기요, 쿠팡이츠 5% 할인"
https://www.card-gorilla.com/card/detail/2302,731,디지털구독,디지털구독,EXACT,"우주패스 구독료 캐시백 서비스
최대 9,900원 캐시백"
https://www.card-gorilla.com/card/detail/2302,731,생활,생활,EXACT,"할인점, 온라인쇼핑 이용 시 5% 적립
생활친화업종 이용 시 10% 적립"
https://www.card-gorilla.com/card/detail/2304,732,적립,기타혜택,UNMAPPED_FALLBACK_기타혜택,"[기본 적립서비스]
국내외가맹점 5천원 이상 결제 시 1천원 미만 금액 마이신한포인트 적립"
https://www.card-gorilla.com/card/detail/2304,732,적립,기타혜택,UNMAPPED_FALLBACK_기타혜택,"[추가 적립서비스]
요식업종 / 배달앱 / 온라인마켓 이용건별 마이신한포인트 정액 적립(신한pLay앱을 통한 결제 시 건당 100포인트 추가 적립)"
https://www.card-gorilla.com/card/detail/2304,732,금융,기타혜택,UNMAPPED_FALLBACK_기타혜택,"[적립포인트 투자 서비스]
신한은행 달러 예금 계좌 혜택: 마이신한포인트 외화체인지업 계좌 입금 시 환전수수료 면제(USD 계좌에 한함)"
https://www.card-gorilla.com/card/detail/2304,732,선택형,기타혜택,UNMAPPED_FALLBACK_기타혜택,원하는 플레이트 디자인 선택 가능
https://www.card-gorilla.com/card/detail/2306,733,적립,기타혜택,UNMAPPED_FALLBACK_기타혜택,L.POINT 최대 2% 적립
https://www.card-gorilla.com/card/detail/2306,733,디지털구독,디지털구독,EXACT,클럽롤라 서비스
https://www.card-gorilla.com/card/detail/2307,734,적립,기타혜택,UNMAPPED_FALLBACK_기타혜택,전국 가맹점에서 롯데카드 제공 L.POINT 0.2% 적립
https://www.card-gorilla.com/card/detail/2307,734,주유소,주유소,EXACT,SK주유소(LPG 제외)에서 리터당 50포인트 SK주유포인트 적립
https://www.card-gorilla.com/card/detail/2307,734,디지털구독,디지털구독,EXACT,클럽롤라 서비스
https://www.card-gorilla.com/card/detail/2308,735,게임,기타혜택,UNMAPPED_FALLBACK_기타혜택,[로스트아크 모험가 전용 혜택] 로스트아크 모험가를 위한 로열 크리스탈 10% 청구할인
https://www.card-gorilla.com/card/detail/2308,735,할인,기타혜택,UNMAPPED_FALLBACK_기타혜택,"[기본 혜택] 전월실적 조건 없이 국내외 가맹점 0.5%, 국내 온라인 가맹점 1.5% 청구할인"
https://www.card-gorilla.com/card/detail/2309,736,디지털구독,디지털구독,EXACT,카카오 구독ON 1만원 청구할인
https://www.card-gorilla.com/card/detail/2309,736,디지털구독,디지털구독,EXACT,카카오 MY구독 카카오 이모티콘 플러스/ 톡서랍 플러스 50% 청구할인
https://www.card-gorilla.com/card/detail/2309,736,디지털구독,디지털구독,EXACT,"넷플릭스, 유튜브 프리미엄, 웨이브, 티빙, 멜론 구독 10% 청구할인"
https://www.card-gorilla.com/card/detail/2311,737,혜택 프로모션,기타혜택,UNMAPPED_FALLBACK_기타혜택,1만원 이상 결제마다 럭키권 2장씩 발급
https://www.card-gorilla.com/card/detail/2311,737,카페/디저트,카페,SYNONYM_APPLIED,커피빈 15% 할인
https://www.card-gorilla.com/card/detail/2311,737,마트/편의점,기타혜택,UNMAPPED_FALLBACK_기타혜택,"GS25, 세븐일레븐 10% 캐시백"
https://www.card-gorilla.com/card/detail/2311,737,기타,기타,EXACT,단골 매장 3% 캐시백
https://www.card-gorilla.com/card/detail/2312,738,혜택 프로모션,기타혜택,UNMAPPED_FALLBACK_기타혜택,1만원이상 결제시 럭키권 1장 발급
https://www.card-gorilla.com/card/detail/2312,738,카페,카페,EXACT,커피빈 15% 할인
https://www.card-gorilla.com/card/detail/2312,738,편의점,편의점,EXACT,"GS25, 세븐일레븐 10% 캐시백"
https://www.card-gorilla.com/card/detail/2312,738,기타,기타,EXACT,단골 매장 3% 캐시백
https://www.card-gorilla.com/card/detail/2315,739,무실적,기타혜택,UNMAPPED_FALLBACK_기타혜택,무조건 0.3% 캐시백 제공
https://www.card-gorilla.com/card/detail/2315,739,해외직구,기타혜택,UNMAPPED_FALLBACK_기타혜택,해외 결제수수료 무료
https://www.card-gorilla.com/card/detail/2315,739,수수료우대,기타혜택,UNMAPPED_FALLBACK_기타혜택,해외ATM 이용수수료 무료
https://www.card-gorilla.com/card/detail/2315,739,선택형,기타혜택,UNMAPPED_FALLBACK_기타혜택,두가지 플레이트 선택 가능
https://www.card-gorilla.com/card/detail/2316,740,대중교통,대중교통,EXACT,대중교통 2% 캐시백
https://www.card-gorilla.com/card/detail/2316,740,NU 오하쳌(오늘하루체크),기타혜택,UNMAPPED_FALLBACK_기타혜택,우리카드
https://www.card-gorilla.com/card/detail/2317,741,캐시백,기타혜택,UNMAPPED_FALLBACK_기타혜택,"차이로 쌓은 번개, 헤택 받을 준비 끝!
결제할 때마다 번개를 모아요"
https://www.card-gorilla.com/card/detail/2318,742,적립,기타혜택,UNMAPPED_FALLBACK_기타혜택,이용 실적에 따라 최대 1% 적립
https://www.card-gorilla.com/card/detail/2318,742,기타,기타,EXACT,"내 소비생활의 중심 핀크계좌 + 핀크카드
AI핀고의정확한 소비 분석"
https://www.card-gorilla.com/card/detail/2318,742,선택형,기타혜택,UNMAPPED_FALLBACK_기타혜택,"디자인 선택의 즐거움 망설이다 품절주의!
핀크에만 있는 한정판 디자인"
https://www.card-gorilla.com/card/detail/2322,743,대중교통,대중교통,EXACT,"전국 버스, 지하철 사용 가능"
https://www.card-gorilla.com/card/detail/2322,743,공과금,기타혜택,UNMAPPED_FALLBACK_기타혜택,30% 소득공제 혜택
https://www.card-gorilla.com/card/detail/2322,743,온라인쇼핑,온라인쇼핑,EXACT,온라인 쇼핑몰 이용 가능
https://www.card-gorilla.com/card/detail/2323,744,대중교통,대중교통,EXACT,교통카드 사용 가능
https://www.card-gorilla.com/card/detail/2323,744,공과금/렌탈,기타혜택,UNMAPPED_FALLBACK_기타혜택,30% 소득공제 혜택 제공
https://www.card-gorilla.com/card/detail/2324,745,비즈니스,기타혜택,UNMAPPED_FALLBACK_기타혜택,"4대 사회보험, 도시가스요금, 전기요금, 할인점, 온라인쇼핑몰, 식자재몰, 해외 1.5% 결제 할인"
https://www.card-gorilla.com/card/detail/2324,745,모든가맹점,모든가맹점,EXACT,국내 가맹점 0.5% 결제일할인
https://www.card-gorilla.com/card/detail/2324,745,생활,생활,EXACT,주유·전기차 충전요금·이동통신·인터넷/유선통신·렌탈·보안·방역 3% 결제일할인
https://www.card-gorilla.com/card/detail/2324,745,공과금/렌탈,기타혜택,UNMAPPED_FALLBACK_기타혜택,세무지원 서비스
https://www.card-gorilla.com/card/detail/2324,745,선택형,기타혜택,UNMAPPED_FALLBACK_기타혜택,원하는 플레이트 디자인 선택 가능
https://www.card-gorilla.com/card/detail/2325,746,온라인쇼핑,온라인쇼핑,EXACT,프레딧 10% 청구 할인
https://www.card-gorilla.com/card/detail/2325,746,카페/디저트,카페,SYNONYM_APPLIED,"스타벅스, 파리바게뜨, 뚜레쥬르 10% 청구 할인"
https://www.card-gorilla.com/card/detail/2325,746,간편결제,간편결제,EXACT,"네이버페이, 카카오페이에 카드 등록 및 결제 건 3% 청구 할인"
https://www.card-gorilla.com/card/detail/2325,746,통신,통신,EXACT,"SKT, KT, LG U+ 통신요금 자동이체 5% 청구 할인"
https://www.card-gorilla.com/card/detail/2325,746,모든가맹점,모든가맹점,EXACT,국내외 전 가맹점 0.5% 청구 할인
https://www.card-gorilla.com/card/detail/2326,747,해피포인트,기타혜택,UNMAPPED_FALLBACK_기타혜택,해피포인트 가맹점 이용시 해피포인트 최대 35% 적립
https://www.card-gorilla.com/card/detail/2326,747,생활,생활,EXACT,"학원, 골프/골프연습장, 약국, 미용실 5% 적립"
https://www.card-gorilla.com/card/detail/2326,747,디지털구독,디지털구독,EXACT,"넷플릭스, 웨이브, 멜론, 지니 10% 해피포인트 적립"
https://www.card-gorilla.com/card/detail/2326,747,선택형,기타혜택,UNMAPPED_FALLBACK_기타혜택,해피포인트 해피리워드 카드 디자인 선택
https://www.card-gorilla.com/card/detail/2327,748,모든가맹점,모든가맹점,EXACT,[대한항공 마일리지]국내 및 해외 가맹점 대한항공 1마일 기본 적립
https://www.card-gorilla.com/card/detail/2327,748,해외이용,기타혜택,UNMAPPED_FALLBACK_기타혜택,"[대한항공 마일리지]해외 이용(직구, 온라인 포함) 대한항공 1마일 추가 적립"
https://www.card-gorilla.com/card/detail/2327,748,면세점,면세점,EXACT,[대한항공 마일리지]면세점 업종 1마일 대한항공 추가 적립
https://www.card-gorilla.com/card/detail/2327,748,공항라운지,공항라운지,EXACT,[티타늄 전용 서비스] 공항 라운지 무료이용 서비스
https://www.card-gorilla.com/card/detail/2327,748,공항,기타혜택,UNMAPPED_FALLBACK_기타혜택,[티타늄 전용 서비스] 인천공항 무료 발레파킹 서비스
https://www.card-gorilla.com/card/detail/2327,748,호텔,기타혜택,UNMAPPED_FALLBACK_기타혜택,[티타늄 전용 서비스] 국내 호텔 무료 발레파킹 서비스
https://www.card-gorilla.com/card/detail/2327,748,프리미엄,기타혜택,UNMAPPED_FALLBACK_기타혜택,[티타늄 전용 서비스] Master 티타늄 공통서비스
https://www.card-gorilla.com/card/detail/2327,748,공항라운지,공항라운지,EXACT,[K-WORLD/국내전용 티타늄 서비스] 공항 라운지 무료 입장
https://www.card-gorilla.com/card/detail/2327,748,공항,기타혜택,UNMAPPED_FALLBACK_기타혜택,[K-WORLD/국내전용 티타늄 서비스] 인천공항 무료 발레파킹 서비스
https://www.card-gorilla.com/card/detail/2327,748,호텔,기타혜택,UNMAPPED_FALLBACK_기타혜택,[K-WORLD/국내전용 티타늄 서비스] 국내 호텔 무료 발레파킹 서비스
https://www.card-gorilla.com/card/detail/2329,749,금융,기타혜택,UNMAPPED_FALLBACK_기타혜택,전월 실적 없이 최대 0.6% 무제한 캐시백
https://www.card-gorilla.com/card/detail/2330,750,공과금,기타혜택,UNMAPPED_FALLBACK_기타혜택,[생활업종]아파트관리비 10% 할인
https://www.card-gorilla.com/card/detail/2330,750,공과금,기타혜택,UNMAPPED_FALLBACK_기타혜택,"[생활업종]공과금(도시가스비, 전기료) 10% 할인"
https://www.card-gorilla.com/card/detail/2330,750,대중교통,대중교통,EXACT,[생활업종]대중교통 10% 할인
https://www.card-gorilla.com/card/detail/2330,750,통신,통신,EXACT,"[생활업종]SKT, KT, LG U+ 10% 할인"
https://www.card-gorilla.com/card/detail/2330,750,배달앱,배달앱,EXACT,"[생활업종]배달의 민족, 요기요, 쿠팡이츠 10% 할인"
https://www.card-gorilla.com/card/detail/2330,750,보험사,기타혜택,UNMAPPED_FALLBACK_기타혜택,"[생활업종]생명보험, 손해보험 10% 할인"
https://www.card-gorilla.com/card/detail/2330,750,학습지,기타혜택,UNMAPPED_FALLBACK_기타혜택,[생활업종]학습지 10% 할인
https://www.card-gorilla.com/card/detail/2330,750,디지털구독,디지털구독,EXACT,"[생활업종]넷플릭스, 유튜브, 왓챠, 멜론, 지니뮤직, 디즈니 플러스 1,500원 할인"
https://www.card-gorilla.com/card/detail/2330,750,무이자할부,기타혜택,UNMAPPED_FALLBACK_기타혜택,국내 가맹점 2~3개월 무이자 할부
https://www.card-gorilla.com/card/detail/2331,751,배달앱,배달앱,EXACT,땡겨요앱 이용금액 마이신한포인트 10% 적립
https://www.card-gorilla.com/card/detail/2331,751,편의점,편의점,EXACT,편의점 이용금액 마이신한포인트 5% 적립
https://www.card-gorilla.com/card/detail/2332,752,생활,생활,EXACT,세탁소 10% 할인
https://www.card-gorilla.com/card/detail/2332,752,기타,기타,EXACT,정육점 10% 할인
https://www.card-gorilla.com/card/detail/2332,752,SSM,기타혜택,UNMAPPED_FALLBACK_기타혜택,슈퍼마켓 5% 할인
https://www.card-gorilla.com/card/detail/2332,752,기타,기타,EXACT,반찬가게 5% 할인
https://www.card-gorilla.com/card/detail/2332,752,기타,기타,EXACT,야채과일가게 5% 할인
https://www.card-gorilla.com/card/detail/2332,752,기타,기타,EXACT,번개장터(번개페이) 5% 할인
https://www.card-gorilla.com/card/detail/2332,752,선택형,기타혜택,UNMAPPED_FALLBACK_기타혜택,카드 디자인 선택 가능
https://www.card-gorilla.com/card/detail/2333,753,배달앱,배달앱,EXACT,땡겨요 앱 이용금액 마이신한포인트 10% 적립
https://www.card-gorilla.com/card/detail/2333,753,카페,카페,EXACT,스타벅스 이용금액 마이신한포인트 2% 적립
https://www.card-gorilla.com/card/detail/2333,753,편의점,편의점,EXACT,편의점 이용금액 마이신한포인트 2% 적립
https://www.card-gorilla.com/card/detail/2334,754,모든가맹점,모든가맹점,EXACT,전가맹점 이용금액 마이신한포인트 0.2% 적립
https://www.card-gorilla.com/card/detail/2334,754,주유소,주유소,EXACT,주유소 이용금액 마이신한포인트 0.2% 추가 적립
https://www.card-gorilla.com/card/detail/2334,754,편의점,편의점,EXACT,편의점 이용금액 마이신한포인트 0.2% 추가 적립
https://www.card-gorilla.com/card/detail/2335,755,해피포인트,기타혜택,UNMAPPED_FALLBACK_기타혜택,"[Reward ON]
해피오더/해피마켓/해피페이 결제 시 1,000원 환급할인"
https://www.card-gorilla.com/card/detail/2335,755,해피포인트,기타혜택,UNMAPPED_FALLBACK_기타혜택,"[Reward OFF]
해피가맹점(파리바게뜨, 던킨도너츠, 배스킨라빈스, 파스쿠찌) 결제 시 1,000원 환급할인"
https://www.card-gorilla.com/card/detail/2338,756,대중교통,대중교통,EXACT,대중교통(버스/지하철) 이용 시 최대 5% 적립
https://www.card-gorilla.com/card/detail/2338,756,생활,생활,EXACT,생활편의영역 이용 시 최대 2% 적립
https://www.card-gorilla.com/card/detail/2338,756,해외,기타혜택,UNMAPPED_FALLBACK_기타혜택,해외 이용금액에 대해 1.3% 적립
https://www.card-gorilla.com/card/detail/2340,757,온라인쇼핑,온라인쇼핑,EXACT,"[온라인] 쿠팡, G마켓, 옥션 7% 청구할인"
https://www.card-gorilla.com/card/detail/2340,757,온라인쇼핑,온라인쇼핑,EXACT,"[온라인] 로켓와우, 스마일클럽 멤버십 7% 청구할인"
https://www.card-gorilla.com/card/detail/2340,757,드럭스토어,드럭스토어,EXACT,[라이프] H&B 스토어 7% 청구할인
https://www.card-gorilla.com/card/detail/2340,757,디지털구독,디지털구독,EXACT,[라이프] 디지털구독 7% 청구할인
https://www.card-gorilla.com/card/detail/2340,757,편의점,편의점,EXACT,[라이프] 편의점 7% 청구할인
https://www.card-gorilla.com/card/detail/2342,758,카페,카페,EXACT,투썸플레이스 20% 캐시백
https://www.card-gorilla.com/card/detail/2342,758,카페,카페,EXACT,투썸플레이스 추가 혜택
https://www.card-gorilla.com/card/detail/2342,758,디지털구독,디지털구독,EXACT,OTT 1천원 캐시백
https://www.card-gorilla.com/card/detail/2342,758,선택형,기타혜택,UNMAPPED_FALLBACK_기타혜택,카드 플레이트 선택 가능
https://www.card-gorilla.com/card/detail/2343,759,간편결제,간편결제,EXACT,간편결제(Pay) 이용 시 최대 2% 적립
https://www.card-gorilla.com/card/detail/2343,759,생활,생활,EXACT,생활편의영역 이용 시 최대 2% 적립
https://www.card-gorilla.com/card/detail/2343,759,해외,기타혜택,UNMAPPED_FALLBACK_기타혜택,해외 이용금액에 대해 1.3% 적립
https://www.card-gorilla.com/card/detail/2343,759,선택형,기타혜택,UNMAPPED_FALLBACK_기타혜택,카드 플레이트 선택 가능
https://www.card-gorilla.com/card/detail/2349,760,선택형,기타혜택,UNMAPPED_FALLBACK_기타혜택,"[맞춤혜택] 옵션 서비스 1(Needs & Identity Option)
온라인패션·오늘의집 30% 할인 / 스타벅스 50%, 교보문고·스트리밍 30% 할인"
https://www.card-gorilla.com/card/detail/2349,760,선택형,기타혜택,UNMAPPED_FALLBACK_기타혜택,"[맞춤혜택] 옵션 서비스 2(My Shopping Otion)
온라인쇼핑몰 / 편의점·다이소·올리브영 / 해외 7% 할인"
https://www.card-gorilla.com/card/detail/2349,760,생활,생활,EXACT,이동통신요금·아파트 관리비 10% 결제일 할인
https://www.card-gorilla.com/card/detail/2349,760,교통,기타혜택,UNMAPPED_FALLBACK_기타혜택,대중교통·택시 10% 결제일 할인
https://www.card-gorilla.com/card/detail/2349,760,배달앱,배달앱,EXACT,배달앱 10% 결제일 할인
https://www.card-gorilla.com/card/detail/2349,760,선택형,기타혜택,UNMAPPED_FALLBACK_기타혜택,내 마음대로 고르는 디자인
https://www.card-gorilla.com/card/detail/2352,761,마트/편의점,기타혜택,UNMAPPED_FALLBACK_기타혜택,GS가맹점 최대 3% GS&POINT 적립
https://www.card-gorilla.com/card/detail/2352,761,모든가맹점,모든가맹점,EXACT,국내 전 가맹점 0.7% GS&POINT 적립
https://www.card-gorilla.com/card/detail/2352,761,기타,기타,EXACT,GS POP서비스 제공
https://www.card-gorilla.com/card/detail/2353,762,모든가맹점,모든가맹점,EXACT,국내 전 가맹점 1~1.8% 포인트적립
https://www.card-gorilla.com/card/detail/2353,762,해외,기타혜택,UNMAPPED_FALLBACK_기타혜택,해외 전 가맹점 3% 포인트적립
https://www.card-gorilla.com/card/detail/2353,762,적립,기타혜택,UNMAPPED_FALLBACK_기타혜택,"보너스 포인트 20,000점 적립"
https://www.card-gorilla.com/card/detail/2353,762,공항라운지,공항라운지,EXACT,[The Premium] 전세계 공항라운지 무료 이용
https://www.card-gorilla.com/card/detail/2353,762,대중교통,대중교통,EXACT,[The Premium] K리무진 버스 무료 이용
https://www.card-gorilla.com/card/detail/2353,762,골프,골프,EXACT,[The Premium] 골프 서비스
https://www.card-gorilla.com/card/detail/2353,762,호텔,기타혜택,UNMAPPED_FALLBACK_기타혜택,[The Premium] 전국 부티크 호텔 무료 브런치 제공
https://www.card-gorilla.com/card/detail/2354,763,모든가맹점,모든가맹점,EXACT,국내 가맹점 0.5%할인
https://www.card-gorilla.com/card/detail/2354,763,모든가맹점,모든가맹점,EXACT,국내 가맹점 우리페이 결제시 0.3% 추가할인
https://www.card-gorilla.com/card/detail/2354,763,소셜커머스,기타혜택,UNMAPPED_FALLBACK_기타혜택,"[LIVING] 쿠팡, G마켓, 11번가 1.5% 할인"
https://www.card-gorilla.com/card/detail/2354,763,배달앱,배달앱,EXACT,"[LIVING] 배달의민족, B마트, 쿠팡이츠 1.5% 할인"
https://www.card-gorilla.com/card/detail/2354,763,대형마트,대형마트,EXACT,"[LIVING] 이마트, 롯데마트, 홈플러스 1.5% 할인"
https://www.card-gorilla.com/card/detail/2354,763,교통,기타혜택,UNMAPPED_FALLBACK_기타혜택,"[LIVING] 대중교통, 택시, 전기차, 주유 1.5% 할인"
https://www.card-gorilla.com/card/detail/2354,763,적립,기타혜택,UNMAPPED_FALLBACK_기타혜택,[UNIQ LIVING] 1.5% 한번 더 적립
https://www.card-gorilla.com/card/detail/2354,763,디지털구독,디지털구독,EXACT,"[ENJOY] 넷플릭스, 유튜브 프리미엄, 멜론, 디즈니플러스 5% 할인"
https://www.card-gorilla.com/card/detail/2354,763,카페,카페,EXACT,"[ENJOY] 스타벅스, 투썸플레이스, 폴바셋, 이디야, 커피빈, 탐앤탐스, 카페베네, 할리스, 엔제리너스 5% 할인"
https://www.card-gorilla.com/card/detail/2355,764,테마파크,테마파크,EXACT,[레고랜드] 레고랜드 리조트 10% 청구할인
https://www.card-gorilla.com/card/detail/2355,764,푸드,기타혜택,UNMAPPED_FALLBACK_기타혜택,[배달간식] 배달앱/커피/제과/패스트푸드 10% 청구할인
https://www.card-gorilla.com/card/detail/2355,764,기타,기타,EXACT,[쇼핑교육] 대형마트/온라인쇼핑/소셜커머스/교육 5% 청구할인
https://www.card-gorilla.com/card/detail/2355,764,APP,기타혜택,UNMAPPED_FALLBACK_기타혜택,[KB Pay온라인쇼핑] KB Pay 온라인쇼핑 결제 5% 청구할인
https://www.card-gorilla.com/card/detail/2355,764,해외,기타혜택,UNMAPPED_FALLBACK_기타혜택,[해외이용] 해외 가맹점 이용 5% 캐시백
https://www.card-gorilla.com/card/detail/2356,765,테마파크,테마파크,EXACT,레고랜드 코리아 5% 환급할인
https://www.card-gorilla.com/card/detail/2356,765,대중교통,대중교통,EXACT,대중교통(버스/지하철) 10% 환급할인
https://www.card-gorilla.com/card/detail/2356,765,통신,통신,EXACT,"SKT, KT, LGU+, LiivM 2,500원 환급할인"
https://www.card-gorilla.com/card/detail/2356,765,디지털구독,디지털구독,EXACT,"멜론, 지니, 넷플릭스, 웨이브 5% 환급할인"
https://www.card-gorilla.com/card/detail/2356,765,카페,카페,EXACT,스타벅스 20% 환급할인
https://www.card-gorilla.com/card/detail/2356,765,도서,기타혜택,UNMAPPED_FALLBACK_기타혜택,교보문고 5% 환급할인
https://www.card-gorilla.com/card/detail/2356,765,편의점,편의점,EXACT,GS25 5% 환급할인
https://www.card-gorilla.com/card/detail/2357,766,테마파크,테마파크,EXACT,레고랜드 리조트 30% 청구할인
https://www.card-gorilla.com/card/detail/2357,766,기타,기타,EXACT,레고/완구 구매 10% 청구할인
https://www.card-gorilla.com/card/detail/2357,766,쇼핑,쇼핑,EXACT,백화점/대형마트 10% 청구할인
https://www.card-gorilla.com/card/detail/2357,766,배달앱,배달앱,EXACT,배달앱 10% 청구할인
https://www.card-gorilla.com/card/detail/2357,766,디지털구독,디지털구독,EXACT,구독서비스 20% 청구할인
https://www.card-gorilla.com/card/detail/2357,766,간편결제,간편결제,EXACT,KB Pay 결제 10% 청구할인
https://www.card-gorilla.com/card/detail/2357,766,해외이용,기타혜택,UNMAPPED_FALLBACK_기타혜택,해외 가맹점 이용 10% 캐시백
https://www.card-gorilla.com/card/detail/2357,766,프리미엄 서비스,기타혜택,UNMAPPED_FALLBACK_기타혜택,[리워드 서비스] 웰컴 레고랜드 포인트리 7만점 적립
https://www.card-gorilla.com/card/detail/2357,766,프리미엄 서비스,기타혜택,UNMAPPED_FALLBACK_기타혜택,[리워드 서비스] 레고랜드 포인트리 8만점 적립
https://www.card-gorilla.com/card/detail/2358,767,학원,교육육아,SYNONYM_APPLIED,교육 10% 결제일할인
https://www.card-gorilla.com/card/detail/2358,767,공과금,기타혜택,UNMAPPED_FALLBACK_기타혜택,"아파트 관리비 5,000원 결제일할인"
https://www.card-gorilla.com/card/detail/2358,767,온라인쇼핑,온라인쇼핑,EXACT,온라인쇼핑몰 멤버십 50% 결제일할인
https://www.card-gorilla.com/card/detail/2358,767,배달앱,배달앱,EXACT,배달앱 5% 결제일 할인
https://www.card-gorilla.com/card/detail/2358,767,해외,기타혜택,UNMAPPED_FALLBACK_기타혜택,해외 1.5% 결제일 할인
https://www.card-gorilla.com/card/detail/2358,767,선택형,기타혜택,UNMAPPED_FALLBACK_기타혜택,카드 디자인 소개
https://www.card-gorilla.com/card/detail/2359,768,주유소,주유소,EXACT,현대오빌뱅크/SK에너지 우대 주유소 25~85 포인트 적립
https://www.card-gorilla.com/card/detail/2359,768,모든가맹점,모든가맹점,EXACT,일반 가맹점 이용 시 0.2% 블루멤버스 포인트 적립
https://www.card-gorilla.com/card/detail/2359,768,멤버십포인트,기타혜택,UNMAPPED_FALLBACK_기타혜택,현대자동차 신차 구매 시 1.5% 블루멤버스 포인트 적립
https://www.card-gorilla.com/card/detail/2359,768,정비,기타혜택,UNMAPPED_FALLBACK_기타혜택,[제휴서비스] Bluemembers 멤버십 서비스
https://www.card-gorilla.com/card/detail/2359,768,선택형,기타혜택,UNMAPPED_FALLBACK_기타혜택,카드 플레이트 선택 가능
https://www.card-gorilla.com/card/detail/2360,769,테마파크,테마파크,EXACT,"[지역 특화 서비스]롯데월드 부산, 스카이라인루지 부산 10% 할인"
https://www.card-gorilla.com/card/detail/2360,769,경기관람,기타혜택,UNMAPPED_FALLBACK_기타혜택,[지역 특화 서비스] 롯데자이언츠 관람권 10% 할인
https://www.card-gorilla.com/card/detail/2360,769,쇼핑,쇼핑,EXACT,[지역 특화 서비스] 오프라인 쇼핑 5% 할인
https://www.card-gorilla.com/card/detail/2360,769,온라인쇼핑,온라인쇼핑,EXACT,[지역 특화 서비스] 온라인 쇼핑 5% 할인
https://www.card-gorilla.com/card/detail/2361,770,모든가맹점,모든가맹점,EXACT,모든 가맹점 0.5% 기본 캐시백
https://www.card-gorilla.com/card/detail/2361,770,모든가맹점,모든가맹점,EXACT,"전월 실적 충족하면, 모든 가맹점 1% 특별캐시백"
https://www.card-gorilla.com/card/detail/2361,770,간편결제,간편결제,EXACT,"[라이프 가맹점] 페이, 스트리밍, 배달 등 최대 50% 캐시백"
https://www.card-gorilla.com/card/detail/2361,770,프리미엄,기타혜택,UNMAPPED_FALLBACK_기타혜택,Master / AMEX Platinum Service
https://www.card-gorilla.com/card/detail/2361,770,선택형,기타혜택,UNMAPPED_FALLBACK_기타혜택,카드 플레이트 선택 가능
https://www.card-gorilla.com/card/detail/2363,771,디지털구독,디지털구독,EXACT,"wavve 월 이용권 7,900원 청구할인"
https://www.card-gorilla.com/card/detail/2363,771,푸드,기타혜택,UNMAPPED_FALLBACK_기타혜택,식음료 10% 청구할인
https://www.card-gorilla.com/card/detail/2363,771,디지털구독,디지털구독,EXACT,멤버십 정기구독 20% 청구할인
https://www.card-gorilla.com/card/detail/2363,771,생활,생활,EXACT,자기관리(미용/스포츠) 5% 청구할인
https://www.card-gorilla.com/card/detail/2364,772,교통,기타혜택,UNMAPPED_FALLBACK_기타혜택,대중교통·택시 10% 결제일할인
https://www.card-gorilla.com/card/detail/2364,772,통신,통신,EXACT,이동통신·스트리밍 10% 결제일할인
https://www.card-gorilla.com/card/detail/2364,772,카페/디저트,카페,SYNONYM_APPLIED,커피전문점·편의점 10% 결제일할인
https://www.card-gorilla.com/card/detail/2364,772,기타,기타,EXACT,해외·항공·철도 1.5% 결제일 할인
https://www.card-gorilla.com/card/detail/2364,772,선택형,기타혜택,UNMAPPED_FALLBACK_기타혜택,카드디자인 소개
https://www.card-gorilla.com/card/detail/2365,773,통신,통신,EXACT,"[자동이체 청구할인] 통신요금 자동이체 최대 15,000원 청구할인"
https://www.card-gorilla.com/card/detail/2365,773,렌탈,기타혜택,UNMAPPED_FALLBACK_기타혜택,"[자동이체 청구할인] 렌탈요금 자동이체 최대 15,000원 청구할인"
https://www.card-gorilla.com/card/detail/2365,773,보험사,기타혜택,UNMAPPED_FALLBACK_기타혜택,"[자동이체 청구할인] 손해/생명보험사 자동이체 최대 15,000원 청구할인"
https://www.card-gorilla.com/card/detail/2365,773,기타,기타,EXACT,"[자동이체 청구할인] 기타 자동이체 가맹점 최대 15,000원 청구할인"
https://www.card-gorilla.com/card/detail/2365,773,우리 K-패스 (COOKIE CHECK),기타혜택,UNMAPPED_FALLBACK_기타혜택,우리카드
https://www.card-gorilla.com/card/detail/2369,774,해피포인트,기타혜택,UNMAPPED_FALLBACK_기타혜택,해피포인트 가맹점에서 10% 해피포인트 적립
https://www.card-gorilla.com/card/detail/2369,774,생활,생활,EXACT,"일상 가맹점, 업종에서 5% 해피포인트 적립"
https://www.card-gorilla.com/card/detail/2369,774,모든가맹점,모든가맹점,EXACT,국내외 온·오프라인 가맹점에서 최대 0.5% 해피포인트 적립
https://www.card-gorilla.com/card/detail/2369,774,멤버십포인트,기타혜택,UNMAPPED_FALLBACK_기타혜택,"해피포인트 멤버십 서비스
해피포인트 가맹점 이용 시 5% 현장적립"
https://www.card-gorilla.com/card/detail/2369,774,프리미엄 서비스,기타혜택,UNMAPPED_FALLBACK_기타혜택,국제브랜드사의 Platinum 등급의 서비스 제공
https://www.card-gorilla.com/card/detail/2369,774,선택형,기타혜택,UNMAPPED_FALLBACK_기타혜택,플레이트 디자인 선택 가능
https://www.card-gorilla.com/card/detail/2370,775,모든가맹점,모든가맹점,EXACT,국내 가맹점 0.2% 적립
https://www.card-gorilla.com/card/detail/2370,775,쇼핑,쇼핑,EXACT,"[DAILY] 해외, 쿠팡, 11번가, 이마트, 롯데마트 1% 적립"
https://www.card-gorilla.com/card/detail/2370,775,교통,기타혜택,UNMAPPED_FALLBACK_기타혜택,"[DAILY] 대중교통, 전기차충전, 주유 1% 적립"
https://www.card-gorilla.com/card/detail/2370,775,디지털구독,디지털구독,EXACT,"[DAILY] (정기결제) 넷플릭스, 유튜브 프리미엄, 멜론, 디즈니플러스, 이동통신 1% 적립"
https://www.card-gorilla.com/card/detail/2370,775,기타,기타,EXACT,[DAILY] UNIQ DAILY 0.5% 한번 더 적립
https://www.card-gorilla.com/card/detail/2370,775,카페,카페,EXACT,"[EAT] 스타벅스, 투썸플레이스, 이디야 1% 적립"
https://www.card-gorilla.com/card/detail/2370,775,편의점,편의점,EXACT,"[EAT] CU, 세븐일레븐, GS25 1% 적립"
https://www.card-gorilla.com/card/detail/2370,775,배달앱,배달앱,EXACT,"[EAT] 배달의민족, 쿠팡이츠. 마켓컬리 1% 적립"
https://www.card-gorilla.com/card/detail/2371,776,국내외가맹점,모든가맹점,SYNONYM_APPLIED,[Daily 결제일 할인] 국내 이용금액 최대 0.9% / 해외 이용금액 0.5% 결제일 할인
https://www.card-gorilla.com/card/detail/2371,1257,기타,기타,EXACT,[Weekly 할인 쿠폰] 매주 1회 국내 이용 할인 쿠폰 제공 (전월실적 40만원 이상)
https://www.card-gorilla.com/card/detail/2371,1257,적립,기타혜택,UNMAPPED_FALLBACK_기타혜택,"[Monthly 단골 적립] My Pick 가맹점 월 3, 6, 9번째 이용 건에 대해 마이신한포인트 1,000원 적립
(전월실적 40만원 이상)"
https://www.card-gorilla.com/card/detail/2371,776,선택형,기타혜택,UNMAPPED_FALLBACK_기타혜택,카드 플레이트 선택 가능
https://www.card-gorilla.com/card/detail/2372,777,국내외가맹점,모든가맹점,SYNONYM_APPLIED,"[Daily 할인] 국내 이용금액 최대 0.3% 할인, 해외 이용금액 0.2% 할인"
https://www.card-gorilla.com/card/detail/2372,777,기타,기타,EXACT,[Weekly 할인 쿠폰] 매월 2회 국내 이용 할인 쿠폰 제공
https://www.card-gorilla.com/card/detail/2372,777,적립,기타혜택,UNMAPPED_FALLBACK_기타혜택,"[Monthly 단골 적립] My Pick 가맹점 월 3, 6, 9번째 이용 건에 대해 마이신한포인트 1,000포인트 적립"
https://www.card-gorilla.com/card/detail/2373,778,간편결제,간편결제,EXACT,간편결제(Pay) 이용 시 최대 2% 적립
https://www.card-gorilla.com/card/detail/2373,778,생활,생활,EXACT,생활편의영역 이용 시 최대 2% 적립
https://www.card-gorilla.com/card/detail/2373,778,해외,기타혜택,UNMAPPED_FALLBACK_기타혜택,해외 이용금액에 대해 1.3% 적립
https://www.card-gorilla.com/card/detail/2374,779,대중교통,대중교통,EXACT,대중교통(버스/지하철) 이용 시 최대 5% 적립
https://www.card-gorilla.com/card/detail/2374,779,생활,생활,EXACT,생활편의영역 이용 시 최대 2% 적립
https://www.card-gorilla.com/card/detail/2374,779,해외,기타혜택,UNMAPPED_FALLBACK_기타혜택,해외 이용금액에 대해 1.3% 적립
https://www.card-gorilla.com/card/detail/2376,780,모든가맹점,모든가맹점,EXACT,국내외 가맹점 0.7% 할인
https://www.card-gorilla.com/card/detail/2376,780,모든가맹점,모든가맹점,EXACT,국내외 가맹점 1% 할인
https://www.card-gorilla.com/card/detail/2376,780,온라인쇼핑,온라인쇼핑,EXACT,"온라인쇼핑몰 멤버십 50% 할인
전월 이용금액 30만원 이상 시 제공"
https://www.card-gorilla.com/card/detail/2376,780,영화,영화,EXACT,"영화 3,000원 할인
전월 이용금액 30만원 이상 시 제공"
https://www.card-gorilla.com/card/detail/2376,780,선택형,기타혜택,UNMAPPED_FALLBACK_기타혜택,내 마음대로 고르는 디자인!
https://www.card-gorilla.com/card/detail/2377,781,적립,기타혜택,UNMAPPED_FALLBACK_기타혜택,국내가맹점 0.5% 적립
https://www.card-gorilla.com/card/detail/2377,781,간편결제,간편결제,EXACT,KB Pay 5% 적립
https://www.card-gorilla.com/card/detail/2377,781,적립,기타혜택,UNMAPPED_FALLBACK_기타혜택,연간 리워드 적립
https://www.card-gorilla.com/card/detail/2377,781,선택형,기타혜택,UNMAPPED_FALLBACK_기타혜택,플레이트 디자인 선택 가능
https://www.card-gorilla.com/card/detail/2378,782,선택형,기타혜택,UNMAPPED_FALLBACK_기타혜택,"A팩: 온라인쇼핑, 대형마트, 렌탈/이동통신요금 10% 적립
B팩: 학원/서점 업종, 식품/배달 업체, 슈퍼마켓, 제과/아이스크림업종 10% 적립"
https://www.card-gorilla.com/card/detail/2378,782,간편결제,간편결제,EXACT,KB Pay 5% 적립
https://www.card-gorilla.com/card/detail/2378,782,선택형,기타혜택,UNMAPPED_FALLBACK_기타혜택,플레이트 디자인 선택 가능
https://www.card-gorilla.com/card/detail/2379,783,간편결제,간편결제,EXACT,간편결제(Pay) 이용 시 최대 2% 적립
https://www.card-gorilla.com/card/detail/2379,783,생활,생활,EXACT,생활편의영역 이용 시 최대 2% 적립
https://www.card-gorilla.com/card/detail/2379,783,해외,기타혜택,UNMAPPED_FALLBACK_기타혜택,해외 이용금액에 대해 1.3% 적립
https://www.card-gorilla.com/card/detail/2379,783,선택형,기타혜택,UNMAPPED_FALLBACK_기타혜택,카드 플레이트 선택 가능
https://www.card-gorilla.com/card/detail/2385,784,프리미엄 서비스,기타혜택,UNMAPPED_FALLBACK_기타혜택,몽블랑 에디션 패키지
https://www.card-gorilla.com/card/detail/2385,784,모든가맹점,모든가맹점,EXACT,국내외 가맹점 L.POINT 0.5% 적립
https://www.card-gorilla.com/card/detail/2385,784,생활,생활,EXACT,스트리밍·커피 결제일 할인
https://www.card-gorilla.com/card/detail/2385,784,면세점,면세점,EXACT,롯데면세점 5~15% 현장할인
https://www.card-gorilla.com/card/detail/2385,784,멤버십포인트,기타혜택,UNMAPPED_FALLBACK_기타혜택,L.POINT
https://www.card-gorilla.com/card/detail/2385,784,프리미엄 서비스,기타혜택,UNMAPPED_FALLBACK_기타혜택,Master WORLD 서비스
https://www.card-gorilla.com/card/detail/2386,785,대중교통,대중교통,EXACT,K-패스 안내
https://www.card-gorilla.com/card/detail/2386,785,대중교통,대중교통,EXACT,"[교통서비스 할인(모바일티머니)]
대중교통(버스, 지하철) 30% 결제일 할인"
https://www.card-gorilla.com/card/detail/2386,785,교통,기타혜택,UNMAPPED_FALLBACK_기타혜택,"[교통서비스 할인(티머니GO)]
고속/시외 버스, 따릉이, 킥보드, 택시 20% 결제일 할인"
https://www.card-gorilla.com/card/detail/2386,785,백화점,백화점,EXACT,"[생활서비스 할인]
4대 백화점 5% 결제일 할인"
https://www.card-gorilla.com/card/detail/2386,785,편의점,편의점,EXACT,"[생활서비스 할인]
5대 편의점 5% 결제일 할인"
https://www.card-gorilla.com/card/detail/2386,785,통신,통신,EXACT,"[생활서비스 할인]
이동통신요금 자동이체 5% 결제일 할인"
https://www.card-gorilla.com/card/detail/2386,785,카페,카페,EXACT,"[생활서비스 할인]
커피전문점 5% 결제일 할인"
https://www.card-gorilla.com/card/detail/2386,785,선택형,기타혜택,UNMAPPED_FALLBACK_기타혜택,카드 플레이트 선택 가능
https://www.card-gorilla.com/card/detail/2388,786,모든가맹점,모든가맹점,EXACT,전월 이용금액에 따라 국내외 가맹점 이용금액 최대 3% 넥슨 현대카드 포인트 적립
https://www.card-gorilla.com/card/detail/2388,786,바우처,기타혜택,UNMAPPED_FALLBACK_기타혜택,연간 6만 넥슨 현대카드 포인트 바우처
https://www.card-gorilla.com/card/detail/2388,786,생활,생활,EXACT,생활 편의 영역 6대 업종 결제 시 연간 통합 6만원 청구 할인
https://www.card-gorilla.com/card/detail/2388,786,게임,기타혜택,UNMAPPED_FALLBACK_기타혜택,PC방 이용 시 최대 3천원 청구 할인
https://www.card-gorilla.com/card/detail/2388,786,공연/전시,기타혜택,UNMAPPED_FALLBACK_기타혜택,넥슨컴퓨터박물관 메가티켓 2장 결제금액 청구 할인
https://www.card-gorilla.com/card/detail/2388,786,프리미엄 서비스,기타혜택,UNMAPPED_FALLBACK_기타혜택,차별화된 가치를 담은 메탈플레이트 제공
https://www.card-gorilla.com/card/detail/2388,786,프리미엄 서비스,기타혜택,UNMAPPED_FALLBACK_기타혜택,MasterCard World서비스
https://www.card-gorilla.com/card/detail/2389,787,모든가맹점,모든가맹점,EXACT,제한 없이 기본 0.5% 적립
https://www.card-gorilla.com/card/detail/2389,787,모든가맹점,모든가맹점,EXACT,이용금액 30만원 이상 시 1.5% 추가 적립
https://www.card-gorilla.com/card/detail/2389,787,선택형,기타혜택,UNMAPPED_FALLBACK_기타혜택,넥슨 현대카드의 특별한 디자인을 소개합니다
https://www.card-gorilla.com/card/detail/2390,788,모든가맹점,모든가맹점,EXACT,월 이용금액 50만원 한도까지 실적 조건 없이 0.5% 넥슨 현대카드 포인트 적립
https://www.card-gorilla.com/card/detail/2390,788,선택형,기타혜택,UNMAPPED_FALLBACK_기타혜택,넥슨 현대카드 CHECK의특별한 디자인을 소개합니다
https://www.card-gorilla.com/card/detail/2392,789,온라인쇼핑,온라인쇼핑,EXACT,CJ온스타일 7% 결제일 할인
https://www.card-gorilla.com/card/detail/2392,789,드럭스토어,드럭스토어,EXACT,올리브영 10% 결제일할인
https://www.card-gorilla.com/card/detail/2392,789,베이커리,기타혜택,UNMAPPED_FALLBACK_기타혜택,뚜레쥬르 10% 결제일할인
https://www.card-gorilla.com/card/detail/2392,789,패밀리레스토랑,기타혜택,UNMAPPED_FALLBACK_기타혜택,VIPS 20% 결제일할인
https://www.card-gorilla.com/card/detail/2392,789,영화,영화,EXACT,"CGV 4,000원·8,000원 결제일할인"
https://www.card-gorilla.com/card/detail/2392,789,디지털구독,디지털구독,EXACT,티빙 30% 결제일할인
https://www.card-gorilla.com/card/detail/2392,789,배달앱,배달앱,EXACT,배달앱 5% 결제일할인
https://www.card-gorilla.com/card/detail/2392,789,편의점,편의점,EXACT,편의점 5% 결제일할인
https://www.card-gorilla.com/card/detail/2392,789,통신,통신,EXACT,이동통신요금 5% 결제일할인
https://www.card-gorilla.com/card/detail/2392,789,CJ ONE,기타혜택,UNMAPPED_FALLBACK_기타혜택,CJ ONE 멤버십 기능
https://www.card-gorilla.com/card/detail/2393,790,온라인쇼핑,온라인쇼핑,EXACT,SSG.COM 결제 시 SSG MONEY 7% 적립
https://www.card-gorilla.com/card/detail/2393,790,모든가맹점,모든가맹점,EXACT,SSG.COM 외 가맹점 결제 시 SSG MONEY 0.5% 적립
https://www.card-gorilla.com/card/detail/2393,790,디지털구독,디지털구독,EXACT,스마일클럽 정기 결제 금액 지원
https://www.card-gorilla.com/card/detail/2393,790,선택형,기타혜택,UNMAPPED_FALLBACK_기타혜택,SSG.COM카드 Edition2의 특별한 디자인을 소개합니다.
https://www.card-gorilla.com/card/detail/2394,791,해외이용,기타혜택,UNMAPPED_FALLBACK_기타혜택,해외 가맹점 이용수수료 면제
https://www.card-gorilla.com/card/detail/2394,791,수수료우대,기타혜택,UNMAPPED_FALLBACK_기타혜택,해외 ATM 인출 수수료 면제
https://www.card-gorilla.com/card/detail/2394,791,적립,기타혜택,UNMAPPED_FALLBACK_기타혜택,국내 가맹점 이용 시 0.3% 적립
https://www.card-gorilla.com/card/detail/2394,791,선택형,기타혜택,UNMAPPED_FALLBACK_기타혜택,플레이트 3종 선택
https://www.card-gorilla.com/card/detail/2395,792,LOCA 나누기 혜택,기타혜택,UNMAPPED_FALLBACK_기타혜택,일시불 이용금액에 따라 최대 6개월까지 나누기 혜택 제공
https://www.card-gorilla.com/card/detail/2395,792,멤버십포인트,기타혜택,UNMAPPED_FALLBACK_기타혜택,L.POINT
https://www.card-gorilla.com/card/detail/2396,793,적립,기타혜택,UNMAPPED_FALLBACK_기타혜택,국내 가맹점 1~2.3% 포인트 적립
https://www.card-gorilla.com/card/detail/2396,793,해외,기타혜택,UNMAPPED_FALLBACK_기타혜택,"해외, 면세점 2% 포인트 적립"
https://www.card-gorilla.com/card/detail/2396,793,공항라운지,공항라운지,EXACT,"국내 및 해외 공항 라운지 무료 이용(월 2회, 연 10회)"
https://www.card-gorilla.com/card/detail/2396,793,교통,기타혜택,UNMAPPED_FALLBACK_기타혜택,[프리미엄 서비스] K리무진 버스 무료 이용
https://www.card-gorilla.com/card/detail/2396,793,골프,골프,EXACT,"[프리미엄 서비스] 국내 지정 골프장 커피(4잔) 무료 제공, 국내 지정 골프연습장 타석권 무료 제공"
https://www.card-gorilla.com/card/detail/2396,793,바우처,기타혜택,UNMAPPED_FALLBACK_기타혜택,[프리미엄 기프트] 공항 라운지 무료이용권 8매
https://www.card-gorilla.com/card/detail/2396,793,바우처,기타혜택,UNMAPPED_FALLBACK_기타혜택,[프리미엄 기프트] 프리미엄여행 할인권 20만원 제공
https://www.card-gorilla.com/card/detail/2396,793,바우처,기타혜택,UNMAPPED_FALLBACK_기타혜택,[프리미엄 기프트] 신세계 상품권 모바일 교환권 20만원
https://www.card-gorilla.com/card/detail/2396,793,바우처,기타혜택,UNMAPPED_FALLBACK_기타혜택,[프리미엄 기프트] 신라면세점 선불카드 20만원권 교환쿠폰
https://www.card-gorilla.com/card/detail/2396,793,바우처,기타혜택,UNMAPPED_FALLBACK_기타혜택,[프리미엄 기프트] 우리WON꿀머니 20만점
https://www.card-gorilla.com/card/detail/2396,793,적립,기타혜택,UNMAPPED_FALLBACK_기타혜택,"[보너스 리워드] 보너스 포인트 100,000점 적립"
https://www.card-gorilla.com/card/detail/2397,794,적립,기타혜택,UNMAPPED_FALLBACK_기타혜택,국내 가맹점 1마일 적립
https://www.card-gorilla.com/card/detail/2397,794,해외,기타혜택,UNMAPPED_FALLBACK_기타혜택,"해외, 면세점 2마일 적립"
https://www.card-gorilla.com/card/detail/2397,794,공항라운지,공항라운지,EXACT,"국내 및 해외 공항 라운지 무료 이용(월 2회, 연 10회)"
https://www.card-gorilla.com/card/detail/2397,794,교통,기타혜택,UNMAPPED_FALLBACK_기타혜택,[프리미엄 서비스] K리무진 버스 무료 이용
https://www.card-gorilla.com/card/detail/2397,794,골프,골프,EXACT,"[프리미엄 서비스] 국내 지정 골프장 커피(4잔) 무료 제공, 국내 지정 골프연습장 타석권 무료 제공"
https://www.card-gorilla.com/card/detail/2397,794,바우처,기타혜택,UNMAPPED_FALLBACK_기타혜택,[프리미엄 기프트] 공항 라운지 무료이용권 8매
https://www.card-gorilla.com/card/detail/2397,794,바우처,기타혜택,UNMAPPED_FALLBACK_기타혜택,[프리미엄 기프트] 프리미엄여행 할인권 20만원 제공
https://www.card-gorilla.com/card/detail/2397,794,바우처,기타혜택,UNMAPPED_FALLBACK_기타혜택,[프리미엄 기프트] 신세계 상품권 모바일 교환권 20만원
https://www.card-gorilla.com/card/detail/2397,794,바우처,기타혜택,UNMAPPED_FALLBACK_기타혜택,[프리미엄 기프트] 신라면세점 선불카드 20만원권 교환쿠폰
https://www.card-gorilla.com/card/detail/2397,794,바우처,기타혜택,UNMAPPED_FALLBACK_기타혜택,[프리미엄 기프트] 우리WON꿀머니 20만점
https://www.card-gorilla.com/card/detail/2397,794,적립,기타혜택,UNMAPPED_FALLBACK_기타혜택,"[보너스 리워드] 보너스 포인트 마일리지 5,000마일 적립"
https://www.card-gorilla.com/card/detail/2398,795,모든가맹점,모든가맹점,EXACT,국내외 가맹점 스카이패스 1마일리지 적립
https://www.card-gorilla.com/card/detail/2398,795,쇼핑,쇼핑,EXACT,신세계백화점·신세계면세점 스카이패스 1마일리지 추가적립
https://www.card-gorilla.com/card/detail/2398,795,백화점,백화점,EXACT,신세계백화점 제휴 서비스
https://www.card-gorilla.com/card/detail/2398,795,면세점,면세점,EXACT,신세계면세점 멤버십 우대 서비스
https://www.card-gorilla.com/card/detail/2398,795,프리미엄 서비스,기타혜택,UNMAPPED_FALLBACK_기타혜택,Mastercard PLATINUM 등급 서비스
https://www.card-gorilla.com/card/detail/2399,796,푸드,기타혜택,UNMAPPED_FALLBACK_기타혜택,"[YUMMY!] 편의점(GS25/CU), 커피/음료 전문점 5% 환급할인"
https://www.card-gorilla.com/card/detail/2399,796,생활,생활,EXACT,"[Enjoy!] 올리브영, 다이소 결제 시 5% 환급할인"
https://www.card-gorilla.com/card/detail/2399,796,게임,기타혜택,UNMAPPED_FALLBACK_기타혜택,"구글 플레이스토어, 앱스토어 결제 시 5% 환급할인"
https://www.card-gorilla.com/card/detail/2399,796,선택형,기타혜택,UNMAPPED_FALLBACK_기타혜택,다양한 플레이트 선택 가능
https://www.card-gorilla.com/card/detail/2400,797,푸드,기타혜택,UNMAPPED_FALLBACK_기타혜택,종일커피/점심식사/저녁간식 페이북머니 8% 적립
https://www.card-gorilla.com/card/detail/2400,797,모든가맹점,모든가맹점,EXACT,국내 가맹점 이용금액 0.1% 기부 기금 적립
https://www.card-gorilla.com/card/detail/2401,798,충전소,기타혜택,UNMAPPED_FALLBACK_기타혜택,[친환경 생활] 전기차 충전 60% 적립
https://www.card-gorilla.com/card/detail/2401,798,대중교통,대중교통,EXACT,[친환경 생활] 대중교통 (버스/지하철) 10% 적립
https://www.card-gorilla.com/card/detail/2401,798,기타,기타,EXACT,[친환경 생활] 공유 모빌리티 10% 적립
https://www.card-gorilla.com/card/detail/2401,798,디지털구독,디지털구독,EXACT,[디지털 생활] 스트리밍 10% 적립
https://www.card-gorilla.com/card/detail/2401,798,디지털구독,디지털구독,EXACT,[디지털 생활] 전자책 10% 적립
https://www.card-gorilla.com/card/detail/2401,798,카페,카페,EXACT,[디지털 생활] 커피 10% 적립
https://www.card-gorilla.com/card/detail/2401,798,간편결제,간편결제,EXACT,[간편결제] 주요 간편결제 1.6% 적립
https://www.card-gorilla.com/card/detail/2402,799,멤버십포인트,기타혜택,UNMAPPED_FALLBACK_기타혜택,GS리테일 점내 이용 시 2% GS&POINT 적립
https://www.card-gorilla.com/card/detail/2402,799,모든가맹점,모든가맹점,EXACT,"국내 이용금액의 1%, 국외 이용금액의 2% NH포인트 적립"
https://www.card-gorilla.com/card/detail/2402,799,공항라운지,공항라운지,EXACT,국제공항 라운지 무료이용 연 2회 제공
https://www.card-gorilla.com/card/detail/2403,800,할인,기타혜택,UNMAPPED_FALLBACK_기타혜택,[SIMPLE할인] 국내가맹점 1.0%~0.7% 청구할인
https://www.card-gorilla.com/card/detail/2403,800,주유,주유소,SYNONYM_APPLIED,[Daily 할인] 주유 리터당 60~100원 청구할인
https://www.card-gorilla.com/card/detail/2403,800,대중교통,대중교통,EXACT,[Daily 할인] 대중교통 10% 청구할인
https://www.card-gorilla.com/card/detail/2403,800,카페,카페,EXACT,[Daily 할인] 커피 10% 청구할인
https://www.card-gorilla.com/card/detail/2404,801,쇼핑,쇼핑,EXACT,코오롱 FnC 온/오프라인 매장 상품 구매시 청구할인 제공
https://www.card-gorilla.com/card/detail/2404,801,쇼핑,쇼핑,EXACT,코오롱 FnC 온/오프라인 매장 상품 구매시 장기할부 및 12/24/36개월 할부금 청구할인 제공
https://www.card-gorilla.com/card/detail/2404,801,공항라운지,공항라운지,EXACT,"국내외 공항 라운지 무료 이용 서비스(통합 월 1회, 연 2회)"
https://www.card-gorilla.com/card/detail/2404,801,편의점,편의점,EXACT,편의점 5% 청구할인 서비스
https://www.card-gorilla.com/card/detail/2404,801,선택형,기타혜택,UNMAPPED_FALLBACK_기타혜택,카드 플레이트 선택 가능
https://www.card-gorilla.com/card/detail/2405,802,디지털구독,디지털구독,EXACT,디지털 구독 50% 청구할인
https://www.card-gorilla.com/card/detail/2405,802,간편결제,간편결제,EXACT,디지털 결제 1% 청구할인
https://www.card-gorilla.com/card/detail/2405,802,할인,기타혜택,UNMAPPED_FALLBACK_기타혜택,국내외 전 가맹점 기본 0.5% 청구할인
https://www.card-gorilla.com/card/detail/2405,802,선택형,기타혜택,UNMAPPED_FALLBACK_기타혜택,플레이트 선택 가능
https://www.card-gorilla.com/card/detail/2406,803,항공마일리지,항공,SYNONYM_APPLIED,국내 이용금액 1천원당 1마일리지 적립
https://www.card-gorilla.com/card/detail/2406,803,항공마일리지,항공,SYNONYM_APPLIED,해외 이용금액 1천원당 2마일리지 적립 (지난달 실적 조건 확인)
https://www.card-gorilla.com/card/detail/2406,803,공항라운지,공항라운지,EXACT,"인천공항 라운지 무료 서비스 (월 2회, 연 4회, 서비스 실적 조건 확인)"
https://www.card-gorilla.com/card/detail/2406,803,프리미엄 서비스,기타혜택,UNMAPPED_FALLBACK_기타혜택,Special Service 메탈 플레이트 기본 제공
https://www.card-gorilla.com/card/detail/2406,803,프리미엄 서비스,기타혜택,UNMAPPED_FALLBACK_기타혜택,국제 브랜드 서비스
https://www.card-gorilla.com/card/detail/2407,804,애완동물,기타혜택,UNMAPPED_FALLBACK_기타혜택,동물병원/반려동물쇼핑몰 30% 할인
https://www.card-gorilla.com/card/detail/2407,804,간편결제,간편결제,EXACT,온라인 간편결제 5% 할인
https://www.card-gorilla.com/card/detail/2407,804,보험사,기타혜택,UNMAPPED_FALLBACK_기타혜택,손해보험 10% 할인
https://www.card-gorilla.com/card/detail/2407,804,해외,기타혜택,UNMAPPED_FALLBACK_기타혜택,해외 1.5% 할인
https://www.card-gorilla.com/card/detail/2407,804,디지털구독,디지털구독,EXACT,스트리밍 10% 할인
https://www.card-gorilla.com/card/detail/2407,804,카페/디저트,카페,SYNONYM_APPLIED,"커피전문점/편의점 1,000원 할인"
https://www.card-gorilla.com/card/detail/2409,805,대중교통,대중교통,EXACT,대중교통 건당 300원 할인
https://www.card-gorilla.com/card/detail/2409,805,카페,카페,EXACT,커피 건당 300원 할인
https://www.card-gorilla.com/card/detail/2409,805,편의점,편의점,EXACT,편의점 건당 300원 할인
https://www.card-gorilla.com/card/detail/2409,805,디지털구독,디지털구독,EXACT,"디지털 구독 건당 3,000원 할인"
https://www.card-gorilla.com/card/detail/2409,805,주유,주유소,SYNONYM_APPLIED,"주유/충전 건당 3,000원 할인"
https://www.card-gorilla.com/card/detail/2409,805,쇼핑,쇼핑,EXACT,"쇼핑 건당 3,000원 할인"
https://www.card-gorilla.com/card/detail/2409,805,생활,생활,EXACT,"생활요금 건당 3,000원 할인"
https://www.card-gorilla.com/card/detail/2409,805,무이자할부,기타혜택,UNMAPPED_FALLBACK_기타혜택,#MYWAY 2~3개월 무이자 할부 서비스
https://www.card-gorilla.com/card/detail/2410,806,제주항공,기타혜택,UNMAPPED_FALLBACK_기타혜택,[특별적립] 여행특화 1천원당 제주항공 리프레시 포인트 30p 적립
https://www.card-gorilla.com/card/detail/2410,806,제주항공,기타혜택,UNMAPPED_FALLBACK_기타혜택,[특별적립] 쇼핑/구독/레저 1천원당 제주항공 리프레시 포인트 20p 적립
https://www.card-gorilla.com/card/detail/2410,806,적립,기타혜택,UNMAPPED_FALLBACK_기타혜택,[일반적립] 국내 전가맹점 1천원당 제주항공 리프레시 포인트 5p 적립
https://www.card-gorilla.com/card/detail/2411,807,할인,기타혜택,UNMAPPED_FALLBACK_기타혜택,국내 가맹점 0.7% 청구할인
https://www.card-gorilla.com/card/detail/2411,807,온라인쇼핑,온라인쇼핑,EXACT,국내 온라인 가맹점 1.7% 청구할인
https://www.card-gorilla.com/card/detail/2411,807,해외이용,기타혜택,UNMAPPED_FALLBACK_기타혜택,해외 가맹점 1.7% 청구할인
https://www.card-gorilla.com/card/detail/2412,808,아시아나항공,아시아나항공,EXACT,아시아나마일리지 1천원당 1마일리지 적립
https://www.card-gorilla.com/card/detail/2412,808,공항라운지,공항라운지,EXACT,공항라운지 무료 이용 서비스(AMEX 브랜드 카드 발급 시 제공)
https://www.card-gorilla.com/card/detail/2412,808,멤버십포인트,기타혜택,UNMAPPED_FALLBACK_기타혜택,L.POINT
https://www.card-gorilla.com/card/detail/2414,809,프리미엄 서비스,기타혜택,UNMAPPED_FALLBACK_기타혜택,[인플카 전용 혜택]인플카 현대카드 보유 시 인플카 앱 서비스 이용 가능
https://www.card-gorilla.com/card/detail/2414,809,생활,생활,EXACT,생활 필수 영역 이용 금액의 10% M포인트 적립
https://www.card-gorilla.com/card/detail/2414,809,선택형,기타혜택,UNMAPPED_FALLBACK_기타혜택,인플카 현대카드의 특별한 디자인을 소개합니다
https://www.card-gorilla.com/card/detail/2416,810,대형마트,대형마트,EXACT,이마트/트레이더스 최대 30% 청구할인
https://www.card-gorilla.com/card/detail/2416,810,카페,카페,EXACT,스타벅스 최대 10% 청구할인
https://www.card-gorilla.com/card/detail/2416,810,생활,생활,EXACT,생활업종 최대 10% 청구할인
https://www.card-gorilla.com/card/detail/2416,810,디지털구독,디지털구독,EXACT,구독서비스 10% 청구할인
https://www.card-gorilla.com/card/detail/2417,811,배달앱,배달앱,EXACT,배달앱 1% M포인트 적립
https://www.card-gorilla.com/card/detail/2417,811,편의점,편의점,EXACT,편의점 1% M포인트 적립
https://www.card-gorilla.com/card/detail/2417,811,통신,통신,EXACT,통신요금 자동이체 1% M포인트 적립
https://www.card-gorilla.com/card/detail/2419,813,대중교통,대중교통,EXACT,대중교통 1%·2% 결제일할인
https://www.card-gorilla.com/card/detail/2419,813,생활,생활,EXACT,편의점·배달앱·델리·커피전문점 1%·8% 결제일 할인
https://www.card-gorilla.com/card/detail/2419,813,선택형,기타혜택,UNMAPPED_FALLBACK_기타혜택,"보기만 해도 소장 욕구 뿜뿜!
청소년의 눈길과 마음을 사로잡은 삼성 iD POCKET 카드를 소개합니다."
https://www.card-gorilla.com/card/detail/2420,814,비즈니스,기타혜택,UNMAPPED_FALLBACK_기타혜택,사업 필수 경비 5% 결제일할인
https://www.card-gorilla.com/card/detail/2420,814,비즈니스,기타혜택,UNMAPPED_FALLBACK_기타혜택,사업장 운영 경비 1.5% 결제일할인
https://www.card-gorilla.com/card/detail/2420,814,기타,기타,EXACT,온라인 간편결제/커피전문점/해외 1.5% 결제일할인
https://www.card-gorilla.com/card/detail/2420,814,할인,기타혜택,UNMAPPED_FALLBACK_기타혜택,국내 가맹점 1% 결제일할인
https://www.card-gorilla.com/card/detail/2420,814,금융,기타혜택,UNMAPPED_FALLBACK_기타혜택,세무지원 서비스
https://www.card-gorilla.com/card/detail/2421,815,생활,생활,EXACT,매일 가는 곳은 혜택 고민 없이 0.3% 캐시백
https://www.card-gorilla.com/card/detail/2421,815,비즈니스,기타혜택,UNMAPPED_FALLBACK_기타혜택,사업운영에 꼭 필요한 곳에서 3% 캐시백
https://www.card-gorilla.com/card/detail/2422,816,카페,카페,EXACT,"[일상] 스타벅스, 커피빈 10% 할인"
https://www.card-gorilla.com/card/detail/2422,816,게임,기타혜택,UNMAPPED_FALLBACK_기타혜택,"[일상] 구글플레이스토어, 앱스토어 10% 할인"
https://www.card-gorilla.com/card/detail/2422,816,공연/전시,기타혜택,UNMAPPED_FALLBACK_기타혜택,[일상] 인터파크 티켓 10% 할인
https://www.card-gorilla.com/card/detail/2422,816,드럭스토어,드럭스토어,EXACT,"[일상] 올리브영, 미용실 업종 5% 할인"
https://www.card-gorilla.com/card/detail/2422,816,편의점,편의점,EXACT,"[일상] GS25, CU 5% 할인"
https://www.card-gorilla.com/card/detail/2422,816,디지털구독,디지털구독,EXACT,"[일상]넷플릭스, 유튜브프리미엄 1,000원 할인"
https://www.card-gorilla.com/card/detail/2422,816,배달앱,배달앱,EXACT,"[일상] 배달의 민족, 요기요 1,000원 할인"
https://www.card-gorilla.com/card/detail/2422,816,통신,통신,EXACT,"[일상] SKT, KT, LG U+, Liiv M 2,500원 할인"
https://www.card-gorilla.com/card/detail/2422,816,영화,영화,EXACT,"[일상] CGV 4,000원 할인"
https://www.card-gorilla.com/card/detail/2422,816,테마파크,테마파크,EXACT,"[일상] 에버랜드, 롯데월드 15,000원 할인"
https://www.card-gorilla.com/card/detail/2422,816,간편결제,간편결제,EXACT,[KB Pay] 오프라인 가맹점 2% 추가 할인
https://www.card-gorilla.com/card/detail/2422,816,간편결제,간편결제,EXACT,[KB Pay] 온라인 가맹점 2% 추가 할인
https://www.card-gorilla.com/card/detail/2423,817,카페,카페,EXACT,"[일상] 스타벅스, 커피빈 10% 할인"
https://www.card-gorilla.com/card/detail/2423,817,게임,기타혜택,UNMAPPED_FALLBACK_기타혜택,"[일상] 구글플레이스토어, 앱스토어 10% 할인"
https://www.card-gorilla.com/card/detail/2423,817,공연/전시,기타혜택,UNMAPPED_FALLBACK_기타혜택,[일상] 인터파크 티켓 10% 할인
https://www.card-gorilla.com/card/detail/2423,817,드럭스토어,드럭스토어,EXACT,"[일상] 올리브영, 미용실 업종 5% 할인"
https://www.card-gorilla.com/card/detail/2423,817,편의점,편의점,EXACT,"[일상] GS25, CU 5% 할인"
https://www.card-gorilla.com/card/detail/2423,817,디지털구독,디지털구독,EXACT,"[일상]넷플릭스, 유튜브프리미엄 1,000원 할인"
https://www.card-gorilla.com/card/detail/2423,817,배달앱,배달앱,EXACT,"[일상] 배달의 민족, 요기요 1,000원 할인"
https://www.card-gorilla.com/card/detail/2423,817,통신,통신,EXACT,"[일상] SKT, KT, LG U+, Liiv M 2,500원 할인"
https://www.card-gorilla.com/card/detail/2423,817,OTT/영화/문화,기타혜택,UNMAPPED_FALLBACK_기타혜택,"[일상] CGV 4,000원 할인"
https://www.card-gorilla.com/card/detail/2423,817,테마파크,테마파크,EXACT,"[일상] 에버랜드, 롯데월드 15,000원 할인"
https://www.card-gorilla.com/card/detail/2423,817,해외이용,기타혜택,UNMAPPED_FALLBACK_기타혜택,[Global] 해외 가맹점 2% 할인
https://www.card-gorilla.com/card/detail/2423,817,공항라운지,공항라운지,EXACT,[Global] 공항라운지 더라운지멤버스
https://www.card-gorilla.com/card/detail/2424,818,렌탈,기타혜택,UNMAPPED_FALLBACK_기타혜택,"렌탈료 결제일 최대 25,000원 할인"
https://www.card-gorilla.com/card/detail/2424,818,캐시백,기타혜택,UNMAPPED_FALLBACK_기타혜택,"장기할부 최대 25,000원 캐시백"
https://www.card-gorilla.com/card/detail/2424,818,LOCA LIKIT 1.2,기타혜택,UNMAPPED_FALLBACK_기타혜택,롯데카드
https://www.card-gorilla.com/card/detail/2429,819,할인,기타혜택,UNMAPPED_FALLBACK_기타혜택,"특화서비스 청구할인
지난달 실적에 따라 월 통합 최대 3만원 청구할인"
https://www.card-gorilla.com/card/detail/2429,819,간편결제,간편결제,EXACT,"간편결제 청구할인
월 할인한도 제한없이 1% 청구할인"
https://www.card-gorilla.com/card/detail/2429,819,할인,기타혜택,UNMAPPED_FALLBACK_기타혜택,"국내/외 가맹점 청구할인
월 할인한도 제한없이 0.7% 청구할인"
https://www.card-gorilla.com/card/detail/2430,820,적립,기타혜택,UNMAPPED_FALLBACK_기타혜택,M포인트 적립
https://www.card-gorilla.com/card/detail/2430,820,금융,기타혜택,UNMAPPED_FALLBACK_기타혜택,SC제일은행 혜택
https://www.card-gorilla.com/card/detail/2430,820,기타,기타,EXACT,M포인트 사용
https://www.card-gorilla.com/card/detail/2431,821,캐시백,기타혜택,UNMAPPED_FALLBACK_기타혜택,X캐시백 적립
https://www.card-gorilla.com/card/detail/2431,821,금융,기타혜택,UNMAPPED_FALLBACK_기타혜택,SC제일은행 혜택
https://www.card-gorilla.com/card/detail/2431,821,기타,기타,EXACT,X캐시백 사용
https://www.card-gorilla.com/card/detail/2432,822,적립,기타혜택,UNMAPPED_FALLBACK_기타혜택,네이버페이 포인트 적립 서비스
https://www.card-gorilla.com/card/detail/2432,822,선택형,기타혜택,UNMAPPED_FALLBACK_기타혜택,플레이트 디자인 선택 가능
https://www.card-gorilla.com/card/detail/2433,823,적립,기타혜택,UNMAPPED_FALLBACK_기타혜택,네이버페이 포인트 적립서비스
https://www.card-gorilla.com/card/detail/2433,823,금융,기타혜택,UNMAPPED_FALLBACK_기타혜택,장기할부 서비스
https://www.card-gorilla.com/card/detail/2433,823,선택형,기타혜택,UNMAPPED_FALLBACK_기타혜택,다양한 플레이트 디자인 선택 가능
https://www.card-gorilla.com/card/detail/2434,824,백화점,백화점,EXACT,갤러리아 백화점 5% 현장할인
https://www.card-gorilla.com/card/detail/2434,824,온라인쇼핑,온라인쇼핑,EXACT,갤러리아 백화점(Mall) 5% 청구할인
https://www.card-gorilla.com/card/detail/2434,824,멤버십포인트,기타혜택,UNMAPPED_FALLBACK_기타혜택,갤러리아 마일리지 적립
https://www.card-gorilla.com/card/detail/2434,824,선택형,기타혜택,UNMAPPED_FALLBACK_기타혜택,갤러리아 KB국민카드 디자인 선택
https://www.card-gorilla.com/card/detail/2435,825,충전소,기타혜택,UNMAPPED_FALLBACK_기타혜택,전기차 충전요금의 30%~50% 캐시백
https://www.card-gorilla.com/card/detail/2435,825,디지털구독,디지털구독,EXACT,디지털 구독 20% 캐시백
https://www.card-gorilla.com/card/detail/2435,825,통신,통신,EXACT,이동통신 5% 캐시백
https://www.card-gorilla.com/card/detail/2435,825,편의점,편의점,EXACT,편의점 5% 캐시백
https://www.card-gorilla.com/card/detail/2435,825,카페/디저트,카페,SYNONYM_APPLIED,베이커리·커피전문점 5% 캐시백
https://www.card-gorilla.com/card/detail/2435,825,기타,기타,EXACT,"주차앱 5천원 이상 결제 시, 5천원 캐시백"
https://www.card-gorilla.com/card/detail/2436,826,바우처,기타혜택,UNMAPPED_FALLBACK_기타혜택,취향대로 선택하는 럭셔리 라이프 바우처
https://www.card-gorilla.com/card/detail/2436,826,선택형,기타혜택,UNMAPPED_FALLBACK_기타혜택,"항공 마일리지와 M포인트 중 선택 적립
[선택1] 대한항공 마일리지 이용 금액 1천원당 1마일리지 적립"
https://www.card-gorilla.com/card/detail/2436,826,선택형,기타혜택,UNMAPPED_FALLBACK_기타혜택,"항공 마일리지와 M포인트 중 선택 적립
[선택2] M포인트 당월 이용 금액에 따라 1~2% 적립"
https://www.card-gorilla.com/card/detail/2436,826,프리미엄 서비스,기타혜택,UNMAPPED_FALLBACK_기타혜택,"메탈 플레이트
the Red Stripe의 헤리티지를 담은 메탈 플레이트"
https://www.card-gorilla.com/card/detail/2436,826,공항라운지,공항라운지,EXACT,전 세계 공항라운지 무료 이용 서비스
https://www.card-gorilla.com/card/detail/2436,826,프리미엄 서비스,기타혜택,UNMAPPED_FALLBACK_기타혜택,무료 발레파킹 서비스
https://www.card-gorilla.com/card/detail/2436,826,프리미엄 서비스,기타혜택,UNMAPPED_FALLBACK_기타혜택,VISA Signature 서비스
https://www.card-gorilla.com/card/detail/2436,826,프리미엄 서비스,기타혜택,UNMAPPED_FALLBACK_기타혜택,MasterCard World 서비스
https://www.card-gorilla.com/card/detail/2436,826,프리미엄 서비스,기타혜택,UNMAPPED_FALLBACK_기타혜택,"[로열티 보너스] 연간(카드 발급 확정일로부터 1년) 이용 금액 2,000만원 이상 시 로열티 보너스 제공(연 1회, 택1)"
https://www.card-gorilla.com/card/detail/2436,826,선택형,기타혜택,UNMAPPED_FALLBACK_기타혜택,the Red Stripe의 특별한 디자인을 소개합니다
https://www.card-gorilla.com/card/detail/2437,827,적립,기타혜택,UNMAPPED_FALLBACK_기타혜택,GS리테일 점내 이용 시 2% GS&POINT 적립
https://www.card-gorilla.com/card/detail/2437,827,적립,기타혜택,UNMAPPED_FALLBACK_기타혜택,"국내 이용금액의 0.2%, 국외 이용금액의 1% NH포인트 적립"
https://www.card-gorilla.com/card/detail/2437,827,공항라운지,공항라운지,EXACT,국제공항 라운지 무료이용 연 1회 제공
https://www.card-gorilla.com/card/detail/2440,828,할인,기타혜택,UNMAPPED_FALLBACK_기타혜택,국내 가맹점 1% 청구할인
https://www.card-gorilla.com/card/detail/2440,828,해외,기타혜택,UNMAPPED_FALLBACK_기타혜택,해외 가맹점 2% 청구할인
https://www.card-gorilla.com/card/detail/2440,828,생활,생활,EXACT,"쇼핑 멤버십 50%, OTT 10%, 이동통신요금 5% 청구할인(자동납부 할인)"
https://www.card-gorilla.com/card/detail/2441,829,간편결제,간편결제,EXACT,[나한테 진심 서비스] KB Pay 10% 할인
https://www.card-gorilla.com/card/detail/2441,829,푸드,기타혜택,UNMAPPED_FALLBACK_기타혜택,"[나한테 진심 서비스] 음식점, 편의점 10% 할인"
https://www.card-gorilla.com/card/detail/2441,829,통신,통신,EXACT,[나한테 진심 서비스] 이동통신요금 10% 할인
https://www.card-gorilla.com/card/detail/2441,829,디지털구독,디지털구독,EXACT,[나한테 진심 서비스] OTT 30% 할인
https://www.card-gorilla.com/card/detail/2441,829,선택형,기타혜택,UNMAPPED_FALLBACK_기타혜택,[더욱 진심 서비스] 먹는데 진심-배달/커피 5% 할인
https://www.card-gorilla.com/card/detail/2441,829,선택형,기타혜택,UNMAPPED_FALLBACK_기타혜택,"[더욱 진심 서비스] 노는데 진심-택시/커피 5%, 영화관 30% 할인"
https://www.card-gorilla.com/card/detail/2441,829,선택형,기타혜택,UNMAPPED_FALLBACK_기타혜택,"[더욱 진심 서비스] 관리에 진심-미용실, 스포츠, 온라인서점, 올리브영 5% 할인"
https://www.card-gorilla.com/card/detail/2441,829,기타,기타,EXACT,WE:SH 서비스
https://www.card-gorilla.com/card/detail/2441,829,선택형,기타혜택,UNMAPPED_FALLBACK_기타혜택,카드 플레이트 선택 가능
https://www.card-gorilla.com/card/detail/2442,830,선택형,기타혜택,UNMAPPED_FALLBACK_기타혜택,[1st 선택] 마트중심/백화점중심/동네중심 5% 할인 (택 1)
https://www.card-gorilla.com/card/detail/2442,830,선택형,기타혜택,UNMAPPED_FALLBACK_기타혜택,[2nd 선택] 둘이중심/자녀중심/돌봄중심 10% 할인 (택 1)
https://www.card-gorilla.com/card/detail/2442,830,기타,기타,EXACT,"[YOU With 기본 서비스]
이동통신자동납부 10% 할인 / Happy Family Month / 전월실적 채워드림"
https://www.card-gorilla.com/card/detail/2443,831,게임,기타혜택,UNMAPPED_FALLBACK_기타혜택,게임특화 서비스 NH포인트 적립
https://www.card-gorilla.com/card/detail/2443,831,생활,생활,EXACT,일상생활업종 NH포인트 적립
https://www.card-gorilla.com/card/detail/2444,832,대형마트,대형마트,EXACT,"롯데마트, MAXX 월 최대 30,000원 결제일 할인"
https://www.card-gorilla.com/card/detail/2444,832,생활,생활,EXACT,"5대 생활업종 월 최대 25,000원 결제일 할인"
https://www.card-gorilla.com/card/detail/2444,832,선택형,기타혜택,UNMAPPED_FALLBACK_기타혜택,플레이트 디자인 선택 가능
https://www.card-gorilla.com/card/detail/2445,833,배달앱,배달앱,EXACT,딜리버리 10% 할인
https://www.card-gorilla.com/card/detail/2445,833,편의점,편의점,EXACT,편의점 10% 할인
https://www.card-gorilla.com/card/detail/2445,833,디지털구독,디지털구독,EXACT,영상 스트리밍 40% 할인
https://www.card-gorilla.com/card/detail/2445,833,교통,기타혜택,UNMAPPED_FALLBACK_기타혜택,택시 10% 할인
https://www.card-gorilla.com/card/detail/2445,833,대중교통,대중교통,EXACT,대중교통 10% 할인
https://www.card-gorilla.com/card/detail/2445,833,푸드,기타혜택,UNMAPPED_FALLBACK_기타혜택,하나페이 맛집 10% 할인
https://www.card-gorilla.com/card/detail/2445,833,온라인쇼핑,온라인쇼핑,EXACT,온라인식품&쇼핑 10% 할인
https://www.card-gorilla.com/card/detail/2446,834,국내외가맹점,모든가맹점,SYNONYM_APPLIED,전가맹점 0.7% 할인
https://www.card-gorilla.com/card/detail/2446,834,간편결제,간편결제,EXACT,간편결제 1.2% 할인
https://www.card-gorilla.com/card/detail/2446,834,생활,생활,EXACT,"쿠팡/마트/베이커리 2% 할인
대중교통 3% 할인"
https://www.card-gorilla.com/card/detail/2446,834,무이자할부,기타혜택,UNMAPPED_FALLBACK_기타혜택,무이자할부
https://www.card-gorilla.com/card/detail/2447,835,공과금,기타혜택,UNMAPPED_FALLBACK_기타혜택,생활요금 10% 할인
https://www.card-gorilla.com/card/detail/2447,835,병원/약국,병원약국,SYNONYM_APPLIED,병원/약국 10% 할인
https://www.card-gorilla.com/card/detail/2447,835,주유,주유소,SYNONYM_APPLIED,주유/LPG충전 10% 할인
https://www.card-gorilla.com/card/detail/2447,835,택시,택시,EXACT,택시 10% 할인
https://www.card-gorilla.com/card/detail/2447,835,카페,카페,EXACT,커피 10% 할인
https://www.card-gorilla.com/card/detail/2447,835,생활,생활,EXACT,세탁 10% 할인
https://www.card-gorilla.com/card/detail/2447,835,무이자할부,기타혜택,UNMAPPED_FALLBACK_기타혜택,무이자할부
https://www.card-gorilla.com/card/detail/2448,836,국내외가맹점,모든가맹점,SYNONYM_APPLIED,전가맹점 0.5% 할인
https://www.card-gorilla.com/card/detail/2448,836,간편결제,간편결제,EXACT,간편결제 5% 할인
https://www.card-gorilla.com/card/detail/2448,836,대형마트,대형마트,EXACT,마트 5% 할인
https://www.card-gorilla.com/card/detail/2448,836,주유,주유소,SYNONYM_APPLIED,주유/LPG충전 5% 할인
https://www.card-gorilla.com/card/detail/2448,836,카페,카페,EXACT,커피 5% 할인
https://www.card-gorilla.com/card/detail/2448,836,기타,기타,EXACT,뷰티&펫 5% 할인
https://www.card-gorilla.com/card/detail/2448,836,무이자할부,기타혜택,UNMAPPED_FALLBACK_기타혜택,무이자할부
https://www.card-gorilla.com/card/detail/2449,837,SKT,기타혜택,UNMAPPED_FALLBACK_기타혜택,SKT통신요금 20% 하나머니 적립
https://www.card-gorilla.com/card/detail/2449,837,간편결제,간편결제,EXACT,T멤버십 바코드 결제 20% 하나머니 적립
https://www.card-gorilla.com/card/detail/2449,837,주유,주유소,SYNONYM_APPLIED,SK주유&쇼핑 10% 하나머니 적립
https://www.card-gorilla.com/card/detail/2449,837,대형마트,대형마트,EXACT,마트 10% 하나머니 적립
https://www.card-gorilla.com/card/detail/2449,837,대중교통,대중교통,EXACT,대중교통 10% 하나머니 적립
https://www.card-gorilla.com/card/detail/2449,837,택시,택시,EXACT,택시 10% 하나머니 적립
https://www.card-gorilla.com/card/detail/2449,837,무이자할부,기타혜택,UNMAPPED_FALLBACK_기타혜택,무이자할부
https://www.card-gorilla.com/card/detail/2450,838,바우처,기타혜택,UNMAPPED_FALLBACK_기타혜택,"[HERITAGE 전용혜택] 쿠폰서비스(연 1회 제공, 3가지 중 택1)"
https://www.card-gorilla.com/card/detail/2450,838,국내외가맹점,모든가맹점,SYNONYM_APPLIED,"국내 가맹점 1% 할인
해외 가맹점 3% 할인"
https://www.card-gorilla.com/card/detail/2450,838,할인,기타혜택,UNMAPPED_FALLBACK_기타혜택,특별 영역 5% 할인
https://www.card-gorilla.com/card/detail/2450,838,금융,기타혜택,UNMAPPED_FALLBACK_기타혜택,[HERITAGE Smart 서비스] 금융서비스
https://www.card-gorilla.com/card/detail/2450,838,프리미엄,기타혜택,UNMAPPED_FALLBACK_기타혜택,[HERITAGE Smart 서비스] Mastercard World 서비스
https://www.card-gorilla.com/card/detail/2450,838,프리미엄,기타혜택,UNMAPPED_FALLBACK_기타혜택,[HERITAGE Smart 서비스] 전용고객센터
https://www.card-gorilla.com/card/detail/2451,839,바우처,기타혜택,UNMAPPED_FALLBACK_기타혜택,"[HERITAGE 전용혜택] 쿠폰서비스 (연 1회 제공, 3가지 중 택1)"
https://www.card-gorilla.com/card/detail/2451,839,국내외가맹점,모든가맹점,SYNONYM_APPLIED,"국내 가맹점 1천원 당 대한항공 1마일리지 적립
해외 가맹점 1천원 당 대한항공 2마일리지 적립"
https://www.card-gorilla.com/card/detail/2451,839,간편결제,간편결제,EXACT,KB Pay 2천원당 '대한항공 1마일리지' 적립
https://www.card-gorilla.com/card/detail/2451,839,금융,기타혜택,UNMAPPED_FALLBACK_기타혜택,[HERITAGE 전용혜택] 금융서비스
https://www.card-gorilla.com/card/detail/2451,839,프리미엄,기타혜택,UNMAPPED_FALLBACK_기타혜택,[HERITAGE 전용혜택] Mastercard World 서비스
https://www.card-gorilla.com/card/detail/2451,839,프리미엄,기타혜택,UNMAPPED_FALLBACK_기타혜택,[HERITAGE Smart 서비스] 전용고객센터
https://www.card-gorilla.com/card/detail/2452,840,디지털구독,디지털구독,EXACT,디지털 구독 50% 할인
https://www.card-gorilla.com/card/detail/2452,840,간편결제,간편결제,EXACT,디지털 결제 1% 할인
https://www.card-gorilla.com/card/detail/2452,840,모든가맹점,모든가맹점,EXACT,국내외 전 가맹점 기본 0.5% 할인
https://www.card-gorilla.com/card/detail/2453,841,디지털구독,디지털구독,EXACT,5개 영역 디지털 구독 가맹점 정기결제 이용 시 결제일 할인
https://www.card-gorilla.com/card/detail/2453,841,할인,기타혜택,UNMAPPED_FALLBACK_기타혜택,서비스 대상 정기결제 자동이체 시 결제일 할인
https://www.card-gorilla.com/card/detail/2453,841,생활,생활,EXACT,서비스 대상 배달앱/생활편의 가맹점 이용 시 결제일 할인
https://www.card-gorilla.com/card/detail/2455,842,기타,기타,EXACT,카카오톡 선물하기 50% 할인
https://www.card-gorilla.com/card/detail/2455,842,카카오페이,카카오페이,EXACT,카카오페이 결제 10% 할인
https://www.card-gorilla.com/card/detail/2457,843,보험사,기타혜택,UNMAPPED_FALLBACK_기타혜택,"캐롯손해보험료 최대 15,000원 결제일 할인"
https://www.card-gorilla.com/card/detail/2457,843,멤버십포인트,기타혜택,UNMAPPED_FALLBACK_기타혜택,L.POINT 안내
https://www.card-gorilla.com/card/detail/2459,844,프리미엄 서비스,기타혜택,UNMAPPED_FALLBACK_기타혜택,GIFT 기프트 서비스
https://www.card-gorilla.com/card/detail/2459,844,적립,기타혜택,UNMAPPED_FALLBACK_기타혜택,REWARD 국내외 가맹점 2%/1%/0.5% 빅포인트 적립
https://www.card-gorilla.com/card/detail/2459,844,디지털구독,디지털구독,EXACT,디지털콘텐츠/멤버십 50% 할인
https://www.card-gorilla.com/card/detail/2459,844,영화,영화,EXACT,"영화 5,000원 할인"
https://www.card-gorilla.com/card/detail/2459,844,패스트푸드,기타혜택,UNMAPPED_FALLBACK_기타혜택,쉐이크쉑/써브웨이 30% 할인
https://www.card-gorilla.com/card/detail/2459,844,프리미엄 서비스,기타혜택,UNMAPPED_FALLBACK_기타혜택,국제브랜드 서비스(해외겸용카드 전용)
https://www.card-gorilla.com/card/detail/2460,845,바우처,기타혜택,UNMAPPED_FALLBACK_기타혜택,[GIFT] 5가지 기프트 중에서 매년 1가지를 선택
https://www.card-gorilla.com/card/detail/2460,845,적립,기타혜택,UNMAPPED_FALLBACK_기타혜택,"[REWARD] 국내 가맹점 1%, 생활 편의 영역 1.2%, 특별 가맹점 1.5% 빅포인트 적립"
https://www.card-gorilla.com/card/detail/2460,845,디지털구독,디지털구독,EXACT,[DAILY LIFESTYLE] 디지털콘텐츠 50% 할인
https://www.card-gorilla.com/card/detail/2460,845,카페,카페,EXACT,"[DAILY LIFESTYLE] 스타벅스 3,000원 할인"
https://www.card-gorilla.com/card/detail/2460,845,공항라운지,공항라운지,EXACT,[PREMIUM LIFESTYLE] 공항 라운지 서비스(The Lounge)
https://www.card-gorilla.com/card/detail/2460,845,선택형,기타혜택,UNMAPPED_FALLBACK_기타혜택,[SPECIAL PLATE] 특수 소재 카드
https://www.card-gorilla.com/card/detail/2460,845,프리미엄 서비스,기타혜택,UNMAPPED_FALLBACK_기타혜택,국제브랜드 서비스(해외겸용카드 전용)
https://www.card-gorilla.com/card/detail/2460,845,하얏트 호텔 포인트 없이 하얏트 브랜드 익스플로러 어워즈로 1박 무료 숙박권 얻는 꿀팁,기타혜택,UNMAPPED_FALLBACK_기타혜택,"직원이 뽑은 2024 프리미엄카드 TOP5 ㅣ 프리미엄 카드 쓰는 이유, 연회비 대비 바우처!"
https://www.card-gorilla.com/card/detail/2461,846,바우처,기타혜택,UNMAPPED_FALLBACK_기타혜택,[GIFT] 5가지 기프트 중에서 매년 2가지를 선택
https://www.card-gorilla.com/card/detail/2461,846,적립,기타혜택,UNMAPPED_FALLBACK_기타혜택,"[REWARD] 국내 가맹점 1.2%, 생활 편의 영역 1.5%"
https://www.card-gorilla.com/card/detail/2461,846,생활,생활,EXACT,"[PREMIUM LIFESTYLE] 라이프스타일 50,000원 할인"
https://www.card-gorilla.com/card/detail/2461,846,공항라운지,공항라운지,EXACT,[PREMIUM LIFESTYLE] 공항 라운지 서비스(THE Lounge)
https://www.card-gorilla.com/card/detail/2461,846,프리미엄 서비스,기타혜택,UNMAPPED_FALLBACK_기타혜택,국제브랜드 서비스(해외겸용카드 전용)
https://www.card-gorilla.com/card/detail/2461,846,선택형,기타혜택,UNMAPPED_FALLBACK_기타혜택,[SPECIAL PLATE] 특수 소재 카드
https://www.card-gorilla.com/card/detail/2463,847,대중교통,대중교통,EXACT,대중교통 50% 할인
https://www.card-gorilla.com/card/detail/2463,847,카페,카페,EXACT,커피 50% 할인
https://www.card-gorilla.com/card/detail/2463,847,헤어,기타혜택,UNMAPPED_FALLBACK_기타혜택,미용실 50% 할인
https://www.card-gorilla.com/card/detail/2463,847,온라인쇼핑,온라인쇼핑,EXACT,온라인쇼핑 50% 할인
https://www.card-gorilla.com/card/detail/2463,847,디지털구독,디지털구독,EXACT,"스트리밍 서비스 50% 할인
멤버십 서비스 50% 할인"
https://www.card-gorilla.com/card/detail/2463,847,교통,기타혜택,UNMAPPED_FALLBACK_기타혜택,"LOCA Mobility 반띵 카드 발급 시, '로카모빌리티카드' 1매 무료 제공"
https://www.card-gorilla.com/card/detail/2465,848,아시아나항공,아시아나항공,EXACT,아시아나항공 마일리지 적립 서비스
https://www.card-gorilla.com/card/detail/2465,848,백화점,백화점,EXACT,신세계백화점 제휴 서비스
https://www.card-gorilla.com/card/detail/2465,848,면세점,면세점,EXACT,신세계면세점 멤버십 우대 서비스
https://www.card-gorilla.com/card/detail/2466,849,카페,카페,EXACT,이디야 멤버스 음료쿠폰 제공
https://www.card-gorilla.com/card/detail/2466,849,카페,카페,EXACT,이디야커피 청구할인
https://www.card-gorilla.com/card/detail/2466,849,디지털구독,디지털구독,EXACT,디지털 구독 30% 청구할인
https://www.card-gorilla.com/card/detail/2466,849,교통,기타혜택,UNMAPPED_FALLBACK_기타혜택,교통 5% 청구할인
https://www.card-gorilla.com/card/detail/2466,849,선택형,기타혜택,UNMAPPED_FALLBACK_기타혜택,다양한 플레이트 선택 가능
https://www.card-gorilla.com/card/detail/2467,850,통신,통신,EXACT,알뜰폰 통신요금 월최대 1만 5천원 할인
https://www.card-gorilla.com/card/detail/2468,851,통신,통신,EXACT,"KMVNO 알뜰폰
통신요금 자동이체 할인 서비스"
https://www.card-gorilla.com/card/detail/2469,852,국내외가맹점,모든가맹점,SYNONYM_APPLIED,국내외가맹점 최대 1% 캐시백
https://www.card-gorilla.com/card/detail/2469,852,대중교통,대중교통,EXACT,"[라이프 캐시백]
대중교통(버스, 지하철) 50% 캐시백"
https://www.card-gorilla.com/card/detail/2469,852,카페,카페,EXACT,"[라이프 캐시백]
커피(스타벅스 사이렌 오더) 50% 캐시백"
https://www.card-gorilla.com/card/detail/2469,852,디지털구독,디지털구독,EXACT,"[라이프 캐시백]
스트리밍(넷플릭스, 디즈니 +, CGV) 30% 캐시백"
https://www.card-gorilla.com/card/detail/2469,852,프리미엄 서비스,기타혜택,UNMAPPED_FALLBACK_기타혜택,Platinum Service
https://www.card-gorilla.com/card/detail/2469,852,선택형,기타혜택,UNMAPPED_FALLBACK_기타혜택,원하는 디자인 선택 가능
https://www.card-gorilla.com/card/detail/2470,853,대형마트,대형마트,EXACT,트레이더스 홀세일 클럽 1/3/5% TR CASH 적립
https://www.card-gorilla.com/card/detail/2470,853,생활,생활,EXACT,생활 편의 영역 1/2% TR CASH 적립
https://www.card-gorilla.com/card/detail/2470,853,백화점,백화점,EXACT,신세계포인트 적립 서비스
https://www.card-gorilla.com/card/detail/2470,853,선택형,기타혜택,UNMAPPED_FALLBACK_기타혜택,카드플레이트 선택 가능
https://www.card-gorilla.com/card/detail/2471,854,대중교통,대중교통,EXACT,대중교통(버스/지하철) 이용 시 최대 5% 적립
https://www.card-gorilla.com/card/detail/2471,854,생활,생활,EXACT,생활편의영역 이용 시 최대 2% 적립
https://www.card-gorilla.com/card/detail/2471,854,해외,기타혜택,UNMAPPED_FALLBACK_기타혜택,해외 이용금액에 대해 1.3% 적립
https://www.card-gorilla.com/card/detail/2471,854,선택형,기타혜택,UNMAPPED_FALLBACK_기타혜택,카드플레이트 선택 가능
https://www.card-gorilla.com/card/detail/2472,855,SKT,기타혜택,UNMAPPED_FALLBACK_기타혜택,SKT 라이트할부 이용 시 최대 2만 5천원 할인 혜택
https://www.card-gorilla.com/card/detail/2472,855,적립,기타혜택,UNMAPPED_FALLBACK_기타혜택,국내외 가맹점에서 0.5~3% M포인트 적립
https://www.card-gorilla.com/card/detail/2472,855,적립,기타혜택,UNMAPPED_FALLBACK_기타혜택,"현대자동차·기아 신차 구매 시 1.5% 적립
GS칼텍스 주유 시 리터당 60 M포인트 적립"
https://www.card-gorilla.com/card/detail/2472,855,적립,기타혜택,UNMAPPED_FALLBACK_기타혜택,"온라인쇼핑 결제 시 M포인트 추가 적립
M포인트 신차구매통장 통장포인트 월 2% 적립받아 신차 구매 시 사용"
https://www.card-gorilla.com/card/detail/2473,856,렌탈,기타혜택,UNMAPPED_FALLBACK_기타혜택,"롯데렌탈 월 대여료 5,000~30,000원 결제일 할인"
https://www.card-gorilla.com/card/detail/2473,856,주유,주유소,SYNONYM_APPLIED,모든 주유소(LPG 포함) 5% 및 전기차 충전 50% 결제일 할인
https://www.card-gorilla.com/card/detail/2473,856,자동차,기타혜택,UNMAPPED_FALLBACK_기타혜택,"카카오 대리운전 2,000원 결제일 할인
그린카 및 세차클링 이용료 10% 결제일 할인"
https://www.card-gorilla.com/card/detail/2474,857,SKT,기타혜택,UNMAPPED_FALLBACK_기타혜택,SKT 통신요금 자동이체 시 전월 실적에 따라 청구 할인
https://www.card-gorilla.com/card/detail/2475,858,캐시백,기타혜택,UNMAPPED_FALLBACK_기타혜택,"생활 밀착 업종 사용금액 2만원당 200원 캐쉬백
그외 업종 사용금액 2만원당 100원 캐쉬백"
https://www.card-gorilla.com/card/detail/2475,858,기타,기타,EXACT,"G마켓/옥션 결제시 2만원당 400마일리지 적립, G마켓 SVIP+옥션 VIP 서비스
CU편의점 결제시 CU 포인트 2% 적립 ＋OK캐쉬백 1% 동시적립"
https://www.card-gorilla.com/card/detail/2475,858,금융,기타혜택,UNMAPPED_FALLBACK_기타혜택,KEB하나은행 자동화기기(CD/ATM) 수수료 월 10회 면제
https://www.card-gorilla.com/card/detail/2475,858,해외,기타혜택,UNMAPPED_FALLBACK_기타혜택,해외에서 ATM 사용 및 물품구매 가능
https://www.card-gorilla.com/card/detail/2476,859,자동차,기타혜택,UNMAPPED_FALLBACK_기타혜택,우리카드 자동차할부 이용고객 월 납부금 청구할인
https://www.card-gorilla.com/card/detail/2476,859,주유,주유소,SYNONYM_APPLIED,주유(LPG 충전)/전기차 충전 청구할인
https://www.card-gorilla.com/card/detail/2476,859,기타,기타,EXACT,주차장 5천원 이상 결제 건당 1천원 할인
https://www.card-gorilla.com/card/detail/2476,859,하이패스,기타혜택,UNMAPPED_FALLBACK_기타혜택,후불 하이패스카드 이용금액 1천원 할인
https://www.card-gorilla.com/card/detail/2476,859,NU 후불하이패스,기타혜택,UNMAPPED_FALLBACK_기타혜택,우리카드
https://www.card-gorilla.com/card/detail/2477,860,SKT,기타혜택,UNMAPPED_FALLBACK_기타혜택,SKT 대상 단말기 구매 시 24개월 라이트할부 제공
https://www.card-gorilla.com/card/detail/2477,860,SKT,기타혜택,UNMAPPED_FALLBACK_기타혜택,"통신요금 월 7,000원~16,000원 결제일할인"
https://www.card-gorilla.com/card/detail/2479,861,리조트,기타혜택,UNMAPPED_FALLBACK_기타혜택,제주신화월드 객실 15% 할인
https://www.card-gorilla.com/card/detail/2479,861,쇼핑,쇼핑,EXACT,쇼핑 10% 할인
https://www.card-gorilla.com/card/detail/2479,861,생활,생활,EXACT,생활 10% 할인
https://www.card-gorilla.com/card/detail/2481,862,쇼핑,쇼핑,EXACT,생활쇼핑 가맹점 7% 결제일 할인
https://www.card-gorilla.com/card/detail/2481,862,카페/디저트,카페,SYNONYM_APPLIED,커피전문점/제과점 10% 결제일 할인
https://www.card-gorilla.com/card/detail/2481,862,쇼핑,쇼핑,EXACT,"주말 복합쇼핑몰 10% 결제일 할인
주말 3대 할인점 10% 결제일 할인"
https://www.card-gorilla.com/card/detail/2483,863,생활,생활,EXACT,"6대 생활영역 이용금액 1% 기본캐시백
음식점, 온라인쇼핑, 대형마트·편의점, 통신비, 병원비, 교통"
https://www.card-gorilla.com/card/detail/2484,864,KT,KT,EXACT,"kt 통신요금 청구할인
전월실적 별 월 최대 25,000원 할인"
https://www.card-gorilla.com/card/detail/2484,864,주유소,주유소,EXACT,SK 주유소 1% 청구할인
https://www.card-gorilla.com/card/detail/2484,864,프리미엄 서비스,기타혜택,UNMAPPED_FALLBACK_기타혜택,"국제 브랜드 서비스
VISA Young Premium 서비스"
https://www.card-gorilla.com/card/detail/2486,865,쇼핑,쇼핑,EXACT,LFmall (lfmall.co.kr) 이용 시 5% 청구할인
https://www.card-gorilla.com/card/detail/2486,865,모든가맹점,모든가맹점,EXACT,국내외 가맹점 이용 시 0.5% 포인트리 적립
https://www.card-gorilla.com/card/detail/2486,865,선택형,기타혜택,UNMAPPED_FALLBACK_기타혜택,원하는 플레이트 선택 가능
https://www.card-gorilla.com/card/detail/2487,866,영화,영화,EXACT,"CGV 영화관람권 1매 무료 예매, CGV 영화관람권 5천원 할인
CGV 매점 콤보 할인"
https://www.card-gorilla.com/card/detail/2487,866,적립,기타혜택,UNMAPPED_FALLBACK_기타혜택,모아포인트 이용금액의 5% ~ 0.5% 적립
https://www.card-gorilla.com/card/detail/2487,866,선택형,기타혜택,UNMAPPED_FALLBACK_기타혜택,원하는 플레이트 선택 가능
https://www.card-gorilla.com/card/detail/2488,867,기타,기타,EXACT,베베쿡 10% 할인
https://www.card-gorilla.com/card/detail/2488,867,쇼핑,쇼핑,EXACT,"일상생활 쇼핑 할 때에도 5% 결제일 할인
할인점/백화점/창고형 할인매장/신선식품 배송"
https://www.card-gorilla.com/card/detail/2488,867,쇼핑,쇼핑,EXACT,"주요 커피점, 잡화, 온라인서점 쇼핑할 때에도 5% 결제일 할인"
https://www.card-gorilla.com/card/detail/2489,868,모든가맹점,모든가맹점,EXACT,전 가맹점 1% 할인
https://www.card-gorilla.com/card/detail/2489,868,생활,생활,EXACT,생활 편의 업종 0.5% 추가 할인
https://www.card-gorilla.com/card/detail/2489,868,쇼핑,쇼핑,EXACT,페이북 쇼핑 5% 할인
https://www.card-gorilla.com/card/detail/2489,868,여행/숙박,기타혜택,UNMAPPED_FALLBACK_기타혜택,비씨투어 멤버스 서비스 무료 가입
https://www.card-gorilla.com/card/detail/2491,869,모든가맹점,모든가맹점,EXACT,[Daily 결제일 할인] 국내 이용금액 최대 0.9% / 해외 이용금액 0.5% 결제일 할인
https://www.card-gorilla.com/card/detail/2491,869,기타,기타,EXACT,[Weekly 할인 쿠폰] 매주 1회 국내 이용 할인 쿠폰 제공
https://www.card-gorilla.com/card/detail/2491,869,적립,기타혜택,UNMAPPED_FALLBACK_기타혜택,"[Monthly 단골 적립] My Pick 가맹점 월 3, 6, 9번째 이용 건에 대해 마이신한포인트 1,000원 적립"
https://www.card-gorilla.com/card/detail/2491,869,선택형,기타혜택,UNMAPPED_FALLBACK_기타혜택,카드 플레이트 선택 가능
https://www.card-gorilla.com/card/detail/2492,870,국내외가맹점,모든가맹점,SYNONYM_APPLIED,"[Daily 할인] 국내 이용금액 최대 0.3% 할인, 해외 이용금액 0.2% 할인"
https://www.card-gorilla.com/card/detail/2492,870,기타,기타,EXACT,[Weekly 할인 쿠폰] 매월 2회 국내 이용 할인 쿠폰 제공
https://www.card-gorilla.com/card/detail/2492,870,적립,기타혜택,UNMAPPED_FALLBACK_기타혜택,"[Monthly 단골 적립] My Pick 가맹점 월 3, 6, 9번째 이용 건에 대해 마이신한포인트 1,000포인트 적립"
https://www.card-gorilla.com/card/detail/2492,870,선택형,기타혜택,UNMAPPED_FALLBACK_기타혜택,카드 플레이트 선택 가능
https://www.card-gorilla.com/card/detail/2494,871,멤버십포인트,기타혜택,UNMAPPED_FALLBACK_기타혜택,"현대 백화점·아울렛·홈쇼핑·면세점에서 H.Point 5% 적립
특별적립 대상 가맹점 장기할부(24/36개월) 서비스 제공"
https://www.card-gorilla.com/card/detail/2494,871,적립,기타혜택,UNMAPPED_FALLBACK_기타혜택,"실적·한도 제한 없이 0.5% ""H.Point"" 적립"
https://www.card-gorilla.com/card/detail/2494,871,공항라운지,공항라운지,EXACT,"국내외 공항 라운지 월 1회, 연 2회 무료 이용"
https://www.card-gorilla.com/card/detail/2495,872,백화점,백화점,EXACT,"신세계백화점 최대 7% 할인, 마이신한포인트 1% 적립"
https://www.card-gorilla.com/card/detail/2495,872,쇼핑,쇼핑,EXACT,신세계 계열사 5% 할인
https://www.card-gorilla.com/card/detail/2495,872,생활,생활,EXACT,커피·배달앱·온라인서점·잡화 5% 할인
https://www.card-gorilla.com/card/detail/2495,872,멤버십포인트,기타혜택,UNMAPPED_FALLBACK_기타혜택,신세계 멤버십 혜택 제공
https://www.card-gorilla.com/card/detail/2495,872,프리미엄,기타혜택,UNMAPPED_FALLBACK_기타혜택,Platinum 서비스
https://www.card-gorilla.com/card/detail/2495,872,선택형,기타혜택,UNMAPPED_FALLBACK_기타혜택,플레이트 디자인 선택가능
https://www.card-gorilla.com/card/detail/2496,873,아울렛,기타혜택,UNMAPPED_FALLBACK_기타혜택,신세계사이먼 프리미엄 아울렛 10% 할인
https://www.card-gorilla.com/card/detail/2496,873,쇼핑,쇼핑,EXACT,신세계 계열사 7% 할인
https://www.card-gorilla.com/card/detail/2496,873,주유소,주유소,EXACT,"GS칼텍스, S-OIL 리터 당 40원 할인"
https://www.card-gorilla.com/card/detail/2496,873,멤버십포인트,기타혜택,UNMAPPED_FALLBACK_기타혜택,신세계 멤버십 혜택
https://www.card-gorilla.com/card/detail/2497,874,기타,기타,EXACT,LG 전자 베스트샵 매장에서 할부 수수료 혜택
https://www.card-gorilla.com/card/detail/2497,874,기타,기타,EXACT,"할부 이용 시 월 11,000원 캐시백"
https://www.card-gorilla.com/card/detail/2511,875,캐시백,기타혜택,UNMAPPED_FALLBACK_기타혜택,국내외 이용금액 최대 0.5% 캐시백
https://www.card-gorilla.com/card/detail/2511,875,대중교통,대중교통,EXACT,버스/지하철 후불교통 이용금액 캐시백
https://www.card-gorilla.com/card/detail/2511,875,디지털구독,디지털구독,EXACT,디지털 구독 이용금액 월 최대 1만원 캐시백
https://www.card-gorilla.com/card/detail/2512,876,캐시백,기타혜택,UNMAPPED_FALLBACK_기타혜택,국내외 이용금액 월 최대 0.3% 캐시백
https://www.card-gorilla.com/card/detail/2512,876,대중교통,대중교통,EXACT,버스/지하철 후불교통 이용금액 캐시백
https://www.card-gorilla.com/card/detail/2514,877,멤버십포인트,기타혜택,UNMAPPED_FALLBACK_기타혜택,스탁마일리지 2X-특별적립
https://www.card-gorilla.com/card/detail/2514,877,멤버십포인트,기타혜택,UNMAPPED_FALLBACK_기타혜택,스탁마일리지 1X-기본적립
https://www.card-gorilla.com/card/detail/2514,877,기타,기타,EXACT,미래에셋증권 서비스등급 혜택
https://www.card-gorilla.com/card/detail/2514,877,선택형,기타혜택,UNMAPPED_FALLBACK_기타혜택,플레이트 2종 선택
https://www.card-gorilla.com/card/detail/2515,878,멤버십포인트,기타혜택,UNMAPPED_FALLBACK_기타혜택,스탁마일리지 3X-특별적립
https://www.card-gorilla.com/card/detail/2515,878,멤버십포인트,기타혜택,UNMAPPED_FALLBACK_기타혜택,스탁마일리지 2X-특별적립
https://www.card-gorilla.com/card/detail/2515,878,멤버십포인트,기타혜택,UNMAPPED_FALLBACK_기타혜택,스탁마일리지 1X-기본적립
https://www.card-gorilla.com/card/detail/2515,878,기타,기타,EXACT,미래에셋증권 서비스등급 혜택
https://www.card-gorilla.com/card/detail/2515,878,바우처,기타혜택,UNMAPPED_FALLBACK_기타혜택,투자/쇼핑/호텔/골프 바우처 중 택1 10만원 상당 바우처 제공 (연 1회)
https://www.card-gorilla.com/card/detail/2515,878,프리미엄 서비스,기타혜택,UNMAPPED_FALLBACK_기타혜택,미래에셋 현대카드 Gold 회원만을 위한 프리미엄 서비스
https://www.card-gorilla.com/card/detail/2515,878,프리미엄 서비스,기타혜택,UNMAPPED_FALLBACK_기타혜택,VISA 프리미엄 서비스
https://www.card-gorilla.com/card/detail/2515,878,선택형,기타혜택,UNMAPPED_FALLBACK_기타혜택,플레이트 3종 선택
https://www.card-gorilla.com/card/detail/2516,879,멤버십포인트,기타혜택,UNMAPPED_FALLBACK_기타혜택,스탁마일리지 5X-특별적립
https://www.card-gorilla.com/card/detail/2516,879,멤버십포인트,기타혜택,UNMAPPED_FALLBACK_기타혜택,스탁마일리지 3X-특별적립
https://www.card-gorilla.com/card/detail/2516,879,멤버십포인트,기타혜택,UNMAPPED_FALLBACK_기타혜택,스탁마일리지 1X-기본적립
https://www.card-gorilla.com/card/detail/2516,879,기타,기타,EXACT,미래에셋증권 서비스등급 혜택
https://www.card-gorilla.com/card/detail/2516,879,바우처,기타혜택,UNMAPPED_FALLBACK_기타혜택,"투자/쇼핑/호텔/골프 바우처 중 택3, 30만원 상당 바우처 제공 (연 1회)"
https://www.card-gorilla.com/card/detail/2516,879,프리미엄 서비스,기타혜택,UNMAPPED_FALLBACK_기타혜택,미래에셋 현대카드 Diamond 회원만을 위한 프리미엄 서비스
https://www.card-gorilla.com/card/detail/2516,879,프리미엄 서비스,기타혜택,UNMAPPED_FALLBACK_기타혜택,VISA 프리미엄 서비스
https://www.card-gorilla.com/card/detail/2516,879,선택형,기타혜택,UNMAPPED_FALLBACK_기타혜택,플레이트 3종 선택
https://www.card-gorilla.com/card/detail/2517,880,디지털구독,디지털구독,EXACT,네이버 디지털콘텐츠/네이버플러스 멤버십 50% 네이버페이 포인트 적립
https://www.card-gorilla.com/card/detail/2517,880,네이버페이,네이버페이,EXACT,네이버페이로 결제 시 국내 가맹점 1% 네이버페이 포인트 적립
https://www.card-gorilla.com/card/detail/2517,880,네이버페이,네이버페이,EXACT,배달앱/커피전문점 5% 네이버페이 포인트 적립
https://www.card-gorilla.com/card/detail/2517,880,온라인쇼핑,온라인쇼핑,EXACT,온라인쇼핑몰 5% 네이버페이 포인트 적립
https://www.card-gorilla.com/card/detail/2517,880,해외이용,기타혜택,UNMAPPED_FALLBACK_기타혜택,해외 1% 네이버페이 포인트 적립
https://www.card-gorilla.com/card/detail/2519,881,할인,기타혜택,UNMAPPED_FALLBACK_기타혜택,국내 전 가맹점 0.3% 캐시백
https://www.card-gorilla.com/card/detail/2519,881,디지털구독,디지털구독,EXACT,OTT 30% 캐시백
https://www.card-gorilla.com/card/detail/2519,881,온라인쇼핑,온라인쇼핑,EXACT,패션 30% 캐시백
https://www.card-gorilla.com/card/detail/2519,881,디지털구독,디지털구독,EXACT,멤버십 30% 캐시백
https://www.card-gorilla.com/card/detail/2521,882,멤버십포인트,기타혜택,UNMAPPED_FALLBACK_기타혜택,야놀자·인터파크(투어/티켓)·트리플 NOL 포인트 10% 적립
https://www.card-gorilla.com/card/detail/2521,882,멤버십포인트,기타혜택,UNMAPPED_FALLBACK_기타혜택,커피전문점·편의점·디지털 콘텐츠 서비스 NOL 포인트 10% 적립
https://www.card-gorilla.com/card/detail/2521,882,멤버십포인트,기타혜택,UNMAPPED_FALLBACK_기타혜택,쇼핑·영화·골프·대중교통 NOL 포인트 10% 적립
https://www.card-gorilla.com/card/detail/2521,882,멤버십포인트,기타혜택,UNMAPPED_FALLBACK_기타혜택,해외 가맹점 NOL 포인트 10% 적립
https://www.card-gorilla.com/card/detail/2521,882,프리미엄 서비스,기타혜택,UNMAPPED_FALLBACK_기타혜택,VISA/AMEX 플래티넘 서비스
https://www.card-gorilla.com/card/detail/2521,882,선택형,기타혜택,UNMAPPED_FALLBACK_기타혜택,플레이트 6종 선택
https://www.card-gorilla.com/card/detail/2522,883,KT,KT,EXACT,KT 통신서비스 요금 청구할인
https://www.card-gorilla.com/card/detail/2522,883,KT,KT,EXACT,KT 단말기 장기할부 서비스
https://www.card-gorilla.com/card/detail/2523,884,LGU+,LGU+,EXACT,LG U+ 유무선 통신요금 할인
https://www.card-gorilla.com/card/detail/2523,884,패밀리레스토랑,기타혜택,UNMAPPED_FALLBACK_기타혜택,패밀리레스토랑 10% 청구할인
https://www.card-gorilla.com/card/detail/2523,884,카페,카페,EXACT,커피 20% 청구할인
https://www.card-gorilla.com/card/detail/2523,884,영화,영화,EXACT,전국 영화관 3천원 청구할인
https://www.card-gorilla.com/card/detail/2523,884,테마파크,테마파크,EXACT,주요 놀이공원 자유이용권 50% 현장할인
https://www.card-gorilla.com/card/detail/2525,885,주유소,주유소,EXACT,[Daily 할인] 주유 리터당 60~100원 청구할인
https://www.card-gorilla.com/card/detail/2525,885,대중교통,대중교통,EXACT,[Daily 할인] 대중교통 10% 청구할인
https://www.card-gorilla.com/card/detail/2525,885,카페,카페,EXACT,[Daily 할인] 커피 10% 청구할인
https://www.card-gorilla.com/card/detail/2525,885,할인,기타혜택,UNMAPPED_FALLBACK_기타혜택,[Simple 할인] 국내 가맹점 1.0%~0.7% 청구할인
https://www.card-gorilla.com/card/detail/2526,886,경기관람,기타혜택,UNMAPPED_FALLBACK_기타혜택,LG트윈스 입장권 할인
https://www.card-gorilla.com/card/detail/2526,886,쇼핑,쇼핑,EXACT,LG트윈스 용품 구매 시 10% 현장 할인
https://www.card-gorilla.com/card/detail/2526,886,영화,영화,EXACT,"전국 CGV 영화관 3,000원(2매 기준) 현장할인"
https://www.card-gorilla.com/card/detail/2526,886,테마파크,테마파크,EXACT,"롯데월드, 서울랜드, 에버랜드 자유이용권 50% 및 캐리비안베이 입장권 30% 할인"
https://www.card-gorilla.com/card/detail/2527,887,편의점,편의점,EXACT,4대 편의점 이용 시 10% 적립
https://www.card-gorilla.com/card/detail/2527,887,카페,카페,EXACT,커피 업종 이용 시 10% 적립
https://www.card-gorilla.com/card/detail/2527,887,해외이용,기타혜택,UNMAPPED_FALLBACK_기타혜택,해외 이용금액 1% 적립
https://www.card-gorilla.com/card/detail/2527,887,디지털구독,디지털구독,EXACT,디지털 구독 영역 이용 시 10% 적립
https://www.card-gorilla.com/card/detail/2527,887,온라인쇼핑,온라인쇼핑,EXACT,One Pick 온라인 쇼핑몰 가맹점 최대 3천 포인트 적립
https://www.card-gorilla.com/card/detail/2528,888,편의점,편의점,EXACT,4대 편의점 이용 시 10% 적립
https://www.card-gorilla.com/card/detail/2528,888,카페,카페,EXACT,커피 업종 이용 시 10% 적립
https://www.card-gorilla.com/card/detail/2528,888,해외이용,기타혜택,UNMAPPED_FALLBACK_기타혜택,해외 이용금액 1% 적립
https://www.card-gorilla.com/card/detail/2528,888,생활,생활,EXACT,놀이 영역 이용 시 10% 적립
https://www.card-gorilla.com/card/detail/2528,888,푸드,기타혜택,UNMAPPED_FALLBACK_기타혜택,One Pick 맛집 가맹점 최대 3천 포인트 적립
https://www.card-gorilla.com/card/detail/2529,889,국내외가맹점,모든가맹점,SYNONYM_APPLIED,국내외 가맹점 1.0% 하나머니 적립
https://www.card-gorilla.com/card/detail/2529,889,간편결제,간편결제,EXACT,간편결제 1.0%~1.3% 하나머니 적립
https://www.card-gorilla.com/card/detail/2529,889,해외이용,기타혜택,UNMAPPED_FALLBACK_기타혜택,해외 가맹점 3% 하나머니 적립 (신용카드 결제 시)
https://www.card-gorilla.com/card/detail/2529,889,항공권,기타혜택,UNMAPPED_FALLBACK_기타혜택,항공사 3% 하나머니 적립
https://www.card-gorilla.com/card/detail/2529,889,면세점,면세점,EXACT,면세점 3% 하나머니 적립
https://www.card-gorilla.com/card/detail/2529,889,온라인 여행사,기타혜택,UNMAPPED_FALLBACK_기타혜택,여행 3% 하나머니 적립
https://www.card-gorilla.com/card/detail/2529,889,수수료우대,기타혜택,UNMAPPED_FALLBACK_기타혜택,외화 하나머니 결제 안내 및 혜택
https://www.card-gorilla.com/card/detail/2529,889,선택형,기타혜택,UNMAPPED_FALLBACK_기타혜택,카드 플레이트 선택
https://www.card-gorilla.com/card/detail/2530,890,일반음식점,기타혜택,UNMAPPED_FALLBACK_기타혜택,"한식, 휴게음식점 업종 5% 환급할인 (평일만)"
https://www.card-gorilla.com/card/detail/2530,890,카페,카페,EXACT,커피음료전문점 업종 5% 환급할인 (평일만)
https://www.card-gorilla.com/card/detail/2530,890,아이스크림,기타혜택,UNMAPPED_FALLBACK_기타혜택,제과아이스크림 업종 5% 환급할인 (평일만)
https://www.card-gorilla.com/card/detail/2530,890,대중교통,대중교통,EXACT,"대중교통(버스, 지하철) 5% 청구할인"
https://www.card-gorilla.com/card/detail/2530,890,선택형,기타혜택,UNMAPPED_FALLBACK_기타혜택,카드 플레이트 선택
https://www.card-gorilla.com/card/detail/2532,891,수수료우대,기타혜택,UNMAPPED_FALLBACK_기타혜택,해외 수수료 할인 서비스(전월실적 없음)
https://www.card-gorilla.com/card/detail/2532,1258,멤버십포인트,기타혜택,UNMAPPED_FALLBACK_기타혜택,마이신한포인트 적립(전월실적 30만원 이상)
https://www.card-gorilla.com/card/detail/2532,891,프리미엄 서비스,기타혜택,UNMAPPED_FALLBACK_기타혜택,Mastercard Platinum 서비스 제공
https://www.card-gorilla.com/card/detail/2533,892,공과금,기타혜택,UNMAPPED_FALLBACK_기타혜택,에너지 공과금 청구할인 서비스
https://www.card-gorilla.com/card/detail/2533,892,생활,생활,EXACT,일상생활 청구할인 서비스
https://www.card-gorilla.com/card/detail/2533,892,무이자할부,기타혜택,UNMAPPED_FALLBACK_기타혜택,2~3개월 무이자 할부 서비스
https://www.card-gorilla.com/card/detail/2534,893,병원/약국,병원약국,SYNONYM_APPLIED,의료 20% 결제일 할인
https://www.card-gorilla.com/card/detail/2534,893,보험사,기타혜택,UNMAPPED_FALLBACK_기타혜택,보험 10% 결제일 할인
https://www.card-gorilla.com/card/detail/2534,893,뷰티/피트니스,기타혜택,UNMAPPED_FALLBACK_기타혜택,헬스/뷰티 20% 결제일 할인
https://www.card-gorilla.com/card/detail/2534,893,대형마트,대형마트,EXACT,할인점 10% 결제일 할인
https://www.card-gorilla.com/card/detail/2534,893,할인,기타혜택,UNMAPPED_FALLBACK_기타혜택,이동통신/렌탈/멤버십 정기결제 시 10% 결제일 할인
https://www.card-gorilla.com/card/detail/2534,893,해외이용,기타혜택,UNMAPPED_FALLBACK_기타혜택,"전월 이용금액에 관계없이, 할인한도 없이 해외 1% 결제일할인"
https://www.card-gorilla.com/card/detail/2534,893,선택형,기타혜택,UNMAPPED_FALLBACK_기타혜택,카드 플레이트 선택
https://www.card-gorilla.com/card/detail/2537,894,대형마트,대형마트,EXACT,"롯데마트, MAXX 월 최대 30,000원 결제일 할인"
https://www.card-gorilla.com/card/detail/2538,895,국내외가맹점,모든가맹점,SYNONYM_APPLIED,국내외 가맹점에서 최대 1% 할인
https://www.card-gorilla.com/card/detail/2539,896,주유소,주유소,EXACT,S-OIL 주유 10% 결제일할인
https://www.card-gorilla.com/card/detail/2539,896,카페,카페,EXACT,스타벅스 드라이브스루 30% 결제일할인
https://www.card-gorilla.com/card/detail/2539,896,하이패스,기타혜택,UNMAPPED_FALLBACK_기타혜택,고속도로 통행료 10% 결제일할인
https://www.card-gorilla.com/card/detail/2539,896,기타,기타,EXACT,주차장/대리운전 10% 결제일 할인
https://www.card-gorilla.com/card/detail/2540,897,멤버십포인트,기타혜택,UNMAPPED_FALLBACK_기타혜택,국내외 가맹점 1~3% 적립
https://www.card-gorilla.com/card/detail/2540,897,프리미엄 서비스,기타혜택,UNMAPPED_FALLBACK_기타혜택,"Excusive 전용 쿠폰서비스1 [연 1회 제공, 4가지 중 1가지 선택]"
https://www.card-gorilla.com/card/detail/2540,897,프리미엄 서비스,기타혜택,UNMAPPED_FALLBACK_기타혜택,"Excusive 전용 쿠폰서비스2 [연 1회 제공, 2가지 중 1가지 선택]"
https://www.card-gorilla.com/card/detail/2540,897,프리미엄 서비스,기타혜택,UNMAPPED_FALLBACK_기타혜택,Excusive 전용 특별 서비스
https://www.card-gorilla.com/card/detail/2540,897,프리미엄 서비스,기타혜택,UNMAPPED_FALLBACK_기타혜택,Visa Infinite 서비스
https://www.card-gorilla.com/card/detail/2541,898,대한항공,대한항공,EXACT,대한항공 마일리지 적립 서비스
https://www.card-gorilla.com/card/detail/2541,898,프리미엄 서비스,기타혜택,UNMAPPED_FALLBACK_기타혜택,"Reserve 전용혜택 쿠폰서비스 [연 1회 제공, 3가지 중 1가지 선택]"
https://www.card-gorilla.com/card/detail/2541,898,프리미엄 서비스,기타혜택,UNMAPPED_FALLBACK_기타혜택,Reserve 전용혜택 특별서비스
https://www.card-gorilla.com/card/detail/2541,898,프리미엄 서비스,기타혜택,UNMAPPED_FALLBACK_기타혜택,Amex Elite & ICON 서비스
https://www.card-gorilla.com/card/detail/2541,898,HERITAGE Smart [대한항공 마일리지형],기타혜택,UNMAPPED_FALLBACK_기타혜택,KB국민카드
https://www.card-gorilla.com/card/detail/2542,899,멤버십포인트,기타혜택,UNMAPPED_FALLBACK_기타혜택,국내외/특정 업종 포인트리 적립
https://www.card-gorilla.com/card/detail/2542,899,프리미엄 서비스,기타혜택,UNMAPPED_FALLBACK_기타혜택,"Reserve 전용혜택 쿠폰서비스 [연 1회 제공, 3가지 중 1가지 선택]"
https://www.card-gorilla.com/card/detail/2542,899,프리미엄 서비스,기타혜택,UNMAPPED_FALLBACK_기타혜택,Reserve 전용혜택 특별서비스
https://www.card-gorilla.com/card/detail/2542,899,프리미엄 서비스,기타혜택,UNMAPPED_FALLBACK_기타혜택,Amex Elite & ICON 서비스
https://www.card-gorilla.com/card/detail/2542,899,HERITAGE Smart [할인형],기타혜택,UNMAPPED_FALLBACK_기타혜택,KB국민카드
https://www.card-gorilla.com/card/detail/2542,899,HERITAGE Exclusive,기타혜택,UNMAPPED_FALLBACK_기타혜택,KB국민카드
https://www.card-gorilla.com/card/detail/2543,900,백화점,백화점,EXACT,신세계백화점 1% 할인
https://www.card-gorilla.com/card/detail/2543,900,국내외가맹점,모든가맹점,SYNONYM_APPLIED,0.5% 결제일할인
https://www.card-gorilla.com/card/detail/2543,900,기타,기타,EXACT,교육•할인점•이동통신•병원•약국 할인
https://www.card-gorilla.com/card/detail/2543,900,영화,영화,EXACT,"모든 영화관 10,000원 결제일할인"
https://www.card-gorilla.com/card/detail/2543,900,카페,카페,EXACT,커피전문점 20% 결제일할인
https://www.card-gorilla.com/card/detail/2543,900,패밀리레스토랑,기타혜택,UNMAPPED_FALLBACK_기타혜택,"VIPS•더플레이스 20,000원 결제일할인"
https://www.card-gorilla.com/card/detail/2543,900,테마파크,테마파크,EXACT,놀이공원•워터파크 할인 서비스
https://www.card-gorilla.com/card/detail/2543,900,정비,기타혜택,UNMAPPED_FALLBACK_기타혜택,닥터카 서비스
https://www.card-gorilla.com/card/detail/2543,900,백화점,백화점,EXACT,신세계백화점 제휴 서비스
https://www.card-gorilla.com/card/detail/2543,900,프리미엄 서비스,기타혜택,UNMAPPED_FALLBACK_기타혜택,Mastercard PLATINUM 등급 서비스
https://www.card-gorilla.com/card/detail/2543,900,경기관람,기타혜택,UNMAPPED_FALLBACK_기타혜택,프로스포츠 프로모션 서비스
https://www.card-gorilla.com/card/detail/2546,901,편의점,편의점,EXACT,4대 편의점 10% 적립
https://www.card-gorilla.com/card/detail/2546,901,카페,카페,EXACT,커피 업종 10% 적립
https://www.card-gorilla.com/card/detail/2546,901,생활,생활,EXACT,놀이 영역 이용 시 10% 적립
https://www.card-gorilla.com/card/detail/2546,901,푸드,기타혜택,UNMAPPED_FALLBACK_기타혜택,One Pick 맛집 가맹점 최대 3천 포인트 적립
https://www.card-gorilla.com/card/detail/2547,902,편의점,편의점,EXACT,4대 편의점 이용 시 10% 적립
https://www.card-gorilla.com/card/detail/2547,902,카페,카페,EXACT,커피 업종 이용 시 10% 적립
https://www.card-gorilla.com/card/detail/2547,902,디지털구독,디지털구독,EXACT,디지털 구독 영역 이용 시 10% 적립
https://www.card-gorilla.com/card/detail/2547,902,온라인쇼핑,온라인쇼핑,EXACT,One Pick 온라인 쇼핑몰 가맹점 최대 3천 포인트 적립
https://www.card-gorilla.com/card/detail/2548,903,하이패스,기타혜택,UNMAPPED_FALLBACK_기타혜택,e hi-pass 카드 소개
https://www.card-gorilla.com/card/detail/2548,903,하이패스,기타혜택,UNMAPPED_FALLBACK_기타혜택,후불 하이패스
https://www.card-gorilla.com/card/detail/2548,903,멤버십포인트,기타혜택,UNMAPPED_FALLBACK_기타혜택,포인트리 적립/할인
https://www.card-gorilla.com/card/detail/2549,904,적립,기타혜택,UNMAPPED_FALLBACK_기타혜택,요일별 서비스영역 대상 가맹점 이용시 5% 카카오페이포인트 적립
https://www.card-gorilla.com/card/detail/2549,904,간편결제,간편결제,EXACT,"토/일 카카오페이로 이용 시, 3천 카카오페이포인트 적립"
https://www.card-gorilla.com/card/detail/2549,904,적립,기타혜택,UNMAPPED_FALLBACK_기타혜택,"OTT 및 멤버십 서비스, 커피 대상가맹점 이용 시 10% 카카오페이포인트 적립"
https://www.card-gorilla.com/card/detail/2549,904,선택형,기타혜택,UNMAPPED_FALLBACK_기타혜택,다양한 플레이트 선택 가능
https://www.card-gorilla.com/card/detail/2550,905,카페,카페,EXACT,"[일상] 스타벅스, 커피빈 10% 할인"
https://www.card-gorilla.com/card/detail/2550,905,게임,기타혜택,UNMAPPED_FALLBACK_기타혜택,"[일상] 구글플레이스토어, 앱스토어 10% 할인"
https://www.card-gorilla.com/card/detail/2550,905,공연/전시,기타혜택,UNMAPPED_FALLBACK_기타혜택,[일상] 인터파크 티켓 10% 할인
https://www.card-gorilla.com/card/detail/2550,905,헤어,기타혜택,UNMAPPED_FALLBACK_기타혜택,"[일상] 올리브영, 미용실 업종 5% 할인"
https://www.card-gorilla.com/card/detail/2550,905,편의점,편의점,EXACT,"[일상] GS25, CU 5% 할인"
https://www.card-gorilla.com/card/detail/2550,905,디지털구독,디지털구독,EXACT,"[일상] 넷플릭스, 유튜브프리미엄 1,000원 할인"
https://www.card-gorilla.com/card/detail/2550,905,배달앱,배달앱,EXACT,"[일상] 배달의민족, 요기요 1,000원 할인"
https://www.card-gorilla.com/card/detail/2550,905,통신,통신,EXACT,"[일상] SKT, KT, LG U+, Liiv M 2,500원 할인"
https://www.card-gorilla.com/card/detail/2550,905,영화,영화,EXACT,"[일상] CGV 4,000원 할인"
https://www.card-gorilla.com/card/detail/2550,905,테마파크,테마파크,EXACT,"[일상] 에버랜드, 롯데월드 15,000원 할인"
https://www.card-gorilla.com/card/detail/2550,905,게임,기타혜택,UNMAPPED_FALLBACK_기타혜택,[Play] PC방 업종 10% 할인
https://www.card-gorilla.com/card/detail/2550,905,패스트푸드,기타혜택,UNMAPPED_FALLBACK_기타혜택,"[Play] 패스트푸드 업종 1,000원 할인"
https://www.card-gorilla.com/card/detail/2551,906,무실적,기타혜택,UNMAPPED_FALLBACK_기타혜택,[기본 할인] 국내외 가맹점 1% 청구할인
https://www.card-gorilla.com/card/detail/2551,906,할인,기타혜택,UNMAPPED_FALLBACK_기타혜택,[추가 할인] 전월실적에 따라 매월 최대 2만원 청구할인
https://www.card-gorilla.com/card/detail/2551,906,선택형,기타혜택,UNMAPPED_FALLBACK_기타혜택,플레이트 2종 선택
https://www.card-gorilla.com/card/detail/2552,907,무실적,기타혜택,UNMAPPED_FALLBACK_기타혜택,[기본 적립] 국내외 가맹점 이용금액 0.2% 적립
https://www.card-gorilla.com/card/detail/2552,907,적립,기타혜택,UNMAPPED_FALLBACK_기타혜택,[추가 적립] 전월실적에 따라 최대 3천원 추가 적립
https://www.card-gorilla.com/card/detail/2552,907,적립,기타혜택,UNMAPPED_FALLBACK_기타혜택,[특별 적립] 4대 일상영역 중 한 곳 1만원 적립
https://www.card-gorilla.com/card/detail/2552,907,선택형,기타혜택,UNMAPPED_FALLBACK_기타혜택,플레이트 3종 선택
https://www.card-gorilla.com/card/detail/2553,908,대한항공,대한항공,EXACT,SKYPASS 최대 2마일리지 적립
https://www.card-gorilla.com/card/detail/2553,908,수수료우대,기타혜택,UNMAPPED_FALLBACK_기타혜택,해외수수료 면제
https://www.card-gorilla.com/card/detail/2553,908,공항라운지,공항라운지,EXACT,국내 공항라운지 동반 1인 동시 이용 가능 (전월실적 50만원 이상 시 제공)
https://www.card-gorilla.com/card/detail/2554,909,수수료우대,기타혜택,UNMAPPED_FALLBACK_기타혜택,해외수수료 면제 서비스
https://www.card-gorilla.com/card/detail/2554,909,해외이용,기타혜택,UNMAPPED_FALLBACK_기타혜택,해외 가맹점 하나머니 적립
https://www.card-gorilla.com/card/detail/2554,909,멤버십포인트,기타혜택,UNMAPPED_FALLBACK_기타혜택,국내 가맹점 하나머니 적립
https://www.card-gorilla.com/card/detail/2555,910,할인,기타혜택,UNMAPPED_FALLBACK_기타혜택,청구 할인 서비스
https://www.card-gorilla.com/card/detail/2556,911,적립,기타혜택,UNMAPPED_FALLBACK_기타혜택,포인트리 적립 서비스
https://www.card-gorilla.com/card/detail/2558,912,교통,기타혜택,UNMAPPED_FALLBACK_기타혜택,대중교통 10% 결제일 할인
https://www.card-gorilla.com/card/detail/2558,912,카페,카페,EXACT,커피전문점 20% 결제일 할인
https://www.card-gorilla.com/card/detail/2558,912,디지털구독,디지털구독,EXACT,디지털콘텐츠/멤버십 정기결제 시 20% 결제일 할인
https://www.card-gorilla.com/card/detail/2558,912,온라인쇼핑,온라인쇼핑,EXACT,온라인쇼핑 3% 결제일 할인
https://www.card-gorilla.com/card/detail/2558,912,선택형,기타혜택,UNMAPPED_FALLBACK_기타혜택,특수 소재 카드
https://www.card-gorilla.com/card/detail/2558,912,교통,기타혜택,UNMAPPED_FALLBACK_기타혜택,K-패스 마일리지
https://www.card-gorilla.com/card/detail/2563,913,대중교통,대중교통,EXACT,대중교통 10% 캐시백
https://www.card-gorilla.com/card/detail/2563,913,통신,통신,EXACT,이동통신 10% 캐시백
https://www.card-gorilla.com/card/detail/2563,913,편의점,편의점,EXACT,"편의점/커피전문점/제과 1,000원 캐시벡"
https://www.card-gorilla.com/card/detail/2563,913,영화,영화,EXACT,"CGV 3,000원 할인"
https://www.card-gorilla.com/card/detail/2563,913,대중교통,대중교통,EXACT,K-패스 마일리지
https://www.card-gorilla.com/card/detail/2565,914,애완동물,기타혜택,UNMAPPED_FALLBACK_기타혜택,동물병원/반려동물업종 30% 할인
https://www.card-gorilla.com/card/detail/2565,914,애완동물,기타혜택,UNMAPPED_FALLBACK_기타혜택,반려동물사진관 30% 할인
https://www.card-gorilla.com/card/detail/2565,914,온라인쇼핑,온라인쇼핑,EXACT,온라인쇼핑 10% 할인
https://www.card-gorilla.com/card/detail/2565,914,카페,카페,EXACT,커피 10% 할인
https://www.card-gorilla.com/card/detail/2565,914,대형마트,대형마트,EXACT,대형마트 5% 할인
https://www.card-gorilla.com/card/detail/2565,914,편의점,편의점,EXACT,편의점 5% 할인
https://www.card-gorilla.com/card/detail/2566,915,모든가맹점,모든가맹점,EXACT,국내 가맹점 1.2% 결제일 할인
https://www.card-gorilla.com/card/detail/2566,915,해외,기타혜택,UNMAPPED_FALLBACK_기타혜택,해외 가맹점 2.0% 결제일 할인
https://www.card-gorilla.com/card/detail/2567,916,편의점,편의점,EXACT,GS25 1%/5%/10% 결제일 할인
https://www.card-gorilla.com/card/detail/2567,916,SSM,기타혜택,UNMAPPED_FALLBACK_기타혜택,GS THE FRESH 1%/5%/10% 결제일 할인
https://www.card-gorilla.com/card/detail/2567,916,멤버십포인트,기타혜택,UNMAPPED_FALLBACK_기타혜택,GS리테일 POP서비스
https://www.card-gorilla.com/card/detail/2567,916,카페,카페,EXACT,커피전문점/배달앱 10% 결제일할인
https://www.card-gorilla.com/card/detail/2567,916,디지털구독,디지털구독,EXACT,디지털콘텐츠 30% 결제일 할인
https://www.card-gorilla.com/card/detail/2567,916,해외,기타혜택,UNMAPPED_FALLBACK_기타혜택,해외 1% 결제일 할인
https://www.card-gorilla.com/card/detail/2567,916,선택형,기타혜택,UNMAPPED_FALLBACK_기타혜택,플레이트 선택
https://www.card-gorilla.com/card/detail/2568,917,대중교통,대중교통,EXACT,버스·지하철 10% 청구할인
https://www.card-gorilla.com/card/detail/2568,917,통신,통신,EXACT,이동통신요금 5% 환급할인
https://www.card-gorilla.com/card/detail/2568,917,영화,영화,EXACT,CGV 35% 환급할인
https://www.card-gorilla.com/card/detail/2568,917,패밀리레스토랑,기타혜택,UNMAPPED_FALLBACK_기타혜택,"아웃백, VIPS 20% 환급할인"
https://www.card-gorilla.com/card/detail/2568,917,카페,카페,EXACT,스타벅스 20% 환급할인
https://www.card-gorilla.com/card/detail/2568,917,테마파크,테마파크,EXACT,에버랜드·롯데월드 50% 환급할인
https://www.card-gorilla.com/card/detail/2568,917,금융,기타혜택,UNMAPPED_FALLBACK_기타혜택,금융수수료 면제 서비스
https://www.card-gorilla.com/card/detail/2568,917,편의점,편의점,EXACT,GS25 5% 환급할인
https://www.card-gorilla.com/card/detail/2568,917,도서,기타혜택,UNMAPPED_FALLBACK_기타혜택,교보문고 5% 환급할인
https://www.card-gorilla.com/card/detail/2569,918,적립,기타혜택,UNMAPPED_FALLBACK_기타혜택,트래블 포인트 적립 포인트
https://www.card-gorilla.com/card/detail/2569,918,수수료우대,기타혜택,UNMAPPED_FALLBACK_기타혜택,해외 이용 수수료 면제 서비스
https://www.card-gorilla.com/card/detail/2570,919,온라인쇼핑,온라인쇼핑,EXACT,[오늘 하루 SHOPPING] 온라인 쇼핑 5% 캐시백
https://www.card-gorilla.com/card/detail/2570,919,간편결제,간편결제,EXACT,[오늘 하루 SHOPPING] 간편결제 5% 캐시백
https://www.card-gorilla.com/card/detail/2570,919,생활,생활,EXACT,[오늘 하루 SHOPPING] 안경/렌즈 5% 캐시백
https://www.card-gorilla.com/card/detail/2570,919,카페,카페,EXACT,[오늘 하루 EAT] 커피 5% 캐시백
https://www.card-gorilla.com/card/detail/2570,919,배달앱,배달앱,EXACT,[오늘 하루 EAT] 배달/주문 5% 캐시백
https://www.card-gorilla.com/card/detail/2570,919,대중교통,대중교통,EXACT,[오늘 하루 LIFE] 대중교통(버스/지하철) 5% 캐시백
https://www.card-gorilla.com/card/detail/2570,919,통신,통신,EXACT,[오늘 하루 LIFE] 이동통신 5% 캐시백
https://www.card-gorilla.com/card/detail/2570,919,해외,기타혜택,UNMAPPED_FALLBACK_기타혜택,[오늘 하루 LIFE] 해외 5% 캐시백
https://www.card-gorilla.com/card/detail/2570,919,생활,생활,EXACT,[오늘 하루 LIFE] 어학시험 5% 캐시백
https://www.card-gorilla.com/card/detail/2570,919,디지털구독,디지털구독,EXACT,[오늘 하루 PLAY] OTT 5% 캐시백
https://www.card-gorilla.com/card/detail/2570,919,공연/전시,기타혜택,UNMAPPED_FALLBACK_기타혜택,[오늘 하루 PLAY] 공연티켓 5% 캐시백
https://www.card-gorilla.com/card/detail/2571,920,학원,교육육아,SYNONYM_APPLIED,"메가스터디교육 7,000원~12,000원 할인"
https://www.card-gorilla.com/card/detail/2571,920,생활,생활,EXACT,"생활요금 정기결제 월 최대 3,000원 할인"
https://www.card-gorilla.com/card/detail/2571,920,선택형,기타혜택,UNMAPPED_FALLBACK_기타혜택,플레이트 2종 선택
https://www.card-gorilla.com/card/detail/2572,921,항공마일리지,항공,SYNONYM_APPLIED,UniMile 적립
https://www.card-gorilla.com/card/detail/2572,921,공항라운지,공항라운지,EXACT,[Global 서비스] 인천공항 라운지 무료 입장 및 위탁수화물 서비스
https://www.card-gorilla.com/card/detail/2572,921,프리미엄 서비스,기타혜택,UNMAPPED_FALLBACK_기타혜택,UPI 플래티늄 서비스
https://www.card-gorilla.com/card/detail/2583,922,멤버십포인트,기타혜택,UNMAPPED_FALLBACK_기타혜택,PAYCO 포인트 적립 서비스
https://www.card-gorilla.com/card/detail/2583,922,기타,기타,EXACT,PAYCO 36 우리카드 장기할부 서비스 제공
https://www.card-gorilla.com/card/detail/2583,922,카페,카페,EXACT,커피전문점 5% 청구할인
https://www.card-gorilla.com/card/detail/2583,922,편의점,편의점,EXACT,편의점 5% 청구할인
https://www.card-gorilla.com/card/detail/2583,922,PAYCO taptap,기타혜택,UNMAPPED_FALLBACK_기타혜택,삼성카드
https://www.card-gorilla.com/card/detail/2585,923,대중교통,대중교통,EXACT,대중교통(버스/지하철) 이용 시 최대 5% 적립
https://www.card-gorilla.com/card/detail/2585,923,생활,생활,EXACT,생활편의영역(통신·편의점·생활잡화·디지털컨텐츠·커피) 이용시 2% 적립
https://www.card-gorilla.com/card/detail/2585,923,해외이용,기타혜택,UNMAPPED_FALLBACK_기타혜택,해외 이용금액에 대해 1.3% 적립
https://www.card-gorilla.com/card/detail/2586,924,교육/육아,기타혜택,UNMAPPED_FALLBACK_기타혜택,용돈도 신용카드로
https://www.card-gorilla.com/card/detail/2586,924,교통,기타혜택,UNMAPPED_FALLBACK_기타혜택,버스와 지하철 충전 없이 탈 수 있어요
https://www.card-gorilla.com/card/detail/2586,924,간편결제,간편결제,EXACT,어디서나 간편하게 로카페이로 결제할 수 있어요
https://www.card-gorilla.com/card/detail/2587,925,무실적,기타혜택,UNMAPPED_FALLBACK_기타혜택,[기본할인] 국내외 가맹점 1% 청구할인
https://www.card-gorilla.com/card/detail/2587,925,할인,기타혜택,UNMAPPED_FALLBACK_기타혜택,[추가 할인] 전월실적에 따라 매월 최대 2만원 청구할인
https://www.card-gorilla.com/card/detail/2587,925,선택형,기타혜택,UNMAPPED_FALLBACK_기타혜택,플레이트 2종 선택
https://www.card-gorilla.com/card/detail/2588,926,카페,카페,EXACT,"스타벅스, 커피빈 10% 할인"
https://www.card-gorilla.com/card/detail/2588,926,게임,기타혜택,UNMAPPED_FALLBACK_기타혜택,"구글플레이스토어, 앱스토어 10% 할인"
https://www.card-gorilla.com/card/detail/2588,926,공연/전시,기타혜택,UNMAPPED_FALLBACK_기타혜택,인터파크 티켓 10% 할인
https://www.card-gorilla.com/card/detail/2588,926,드럭스토어,드럭스토어,EXACT,"올리브영, 미용실 업종 5% 할인"
https://www.card-gorilla.com/card/detail/2588,926,편의점,편의점,EXACT,"GS25, CU 5% 할인"
https://www.card-gorilla.com/card/detail/2588,926,디지털구독,디지털구독,EXACT,"넷플릭스, 유튜브프리미엄 1,000원 할인"
https://www.card-gorilla.com/card/detail/2588,926,배달앱,배달앱,EXACT,"배달의 민족, 요기요 1,000원 할인"
https://www.card-gorilla.com/card/detail/2588,926,통신,통신,EXACT,"SKT, KT, LG U+, Liiv M 2,500원 할인"
https://www.card-gorilla.com/card/detail/2588,926,영화,영화,EXACT,"CGV 4,000원 할인"
https://www.card-gorilla.com/card/detail/2588,926,테마파크,테마파크,EXACT,"에버랜드, 롯데월드 15,000원 할인"
https://www.card-gorilla.com/card/detail/2588,926,해외이용,기타혜택,UNMAPPED_FALLBACK_기타혜택,해외 가맹점 2% 할인
https://www.card-gorilla.com/card/detail/2588,926,공항라운지,공항라운지,EXACT,공항라운지 더라운지멤버스
https://www.card-gorilla.com/card/detail/2589,927,쇼핑,쇼핑,EXACT,GS리테일 점내 이용 시 GS&POINT 1% 적립
https://www.card-gorilla.com/card/detail/2589,927,모든가맹점,모든가맹점,EXACT,그 외 모든 가맹점 이용 시 GS&POINT 0.1% 기본 적립
https://www.card-gorilla.com/card/detail/2592,929,항공마일리지,항공,SYNONYM_APPLIED,[웰컴기프트] 싱가포르항공 크리스플라이어(이하 KF) 1만 5천 마일리지 적립 (발급 첫해 1회)
https://www.card-gorilla.com/card/detail/2592,929,항공마일리지,항공,SYNONYM_APPLIED,[연간기프트] 국내외 가맹점 싱가포르항공 크리스플라이어 마일리지 적립
https://www.card-gorilla.com/card/detail/2592,929,항공마일리지,항공,SYNONYM_APPLIED,국내외 가맹점 싱가포르항공 크리스플라이어 마일리지 적립
https://www.card-gorilla.com/card/detail/2592,929,기타,기타,EXACT,싱가포르항공 크리스플라이어 엘리트 멤버십 제공
https://www.card-gorilla.com/card/detail/2592,929,항공마일리지,항공,SYNONYM_APPLIED,싱가포르항공 크리스플라이어 보너스 마일리지 적립
https://www.card-gorilla.com/card/detail/2592,929,기타,기타,EXACT,"[부스터마일즈] 이용금액 1,500원당 1크리스플라이어 마일리지 추가 적립"
https://www.card-gorilla.com/card/detail/2592,929,할인,기타혜택,UNMAPPED_FALLBACK_기타혜택,싱가포르항공 크리스플라이어 공제 마일리지 할인 쿠폰 제공
https://www.card-gorilla.com/card/detail/2592,929,기타,기타,EXACT,싱가포르항공 인천/김해공항 특별 우대
https://www.card-gorilla.com/card/detail/2592,929,할인,기타혜택,UNMAPPED_FALLBACK_기타혜택,싱가포르항공 이용금액 결제일 할인
https://www.card-gorilla.com/card/detail/2592,929,공항라운지,공항라운지,EXACT,The Lounge 공항 라운지 무료 제공 (연 2회)
https://www.card-gorilla.com/card/detail/2594,930,아시아나항공,아시아나항공,EXACT,특별적립처 이용 시 아시아나클럽 마일리지 더블 적립
https://www.card-gorilla.com/card/detail/2594,930,공항라운지,공항라운지,EXACT,"스카이허브 라운지, 마티나(인천공항 제1여객터미널) 라운지 연 1회 무료 이용"
https://www.card-gorilla.com/card/detail/2595,931,쇼핑,쇼핑,EXACT,랭킹닭컴 20% 청구할인
https://www.card-gorilla.com/card/detail/2595,931,골프,골프,EXACT,골프(연습)장 최대 10% 청구할인
https://www.card-gorilla.com/card/detail/2595,931,디지털구독,디지털구독,EXACT,구독서비스 10% 청구할인
https://www.card-gorilla.com/card/detail/2596,932,캐시백,기타혜택,UNMAPPED_FALLBACK_기타혜택,국내외 이용금액 최대 0.5% 캐시백
https://www.card-gorilla.com/card/detail/2596,932,대중교통,대중교통,EXACT,버스/지하철 후불교통 이용금액 캐시백
https://www.card-gorilla.com/card/detail/2596,932,디지털구독,디지털구독,EXACT,디지털 구독 이용금액 월 최대 1만원 캐시백
https://www.card-gorilla.com/card/detail/2597,933,캐시백,기타혜택,UNMAPPED_FALLBACK_기타혜택,국내외 이용금액 월 최대 0.3% 캐시백
https://www.card-gorilla.com/card/detail/2597,933,대중교통,대중교통,EXACT,버스/지하철 후불교통 이용금액 캐시백
https://www.card-gorilla.com/card/detail/2598,934,드럭스토어,드럭스토어,EXACT,올리브영 이용금액 10% CJ ONE 포인트 적립
https://www.card-gorilla.com/card/detail/2598,934,푸드,기타혜택,UNMAPPED_FALLBACK_기타혜택,빕스/뚜레쥬르/CGV 이용금액 30% CJ ONE 포인트 적립
https://www.card-gorilla.com/card/detail/2598,934,CJ ONE,기타혜택,UNMAPPED_FALLBACK_기타혜택,7대 CJ브랜드 이용금액 최대 3% CJ ONE 포인트 적립
https://www.card-gorilla.com/card/detail/2598,934,국내외가맹점,모든가맹점,SYNONYM_APPLIED,국내외 전가맹점(7대 CJ브랜드 제외) 최대 0.3% CJ ONE 포인트 적립
https://www.card-gorilla.com/card/detail/2602,935,디지털구독,디지털구독,EXACT,5개 영역 디지털 구독 가맹점 정기결제 이용 시 결제일 할인
https://www.card-gorilla.com/card/detail/2602,935,할인,기타혜택,UNMAPPED_FALLBACK_기타혜택,서비스 대상 정기결제 자동이체 시 결제일 할인
https://www.card-gorilla.com/card/detail/2602,935,할인,기타혜택,UNMAPPED_FALLBACK_기타혜택,서비스 대상 배달앱/생활편의 가맹점 이용 시 결제일 할인
https://www.card-gorilla.com/card/detail/2603,936,주유,주유소,SYNONYM_APPLIED,주유소(충전소 포함) 리터당 150원~300원 청구할인
https://www.card-gorilla.com/card/detail/2603,936,자동차,기타혜택,UNMAPPED_FALLBACK_기타혜택,"차량정비, 주차장, 세차장 업종 10% 청구할인"
https://www.card-gorilla.com/card/detail/2604,937,대중교통,대중교통,EXACT,"후불교통(시내버스, 지하철) 청구할인, 고속/시외버스 환급할인 (최대 4천원)"
https://www.card-gorilla.com/card/detail/2604,937,편의점,편의점,EXACT,CU편의점 최대 4천원 환급할인
https://www.card-gorilla.com/card/detail/2604,937,카페,카페,EXACT,스타벅스(사이렌오더 포함) 최대 4천원 환급할인
https://www.card-gorilla.com/card/detail/2604,937,영화,영화,EXACT,CGV 최대 4천원 환급할인
https://www.card-gorilla.com/card/detail/2604,937,쇼핑,쇼핑,EXACT,텐바이텐 최대 4천원 환급할인
https://www.card-gorilla.com/card/detail/2604,937,간편결제,간편결제,EXACT,네이버페이·카카오페이·SSG페이 최대 4천원 환급할인 (온라인만)
https://www.card-gorilla.com/card/detail/2604,937,뷰티/피트니스,기타혜택,UNMAPPED_FALLBACK_기타혜택,"올리브영, 안경(렌즈)점 최대 4천원 환급할인"
https://www.card-gorilla.com/card/detail/2604,937,도서,기타혜택,UNMAPPED_FALLBACK_기타혜택,"YES24, 교보문고 최대 4천원 환급할인 (온라인만)"
https://www.card-gorilla.com/card/detail/2604,937,공연/전시,기타혜택,UNMAPPED_FALLBACK_기타혜택,인터파크티켓 최대 4천원 환급할인 (온라인만)
https://www.card-gorilla.com/card/detail/2605,938,자동차,기타혜택,UNMAPPED_FALLBACK_기타혜택,티맵 최대 50% 청구 할인
https://www.card-gorilla.com/card/detail/2605,938,디지털구독,디지털구독,EXACT,OTT 10% 청구 할인
https://www.card-gorilla.com/card/detail/2605,938,주유,주유소,SYNONYM_APPLIED,주유 5% 청구 할인
https://www.card-gorilla.com/card/detail/2605,938,푸드,기타혜택,UNMAPPED_FALLBACK_기타혜택,식음료 5% 청구 할인
https://www.card-gorilla.com/card/detail/2606,939,보험사,기타혜택,UNMAPPED_FALLBACK_기타혜택,신한라이프 전용보험 우대서비스
https://www.card-gorilla.com/card/detail/2606,939,병원,기타혜택,UNMAPPED_FALLBACK_기타혜택,GC헬스케어 Basic 서비스
https://www.card-gorilla.com/card/detail/2606,939,병원/약국,병원약국,SYNONYM_APPLIED,의료 업종 할인
https://www.card-gorilla.com/card/detail/2606,939,피트니스,기타혜택,UNMAPPED_FALLBACK_기타혜택,스포츠 및 헬스 업종 할인
https://www.card-gorilla.com/card/detail/2606,939,생활,생활,EXACT,생활편의 가맹점 할인
https://www.card-gorilla.com/card/detail/2608,940,학원,교육육아,SYNONYM_APPLIED,대성학원 및 학원업종 3~5% 캐시백
https://www.card-gorilla.com/card/detail/2608,940,주유,주유소,SYNONYM_APPLIED,GS칼텍스 주유시 리터랑 40원 결제일 할인
https://www.card-gorilla.com/card/detail/2608,940,테마파크,테마파크,EXACT,테마파크 자유이용권 본인 할인
https://www.card-gorilla.com/card/detail/2609,941,혜택 프로모션,기타혜택,UNMAPPED_FALLBACK_기타혜택,"쿠팡, 쿠팡이츠, 쿠팡플레이 최대 4만원 적립(전월실적 조건 없음)
쿠팡 외 최대 2.4만원 적립(전월실적 조건 없음)"
https://www.card-gorilla.com/card/detail/2609,941,적립,기타혜택,UNMAPPED_FALLBACK_기타혜택,"(상품 기본 혜택) 쿠팡, 쿠팡이츠, 쿠팡플레이 2% 쿠팡캐시 적립"
https://www.card-gorilla.com/card/detail/2609,941,적립,기타혜택,UNMAPPED_FALLBACK_기타혜택,(상품 기본 혜택) 쿠팡 외 가맹점 0.2% 쿠팡캐시 적립
https://www.card-gorilla.com/card/detail/2611,942,적립,기타혜택,UNMAPPED_FALLBACK_기타혜택,Applus포인트 기본 적립
https://www.card-gorilla.com/card/detail/2611,942,기타,기타,EXACT,iPhone for Life 프로그램 이용 시
https://www.card-gorilla.com/card/detail/2611,942,적립,기타혜택,UNMAPPED_FALLBACK_기타혜택,iPhone for Life 프로그램 미 이용 시 Applus포인트 특별 적립
https://www.card-gorilla.com/card/detail/2612,943,프리미엄,기타혜택,UNMAPPED_FALLBACK_기타혜택,"[아코르 서비스] 4,000 ALL 리워드 포인트 기프트 제공"
https://www.card-gorilla.com/card/detail/2612,943,프리미엄,기타혜택,UNMAPPED_FALLBACK_기타혜택,[아코르 서비스] ALL회원 SILVER 등급 제공 및 업그레이드
https://www.card-gorilla.com/card/detail/2612,943,프리미엄,기타혜택,UNMAPPED_FALLBACK_기타혜택,[아코르 서비스] ALL 리워드 포인트 적립
https://www.card-gorilla.com/card/detail/2612,943,프리미엄,기타혜택,UNMAPPED_FALLBACK_기타혜택,"[아코르 서비스] 2,000 ALL 리워드 포인트 보너스 제공"
https://www.card-gorilla.com/card/detail/2612,943,공항라운지,공항라운지,EXACT,[Premium Service] 국내외 공항 라운지 무료이용 서비스 제공
https://www.card-gorilla.com/card/detail/2612,943,여행/숙박,기타혜택,UNMAPPED_FALLBACK_기타혜택,[Premium Service] KAL 리무진 버스 무료이용 서비스 제공
https://www.card-gorilla.com/card/detail/2612,943,여행/숙박,기타혜택,UNMAPPED_FALLBACK_기타혜택,[Premium Service] 국내외 여행자 보험 서비스 제공
https://www.card-gorilla.com/card/detail/2612,943,호텔,기타혜택,UNMAPPED_FALLBACK_기타혜택,[Premium Service] 아코르 호텔 프리미엄 서비스 제공
https://www.card-gorilla.com/card/detail/2613,944,프리미엄,기타혜택,UNMAPPED_FALLBACK_기타혜택,"[아코르 서비스] 14,000 ALL 리워드 포인트 기프트 제공"
https://www.card-gorilla.com/card/detail/2613,944,프리미엄,기타혜택,UNMAPPED_FALLBACK_기타혜택,[아코르 서비스] 아코르 플러스 유료 멤버십 자동 가입
https://www.card-gorilla.com/card/detail/2613,944,프리미엄,기타혜택,UNMAPPED_FALLBACK_기타혜택,[아코르 서비스] ALL 회원 GOLD 등급 제공 및 업그레이드
https://www.card-gorilla.com/card/detail/2613,944,프리미엄,기타혜택,UNMAPPED_FALLBACK_기타혜택,[아코르 서비스] ALL 리워드 포인트 적립
https://www.card-gorilla.com/card/detail/2613,944,프리미엄,기타혜택,UNMAPPED_FALLBACK_기타혜택,"[아코르 서비스] 5,000 ALL 리워드 포인트 보너스 제공"
https://www.card-gorilla.com/card/detail/2613,944,공항라운지,공항라운지,EXACT,[Premium Service] 국내외 공항 라운지 무료이용 서비스 제공
https://www.card-gorilla.com/card/detail/2613,944,여행/숙박,기타혜택,UNMAPPED_FALLBACK_기타혜택,[Premium Service] KAL 리무진 버스 무료이용 서비스 제공
https://www.card-gorilla.com/card/detail/2613,944,골프,골프,EXACT,[Premium Service] 국내 지정 골프장 무료 커피 또는 지정 골프연습장 무료 타석권 제공
https://www.card-gorilla.com/card/detail/2613,944,여행/숙박,기타혜택,UNMAPPED_FALLBACK_기타혜택,[Premium Service] 국내외 여행자 보험 서비스 제공
https://www.card-gorilla.com/card/detail/2613,944,호텔,기타혜택,UNMAPPED_FALLBACK_기타혜택,[Premium Service] 아코르 호텔 프리미엄 서비스 제공
https://www.card-gorilla.com/card/detail/2613,944,선택형,기타혜택,UNMAPPED_FALLBACK_기타혜택,플레이트 선택
https://www.card-gorilla.com/card/detail/2614,945,적립,기타혜택,UNMAPPED_FALLBACK_기타혜택,KB Pay '다 되는' 적립
https://www.card-gorilla.com/card/detail/2614,945,간편결제,간편결제,EXACT,KB Pay 온라인 '더 되는' 적립
https://www.card-gorilla.com/card/detail/2614,945,간편결제,간편결제,EXACT,KB Pay 오프라인 '더 되는' 적립
https://www.card-gorilla.com/card/detail/2618,946,주유소,주유소,EXACT,주유 리터당 70원·90원 결제일 할인
https://www.card-gorilla.com/card/detail/2618,946,자동차/하이패스,기타혜택,UNMAPPED_FALLBACK_기타혜택,주차장·하이패스·대리운전 10% 결제일 할인
https://www.card-gorilla.com/card/detail/2618,946,국내외가맹점,모든가맹점,SYNONYM_APPLIED,국내외 가맹점 0.5% 결제일 할인
https://www.card-gorilla.com/card/detail/2618,946,생활,생활,EXACT,할인점·온라인쇼핑몰·편의점·배달앱·커피전문점 1.5% 결제일 할인
https://www.card-gorilla.com/card/detail/2618,946,영화,영화,EXACT,"영화 5,000원 결제일 할인"
https://www.card-gorilla.com/card/detail/2618,946,정비,기타혜택,UNMAPPED_FALLBACK_기타혜택,차량 점검 서비스
https://www.card-gorilla.com/card/detail/2619,947,적립,기타혜택,UNMAPPED_FALLBACK_기타혜택,에코머니 포인트 적립서비스
https://www.card-gorilla.com/card/detail/2623,948,온라인쇼핑,온라인쇼핑,EXACT,온라인 쇼핑 10% 할인(KB Pay 결제 시)
https://www.card-gorilla.com/card/detail/2623,948,카페,카페,EXACT,커피/편의점 10% 할인(KB Pay 결제 시)
https://www.card-gorilla.com/card/detail/2623,948,쇼핑,쇼핑,EXACT,오프라인 쇼핑 5% 할인(KB Pay 결제 시)
https://www.card-gorilla.com/card/detail/2623,948,항공권,기타혜택,UNMAPPED_FALLBACK_기타혜택,온라인 항공/면세점 5% 할인(KB Pay 결제 시)
https://www.card-gorilla.com/card/detail/2623,948,프리미엄 서비스,기타혜택,UNMAPPED_FALLBACK_기타혜택,Amex Selects(셀렉츠) 서비스
https://www.card-gorilla.com/card/detail/2624,949,온라인쇼핑,온라인쇼핑,EXACT,온라인 쇼핑 10% 할인 (KB Pay 결제 시)
https://www.card-gorilla.com/card/detail/2624,949,주유,주유소,SYNONYM_APPLIED,"주유 100원/L, 편의점 5% 할인"
https://www.card-gorilla.com/card/detail/2624,949,통신,통신,EXACT,"이동통신 10%, OTT 30% 할인"
https://www.card-gorilla.com/card/detail/2624,949,패밀리레스토랑,기타혜택,UNMAPPED_FALLBACK_기타혜택,패밀리레스토랑 30% 할인
https://www.card-gorilla.com/card/detail/2624,949,해외이용,기타혜택,UNMAPPED_FALLBACK_기타혜택,해외 가맹점 5% 할인
https://www.card-gorilla.com/card/detail/2624,949,테마파크,테마파크,EXACT,놀이공원 현장 할인
https://www.card-gorilla.com/card/detail/2624,949,프리미엄 서비스,기타혜택,UNMAPPED_FALLBACK_기타혜택,Amex Selects(셀렉츠) 서비스
https://www.card-gorilla.com/card/detail/2625,950,카페,카페,EXACT,커피 업종 100원 할인
https://www.card-gorilla.com/card/detail/2625,950,편의점,편의점,EXACT,편의점 200원 할인
https://www.card-gorilla.com/card/detail/2625,950,게임,기타혜택,UNMAPPED_FALLBACK_기타혜택,모바일 200원 할인
https://www.card-gorilla.com/card/detail/2625,950,배달앱,배달앱,EXACT,배달음식 500원 할인
https://www.card-gorilla.com/card/detail/2625,950,대중교통,대중교통,EXACT,"대중교통 1,000원 할인"
https://www.card-gorilla.com/card/detail/2627,951,바우처,기타혜택,UNMAPPED_FALLBACK_기타혜택,[기프트 바우처] Voucher : Premium Gift
https://www.card-gorilla.com/card/detail/2627,951,적립,기타혜택,UNMAPPED_FALLBACK_기타혜택,"[적립 서비스] 기본적립 2%, 연간 리워드 1%"
https://www.card-gorilla.com/card/detail/2627,951,프리미엄 서비스,기타혜택,UNMAPPED_FALLBACK_기타혜택,[프리미엄 서비스] 공항라운지 서비스
https://www.card-gorilla.com/card/detail/2627,951,프리미엄 서비스,기타혜택,UNMAPPED_FALLBACK_기타혜택,[프리미엄 서비스] 항공사 마일리지 전환
https://www.card-gorilla.com/card/detail/2627,951,프리미엄 서비스,기타혜택,UNMAPPED_FALLBACK_기타혜택,[프리미엄 서비스] 메탈 플레이트 제공
https://www.card-gorilla.com/card/detail/2627,951,프리미엄 서비스,기타혜택,UNMAPPED_FALLBACK_기타혜택,VISA Infinite 선택 서비스
https://www.card-gorilla.com/card/detail/2627,951,HERITAGE Exclusive,기타혜택,UNMAPPED_FALLBACK_기타혜택,KB국민카드
https://www.card-gorilla.com/card/detail/2629,952,국내외가맹점,모든가맹점,SYNONYM_APPLIED,국내외 가맹점 이용 시 스마일캐시 0.7% 적립
https://www.card-gorilla.com/card/detail/2629,952,적립,기타혜택,UNMAPPED_FALLBACK_기타혜택,추가 적립 대상점 이용 시 스마일캐시 2% 적립(기본0.7%+추가1.3%)
https://www.card-gorilla.com/card/detail/2629,952,SmileCard Edition2,기타혜택,UNMAPPED_FALLBACK_기타혜택,현대카드
https://www.card-gorilla.com/card/detail/2629,952,SmileCard the Club,기타혜택,UNMAPPED_FALLBACK_기타혜택,현대카드
https://www.card-gorilla.com/card/detail/2630,953,테마파크,테마파크,EXACT,"에버랜드 종일권(대인 동반 소인 1매) 50% 현장할인
캐리비안베이 종일권 30% 현장할인"
https://www.card-gorilla.com/card/detail/2630,953,테마파크,테마파크,EXACT,"직영 기념품 매장 20% 현장할인
정기권 10% 현장할인"
https://www.card-gorilla.com/card/detail/2630,953,주유,주유소,SYNONYM_APPLIED,SK주유소 리터당 60원 청구할인
https://www.card-gorilla.com/card/detail/2630,953,패밀리레스토랑,기타혜택,UNMAPPED_FALLBACK_기타혜택,"VIPS, 아웃백, TGIF 20% 청구할인"
https://www.card-gorilla.com/card/detail/2630,953,레저/스포츠,기타혜택,UNMAPPED_FALLBACK_기타혜택,"스타포유㈜와 제휴된 전통고택, 글램핑, 카라반 우대 할인"
https://www.card-gorilla.com/card/detail/2631,954,국내외가맹점,모든가맹점,SYNONYM_APPLIED,국내외 가맹점 0.5%/1% 모니머니 리워드 적립
https://www.card-gorilla.com/card/detail/2631,954,보험사,기타혜택,UNMAPPED_FALLBACK_기타혜택,보험 9% 모니머니 리워드 추가 적립
https://www.card-gorilla.com/card/detail/2631,954,생활,생활,EXACT,생활 필수 영역 1% 모니머니 리워드 추가 적립
https://www.card-gorilla.com/card/detail/2631,954,카페,카페,EXACT,"스타벅스 5,000원 할인"
https://www.card-gorilla.com/card/detail/2631,954,선택형,기타혜택,UNMAPPED_FALLBACK_기타혜택,매일 모니모를 찾는 당신을 위해 모니모A 카드의 더 새롭고 감각적인 디자인을 소개합니다.
https://www.card-gorilla.com/card/detail/2632,955,국내외가맹점,모든가맹점,SYNONYM_APPLIED,0.7% 캐시백
https://www.card-gorilla.com/card/detail/2632,955,캐시백,기타혜택,UNMAPPED_FALLBACK_기타혜택,즉시 결제 1% 추가 캐시백
https://www.card-gorilla.com/card/detail/2632,955,무이자할부,기타혜택,UNMAPPED_FALLBACK_기타혜택,LOCA 나누기 혜택
https://www.card-gorilla.com/card/detail/2633,956,국내외가맹점,모든가맹점,SYNONYM_APPLIED,0.7% 결제일 할인
https://www.card-gorilla.com/card/detail/2633,956,온라인쇼핑,온라인쇼핑,EXACT,온라인 쇼핑 최대 5% 결제일 할인
https://www.card-gorilla.com/card/detail/2634,957,국내외가맹점,모든가맹점,SYNONYM_APPLIED,어디서나 1% 결제일 할인
https://www.card-gorilla.com/card/detail/2634,957,온라인쇼핑,온라인쇼핑,EXACT,온라인 쇼핑 최대 5% 결제일 할인
https://www.card-gorilla.com/card/detail/2634,957,배달앱,배달앱,EXACT,"배달의 민족, 쿠팡이츠, 요기요 5% 결제일 할인"
https://www.card-gorilla.com/card/detail/2634,957,통신,통신,EXACT,"SKT, KT, LG U+ 5% 결제일 할인"
https://www.card-gorilla.com/card/detail/2634,957,디지털구독,디지털구독,EXACT,"넷플릭스, 유튜브프리미엄, 왓챠, 멜론, 지니뮤직 50% 결제일 할인"
https://www.card-gorilla.com/card/detail/2634,957,프리미엄,기타혜택,UNMAPPED_FALLBACK_기타혜택,SPECIAL GIFT 혜택
https://www.card-gorilla.com/card/detail/2634,957,프리미엄 서비스,기타혜택,UNMAPPED_FALLBACK_기타혜택,Master Platinum Service
https://www.card-gorilla.com/card/detail/2635,958,선택형,기타혜택,UNMAPPED_FALLBACK_기타혜택,"Triple in 혜택
5개의 생활 업종 중 3개 최대 30,000원 할인"
https://www.card-gorilla.com/card/detail/2636,959,국내외가맹점,모든가맹점,SYNONYM_APPLIED,"1% 캐시백
국내 가맹점 1%, 해외 이용금액 1%"
https://www.card-gorilla.com/card/detail/2636,959,캐시백,기타혜택,UNMAPPED_FALLBACK_기타혜택,"즉시결제 1% 추가 캐시백
일시불 이용 후 5일 이내 즉시결제 시 1%"
https://www.card-gorilla.com/card/detail/2636,959,기타,기타,EXACT,LOCA 나누기 혜택
https://www.card-gorilla.com/card/detail/2636,959,바우처,기타혜택,UNMAPPED_FALLBACK_기타혜택,"Special Gift 혜택 (롯데상품권카드 5만원권 1매 / 3개월간 1,000만원 이상 이용시 제공)"
https://www.card-gorilla.com/card/detail/2636,959,프리미엄 서비스,기타혜택,UNMAPPED_FALLBACK_기타혜택,Master World 서비스
https://www.card-gorilla.com/card/detail/2637,960,카카오페이,카카오페이,EXACT,카카오페이 이용 시 적립
https://www.card-gorilla.com/card/detail/2637,960,카페,카페,EXACT,커피전문점 업종 이용금액에 5% 카카오페이포인트 적립
https://www.card-gorilla.com/card/detail/2637,960,대중교통,대중교통,EXACT,대중교통 이용금액에 5% 카카오페이포인트 적립(버스/지하철)
https://www.card-gorilla.com/card/detail/2637,960,해외,기타혜택,UNMAPPED_FALLBACK_기타혜택,해외(온라인 포함) 이용금액에 1% 카카오페이포인트 적립
https://www.card-gorilla.com/card/detail/2637,960,프리미엄,기타혜택,UNMAPPED_FALLBACK_기타혜택,VISA Platinum
https://www.card-gorilla.com/card/detail/2638,961,카카오페이,카카오페이,EXACT,카카오페이 이용 시 적립
https://www.card-gorilla.com/card/detail/2638,961,편의점,편의점,EXACT,편의점 이용금액에 5% 카카오페이포인트 적립
https://www.card-gorilla.com/card/detail/2638,961,통신,통신,EXACT,통신요금 자동이체 이용금액에 5% 카카오페이포인트 적립
https://www.card-gorilla.com/card/detail/2638,961,해외,기타혜택,UNMAPPED_FALLBACK_기타혜택,해외(온라인 포함) 이용금액에 1% 카카오페이포인트 적립
https://www.card-gorilla.com/card/detail/2638,961,프리미엄,기타혜택,UNMAPPED_FALLBACK_기타혜택,VISA Platinum
https://www.card-gorilla.com/card/detail/2639,962,푸드,기타혜택,UNMAPPED_FALLBACK_기타혜택,"[DO EAT] 편의점, 배달의민족 5% 적립"
https://www.card-gorilla.com/card/detail/2639,962,쇼핑,쇼핑,EXACT,"[DO BUY] 쿠팡, 무신사 5% 적립"
https://www.card-gorilla.com/card/detail/2639,962,게임,기타혜택,UNMAPPED_FALLBACK_기타혜택,"[DO PLAY] 구글 Play스토어, 애플 APP Store 5% 적립"
https://www.card-gorilla.com/card/detail/2640,963,멤버십포인트,기타혜택,UNMAPPED_FALLBACK_기타혜택,[기본 혜택] 국내외 가맹점 1% 코스트코 리워드 포인트 적립 (전월실적 50만원 이상)
https://www.card-gorilla.com/card/detail/2640,963,멤버십포인트,기타혜택,UNMAPPED_FALLBACK_기타혜택,[추가 혜택] 코스트코 최대 3% 코스트코 리워드 포인트 적립 (전월실적 50만원 이상)
https://www.card-gorilla.com/card/detail/2640,963,멤버십포인트,기타혜택,UNMAPPED_FALLBACK_기타혜택,코스트코 리워드 포인트 바우처 교환
https://www.card-gorilla.com/card/detail/2640,963,멤버십포인트,기타혜택,UNMAPPED_FALLBACK_기타혜택,"코스트코멤버십카드 기능 추가
코스트코멤버십 연회비 자동납부서비스"
https://www.card-gorilla.com/card/detail/2640,963,프리미엄 서비스,기타혜택,UNMAPPED_FALLBACK_기타혜택,Visa 브랜드 플래티넘서비스
https://www.card-gorilla.com/card/detail/2641,964,충전소,기타혜택,UNMAPPED_FALLBACK_기타혜택,친환경 자동차 충전(20~40% 에코머니포인트 적립)
https://www.card-gorilla.com/card/detail/2641,964,대중교통,대중교통,EXACT,대중 교통(10% 에코머니포인트 적립)
https://www.card-gorilla.com/card/detail/2641,964,고속버스,기타혜택,UNMAPPED_FALLBACK_기타혜택,일반 교통(10% 에코머니포인트 적립)
https://www.card-gorilla.com/card/detail/2641,964,생활,생활,EXACT,공유 모빌리티 (10% 에코머니포인트 적립)
https://www.card-gorilla.com/card/detail/2641,964,카페,카페,EXACT,커피 전문점 (10% 에코머니포인트 적립)
https://www.card-gorilla.com/card/detail/2641,964,적립,기타혜택,UNMAPPED_FALLBACK_기타혜택,국내 가맹점 (0.2% 에코머니포인트 적립)
https://www.card-gorilla.com/card/detail/2642,965,적립,기타혜택,UNMAPPED_FALLBACK_기타혜택,GS칼텍스 주유소 및 국내외 가맹점 이용 시 M포인트 적립
https://www.card-gorilla.com/card/detail/2642,965,바우처,기타혜택,UNMAPPED_FALLBACK_기타혜택,[우대 서비스] 2만원 바로할인 보너스 카드 제공(6개월마다 1만원씩 총 2만원)
https://www.card-gorilla.com/card/detail/2642,965,멤버십포인트,기타혜택,UNMAPPED_FALLBACK_기타혜택,[프로모션] GS칼텍스 주유 시 리터당 최대 150 M포인트 사용
https://www.card-gorilla.com/card/detail/2642,965,프리미엄 서비스,기타혜택,UNMAPPED_FALLBACK_기타혜택,VISA 플래티넘 서비스
https://www.card-gorilla.com/card/detail/2643,966,수수료우대,기타혜택,UNMAPPED_FALLBACK_기타혜택,트래블로그 스위치 서비스
https://www.card-gorilla.com/card/detail/2643,966,국내외가맹점,모든가맹점,SYNONYM_APPLIED,국내외 가맹점 0.2% 하나머니 적립
https://www.card-gorilla.com/card/detail/2643,966,간편결제,간편결제,EXACT,각종 페이결제 0.4% 하나머니 적립
https://www.card-gorilla.com/card/detail/2643,966,쇼핑,쇼핑,EXACT,"마트, SSM, 백화점 0.6% 하나머니 적립"
https://www.card-gorilla.com/card/detail/2643,966,배달앱,배달앱,EXACT,"배달의민족, 요기요 0.8% 하나머니 적립"
https://www.card-gorilla.com/card/detail/2643,966,대중교통,대중교통,EXACT,"버스, 지하철 1.0% 하나머니 적립"
https://www.card-gorilla.com/card/detail/2645,967,할인,기타혜택,UNMAPPED_FALLBACK_기타혜택,생활요금・교육・병의원・교통 10% 할인
https://www.card-gorilla.com/card/detail/2646,968,할인,기타혜택,UNMAPPED_FALLBACK_기타혜택,실적・한도 제한 없이 국내외 가맹점 이용 금액의 0.8% 청구 할인
https://www.card-gorilla.com/card/detail/2647,969,적립,기타혜택,UNMAPPED_FALLBACK_기타혜택,실적・한도 제한 없이 국내외 가맹점 이용 금액의 1.2% M포인트 적립
https://www.card-gorilla.com/card/detail/2651,970,멤버십포인트,기타혜택,UNMAPPED_FALLBACK_기타혜택,W컨셉 7% W POINT 적립
https://www.card-gorilla.com/card/detail/2651,970,카페,카페,EXACT,커피전문점/헬스&뷰티/온라인쇼핑몰/이동통신 7% W POINT 적립
https://www.card-gorilla.com/card/detail/2651,970,디지털구독,디지털구독,EXACT,디지털콘텐츠 20% W POINT 적립
https://www.card-gorilla.com/card/detail/2651,970,해외,기타혜택,UNMAPPED_FALLBACK_기타혜택,해외 1.5% W POINT 적립
https://www.card-gorilla.com/card/detail/2652,971,테마파크,테마파크,EXACT,에버랜드 50%/캐리비안 베이 30% 할인
https://www.card-gorilla.com/card/detail/2652,971,테마파크,테마파크,EXACT,에버랜드 꿈빛 솜사탕 등급 적용
https://www.card-gorilla.com/card/detail/2652,971,테마파크,테마파크,EXACT,에버랜드리조트 3% 솜 적립
https://www.card-gorilla.com/card/detail/2652,971,적립,기타혜택,UNMAPPED_FALLBACK_기타혜택,국내 가맹점 0.5% 솜 적립
https://www.card-gorilla.com/card/detail/2652,971,적립,기타혜택,UNMAPPED_FALLBACK_기타혜택,생활 필수 영역 4.5% 솜 추가 적립
https://www.card-gorilla.com/card/detail/2652,971,디지털구독,디지털구독,EXACT,디지털콘텐츠 50% 솜 추가 적립
https://www.card-gorilla.com/card/detail/2652,971,해외,기타혜택,UNMAPPED_FALLBACK_기타혜택,해외 1.5% 솜 적립
https://www.card-gorilla.com/card/detail/2653,972,적립,기타혜택,UNMAPPED_FALLBACK_기타혜택,전월 실적 조건 없이 결제 금액 0.3% 010PAY 포인트 적립
https://www.card-gorilla.com/card/detail/2653,972,혜택 프로모션,기타혜택,UNMAPPED_FALLBACK_기타혜택,결제할 때마다 최대 1억 당첨 가능 010PAY 리또 지급
https://www.card-gorilla.com/card/detail/2653,972,혜택 프로모션,기타혜택,UNMAPPED_FALLBACK_기타혜택,"리또 이용 고객 리워드 30,000 010PAY 포인트 100% 증정"
https://www.card-gorilla.com/card/detail/2653,972,혜택 프로모션,기타혜택,UNMAPPED_FALLBACK_기타혜택,"체크카드 고객 감사 혜택 10,000 010PAY 포인트 증정"
https://www.card-gorilla.com/card/detail/2654,973,할인,기타혜택,UNMAPPED_FALLBACK_기타혜택,[자동이체] 영상 스트리밍 40% 할인
https://www.card-gorilla.com/card/detail/2654,973,할인,기타혜택,UNMAPPED_FALLBACK_기타혜택,[자동이체] 생활요금 10% 할인
https://www.card-gorilla.com/card/detail/2654,973,배달앱,배달앱,EXACT,딜리버리 10% 할인
https://www.card-gorilla.com/card/detail/2654,973,대중교통,대중교통,EXACT,대중교통 10% 할인
https://www.card-gorilla.com/card/detail/2654,973,카페,카페,EXACT,커피 10% 할인
https://www.card-gorilla.com/card/detail/2654,973,편의점,편의점,EXACT,편의점 10% 할인
https://www.card-gorilla.com/card/detail/2655,974,모든가맹점,모든가맹점,EXACT,기본 Discount - 0.8% 기본 청구할인
https://www.card-gorilla.com/card/detail/2655,974,할인,기타혜택,UNMAPPED_FALLBACK_기타혜택,"추가 Discount - 0.5% 추가 청구할인
(기본 0.8% + 추가 0.5% = 1.3% 청구할인)"
https://www.card-gorilla.com/card/detail/2655,974,공항라운지,공항라운지,EXACT,국내 공항라운지 무료 이용 서비스 안내
https://www.card-gorilla.com/card/detail/2656,975,통신,통신,EXACT,"SKT, KT, LG U+ 월 최대 20,000원 결제일 할인"
https://www.card-gorilla.com/card/detail/2656,975,멤버십포인트,기타혜택,UNMAPPED_FALLBACK_기타혜택,L.POINT
https://www.card-gorilla.com/card/detail/2657,976,바우처,기타혜택,UNMAPPED_FALLBACK_기타혜택,"바우처 5가지 중 1가지를 선택하여 이용 (연 1회, 서비스 실적 조건 확인)"
https://www.card-gorilla.com/card/detail/2657,976,공항라운지,공항라운지,EXACT,"전세계 공항 라운지 무료이용 (연 3회, 일 3회, 서비스 실적 조건 확인)"
https://www.card-gorilla.com/card/detail/2657,976,적립,기타혜택,UNMAPPED_FALLBACK_기타혜택,[REWARD] 국내외 가맹점 1% 하나머니 적립
https://www.card-gorilla.com/card/detail/2657,976,적립,기타혜택,UNMAPPED_FALLBACK_기타혜택,[REWARD] 영역별 1.5~1.2% 하나머니 적립 제공 (지난달 실적 조건 및 적립한도 확인)
https://www.card-gorilla.com/card/detail/2657,976,디지털구독,디지털구독,EXACT,[REWARD] 디지털 컨텐츠 50% 하나머니 적립 (지난달 실적 조건 및 적립한도 확인)
https://www.card-gorilla.com/card/detail/2657,976,카페,카페,EXACT,[REWARD] 커피 50% 하나머니 적립 (지난달 실적 조건 및 적립한도 확인)
https://www.card-gorilla.com/card/detail/2657,976,택시,택시,EXACT,[REWARD] 택시 50% 하나머니 적립 (지난달 실적 조건 및 적립한도 확인)
https://www.card-gorilla.com/card/detail/2658,977,국내외가맹점,모든가맹점,SYNONYM_APPLIED,[ALL] 국내・외 가맹점 0.5% 기부
https://www.card-gorilla.com/card/detail/2658,977,할인,기타혜택,UNMAPPED_FALLBACK_기타혜택,[LIVING] 1%~1.5% 할인
https://www.card-gorilla.com/card/detail/2658,977,할인,기타혜택,UNMAPPED_FALLBACK_기타혜택,[MEMBERSHIP] 5%~7% 할인
https://www.card-gorilla.com/card/detail/2658,977,I-ALL,기타혜택,UNMAPPED_FALLBACK_기타혜택,IBK기업은행
https://www.card-gorilla.com/card/detail/2659,978,자동차,기타혜택,UNMAPPED_FALLBACK_기타혜택,자동차보험 캐시백
https://www.card-gorilla.com/card/detail/2659,978,자동차,기타혜택,UNMAPPED_FALLBACK_기타혜택,자동차보험 장기할부
https://www.card-gorilla.com/card/detail/2659,978,보험사,기타혜택,UNMAPPED_FALLBACK_기타혜택,생명보험/손해보험 결제일 할인
https://www.card-gorilla.com/card/detail/2661,979,충전소,기타혜택,UNMAPPED_FALLBACK_기타혜택,전기차 충전요금 20%/40% 결제일 할인
https://www.card-gorilla.com/card/detail/2661,979,자동차,기타혜택,UNMAPPED_FALLBACK_기타혜택,주차장/대리운전 20% 할인
https://www.card-gorilla.com/card/detail/2661,979,보험사,기타혜택,UNMAPPED_FALLBACK_기타혜택,"현대해상 다이렉트 자동차보험 30,000원 할인"
https://www.card-gorilla.com/card/detail/2661,979,디지털구독,디지털구독,EXACT,디지털콘텐츠 20% 할인
https://www.card-gorilla.com/card/detail/2661,979,해외,기타혜택,UNMAPPED_FALLBACK_기타혜택,해외 1% 할인
https://www.card-gorilla.com/card/detail/2662,980,바우처,기타혜택,UNMAPPED_FALLBACK_기타혜택,연간 12만원 상당 바우처 제공(연 1회)
https://www.card-gorilla.com/card/detail/2662,980,적립,기타혜택,UNMAPPED_FALLBACK_기타혜택,"대상점에 따라 이용 금액 1,000원당 최대 2 멤버십 리워즈(MR) 적립"
https://www.card-gorilla.com/card/detail/2662,980,공항라운지,공항라운지,EXACT,"전 세계 공항 라운지 이용, 공항 리무진・공항철도서비스"
https://www.card-gorilla.com/card/detail/2662,980,프리미엄 서비스,기타혜택,UNMAPPED_FALLBACK_기타혜택,공항 및 국내 특급 호텔 무료 발레파킹 서비스
https://www.card-gorilla.com/card/detail/2662,980,프리미엄 서비스,기타혜택,UNMAPPED_FALLBACK_기타혜택,"Be My Guest 호텔 델리/레스토랑, 패밀리 레스토랑 할인"
https://www.card-gorilla.com/card/detail/2663,981,바우처,기타혜택,UNMAPPED_FALLBACK_기타혜택,연간 25만원 상당 바우처 제공(연 1회)
https://www.card-gorilla.com/card/detail/2663,981,적립,기타혜택,UNMAPPED_FALLBACK_기타혜택,"대상점에 따라 이용 금액 1,000원당 최대 3 멤버십 리워즈(MR) 적립"
https://www.card-gorilla.com/card/detail/2663,981,공항라운지,공항라운지,EXACT,"전 세계 공항 라운지 이용, 공항 리무진・공항철도서비스"
https://www.card-gorilla.com/card/detail/2663,981,프리미엄 서비스,기타혜택,UNMAPPED_FALLBACK_기타혜택,공항 및 국내 특급 호텔 무료 발레파킹 서비스
https://www.card-gorilla.com/card/detail/2663,981,프리미엄 서비스,기타혜택,UNMAPPED_FALLBACK_기타혜택,"Be My Guest 호텔 델리/레스토랑, 패밀리 레스토랑 할인"
https://www.card-gorilla.com/card/detail/2663,981,프리미엄 서비스,기타혜택,UNMAPPED_FALLBACK_기타혜택,The Hotel Collection 객실 업그레이드 및 호텔 크레딧 100달러(USD) 제공
https://www.card-gorilla.com/card/detail/2663,981,프리미엄 서비스,기타혜택,UNMAPPED_FALLBACK_기타혜택,메탈 플레이트 제공
https://www.card-gorilla.com/card/detail/2664,982,적립,기타혜택,UNMAPPED_FALLBACK_기타혜택,"대상점에 따라 이용 금액 1,000원당 최대 5MR 적립"
https://www.card-gorilla.com/card/detail/2664,982,바우처,기타혜택,UNMAPPED_FALLBACK_기타혜택,국내 트래블・패션/뷰티 영역에서 사용 가능한 85만원 상당 바우처 제공(연 1회)
https://www.card-gorilla.com/card/detail/2664,982,프리미엄 서비스,기타혜택,UNMAPPED_FALLBACK_기타혜택,본인 회원 메탈 플레이트 제공
https://www.card-gorilla.com/card/detail/2664,982,공항라운지,공항라운지,EXACT,"전 세계 공항 라운지 이용, 공항 리무진・공항철도서비스"
https://www.card-gorilla.com/card/detail/2664,982,프리미엄 서비스,기타혜택,UNMAPPED_FALLBACK_기타혜택,인천국제공항 및 국내 특급호텔 무료 발레파킹
https://www.card-gorilla.com/card/detail/2664,982,프리미엄 서비스,기타혜택,UNMAPPED_FALLBACK_기타혜택,"호텔 델리/레스토랑, 패밀리 레스토랑 할인"
https://www.card-gorilla.com/card/detail/2664,982,프리미엄 서비스,기타혜택,UNMAPPED_FALLBACK_기타혜택,럭셔리 & 프리미엄 호텔 혜택
https://www.card-gorilla.com/card/detail/2664,982,프리미엄 서비스,기타혜택,UNMAPPED_FALLBACK_기타혜택,American Express PLATINUM ELITE 서비스
https://www.card-gorilla.com/card/detail/2665,983,할인,기타혜택,UNMAPPED_FALLBACK_기타혜택,외식 200원 할인・뷰티 500원 할인・대중교통 5% 할인・NH페이 0.2% 할인
https://www.card-gorilla.com/card/detail/2666,1259,적립,기타혜택,UNMAPPED_FALLBACK_기타혜택,"[일상 생활비 적립 서비스] 국내 건당 결제금액별 0.5~3% 포인트 적립·해외 결제금액 1% 포인트 적립
가족행사월(5월,12월) 적립 한도 1만 포인트 추가 제공 (전월실적 40만원 이상)"
https://www.card-gorilla.com/card/detail/2666,1259,적립,기타혜택,UNMAPPED_FALLBACK_기타혜택,[필수 생활비 적립 서비스] 주말 외식비 포인트 적립 (전월실적 40만원 이상)
https://www.card-gorilla.com/card/detail/2666,1259,적립,기타혜택,UNMAPPED_FALLBACK_기타혜택,[필수 생활비 적립 서비스] 정기결제 자동납부 포인트 적립 (전월실적 40만원 이상)
https://www.card-gorilla.com/card/detail/2667,985,해외이용,기타혜택,UNMAPPED_FALLBACK_기타혜택,해외 이용금액 현지 통화 결제 서비스
https://www.card-gorilla.com/card/detail/2667,985,수수료우대,기타혜택,UNMAPPED_FALLBACK_기타혜택,국제 브랜드 수수료(1%)/해외 서비스 수수료(0.2%) 면제
https://www.card-gorilla.com/card/detail/2667,985,공항라운지,공항라운지,EXACT,더라운지 공항라운지 본인 무료 입장 (전월실적 30만원 이상)
https://www.card-gorilla.com/card/detail/2667,985,해외,기타혜택,UNMAPPED_FALLBACK_기타혜택,해외 대중교통 컨택리스 방식으로 이용 시 1% 결제일 할인
https://www.card-gorilla.com/card/detail/2667,985,할인,기타혜택,UNMAPPED_FALLBACK_기타혜택,"국내 4대 편의점 5% 결제일 할인
국내 대중교통 1% 결제일 할인"
https://www.card-gorilla.com/card/detail/2667,985,해외이용,기타혜택,UNMAPPED_FALLBACK_기타혜택,해외이용 프로모션
https://www.card-gorilla.com/card/detail/2668,986,캐시백,기타혜택,UNMAPPED_FALLBACK_기타혜택,국내 가맹점 0.2% 기본 캐시백・제주도 내 가맹점 0.3% 추가 캐시백
https://www.card-gorilla.com/card/detail/2669,987,적립,기타혜택,UNMAPPED_FALLBACK_기타혜택,"[기본 혜택] 국내외 가맹점 1.5% M포인트 적립
전월 이용 금액 50만원 이상 이용 시"
https://www.card-gorilla.com/card/detail/2669,987,적립,기타혜택,UNMAPPED_FALLBACK_기타혜택,"[추가 혜택] 온라인몰·외식·해외 가맹점 5% M포인트 적립(월 1만 M포인트 적립 한도)
전월 이용 금액 100만원 이상 이용 시"
https://www.card-gorilla.com/card/detail/2669,987,적립,기타혜택,UNMAPPED_FALLBACK_기타혜택,M 긴급적립(선지급 포인트 서비스)
https://www.card-gorilla.com/card/detail/2670,988,적립,기타혜택,UNMAPPED_FALLBACK_기타혜택,[기본 혜택] 전월 이용 금액 50만원 이상 시 국내외 가맹점 1.5% M포인트 적립
https://www.card-gorilla.com/card/detail/2670,988,적립,기타혜택,UNMAPPED_FALLBACK_기타혜택,"[추가 혜택] 전월 이용 금액 100만원 이상 시 온라인몰, 일반음식점, 해외 가맹점 10% M포인트 적립"
https://www.card-gorilla.com/card/detail/2670,988,적립,기타혜택,UNMAPPED_FALLBACK_기타혜택,M 긴급적립(선지급 포인트 서비스)
https://www.card-gorilla.com/card/detail/2670,988,공항라운지,공항라운지,EXACT,전월 이용 금액 50만원 이상 시 인천국제공항 라운지 무료 이용
https://www.card-gorilla.com/card/detail/2670,988,공항,기타혜택,UNMAPPED_FALLBACK_기타혜택,전월 이용 금액 50만원 이상 시 인천국제공항 발레파킹 무료 이용
https://www.card-gorilla.com/card/detail/2671,989,국내외가맹점,모든가맹점,SYNONYM_APPLIED,전가맹점 0.8% 할인
https://www.card-gorilla.com/card/detail/2671,989,간편결제,간편결제,EXACT,간편결제 1.2% 할인
https://www.card-gorilla.com/card/detail/2671,989,쇼핑,쇼핑,EXACT,쿠팡&슈퍼마켓 2% 할인
https://www.card-gorilla.com/card/detail/2671,989,배달앱,배달앱,EXACT,딜리버리 4% 할인
https://www.card-gorilla.com/card/detail/2671,989,온라인쇼핑,온라인쇼핑,EXACT,온라인식품&쇼핑 4% 할인
https://www.card-gorilla.com/card/detail/2671,989,온라인쇼핑,온라인쇼핑,EXACT,오픈마켓 4% 할인
https://www.card-gorilla.com/card/detail/2671,989,택시,택시,EXACT,택시 4% 할인
https://www.card-gorilla.com/card/detail/2671,989,무이자할부,기타혜택,UNMAPPED_FALLBACK_기타혜택,2~3개월 무이자할부
https://www.card-gorilla.com/card/detail/2673,990,생활,생활,EXACT,[일상 생활비 적립 서비스] 국내 건당 결제금액별 0.2~1% 포인트 적립・해외 결제금액 1% 포인트 적립
https://www.card-gorilla.com/card/detail/2673,990,배달앱,배달앱,EXACT,[필수 생활비] 주말 배달앱 적립
https://www.card-gorilla.com/card/detail/2673,990,편의점,편의점,EXACT,[필수 생활비] 편의점 적립
https://www.card-gorilla.com/card/detail/2676,991,수수료우대,기타혜택,UNMAPPED_FALLBACK_기타혜택,해외 수수료 할인
https://www.card-gorilla.com/card/detail/2676,991,해외이용,기타혜택,UNMAPPED_FALLBACK_기타혜택,해외 2% 할인
https://www.card-gorilla.com/card/detail/2676,991,삼성페이,기타혜택,UNMAPPED_FALLBACK_기타혜택,삼성페이로 결제 시 해외 오프라인 가맹점 5% 할인
https://www.card-gorilla.com/card/detail/2676,991,공항라운지,공항라운지,EXACT,공항 라운지 서비스 (The Lounge)
https://www.card-gorilla.com/card/detail/2676,991,디지털구독,디지털구독,EXACT,인앱 결제/디지털콘텐츠/멤버십 50% 할인
https://www.card-gorilla.com/card/detail/2676,991,생활,생활,EXACT,일상 필수 영역 1% 할인
https://www.card-gorilla.com/card/detail/2676,991,할인,기타혜택,UNMAPPED_FALLBACK_기타혜택,국내 가맹점 0.5% 할인
https://www.card-gorilla.com/card/detail/2677,992,바우처,기타혜택,UNMAPPED_FALLBACK_기타혜택,"프리미엄 기프트 제공(①-④ 중 택 1, 연 1회)"
https://www.card-gorilla.com/card/detail/2677,992,쇼핑,쇼핑,EXACT,[퍼스널 쇼핑 적립] 패션/럭셔리/라이프/해외 5% 적립
https://www.card-gorilla.com/card/detail/2677,992,적립,기타혜택,UNMAPPED_FALLBACK_기타혜택,[기본 적립] 국내 가맹점 1% 적립
https://www.card-gorilla.com/card/detail/2677,992,적립,기타혜택,UNMAPPED_FALLBACK_기타혜택,[FLEX 적립] 국내 가맹점 건당 100만원 이상 결제 시 5% 적립
https://www.card-gorilla.com/card/detail/2677,992,적립,기타혜택,UNMAPPED_FALLBACK_기타혜택,[보너스 적립] 본인카드로 국내 가맹점 1천만원 이상 이용 시 5만점 적립
https://www.card-gorilla.com/card/detail/2677,992,공항라운지,공항라운지,EXACT,[더라운지 서비스] 국내외 공항라운지 무료 이용 (본인+동반 1인까지 제공)
https://www.card-gorilla.com/card/detail/2678,993,바우처,기타혜택,UNMAPPED_FALLBACK_기타혜택,"프리미엄 기프트 제공(①-④ 중 택 1, 연 1회)"
https://www.card-gorilla.com/card/detail/2678,993,여행/숙박,기타혜택,UNMAPPED_FALLBACK_기타혜택,퍼스널 트래블(패키지/플랫폼/교통/해외) 5% 적립
https://www.card-gorilla.com/card/detail/2678,993,적립,기타혜택,UNMAPPED_FALLBACK_기타혜택,[기본 적립] 국내 가맹점 1% 적립
https://www.card-gorilla.com/card/detail/2678,993,적립,기타혜택,UNMAPPED_FALLBACK_기타혜택,[FLEX 적립] 국내 가맹점 건당 100만원 이상 결제 시 5% 적립
https://www.card-gorilla.com/card/detail/2678,993,적립,기타혜택,UNMAPPED_FALLBACK_기타혜택,[보너스 적립] 본인카드로 국내 가맹점 1천만원 이상 이용 시 5만점 적립
https://www.card-gorilla.com/card/detail/2678,993,공항라운지,공항라운지,EXACT,[더라운지 서비스] 국내외 공항라운지 무료 이용 (본인+동반 1인까지 제공)
https://www.card-gorilla.com/card/detail/2679,994,할인,기타혜택,UNMAPPED_FALLBACK_기타혜택,"[기본적립] 국내외 가맹점 1% 청구 할인
전월 이용 금액 50만원 이상 시"
https://www.card-gorilla.com/card/detail/2679,994,캐시백,기타혜택,UNMAPPED_FALLBACK_기타혜택,연간 이용 금액에 따라 연간 최대 10만원 캐시백
https://www.card-gorilla.com/card/detail/2680,995,온라인쇼핑,온라인쇼핑,EXACT,온라인 쇼핑몰 10% 청구 할인
https://www.card-gorilla.com/card/detail/2680,995,편의점,편의점,EXACT,편의점 10% 청구 할인
https://www.card-gorilla.com/card/detail/2680,995,카페,카페,EXACT,커피전문점 10% 청구 할인
https://www.card-gorilla.com/card/detail/2680,995,대중교통,대중교통,EXACT,대중교통 10% 청구 할인(K-패스 또는 후불형 기후동행카드 신청 가능)
https://www.card-gorilla.com/card/detail/2680,995,도서,기타혜택,UNMAPPED_FALLBACK_기타혜택,도서 10% 청구 할인
https://www.card-gorilla.com/card/detail/2681,996,대중교통,대중교통,EXACT,"버스/지하철 10% 청구할인 (월 1만원, 월 2만원)"
https://www.card-gorilla.com/card/detail/2681,996,드럭스토어,드럭스토어,EXACT,"다이소/올리브영 10% 청구할인 (일 1천원, 월 1만원)"
https://www.card-gorilla.com/card/detail/2681,996,카페,카페,EXACT,스타벅스/커피빈 10% 청구할인 (월 5천원)
https://www.card-gorilla.com/card/detail/2682,997,대중교통,대중교통,EXACT,"버스/지하철 10% 캐시백 (월 3천원, 월 6천원)"
https://www.card-gorilla.com/card/detail/2682,997,드럭스토어,드럭스토어,EXACT,다이소/올리브영 1% 캐시백 (월 1만원)
https://www.card-gorilla.com/card/detail/2682,997,카페,카페,EXACT,스타벅스/커피빈 1% 캐시백 (월 5천원)
https://www.card-gorilla.com/card/detail/2683,998,온라인쇼핑,온라인쇼핑,EXACT,온라인 쇼핑몰 10% 청구 할인
https://www.card-gorilla.com/card/detail/2683,998,병원/약국,병원약국,SYNONYM_APPLIED,병원・약국 10% 청구 할인
https://www.card-gorilla.com/card/detail/2683,998,학원,교육육아,SYNONYM_APPLIED,학원 10% 청구 할인
https://www.card-gorilla.com/card/detail/2683,998,주유,주유소,SYNONYM_APPLIED,주유 10% 청구 할인
https://www.card-gorilla.com/card/detail/2683,998,생활,생활,EXACT,생활 요금 정기 결제 10% 청구 할인
https://www.card-gorilla.com/card/detail/2684,999,온라인쇼핑,온라인쇼핑,EXACT,온라인 쇼핑몰 10% 청구 할인
https://www.card-gorilla.com/card/detail/2684,999,일반음식점,기타혜택,UNMAPPED_FALLBACK_기타혜택,일반음식점 10% 청구 할인
https://www.card-gorilla.com/card/detail/2684,999,영화,영화,EXACT,영화 10% 청구 할인
https://www.card-gorilla.com/card/detail/2684,999,해외,기타혜택,UNMAPPED_FALLBACK_기타혜택,해외 가맹점 10% 청구 할인
https://www.card-gorilla.com/card/detail/2684,999,디지털구독,디지털구독,EXACT,디지털 콘텐츠 서비스 10% 청구 할인
https://www.card-gorilla.com/card/detail/2685,1000,수수료우대,기타혜택,UNMAPPED_FALLBACK_기타혜택,해외 이용 수수료 총 1.25% 면제
https://www.card-gorilla.com/card/detail/2685,1000,해외이용,기타혜택,UNMAPPED_FALLBACK_기타혜택,해외 이용 환율우대 100% (USD기준)
https://www.card-gorilla.com/card/detail/2685,1000,공항라운지,공항라운지,EXACT,공항 라운지 무료
https://www.card-gorilla.com/card/detail/2685,1000,생활,생활,EXACT,자주 쓰는 일상 영역 10% 할인 (KB Pay 결제 시)
https://www.card-gorilla.com/card/detail/2685,1000,쇼핑,쇼핑,EXACT,온라인 항공/면세점 5% 할인 (KB Pay 결제 시)
https://www.card-gorilla.com/card/detail/2685,1000,보험사,기타혜택,UNMAPPED_FALLBACK_기타혜택,여행자보험 10% 할인 (KB Pay 결제 시)
https://www.card-gorilla.com/card/detail/2685,1000,교통,기타혜택,UNMAPPED_FALLBACK_기타혜택,철도・고속버스 10% 할인
https://www.card-gorilla.com/card/detail/2686,1001,카페,카페,EXACT,"[Discount 4 서비스] 하나. Discount 55% 커피 4대 브랜드통합 스타벅스, 투썸플레이스, 커피빈, 폴바셋"
https://www.card-gorilla.com/card/detail/2686,1001,교통,기타혜택,UNMAPPED_FALLBACK_기타혜택,"[Discount 4 서비스] 둘. Discount 33% 대중교통 시내버스/지하철 (후불 교통기능 선택 시 제공), 택시"
https://www.card-gorilla.com/card/detail/2686,1001,편의점,편의점,EXACT,[Discount 4 서비스] 셋. Discount 11% 편의점
https://www.card-gorilla.com/card/detail/2686,1001,영화,영화,EXACT,"[Discount 4 서비스] 넷. Discount 5,500원 영화관"
https://www.card-gorilla.com/card/detail/2687,1002,온라인쇼핑,온라인쇼핑,EXACT,[쇼핑 할인의 정석] 온라인 쇼핑 10% 청구할인
https://www.card-gorilla.com/card/detail/2687,1002,쇼핑,쇼핑,EXACT,[쇼핑 할인의 정석] 오프라인 쇼핑 10% 청구할인
https://www.card-gorilla.com/card/detail/2687,1002,간편결제,간편결제,EXACT,[추가 할인의 정석] 온라인 업종 4대 PAY 결제 시 5% 추가할인
https://www.card-gorilla.com/card/detail/2687,1002,주유,주유소,SYNONYM_APPLIED,[생활밀착 할인의 정석] 4대 주유소 주말 주유시 리터당 60원 청구할인
https://www.card-gorilla.com/card/detail/2687,1002,카페,카페,EXACT,"[생활밀착 할인의 정석] 스타벅스, 폴바셋 10% 청구할인"
https://www.card-gorilla.com/card/detail/2688,1003,할인,기타혜택,UNMAPPED_FALLBACK_기타혜택,[Simple 할인] 국내 가맹점 1.0~0.7% 청구할인
https://www.card-gorilla.com/card/detail/2688,1003,주유,주유소,SYNONYM_APPLIED,[Daily 할인] 주유 리터당 60~100원 청구할인
https://www.card-gorilla.com/card/detail/2688,1003,대중교통,대중교통,EXACT,[Daily 할인] 대중교통 10% 청구할인
https://www.card-gorilla.com/card/detail/2688,1003,카페,카페,EXACT,[Daily 할인] 커피 10% 청구할인
https://www.card-gorilla.com/card/detail/2689,1004,적립,기타혜택,UNMAPPED_FALLBACK_기타혜택,[기본 적립] 국내외 가맹점 0.8% 적립
https://www.card-gorilla.com/card/detail/2689,1004,간편결제,간편결제,EXACT,[추가 적립] 국내 온라인 간편결제 2% 추가 적립
https://www.card-gorilla.com/card/detail/2690,1005,대중교통,대중교통,EXACT,"대중교통(버스, 지하철) 이용 시 10% 결제일 할인"
https://www.card-gorilla.com/card/detail/2690,1005,간편결제,간편결제,EXACT,간편결제로 결제 시 5% 결제일 할인
https://www.card-gorilla.com/card/detail/2690,1005,생활,생활,EXACT,생활서비스 5% 결제일 할인
https://www.card-gorilla.com/card/detail/2691,1006,해외,기타혜택,UNMAPPED_FALLBACK_기타혜택,"[해외 혜택] 해외 가맹점, ATM 이용 수수료 면제"
https://www.card-gorilla.com/card/detail/2691,1006,할인,기타혜택,UNMAPPED_FALLBACK_기타혜택,[국내 혜택] KB Pay 200원 추가 할인
https://www.card-gorilla.com/card/detail/2691,1006,카페,카페,EXACT,"[국내 혜택] 카페 1,000원 할인"
https://www.card-gorilla.com/card/detail/2691,1006,베이커리,기타혜택,UNMAPPED_FALLBACK_기타혜택,"[국내 혜택] 빵집 2,000원 할인"
https://www.card-gorilla.com/card/detail/2691,1006,기차,기타혜택,UNMAPPED_FALLBACK_기타혜택,"[국내 혜택] 철도 5,000원 할인"
https://www.card-gorilla.com/card/detail/2691,1006,고속버스,기타혜택,UNMAPPED_FALLBACK_기타혜택,"[국내 혜택] 고속버스 2,000원 할인"
https://www.card-gorilla.com/card/detail/2691,1006,자동차,기타혜택,UNMAPPED_FALLBACK_기타혜택,[국내 혜택] 주차장 500원 할인
https://www.card-gorilla.com/card/detail/2691,1006,푸드,기타혜택,UNMAPPED_FALLBACK_기타혜택,"[국내 혜택] 전국맛집 5,000원 할인"
https://www.card-gorilla.com/card/detail/2692,1007,적립,기타혜택,UNMAPPED_FALLBACK_기타혜택,[기본 혜택] 전월 이용 금액 50만원 이상 시 국내외 가맹점 1.5% M포인트 적립
https://www.card-gorilla.com/card/detail/2692,1007,교육/육아,기타혜택,UNMAPPED_FALLBACK_기타혜택,[추가 혜택] 전월 이용 금액 100만원 이상 시 교육 영역 5% M포인트 적립
https://www.card-gorilla.com/card/detail/2692,1007,병원/약국,병원약국,SYNONYM_APPLIED,[추가 혜택] 전월 이용 금액 100만원 이상 시 병원 영역 5% M포인트 적립
https://www.card-gorilla.com/card/detail/2692,1007,여행/숙박,기타혜택,UNMAPPED_FALLBACK_기타혜택,[추가 혜택] 전월 이용 금액 100만원 이상 시 여행 영역 5% M포인트 적립
https://www.card-gorilla.com/card/detail/2692,1007,골프,골프,EXACT,[추가 혜택] 전월 이용 금액 100만원 이상 시 골프 영역 5% M포인트 적립
https://www.card-gorilla.com/card/detail/2692,1007,바우처,기타혜택,UNMAPPED_FALLBACK_기타혜택,"[바우처] 전년도(카드 발급 확정월 포함 12개월) 이용 금액 1,200만원 이상 시
15만원권 바우처 제공(연 1회)"
https://www.card-gorilla.com/card/detail/2692,1007,기타,기타,EXACT,전월 이용 금액 50만원 이상 시 공항 및 특급호텔 발레파킹 무료 이용
https://www.card-gorilla.com/card/detail/2692,1007,공항라운지,공항라운지,EXACT,전월 이용 금액 50만원 이상 시 공항 라운지 무료 이용
https://www.card-gorilla.com/card/detail/2693,1008,대중교통,대중교통,EXACT,"대중교통(버스, 지하철) 이용 시 10% 결제일 할인"
https://www.card-gorilla.com/card/detail/2693,1008,간편결제,간편결제,EXACT,간편결제로 결제 시 2% 결제일 할인
https://www.card-gorilla.com/card/detail/2693,1008,생활,생활,EXACT,생활서비스 2% 결제일 할인
https://www.card-gorilla.com/card/detail/2694,1009,적립,기타혜택,UNMAPPED_FALLBACK_기타혜택,[오늘도 5% 적립 서비스] 음식점·카페·편의점·온라인쇼핑 5% 마이신한포인트 적립
https://www.card-gorilla.com/card/detail/2694,1009,생활,생활,EXACT,[일상 속 5% 적립 서비스] 생활·여행·패션 5% 마이신한포인트 적립
https://www.card-gorilla.com/card/detail/2694,1009,디지털구독,디지털구독,EXACT,"[정기결제 최대 20% 적립 서비스] 통신 10% , OTT 15%, 멤버십 20% 마이신한포인트 적립"
https://www.card-gorilla.com/card/detail/2694,1009,적립,기타혜택,UNMAPPED_FALLBACK_기타혜택,소비관리 보너스 적립 서비스 소개
https://www.card-gorilla.com/card/detail/2697,1010,국내외가맹점,모든가맹점,SYNONYM_APPLIED,적립 한도 제한 없이 국내외 가맹점 1% M포인트 적립
https://www.card-gorilla.com/card/detail/2697,1010,온라인쇼핑,온라인쇼핑,EXACT,[추가혜택] 전월 이용 금액 100만원 이상 시 10% 할인
https://www.card-gorilla.com/card/detail/2697,1010,백화점,백화점,EXACT,[추가혜택] 전월 이용 금액 100만원 이상 시 10% 할인
https://www.card-gorilla.com/card/detail/2697,1010,카페,카페,EXACT,[추가혜택] 전월 이용 금액 100만원 이상 시 10% 할인
https://www.card-gorilla.com/card/detail/2697,1010,베이커리,기타혜택,UNMAPPED_FALLBACK_기타혜택,[추가혜택] 전월 이용 금액 100만원 이상 시 10% 할인
https://www.card-gorilla.com/card/detail/2697,1010,편의점,편의점,EXACT,[추가혜택] 전월 이용 금액 100만원 이상 시 10% 할인
https://www.card-gorilla.com/card/detail/2697,1010,주유,주유소,SYNONYM_APPLIED,[추가혜택] 전월 이용 금액 100만원 이상 시 10% 할인
https://www.card-gorilla.com/card/detail/2697,1010,대중교통,대중교통,EXACT,[추가혜택] 전월 이용 금액 100만원 이상 시 10% 할인
https://www.card-gorilla.com/card/detail/2697,1010,공항라운지,공항라운지,EXACT,THE LOUNGE : 공항 라운지 연 5회 무료 이용
https://www.card-gorilla.com/card/detail/2697,1010,기타,기타,EXACT,공항 및 특급호텔 발레파킹 무료 이용
https://www.card-gorilla.com/card/detail/2699,1011,할인,기타혜택,UNMAPPED_FALLBACK_기타혜택,[TEN Discount] 5대 일상영역 10% 청구할인
https://www.card-gorilla.com/card/detail/2699,1011,할인,기타혜택,UNMAPPED_FALLBACK_기타혜택,[ONE Discount] 음식점/주점 및 온라인 간편결제 1% 청구할인
https://www.card-gorilla.com/card/detail/2700,1012,수수료우대,기타혜택,UNMAPPED_FALLBACK_기타혜택,해외 수수료 면제 서비스
https://www.card-gorilla.com/card/detail/2700,1012,해외,기타혜택,UNMAPPED_FALLBACK_기타혜택,해외 5% 캐시백
https://www.card-gorilla.com/card/detail/2700,1012,쇼핑,쇼핑,EXACT,쇼핑 5% 캐시백
https://www.card-gorilla.com/card/detail/2700,1012,푸드,기타혜택,UNMAPPED_FALLBACK_기타혜택,푸드 5% 캐시백
https://www.card-gorilla.com/card/detail/2700,1012,생활,생활,EXACT,일상 5% 캐시백
https://www.card-gorilla.com/card/detail/2701,1013,온라인 여행사,기타혜택,UNMAPPED_FALLBACK_기타혜택,하나투어 12/24개월 라이트할부
https://www.card-gorilla.com/card/detail/2701,1013,온라인 여행사,기타혜택,UNMAPPED_FALLBACK_기타혜택,"라이트할부 이용 시 7,000~14,000원 결제대금 차감"
https://www.card-gorilla.com/card/detail/2701,1013,생활,생활,EXACT,생활요금 정기결제 5%/10% 할인
https://www.card-gorilla.com/card/detail/2701,1013,생활,생활,EXACT,일상 필수 영역 5%/10% 할인
https://www.card-gorilla.com/card/detail/2701,1013,공항라운지,공항라운지,EXACT,공항 라운지 서비스 (The Lounge)
https://www.card-gorilla.com/card/detail/2701,1013,해외,기타혜택,UNMAPPED_FALLBACK_기타혜택,해외 1.5% 할인
https://www.card-gorilla.com/card/detail/2701,1013,프리미엄 서비스,기타혜택,UNMAPPED_FALLBACK_기타혜택,국제브랜드 서비스(해외겸용카드 전용)
https://www.card-gorilla.com/card/detail/2702,1014,할인,기타혜택,UNMAPPED_FALLBACK_기타혜택,"[기프트 서비스] 할인점에서 건별 35,000원 이상 결제 시 35,000원 결제일 할인 (연 1회)"
https://www.card-gorilla.com/card/detail/2702,1014,적립,기타혜택,UNMAPPED_FALLBACK_기타혜택,[국내외 가맹점 적립] 국내외 가맹점 0.5~2% 빅포인트 적립
https://www.card-gorilla.com/card/detail/2702,1014,카페,카페,EXACT,[커피전문점 할인] 커피전문점 20% 결제일 할인
https://www.card-gorilla.com/card/detail/2702,1014,영화,영화,EXACT,[영화 할인] 영화 5천원 결제일할인
https://www.card-gorilla.com/card/detail/2703,1015,바우처,기타혜택,UNMAPPED_FALLBACK_기타혜택,"바우처 4가지 중 1가지를 선택하여 이용 (연 1회, 서비스 실적 조건 확인)"
https://www.card-gorilla.com/card/detail/2703,1015,바우처,기타혜택,UNMAPPED_FALLBACK_기타혜택,"연 누적 이용금액 2,400만원 이상 시 10만 하나머니 적립 (연 1회, 서비스 실적 조건 확인)"
https://www.card-gorilla.com/card/detail/2703,1015,공항라운지,공항라운지,EXACT,"전세계 공항 라운지 무료 이용 (연 6회, 일 3회, 서비스 실적 조건 확인)"
https://www.card-gorilla.com/card/detail/2703,1015,적립,기타혜택,UNMAPPED_FALLBACK_기타혜택,[REWARD] 국내 가맹점 1.5%~1.0% 하나머니 적립 (지난달 실적 조건 및 적립한도 확인)
https://www.card-gorilla.com/card/detail/2703,1015,적립,기타혜택,UNMAPPED_FALLBACK_기타혜택,[REWARD] 영역별 3% 하나머니 적립 (지난달 실적 조건 및 적립한도 확인)
https://www.card-gorilla.com/card/detail/2703,1015,주유,주유소,SYNONYM_APPLIED,[REWARD] 주유/EV충전 적립 (지난달 실적 조건 및 적립한도 확인)
https://www.card-gorilla.com/card/detail/2703,1015,택시,택시,EXACT,[REWARD] 택시 50% 적립 (지난달 실적 조건 및 적립한도 확인)
https://www.card-gorilla.com/card/detail/2703,1015,디지털구독,디지털구독,EXACT,[REWARD] 디지털 컨텐츠 50% 적립 (지난달 실적 조건 및 적립한도 확인)
https://www.card-gorilla.com/card/detail/2704,1016,바우처,기타혜택,UNMAPPED_FALLBACK_기타혜택,"해외/항공/면세/여행 30만원 청구 할인 (연 30만원 한도, 서비스 실적 조건 확인)"
https://www.card-gorilla.com/card/detail/2704,1016,바우처,기타혜택,UNMAPPED_FALLBACK_기타혜택,"특급호텔 레스토랑 20만원 현장 할인 (연 1회, 서비스 실적 조건 확인)"
https://www.card-gorilla.com/card/detail/2704,1016,바우처,기타혜택,UNMAPPED_FALLBACK_기타혜택,연 누적 이용금액별 골프/프리미엄 아울렛 50% 할인 (서비스 실적 조건 확인)
https://www.card-gorilla.com/card/detail/2704,1016,공항라운지,공항라운지,EXACT,"전세계 공항라운지 무료 (연 8회, 일 3회, 서비스 실적 조건 확인)"
https://www.card-gorilla.com/card/detail/2704,1016,적립,기타혜택,UNMAPPED_FALLBACK_기타혜택,[REWARD] 국내 가맹점 1.5%~1.0% 하나머니 적립 (지난달 실적 조건 및 적립한도 확인)
https://www.card-gorilla.com/card/detail/2704,1016,적립,기타혜택,UNMAPPED_FALLBACK_기타혜택,[REWARD] 영역별 3.0% 하나머니 적립 (지난달 실적 조건 및 적립한도 확인)
https://www.card-gorilla.com/card/detail/2704,1016,자동차,기타혜택,UNMAPPED_FALLBACK_기타혜택,[DRIVING] 주유/EV충전 적립 (지난달 실적 조건 및 적립한도 확인)
https://www.card-gorilla.com/card/detail/2704,1016,자동차,기타혜택,UNMAPPED_FALLBACK_기타혜택,[DRIVING] 제휴 주차장 무료 주차 제공 (지난달 실적 조건 확인)
https://www.card-gorilla.com/card/detail/2704,1016,JADE Prime,기타혜택,UNMAPPED_FALLBACK_기타혜택,하나카드
https://www.card-gorilla.com/card/detail/2704,1016,JADE First Centum,기타혜택,UNMAPPED_FALLBACK_기타혜택,하나카드
https://www.card-gorilla.com/card/detail/2704,1016,JADE Classic,기타혜택,UNMAPPED_FALLBACK_기타혜택,하나카드
https://www.card-gorilla.com/card/detail/2704,1016,JADE Classic,기타혜택,UNMAPPED_FALLBACK_기타혜택,트래블로그+(플러스) 신용카드
https://www.card-gorilla.com/card/detail/2705,1017,바우처,기타혜택,UNMAPPED_FALLBACK_기타혜택,[PREMIUM VOUCHER] 바우처 2가지 중 1가지를 선택하여 이용 (연 1회)
https://www.card-gorilla.com/card/detail/2705,1017,바우처,기타혜택,UNMAPPED_FALLBACK_기타혜택,[DINING VOUCHER] 특급호텔 레스토랑 20만원 현장 할인 (연 1회)
https://www.card-gorilla.com/card/detail/2705,1017,바우처,기타혜택,UNMAPPED_FALLBACK_기타혜택,[BONUS VOUCHER] 연 누적 이용금액별 골프/프리미엄 아울렛 50% 청구 할인
https://www.card-gorilla.com/card/detail/2705,1017,공항라운지,공항라운지,EXACT,"[AIRPORT] 전세계 공항 라운지 무료 이용 (본인/가족/동반자 통합 연 10회, 일 3회)"
https://www.card-gorilla.com/card/detail/2705,1017,적립,기타혜택,UNMAPPED_FALLBACK_기타혜택,[REWARD] 국내 가맹점 1.5%~1.0% 하나머니 적립 제공・영역별 3.0% 하나머니 적립
https://www.card-gorilla.com/card/detail/2705,1017,자동차,기타혜택,UNMAPPED_FALLBACK_기타혜택,"[DRIVING] 주유(LPG) 리터당 200하나머니・EV충전 50% 하나머니 적립 제공
・제휴 주차장 무료 주차 제공"
https://www.card-gorilla.com/card/detail/2705,1017,선택형,기타혜택,UNMAPPED_FALLBACK_기타혜택,[SPECIAL PLATE] 특수 소재 카드 신청 가능 (신청 건별 발급수수료 10만원)
https://www.card-gorilla.com/card/detail/2707,1018,할인,기타혜택,UNMAPPED_FALLBACK_기타혜택,국내외 가맹점 최대 2% 할인 (월 통합 할인한도 10만원)
https://www.card-gorilla.com/card/detail/2707,1018,무이자할부,기타혜택,UNMAPPED_FALLBACK_기타혜택,국내 가맹점 2~3개월 무이자 할부
https://www.card-gorilla.com/card/detail/2708,1019,할인,기타혜택,UNMAPPED_FALLBACK_기타혜택,[기본 적립] 국내 가맹점 0.5% 청구할인
https://www.card-gorilla.com/card/detail/2708,1019,선택형,기타혜택,UNMAPPED_FALLBACK_기타혜택,[선택 할인] 쇼핑/편의/커피/생활/먹빵/취향 택 1
https://www.card-gorilla.com/card/detail/2708,1019,기타,기타,EXACT,전월실적 채워드림
https://www.card-gorilla.com/card/detail/2709,1020,대한항공,대한항공,EXACT,대한항공 마일리지 적립
https://www.card-gorilla.com/card/detail/2709,1020,적립,기타혜택,UNMAPPED_FALLBACK_기타혜택,연간 보너스 1천 마일리지 적립(연 1회)
https://www.card-gorilla.com/card/detail/2709,1020,항공권,기타혜택,UNMAPPED_FALLBACK_기타혜택,대한항공 직판 항공권 할인 쿠폰 제공
https://www.card-gorilla.com/card/detail/2709,1020,프리미엄 서비스,기타혜택,UNMAPPED_FALLBACK_기타혜택,Visa Platinum 서비스
https://www.card-gorilla.com/card/detail/2710,1021,대한항공,대한항공,EXACT,대한항공 마일리지 적립
https://www.card-gorilla.com/card/detail/2710,1021,적립,기타혜택,UNMAPPED_FALLBACK_기타혜택,연간 보너스 6천 마일리지 적립(연 1회)
https://www.card-gorilla.com/card/detail/2710,1021,항공권,기타혜택,UNMAPPED_FALLBACK_기타혜택,대한항공 직판 항공권 할인 쿠폰 제공
https://www.card-gorilla.com/card/detail/2710,1021,프리미엄,기타혜택,UNMAPPED_FALLBACK_기타혜택,우대 서비스
https://www.card-gorilla.com/card/detail/2710,1021,프리미엄 서비스,기타혜택,UNMAPPED_FALLBACK_기타혜택,Visa Platinum 서비스
https://www.card-gorilla.com/card/detail/2711,1022,대한항공,대한항공,EXACT,대한항공 마일리지 적립
https://www.card-gorilla.com/card/detail/2711,1022,적립,기타혜택,UNMAPPED_FALLBACK_기타혜택,연간 보너스 1만 마일리지 적립(연 1회)
https://www.card-gorilla.com/card/detail/2711,1022,항공권,기타혜택,UNMAPPED_FALLBACK_기타혜택,대한항공 직판 항공권 할인 쿠폰 제공
https://www.card-gorilla.com/card/detail/2711,1022,프리미엄,기타혜택,UNMAPPED_FALLBACK_기타혜택,우대 서비스
https://www.card-gorilla.com/card/detail/2711,1022,프리미엄 서비스,기타혜택,UNMAPPED_FALLBACK_기타혜택,Visa Signature 서비스
https://www.card-gorilla.com/card/detail/2712,1023,대한항공,대한항공,EXACT,대한항공 마일리지 적립
https://www.card-gorilla.com/card/detail/2712,1023,적립,기타혜택,UNMAPPED_FALLBACK_기타혜택,연간 보너스 3만 마일리지 적립(연 1회)
https://www.card-gorilla.com/card/detail/2712,1023,항공권,기타혜택,UNMAPPED_FALLBACK_기타혜택,대한항공 직판 항공권 할인 쿠폰 제공
https://www.card-gorilla.com/card/detail/2712,1023,프리미엄,기타혜택,UNMAPPED_FALLBACK_기타혜택,우대 서비스
https://www.card-gorilla.com/card/detail/2712,1023,프리미엄 서비스,기타혜택,UNMAPPED_FALLBACK_기타혜택,Visa Infinite 서비스
https://www.card-gorilla.com/card/detail/2713,1024,애완동물,기타혜택,UNMAPPED_FALLBACK_기타혜택,"반려동물 센터, 동물병원 캐시백 혜택"
https://www.card-gorilla.com/card/detail/2713,1024,무이자할부,기타혜택,UNMAPPED_FALLBACK_기타혜택,국내 가맹점 2~3개월 무이자 할부
https://www.card-gorilla.com/card/detail/2713,1024,"교육부터 자기관리, 반려동물 등 5개 업종 월 최대 5만원 캐시백 가능! ‘디지로카 발견 에디션’ 5종 출시!",기타혜택,UNMAPPED_FALLBACK_기타혜택,삼성 iD PET 카드
https://www.card-gorilla.com/card/detail/2714,1025,교육/육아,기타혜택,UNMAPPED_FALLBACK_기타혜택,"학원, 유치원 캐시백 혜택"
https://www.card-gorilla.com/card/detail/2714,1025,무이자할부,기타혜택,UNMAPPED_FALLBACK_기타혜택,국내 가맹점 2~3개월 무이자 할부
https://www.card-gorilla.com/card/detail/2715,1026,뷰티/피트니스,기타혜택,UNMAPPED_FALLBACK_기타혜택,"피부과, 성형외과, 스포츠센터, 미용실 캐시백 혜택"
https://www.card-gorilla.com/card/detail/2715,1026,무이자할부,기타혜택,UNMAPPED_FALLBACK_기타혜택,국내 가맹점 2~3개월 무이자 할부
https://www.card-gorilla.com/card/detail/2715,1026,"교육부터 자기관리, 반려동물 등 5개 업종 월 최대 5만원 캐시백 가능! ‘디지로카 발견 에디션’ 5종 출시!",기타혜택,UNMAPPED_FALLBACK_기타혜택,디지로카 London
https://www.card-gorilla.com/card/detail/2716,1027,골프,골프,EXACT,"골프장, 골프연습장 캐시백 혜택"
https://www.card-gorilla.com/card/detail/2716,1027,무이자할부,기타혜택,UNMAPPED_FALLBACK_기타혜택,국내 가맹점 2~3개월 무이자 할부
https://www.card-gorilla.com/card/detail/2717,1028,주유,주유소,SYNONYM_APPLIED,주유 캐시백 혜택
https://www.card-gorilla.com/card/detail/2717,1028,무이자할부,기타혜택,UNMAPPED_FALLBACK_기타혜택,국내 가맹점 2~3개월 무이자할부
https://www.card-gorilla.com/card/detail/2718,1029,통신,통신,EXACT,"SKT, KT, LG U+ 및 알뜰폰 월 최대 20,000원 결제일 할인"
https://www.card-gorilla.com/card/detail/2718,1029,춘식이 모바일 로카,기타혜택,UNMAPPED_FALLBACK_기타혜택,롯데카드
https://www.card-gorilla.com/card/detail/2719,1030,국내외가맹점,모든가맹점,SYNONYM_APPLIED,[기본 할인] 국내외 가맹점 0.8% 청구할인
https://www.card-gorilla.com/card/detail/2719,1030,간편결제,간편결제,EXACT,[추가 할인] 국내 온라인 간편결제 2% 추가 청구할인 (전월실적: 40만원 이상)
https://www.card-gorilla.com/card/detail/2721,1031,적립,기타혜택,UNMAPPED_FALLBACK_기타혜택,당근머니 적립 서비스
https://www.card-gorilla.com/card/detail/2722,1032,해외,기타혜택,UNMAPPED_FALLBACK_기타혜택,해외 이용 수수료 빼기 서비스
https://www.card-gorilla.com/card/detail/2722,1032,해외,기타혜택,UNMAPPED_FALLBACK_기타혜택,해외 이용 더하기 서비스
https://www.card-gorilla.com/card/detail/2722,1032,적립,기타혜택,UNMAPPED_FALLBACK_기타혜택,국내 이용 더하기 서비스
https://www.card-gorilla.com/card/detail/2722,1032,공항라운지,공항라운지,EXACT,신한카드 SOL트래블 서비스
https://www.card-gorilla.com/card/detail/2723,1033,적립,기타혜택,UNMAPPED_FALLBACK_기타혜택,카카오톡 선물하기/ 카카오T 카카오페이 결제시 10% 적립
https://www.card-gorilla.com/card/detail/2723,1033,적립,기타혜택,UNMAPPED_FALLBACK_기타혜택,생활/요식/교통영역 결제시 1~1.5% 적립
https://www.card-gorilla.com/card/detail/2725,1034,배달앱,배달앱,EXACT,배민포인트 적립
https://www.card-gorilla.com/card/detail/2725,1034,프리미엄 서비스,기타혜택,UNMAPPED_FALLBACK_기타혜택,Mastercard Platinum 서비스
https://www.card-gorilla.com/card/detail/2726,1035,배달앱,배달앱,EXACT,배민포인트 적립
https://www.card-gorilla.com/card/detail/2726,1035,프리미엄 서비스,기타혜택,UNMAPPED_FALLBACK_기타혜택,Mastercard Platinum 서비스
https://www.card-gorilla.com/card/detail/2729,1036,대한항공,대한항공,EXACT,대한항공 마일리지 적립
https://www.card-gorilla.com/card/detail/2729,1036,해외,기타혜택,UNMAPPED_FALLBACK_기타혜택,외화 하나머니 결제 혜택
https://www.card-gorilla.com/card/detail/2730,1037,대한항공,대한항공,EXACT,대한항공 마일리지 적립
https://www.card-gorilla.com/card/detail/2730,1037,해외,기타혜택,UNMAPPED_FALLBACK_기타혜택,외화 하나머니 결제 혜택
https://www.card-gorilla.com/card/detail/2730,1037,바우처,기타혜택,UNMAPPED_FALLBACK_기타혜택,프리미엄 바우처
https://www.card-gorilla.com/card/detail/2731,1038,적립,기타혜택,UNMAPPED_FALLBACK_기타혜택,일상 생활비 적립 서비스 (전월실적 40만원 이상)
https://www.card-gorilla.com/card/detail/2731,1038,적립,기타혜택,UNMAPPED_FALLBACK_기타혜택,필수 생활비 적립 서비스 (전월실적 40만원 이상)
https://www.card-gorilla.com/card/detail/2731,1038,디지털구독,디지털구독,EXACT,여가 생활비 적립 서비스 (전월실적 40만원 이상)
https://www.card-gorilla.com/card/detail/2732,1039,할인,기타혜택,UNMAPPED_FALLBACK_기타혜택,국내외 모든 가맹점 어디서나 결제해도 할인
https://www.card-gorilla.com/card/detail/2733,1040,무이자할부,기타혜택,UNMAPPED_FALLBACK_기타혜택,2~3개월 무이자 할부
https://www.card-gorilla.com/card/detail/2733,1040,국내외가맹점,모든가맹점,SYNONYM_APPLIED,전 가맹점 0.8% 청구할인
https://www.card-gorilla.com/card/detail/2733,1040,간편결제,간편결제,EXACT,간편결제 1.2% 청구할인
https://www.card-gorilla.com/card/detail/2733,1040,배달앱,배달앱,EXACT,딜리버리 4.0% 청구할인
https://www.card-gorilla.com/card/detail/2733,1040,쇼핑,쇼핑,EXACT,쿠팡 2.0% 청구할인
https://www.card-gorilla.com/card/detail/2733,1040,쇼핑,쇼핑,EXACT,오픈마켓 4.0% 청구할인
https://www.card-gorilla.com/card/detail/2733,1040,온라인쇼핑,온라인쇼핑,EXACT,온라인식품&쇼핑 4.0% 청구할인
https://www.card-gorilla.com/card/detail/2733,1040,SSM,기타혜택,UNMAPPED_FALLBACK_기타혜택,슈퍼마켓 2.0% 청구할인
https://www.card-gorilla.com/card/detail/2733,1040,택시,택시,EXACT,택시 4.0% 청구할인
https://www.card-gorilla.com/card/detail/2734,1041,렌탈,기타혜택,UNMAPPED_FALLBACK_기타혜택,코웨이 렌탈료 자동이체 할인 서비스
https://www.card-gorilla.com/card/detail/2735,1260,학원,교육육아,SYNONYM_APPLIED,[학원비] 최대 10% 캐시백 (전월실적 30만원 이상)
https://www.card-gorilla.com/card/detail/2735,1042,생활,생활,EXACT,[생활비] 1% 캐시백 (전월실적 50만원 이상)
https://www.card-gorilla.com/card/detail/2735,1042,영화,영화,EXACT,[문화 취미] 메가박스 영화 온라인 예매 7천원 즉시 할인 (전월실적 50만원 이상)
https://www.card-gorilla.com/card/detail/2736,1043,홈쇼핑,기타혜택,UNMAPPED_FALLBACK_기타혜택,현대홈쇼핑 특화 혜택 H.Point 최대 3% 적립
https://www.card-gorilla.com/card/detail/2737,1044,대한항공,대한항공,EXACT,"[기본혜택] 국내외 가맹점 1,500원당 1 대한항공 마일리지 적립"
https://www.card-gorilla.com/card/detail/2737,1044,바우처,기타혜택,UNMAPPED_FALLBACK_기타혜택,"[추가혜택] 전년도(카드 발급 확정월 포함 12개월) 이용 금액 1,200만원 이상 시 30만원 바우처 제공(연 1회)"
https://www.card-gorilla.com/card/detail/2737,1044,공항,기타혜택,UNMAPPED_FALLBACK_기타혜택,[우대 서비스] 공항 라운지 연간 10회 무료 이용·공항 및 특급호텔 발레파킹 무료 이용
https://www.card-gorilla.com/card/detail/2737,1044,프리미엄 서비스,기타혜택,UNMAPPED_FALLBACK_기타혜택,[우대 서비스] 메탈 플레이트 제공
https://www.card-gorilla.com/card/detail/2738,1045,적립,기타혜택,UNMAPPED_FALLBACK_기타혜택,[기본 혜택] 국내외 가맹점 1% M포인트 적립
https://www.card-gorilla.com/card/detail/2738,1045,적립,기타혜택,UNMAPPED_FALLBACK_기타혜택,"[추가 혜택] 롯데백화점, 롯데아울렛, 롯데몰, 롯데백화점몰(온라인) 5% M포인트 적립"
https://www.card-gorilla.com/card/detail/2738,1045,기타,기타,EXACT,[우대서비스] M긴급적립·무이자 할부·롯데백화점 전용 쿠폰
https://www.card-gorilla.com/card/detail/2739,1046,적립,기타혜택,UNMAPPED_FALLBACK_기타혜택,[기본 혜택] 국내외 가맹점 1% M포인트 적립
https://www.card-gorilla.com/card/detail/2739,1046,적립,기타혜택,UNMAPPED_FALLBACK_기타혜택,"[추가 혜택] 롯데백화점, 롯데아울렛, 롯데몰, 롯데백화점몰(온라인) 10% M포인트 적립 (월 4만 M포인트 한도)"
https://www.card-gorilla.com/card/detail/2739,1046,적립,기타혜택,UNMAPPED_FALLBACK_기타혜택,"[연간 보너스] 롯데백화점, 롯데아울렛, 롯데몰, 롯데백화점몰(온라인) 10만 M포인트 적립"
https://www.card-gorilla.com/card/detail/2739,1046,기타,기타,EXACT,[우대서비스] M긴급적립·무이자 할부·롯데백화점 전용 쿠폰
https://www.card-gorilla.com/card/detail/2739,1046,공항,기타혜택,UNMAPPED_FALLBACK_기타혜택,[우대서비스] 공항 라운지 무료 이용·공항 및 특급호텔 발레파킹 무료 이용·메탈 플레이트 제공
https://www.card-gorilla.com/card/detail/2740,1047,해외겸용 [없음] · 20만원 이상 · VISA,기타혜택,UNMAPPED_FALLBACK_기타혜택,해외이용
https://www.card-gorilla.com/card/detail/2740,1047,해외 가맹점 이용 수수료 면제 · 해외 ATM 인출 수수료 면제,기타혜택,UNMAPPED_FALLBACK_기타혜택,적립
https://www.card-gorilla.com/card/detail/2740,1047,국내 가맹점 하나머니 적립 서비스,기타혜택,UNMAPPED_FALLBACK_기타혜택,"[비교] 트래블GO 체크카드vs트래블로그 체크카드, 무슨 차이가 있을까? _ 2026년 기준 업데이트"
https://www.card-gorilla.com/card/detail/2741,1048,KT,KT,EXACT,KT Super 할부
https://www.card-gorilla.com/card/detail/2741,1048,통신,통신,EXACT,통신요금 할인
https://www.card-gorilla.com/card/detail/2742,1049,국내외가맹점,모든가맹점,SYNONYM_APPLIED,[기본 적립] 국내/해외 가맹점 0.2% 적립
https://www.card-gorilla.com/card/detail/2742,1049,적립,기타혜택,UNMAPPED_FALLBACK_기타혜택,[추가 적립] 우리페이 0.5% 추가 적립
https://www.card-gorilla.com/card/detail/2742,1049,적립,기타혜택,UNMAPPED_FALLBACK_기타혜택,[특별 적립] 생활소비 1% 특별 적립
https://www.card-gorilla.com/card/detail/2743,1050,적립,기타혜택,UNMAPPED_FALLBACK_기타혜택,[기본 혜택] 전월 이용 금액 50만원 이상 시 국내외 가맹점 이용 금액 3종 리워드 적립
https://www.card-gorilla.com/card/detail/2743,1050,적립,기타혜택,UNMAPPED_FALLBACK_기타혜택,[추가 혜택] 대한항공 직판 항공권 1천원 당 3 마일리지·제네시스 신차 2.5%·SSG.COM 7% 적립
https://www.card-gorilla.com/card/detail/2743,1050,적립,기타혜택,UNMAPPED_FALLBACK_기타혜택,연간 보너스 리워드 적립 (연 1회)
https://www.card-gorilla.com/card/detail/2743,1050,프리미엄,기타혜택,UNMAPPED_FALLBACK_기타혜택,[우대 서비스] 메탈 플레이트 제공·공항 라운지 무료 이용·무료 발레파킹 서비스
https://www.card-gorilla.com/card/detail/2744,1051,충전소,기타혜택,UNMAPPED_FALLBACK_기타혜택,전기/수소차 20% 청구할인
https://www.card-gorilla.com/card/detail/2744,1051,자동차,기타혜택,UNMAPPED_FALLBACK_기타혜택,"주차, 세차 20% 청구할인"
https://www.card-gorilla.com/card/detail/2744,1051,디지털구독,디지털구독,EXACT,OTT 20% 청구할인
https://www.card-gorilla.com/card/detail/2744,1051,간편결제,간편결제,EXACT,KB Pay 오픈마켓 10% 청구할인
https://www.card-gorilla.com/card/detail/2744,1051,보험,기타혜택,UNMAPPED_FALLBACK_기타혜택,자동차보험 1만원 청구할인
https://www.card-gorilla.com/card/detail/2746,1052,생활,생활,EXACT,4대 생활 영역(백화점/할인점/온라인쇼핑몰/주유) 10% 빅포인트 적립
https://www.card-gorilla.com/card/detail/2746,1052,생활,생활,EXACT,아파트관리비/이동통신 정기결제 시 3% 빅포인트 적립
https://www.card-gorilla.com/card/detail/2746,1052,교육/육아,기타혜택,UNMAPPED_FALLBACK_기타혜택,교육(학원/인터넷강의/학습지) 3% 빅포인트 적립
https://www.card-gorilla.com/card/detail/2746,1052,삼성페이,기타혜택,UNMAPPED_FALLBACK_기타혜택,삼성페이로 국내 오프라인 가맹점 결제 시 1% 빅포인트 적립
https://www.card-gorilla.com/card/detail/2746,1052,해외,기타혜택,UNMAPPED_FALLBACK_기타혜택,해외 1% 빅포인트 적립
https://www.card-gorilla.com/card/detail/2746,1052,할인,기타혜택,UNMAPPED_FALLBACK_기타혜택,연회비 할인 서비스
https://www.card-gorilla.com/card/detail/2747,1053,동물병원,기타혜택,UNMAPPED_FALLBACK_기타혜택,전국 동물병원 30% 결제일 할인
https://www.card-gorilla.com/card/detail/2747,1053,쇼핑,쇼핑,EXACT,5개 펫 온라인 전용몰 30% 결제일 할인
https://www.card-gorilla.com/card/detail/2747,1053,온라인쇼핑,온라인쇼핑,EXACT,일반 온라인 쇼핑몰 10% 결제일 할인
https://www.card-gorilla.com/card/detail/2747,1053,애완동물,기타혜택,UNMAPPED_FALLBACK_기타혜택,Pet Life
https://www.card-gorilla.com/card/detail/2747,1053,할인,기타혜택,UNMAPPED_FALLBACK_기타혜택,"동물병원, 펫 전용몰 할인한도 변경서비스"
https://www.card-gorilla.com/card/detail/2748,1054,동물병원,기타혜택,UNMAPPED_FALLBACK_기타혜택,전국 동물병원 30% 결제일 할인
https://www.card-gorilla.com/card/detail/2748,1054,쇼핑,쇼핑,EXACT,5개 펫 온라인 전용몰 30% 결제일 할인
https://www.card-gorilla.com/card/detail/2748,1054,온라인쇼핑,온라인쇼핑,EXACT,일반 온라인 쇼핑몰 10% 결제일 할인
https://www.card-gorilla.com/card/detail/2748,1054,애완동물,기타혜택,UNMAPPED_FALLBACK_기타혜택,Pet Life
https://www.card-gorilla.com/card/detail/2748,1054,할인,기타혜택,UNMAPPED_FALLBACK_기타혜택,"동물병원, 펫 전용몰 할인한도 변경서비스"
https://www.card-gorilla.com/card/detail/2748,1054,공항라운지,공항라운지,EXACT,The Lounge 모바일 앱을 통한 전세계 공항 라운지 무료이용 (연 2회)
https://www.card-gorilla.com/card/detail/2748,1054,바우처,기타혜택,UNMAPPED_FALLBACK_기타혜택,신한카드 The Premium PET 고객님께 매년 1회 아래 Option 중 선택하신 한 가지의 Gift를 제공해 드립니다.
https://www.card-gorilla.com/card/detail/2750,1055,수수료우대,기타혜택,UNMAPPED_FALLBACK_기타혜택,트래블로그 스위치 서비스
https://www.card-gorilla.com/card/detail/2750,1055,적립,기타혜택,UNMAPPED_FALLBACK_기타혜택,하나머니 적립 서비스
https://www.card-gorilla.com/card/detail/2751,1056,적립,기타혜택,UNMAPPED_FALLBACK_기타혜택,[기본혜택] 전월 이용 금액 50만원 이상 시 국내외 가맹점 1.5% M포인트 적립
https://www.card-gorilla.com/card/detail/2751,1056,바우처,기타혜택,UNMAPPED_FALLBACK_기타혜택,"[추가혜택] 전년도(카드 발급 확정월 포함 12개월) 이용 금액 1,200만원 이상 시
30만원 바우처 제공(연 1회)"
https://www.card-gorilla.com/card/detail/2751,1056,적립,기타혜택,UNMAPPED_FALLBACK_기타혜택,[우대 서비스] M 긴급적립(선지급 포인트 서비스)
https://www.card-gorilla.com/card/detail/2751,1056,공항,기타혜택,UNMAPPED_FALLBACK_기타혜택,[우대 서비스] 공항 라운지 연간 10회 무료 이용·공항 및 특급호텔 발레파킹 무료 이용
https://www.card-gorilla.com/card/detail/2751,1056,프리미엄 서비스,기타혜택,UNMAPPED_FALLBACK_기타혜택,[우대 서비스] 메탈 플레이트 제공
https://www.card-gorilla.com/card/detail/2752,1057,적립,기타혜택,UNMAPPED_FALLBACK_기타혜택,[기본 혜택] 국내외 가맹점 1.5% M포인트 적립
https://www.card-gorilla.com/card/detail/2752,1057,적립,기타혜택,UNMAPPED_FALLBACK_기타혜택,[추가 혜택] 전월 이용 금액 100만원 이상 시 프리미엄쇼핑 영역 5% M포인트 적립
https://www.card-gorilla.com/card/detail/2752,1057,적립,기타혜택,UNMAPPED_FALLBACK_기타혜택,[우대 서비스] M 긴급적립(선지급 포인트 서비스)
https://www.card-gorilla.com/card/detail/2752,1057,공항,기타혜택,UNMAPPED_FALLBACK_기타혜택,[우대 서비스] 공항 라운지 연간 5회 무료 이용·공항 및 특급호텔 발레파킹 무료 이용
https://www.card-gorilla.com/card/detail/2752,1057,프리미엄 서비스,기타혜택,UNMAPPED_FALLBACK_기타혜택,[우대 서비스] 메탈 플레이트 제공
https://www.card-gorilla.com/card/detail/2753,1058,적립,기타혜택,UNMAPPED_FALLBACK_기타혜택,[기본 혜택] 전월 실적 50만원 이상 시 국내외 가맹점 1.5% M포인트 적립
https://www.card-gorilla.com/card/detail/2753,1058,적립,기타혜택,UNMAPPED_FALLBACK_기타혜택,"[추가 혜택] 전월 실적 100만원 이상 시 여행, 해외 영역 5% M포인트 적립"
https://www.card-gorilla.com/card/detail/2753,1058,적립,기타혜택,UNMAPPED_FALLBACK_기타혜택,[우대 서비스] M 긴급적립(선지급 포인트 서비스)
https://www.card-gorilla.com/card/detail/2753,1058,공항,기타혜택,UNMAPPED_FALLBACK_기타혜택,[우대 서비스] 공항 라운지 연간 5회 무료 이용·공항 및 특급호텔 발레파킹 무료 이용
https://www.card-gorilla.com/card/detail/2753,1058,프리미엄 서비스,기타혜택,UNMAPPED_FALLBACK_기타혜택,[우대 서비스] 메탈 플레이트 제공
https://www.card-gorilla.com/card/detail/2755,1059,바우처,기타혜택,UNMAPPED_FALLBACK_기타혜택,취향대로 선택하는 럭셔리 라이프 바우처
https://www.card-gorilla.com/card/detail/2755,1059,적립,기타혜택,UNMAPPED_FALLBACK_기타혜택,M포인트와 항공 마일리지 중 선택 적립
https://www.card-gorilla.com/card/detail/2755,1059,적립,기타혜택,UNMAPPED_FALLBACK_기타혜택,[우대 서비스] M 긴급적립(선지급 포인트 서비스)
https://www.card-gorilla.com/card/detail/2755,1059,프리미엄 서비스,기타혜택,UNMAPPED_FALLBACK_기타혜택,[우대 서비스] 메탈 플레이트 제공
https://www.card-gorilla.com/card/detail/2755,1059,공항,기타혜택,UNMAPPED_FALLBACK_기타혜택,[우대 서비스] 공항 라운지 연간 10회 무료 이용·공항 및 특급 호텔 발레파킹 무료 이용
https://www.card-gorilla.com/card/detail/2755,1059,the Red (M포인트형),기타혜택,UNMAPPED_FALLBACK_기타혜택,현대카드
https://www.card-gorilla.com/card/detail/2755,1059,the Red (항공 마일리지형),기타혜택,UNMAPPED_FALLBACK_기타혜택,현대카드
https://www.card-gorilla.com/card/detail/2756,1060,바우처,기타혜택,UNMAPPED_FALLBACK_기타혜택,국내 Luxury/Gourmet 영역에서 카테고리 구분 없이 사용 가능한 바우처
https://www.card-gorilla.com/card/detail/2756,1060,적립,기타혜택,UNMAPPED_FALLBACK_기타혜택,[기본혜택] 대한항공 마일리지와 M포인트 중 선택 적립
https://www.card-gorilla.com/card/detail/2756,1060,PP,기타혜택,UNMAPPED_FALLBACK_기타혜택,[우대 서비스] Priority Pass 카드
https://www.card-gorilla.com/card/detail/2756,1060,공항,기타혜택,UNMAPPED_FALLBACK_기타혜택,인천국제공항 라운지 서비스・발레파킹 서비스
https://www.card-gorilla.com/card/detail/2756,1060,프리미엄 서비스,기타혜택,UNMAPPED_FALLBACK_기타혜택,[우대 서비스] 메탈 플레이트
https://www.card-gorilla.com/card/detail/2756,1060,American Express The Platinum Card®Edition2,기타혜택,UNMAPPED_FALLBACK_기타혜택,현대카드
https://www.card-gorilla.com/card/detail/2756,1060,the Red Stripe Edition2,기타혜택,UNMAPPED_FALLBACK_기타혜택,현대카드
https://www.card-gorilla.com/card/detail/2757,1061,바우처,기타혜택,UNMAPPED_FALLBACK_기타혜택,국내 Luxury/Gourmet 영역에서 카테고리 구분 없이 사용 가능한 바우처
https://www.card-gorilla.com/card/detail/2757,1061,적립,기타혜택,UNMAPPED_FALLBACK_기타혜택,[기본 혜택] 대한항공 마일리지와 M포인트 중 선택 적립
https://www.card-gorilla.com/card/detail/2757,1061,프리미엄 서비스,기타혜택,UNMAPPED_FALLBACK_기타혜택,[우대 서비스] the Black Concierge
https://www.card-gorilla.com/card/detail/2757,1061,공항라운지,공항라운지,EXACT,[우대서비스] 인천국제공항 라운지 서비스·발레파킹 서비스
https://www.card-gorilla.com/card/detail/2759,1062,적립,기타혜택,UNMAPPED_FALLBACK_기타혜택,[오늘도 5% 적립 서비스] 음식점·카페·편의점·온라인쇼핑 5% 마이신한포인트 적립 (전월실적 30만원 이상)
https://www.card-gorilla.com/card/detail/2759,1062,생활,생활,EXACT,[일상 속 5% 적립 서비스] 생활·여행·패션 5% 마이신한포인트적립 (전월실적 30만원 이상)
https://www.card-gorilla.com/card/detail/2759,1062,디지털구독,디지털구독,EXACT,"[정기결제 최대 20% 적립 서비스] 통신 10% , OTT 15%, 멤버십 20% 마이신한포인트 적립 (전월실적 30만원 이상)"
https://www.card-gorilla.com/card/detail/2759,1062,적립,기타혜택,UNMAPPED_FALLBACK_기타혜택,[소비관리 보너스] ①계획소비 적립 (전월실적 30만원 이상)
https://www.card-gorilla.com/card/detail/2759,1062,적립,기타혜택,UNMAPPED_FALLBACK_기타혜택,[소비관리 보너스] ②즉시결제 적립 (전월실적 30만원 이상)
https://www.card-gorilla.com/card/detail/2760,1063,푸드,기타혜택,UNMAPPED_FALLBACK_기타혜택,칼퇴(음식점·주점·카페·편의점) 5% 캐시백 (저녁 6~11시 결제 건)
https://www.card-gorilla.com/card/detail/2760,1063,뷰티/피트니스,기타혜택,UNMAPPED_FALLBACK_기타혜택,갓생(헬스·뷰티·전자책) 5% 캐시백
https://www.card-gorilla.com/card/detail/2760,1063,교통,기타혜택,UNMAPPED_FALLBACK_기타혜택,교통(대중교통·택시·카셰어링) 5% 캐시백
https://www.card-gorilla.com/card/detail/2761,1064,온라인쇼핑,온라인쇼핑,EXACT,온라인 쇼핑 10% 청구할인
https://www.card-gorilla.com/card/detail/2761,1064,쇼핑,쇼핑,EXACT,오프라인 쇼핑 5% 청구할인
https://www.card-gorilla.com/card/detail/2761,1064,통신,통신,EXACT,이동 통신 요금 자동납부 5% 청구할인
https://www.card-gorilla.com/card/detail/2761,1064,디지털구독,디지털구독,EXACT,OTT 정기 결제 30% 청구할인
https://www.card-gorilla.com/card/detail/2761,1064,영화,영화,EXACT,영화 청구할인
https://www.card-gorilla.com/card/detail/2762,1065,바우처,기타혜택,UNMAPPED_FALLBACK_기타혜택,기프트 옵션 서비스
https://www.card-gorilla.com/card/detail/2762,1065,아시아나항공,아시아나항공,EXACT,아시아나 마일리지 적립
https://www.card-gorilla.com/card/detail/2762,1065,아시아나항공,아시아나항공,EXACT,아시아나항공 서비스
https://www.card-gorilla.com/card/detail/2762,1065,프리미엄 서비스,기타혜택,UNMAPPED_FALLBACK_기타혜택,공항 라운지 서비스・특수 소재 카드
https://www.card-gorilla.com/card/detail/2763,1066,편의점,편의점,EXACT,CU 편의점 최대 20% 현장할인
https://www.card-gorilla.com/card/detail/2763,1066,적립,기타혜택,UNMAPPED_FALLBACK_기타혜택,CU 편의점 외 최대 5% 네이버페이 포인트 적립
https://www.card-gorilla.com/card/detail/2763,1066,편의점,편의점,EXACT,CU 멤버십 서비스
https://www.card-gorilla.com/card/detail/2764,1067,드럭스토어,드럭스토어,EXACT,올리브영 및 국내외 가맹점 이용 금액의 최대 5% 올리브영 현대카드 리워드 발행
https://www.card-gorilla.com/card/detail/2764,1067,기타,기타,EXACT,[우대 서비스] 메탈 플레이트 제공
https://www.card-gorilla.com/card/detail/2765,1068,할인,기타혜택,UNMAPPED_FALLBACK_기타혜택,국내 가맹점 0.5% 할인
https://www.card-gorilla.com/card/detail/2765,1068,교통,기타혜택,UNMAPPED_FALLBACK_기타혜택,기후동행요금 결제일 할인
https://www.card-gorilla.com/card/detail/2766,1069,교통,기타혜택,UNMAPPED_FALLBACK_기타혜택,후불 기후동행카드 서비스 안내
https://www.card-gorilla.com/card/detail/2766,1069,할인,기타혜택,UNMAPPED_FALLBACK_기타혜택,온라인 10% 할인
https://www.card-gorilla.com/card/detail/2766,1069,할인,기타혜택,UNMAPPED_FALLBACK_기타혜택,오프라인 10% 혜택
https://www.card-gorilla.com/card/detail/2767,1070,교통,기타혜택,UNMAPPED_FALLBACK_기타혜택,후불 기후동행카드 서비스 안내
https://www.card-gorilla.com/card/detail/2767,1070,할인,기타혜택,UNMAPPED_FALLBACK_기타혜택,온라인 5% 할인
https://www.card-gorilla.com/card/detail/2767,1070,할인,기타혜택,UNMAPPED_FALLBACK_기타혜택,오프라인 5% 혜택
https://www.card-gorilla.com/card/detail/2768,1071,캐시백,기타혜택,UNMAPPED_FALLBACK_기타혜택,캐시백 서비스
https://www.card-gorilla.com/card/detail/2768,1071,교통,기타혜택,UNMAPPED_FALLBACK_기타혜택,후불교통 기능 이용안내
https://www.card-gorilla.com/card/detail/2769,1072,교통,기타혜택,UNMAPPED_FALLBACK_기타혜택,후불 기후동행카드 안내
https://www.card-gorilla.com/card/detail/2769,1072,할인,기타혜택,UNMAPPED_FALLBACK_기타혜택,청구할인 서비스
https://www.card-gorilla.com/card/detail/2770,1073,교통,기타혜택,UNMAPPED_FALLBACK_기타혜택,후불 기후동행카드 안내
https://www.card-gorilla.com/card/detail/2770,1073,할인,기타혜택,UNMAPPED_FALLBACK_기타혜택,할인 서비스
https://www.card-gorilla.com/card/detail/2771,1074,카페,카페,EXACT,커피전문점/편의점 10% 결제일할인
https://www.card-gorilla.com/card/detail/2771,1074,통신,통신,EXACT,이동통신요금 정기결제 시 5%/7% 결제일할인
https://www.card-gorilla.com/card/detail/2771,1074,생활,생활,EXACT,배달앱/온라인쇼핑몰/헬스&뷰티/생활잡화 5%/7% 결제일할인
https://www.card-gorilla.com/card/detail/2771,1074,디지털구독,디지털구독,EXACT,디지털콘텐츠 정기결제 시 30% 결제일할인
https://www.card-gorilla.com/card/detail/2771,1074,해외,기타혜택,UNMAPPED_FALLBACK_기타혜택,"전월 이용금액에 관계없이, 할인한도 없이 해외 1% 결제일 할인"
https://www.card-gorilla.com/card/detail/2771,1074,선택형,기타혜택,UNMAPPED_FALLBACK_기타혜택,특수 소재 카드 신청 가능
https://www.card-gorilla.com/card/detail/2771,1074,교통,기타혜택,UNMAPPED_FALLBACK_기타혜택,후불 기후동행카드 안내
https://www.card-gorilla.com/card/detail/2775,1075,적립,기타혜택,UNMAPPED_FALLBACK_기타혜택,국내 가맹점 카카오페이 포인트 적립 서비스
https://www.card-gorilla.com/card/detail/2775,1075,해외이용,기타혜택,UNMAPPED_FALLBACK_기타혜택,해외 이용수수료 면제 서비스
https://www.card-gorilla.com/card/detail/2776,1076,적립,기타혜택,UNMAPPED_FALLBACK_기타혜택,[기본 혜택] 국내외 가맹점 0.5% 신세계포인트 적립
https://www.card-gorilla.com/card/detail/2776,1076,적립,기타혜택,UNMAPPED_FALLBACK_기타혜택,"[추가 혜택] 이마트 7대 가맹점, 온라인몰, 병원·약국, 학원 5% 신세계포인트 적립"
https://www.card-gorilla.com/card/detail/2776,1076,프리미엄 서비스,기타혜택,UNMAPPED_FALLBACK_기타혜택,[우대 서비스] 메탈 플레이트 제공
https://www.card-gorilla.com/card/detail/2777,1077,적립,기타혜택,UNMAPPED_FALLBACK_기타혜택,[기본 혜택] 국내외 가맹점 0.5% 신세계포인트 적립
https://www.card-gorilla.com/card/detail/2777,1077,적립,기타혜택,UNMAPPED_FALLBACK_기타혜택,[추가 혜택] 이마트 7대 가맹점 5% 신세계포인트 적립
https://www.card-gorilla.com/card/detail/2779,1078,적립,기타혜택,UNMAPPED_FALLBACK_기타혜택,국내외 가맹점 최대 3.3% 적립
https://www.card-gorilla.com/card/detail/2780,1079,국내외가맹점,모든가맹점,SYNONYM_APPLIED,[기본 서비스] 국내외 가맹점 1% 청구할인
https://www.card-gorilla.com/card/detail/2780,1079,할인,기타혜택,UNMAPPED_FALLBACK_기타혜택,[특별 서비스] 생활밀착 4개 영역 1.2% 청구 할인
https://www.card-gorilla.com/card/detail/2780,1079,할인,기타혜택,UNMAPPED_FALLBACK_기타혜택,"[특별 서비스] Flex 영역(온라인항공/호텔/온라인면세/스포츠/미용실)
건당 20만원 이상 결제 시 1만원 청구할인"
https://www.card-gorilla.com/card/detail/2780,1079,자동차,기타혜택,UNMAPPED_FALLBACK_기타혜택,[특별 서비스] 카(Car) 라이프 영역(주차/세차) 10% 청구할인
https://www.card-gorilla.com/card/detail/2780,1079,공항라운지,공항라운지,EXACT,전세계 공항 라운지 무료 이용(The LOUNGE)
https://www.card-gorilla.com/card/detail/2780,1079,바우처,기타혜택,UNMAPPED_FALLBACK_기타혜택,"[Classic 전용혜택] 쿠폰 서비스 연 1회 제공, 3가지 중 택 1
연간 600만원 이상(초회년도는 실적조건 없음)"
https://www.card-gorilla.com/card/detail/2780,1079,프리미엄 서비스,기타혜택,UNMAPPED_FALLBACK_기타혜택,[Classic 전용혜택] 브랜드 서비스·금융 서비스·전용고객센터
https://www.card-gorilla.com/card/detail/2781,1080,대한항공,대한항공,EXACT,"[기본 서비스] 국내외 가맹점 1,500원당 1마일리지 적립"
https://www.card-gorilla.com/card/detail/2781,1080,대한항공,대한항공,EXACT,"[특별 서비스] 생활밀착 4개 영역 1,500원당 2마일리지 적립"
https://www.card-gorilla.com/card/detail/2781,1080,대한항공,대한항공,EXACT,"[특별 서비스] Flex 영역(온라인항공/호텔/온라인면세/스포츠/미용실)
건별 결제금액 1,500원당 대한항공 2마일리지 적립"
https://www.card-gorilla.com/card/detail/2781,1080,자동차,기타혜택,UNMAPPED_FALLBACK_기타혜택,[특별 서비스] 카(Car) 라이프 영역(주차/세차) 10% 청구할인
https://www.card-gorilla.com/card/detail/2781,1080,공항라운지,공항라운지,EXACT,전세계 공항 라운지 무료 이용(The LOUNGE)
https://www.card-gorilla.com/card/detail/2781,1080,바우처,기타혜택,UNMAPPED_FALLBACK_기타혜택,"[Classic 전용혜택] 쿠폰 서비스 연 1회 제공, 4가지 중 택 1"
https://www.card-gorilla.com/card/detail/2781,1080,프리미엄 서비스,기타혜택,UNMAPPED_FALLBACK_기타혜택,[Classic 전용혜택] 브랜드 서비스·금융 서비스·전용고객센터
https://www.card-gorilla.com/card/detail/2782,1081,할인,기타혜택,UNMAPPED_FALLBACK_기타혜택,청소년이 자주 이용하는 4개 영역 2% 청구 할인
https://www.card-gorilla.com/card/detail/2784,1082,할인,기타혜택,UNMAPPED_FALLBACK_기타혜택,[기본 할인] 국내 가맹점 0.3% 청구할인
https://www.card-gorilla.com/card/detail/2784,1082,생활,생활,EXACT,"[생활 할인] 스타벅스, 폴바셋 10% 청구할인"
https://www.card-gorilla.com/card/detail/2784,1082,편의점,편의점,EXACT,"[생활 할인] CU, GS25 10% 청구할인"
https://www.card-gorilla.com/card/detail/2784,1082,대중교통,대중교통,EXACT,"[대중교통 할인] 버스, 지하철 10% 청구할인"
https://www.card-gorilla.com/card/detail/2785,1083,적립,기타혜택,UNMAPPED_FALLBACK_기타혜택,"힐튼 아너스 포인트 적립 (1,500원 당 2~4 힐튼 아너스 포인트 적립)"
https://www.card-gorilla.com/card/detail/2785,1083,호텔,기타혜택,UNMAPPED_FALLBACK_기타혜택,전세계 힐튼호텔 주말 무료 숙박권 1매 제공
https://www.card-gorilla.com/card/detail/2785,1083,호텔,기타혜택,UNMAPPED_FALLBACK_기타혜택,힐튼 아너스 멤버쉽 실버 등급 제공 및 골드 등급으로 업그레이드
https://www.card-gorilla.com/card/detail/2785,1083,공항라운지,공항라운지,EXACT,국내/해외 공항라운지 1인 무료 이용(연2회)
https://www.card-gorilla.com/card/detail/2786,1084,적립,기타혜택,UNMAPPED_FALLBACK_기타혜택,"힐튼 아너스 포인트 적립 (1,500원 당 2~8 힐튼 아너스 포인트 적립)"
https://www.card-gorilla.com/card/detail/2786,1084,호텔,기타혜택,UNMAPPED_FALLBACK_기타혜택,전세계 힐튼 호텔 주말 무료 숙박권 2매 제공
https://www.card-gorilla.com/card/detail/2786,1084,호텔,기타혜택,UNMAPPED_FALLBACK_기타혜택,힐튼 아너스 멤버십 골드 등급 제공 및 다이아몬드 등급으로 업그레이드
https://www.card-gorilla.com/card/detail/2786,1084,공항라운지,공항라운지,EXACT,국내/해외 공항라운지 1인 무료 이용(연4회)
https://www.card-gorilla.com/card/detail/2787,1085,생활,생활,EXACT,"LGE.COM 플러스 서비스 이용 시, LG전자 온라인몰 LGE.COM에서 제품 구매 시 플러스 서비스 혜택 제공"
https://www.card-gorilla.com/card/detail/2787,1085,생활,생활,EXACT,"LGE.COM 플러스 서비스 미이용 시, LGE.COM 플러스 미이용 시에만 제공되는 서비스"
https://www.card-gorilla.com/card/detail/2788,1086,바우처,기타혜택,UNMAPPED_FALLBACK_기타혜택,Gift Option 서비스
https://www.card-gorilla.com/card/detail/2788,1086,항공마일리지,항공,SYNONYM_APPLIED,대한항공 마일리지/아시아나항공 마일리지 적립(택 1)
https://www.card-gorilla.com/card/detail/2788,1086,프리미엄,기타혜택,UNMAPPED_FALLBACK_기타혜택,연(1~12월) 중 3회 선택이 가능한 Premium Box 서비스 제공
https://www.card-gorilla.com/card/detail/2788,1086,생활,생활,EXACT,생활서비스
https://www.card-gorilla.com/card/detail/2788,1086,PP,기타혜택,UNMAPPED_FALLBACK_기타혜택,공항라운지카드(Priority Pass) 서비스
https://www.card-gorilla.com/card/detail/2788,1086,면세점,면세점,EXACT,JDC 면세점 할인 서비스/골프장 부킹 대행 서비스
https://www.card-gorilla.com/card/detail/2788,1086,프리미엄 서비스,기타혜택,UNMAPPED_FALLBACK_기타혜택,라이프스타일 Desk 서비스
https://www.card-gorilla.com/card/detail/2788,1086,프리미엄 서비스,기타혜택,UNMAPPED_FALLBACK_기타혜택,국제브랜드사 서비스(플래티늄 등급 선태 시 제공)
https://www.card-gorilla.com/card/detail/2788,1086,THE iD. TITANIUM(포인트),기타혜택,UNMAPPED_FALLBACK_기타혜택,삼성카드
https://www.card-gorilla.com/card/detail/2789,1087,충전소,기타혜택,UNMAPPED_FALLBACK_기타혜택,전기/수소차 충전 20% 청구할인
https://www.card-gorilla.com/card/detail/2789,1087,자동차,기타혜택,UNMAPPED_FALLBACK_기타혜택,"주차, 세차 20% 청구할인"
https://www.card-gorilla.com/card/detail/2789,1087,디지털구독,디지털구독,EXACT,OTT 20% 청구할인
https://www.card-gorilla.com/card/detail/2789,1087,쇼핑,쇼핑,EXACT,KB Pay 오픈마켓 20% 청구할인
https://www.card-gorilla.com/card/detail/2789,1087,보험,기타혜택,UNMAPPED_FALLBACK_기타혜택,자동차보험 1만원 청구할인
https://www.card-gorilla.com/card/detail/2790,1088,적립,기타혜택,UNMAPPED_FALLBACK_기타혜택,[기본 혜택] 전월 이용 금액 50만원 이상 시 국내외 가맹점 1.5% M포인트 적립
https://www.card-gorilla.com/card/detail/2790,1088,적립,기타혜택,UNMAPPED_FALLBACK_기타혜택,"[추가 혜택] 전월 이용 금액 100만원 이상 시 교육, 병원, 여행, 골프 5% M포인트 적립"
https://www.card-gorilla.com/card/detail/2790,1088,바우처,기타혜택,UNMAPPED_FALLBACK_기타혜택,[연간 보너스] 발급 첫해 누적 이용 금액 100만원 이상 시 5만원 크레딧 제공(연 1회)
https://www.card-gorilla.com/card/detail/2790,1088,프리미엄 서비스,기타혜택,UNMAPPED_FALLBACK_기타혜택,우대 서비스
https://www.card-gorilla.com/card/detail/2791,1089,바우처,기타혜택,UNMAPPED_FALLBACK_기타혜택,[연간 보너스] 발급 첫해 누적 이용 금액 100만원 이상 시 5만원 크레딧 제공(연 1회)
https://www.card-gorilla.com/card/detail/2791,1089,적립,기타혜택,UNMAPPED_FALLBACK_기타혜택,[기본 혜택] 전월 이용 금액 50만원 이상 시 국내외 가맹점 1.5% M포인트 적립
https://www.card-gorilla.com/card/detail/2791,1089,적립,기타혜택,UNMAPPED_FALLBACK_기타혜택,"[추가 혜택] 전월 이용 금액 100만원 이상 시 온라인몰, 백화점, 대형마트, 교육 5% M포인트 적립"
https://www.card-gorilla.com/card/detail/2791,1089,프리미엄 서비스,기타혜택,UNMAPPED_FALLBACK_기타혜택,우대 서비스
https://www.card-gorilla.com/card/detail/2792,1090,바우처,기타혜택,UNMAPPED_FALLBACK_기타혜택,[연간 보너스] 발급 첫해 누적 이용 금액 100만원 이상 시 5만원 크레딧 제공(연 1회)
https://www.card-gorilla.com/card/detail/2792,1090,적립,기타혜택,UNMAPPED_FALLBACK_기타혜택,[기본 혜택] 전월 이용 금액 50만원 이상 시 국내외 가맹점 1.5% M포인트 적립
https://www.card-gorilla.com/card/detail/2792,1090,적립,기타혜택,UNMAPPED_FALLBACK_기타혜택,"[추가 혜택] 전월 이용 금액 100만원 이상 시 온라인몰, 드럭스토어, 커피전문점, 대중교통 5% M포인트 적립"
https://www.card-gorilla.com/card/detail/2792,1090,프리미엄 서비스,기타혜택,UNMAPPED_FALLBACK_기타혜택,우대 서비스
https://www.card-gorilla.com/card/detail/2793,1091,바우처,기타혜택,UNMAPPED_FALLBACK_기타혜택,[연간 보너스] 발급 첫해 누적 이용 금액 100만원 이상 시 5만원 크레딧 제공(연 1회)
https://www.card-gorilla.com/card/detail/2793,1091,적립,기타혜택,UNMAPPED_FALLBACK_기타혜택,[기본 혜택] 전월 이용 금액 50만원 이상 시 국내외 가맹점 1.5% M포인트 적립
https://www.card-gorilla.com/card/detail/2793,1091,적립,기타혜택,UNMAPPED_FALLBACK_기타혜택,"[추가 혜택] 전월 이용 금액 100만원 이상 시 온라인몰, 배달 앱, 편의점, 대중교통 5% M포인트 적립"
https://www.card-gorilla.com/card/detail/2793,1091,프리미엄 서비스,기타혜택,UNMAPPED_FALLBACK_기타혜택,우대 서비스
https://www.card-gorilla.com/card/detail/2794,1092,적립,기타혜택,UNMAPPED_FALLBACK_기타혜택,[기본 혜택] 전월 이용 금액 50만원 이상 시 국내외 가맹점 0.7% 네이버페이 포인트 적립
https://www.card-gorilla.com/card/detail/2794,1092,국내외가맹점,모든가맹점,SYNONYM_APPLIED,"[추가 혜택] 전월 이용 금액 50만원 이상 시 네이버플러스 멤버십 적립 대상
최대 7% 네이버페이 포인트 적립"
https://www.card-gorilla.com/card/detail/2794,1092,네이버페이 taptap,기타혜택,UNMAPPED_FALLBACK_기타혜택,삼성카드
https://www.card-gorilla.com/card/detail/2795,1093,모든가맹점,모든가맹점,EXACT,전 가맹점 적립 서비스
https://www.card-gorilla.com/card/detail/2795,1093,선택형,기타혜택,UNMAPPED_FALLBACK_기타혜택,선택 할인서비스 (2종 중 택1)
https://www.card-gorilla.com/card/detail/2799,1094,대중교통,대중교통,EXACT,K-패스 안내
https://www.card-gorilla.com/card/detail/2799,1094,생활,생활,EXACT,대중교통 & 생활비 최대 15% 결제일 할일
https://www.card-gorilla.com/card/detail/2805,1095,선택형,기타혜택,UNMAPPED_FALLBACK_기타혜택,8가지 혜택 중 선택
https://www.card-gorilla.com/card/detail/2805,1095,간편결제,간편결제,EXACT,모바일 단독카드
https://www.card-gorilla.com/card/detail/2806,1096,선택형,기타혜택,UNMAPPED_FALLBACK_기타혜택,8가지 혜택 중 선택
https://www.card-gorilla.com/card/detail/2806,1096,간편결제,간편결제,EXACT,모바일 단독카드
https://www.card-gorilla.com/card/detail/2807,1097,적립,기타혜택,UNMAPPED_FALLBACK_기타혜택,"[기본 리워드] 이용금액 1% 적립(마이신한포인트형) / 1,500원 당 1마일 적립(스카이패스형)"
https://www.card-gorilla.com/card/detail/2807,1097,바우처,기타혜택,UNMAPPED_FALLBACK_기타혜택,Gift Option 서비스 (연 1회/ 택 1/ 연회비 주기 내 1백만원 이상)
https://www.card-gorilla.com/card/detail/2807,1097,바우처,기타혜택,UNMAPPED_FALLBACK_기타혜택,Bonus Gift 서비스 (연간 누적실적 3천만원 이상)
https://www.card-gorilla.com/card/detail/2807,1097,생활,생활,EXACT,[Life Experience 서비스] 커피전문점 2천원 할인/택시 이용금액 7% 할인 (전월실적 50만원 이상)
https://www.card-gorilla.com/card/detail/2807,1097,공항라운지,공항라운지,EXACT,THE LOUNGE 서비스 (전월실적 50만원 이상)
https://www.card-gorilla.com/card/detail/2809,1098,간편결제,간편결제,EXACT,페이결제 0.5% 캐시백
https://www.card-gorilla.com/card/detail/2809,1098,편의점,편의점,EXACT,"GS25, CU, 이마트24, 세븐일레븐 5% 캐시백"
https://www.card-gorilla.com/card/detail/2809,1098,배달앱,배달앱,EXACT,"배달의 민족, 요기요 5% 캐시백"
https://www.card-gorilla.com/card/detail/2809,1098,대중교통,대중교통,EXACT,"버스, 지하철 10% 캐시백"
https://www.card-gorilla.com/card/detail/2809,1098,카페,카페,EXACT,"스타벅스, 투썸플레이스 20% 캐시백"
https://www.card-gorilla.com/card/detail/2810,1099,통신,통신,EXACT,"통신 요금 대상 가맹점 자동이체 1만원 이상 납부 시 5,000원 캐시백"
https://www.card-gorilla.com/card/detail/2810,1099,카페,카페,EXACT,"스타벅스, 커피빈, 투썸플레이스 1만원 이상 결제 시 5% 캐시백"
https://www.card-gorilla.com/card/detail/2811,1100,할인,기타혜택,UNMAPPED_FALLBACK_기타혜택,"월납 요금 최대 15,000원 할인"
https://www.card-gorilla.com/card/detail/2814,1101,캐시백,기타혜택,UNMAPPED_FALLBACK_기타혜택,"결제하면 바로 받는 랜덤 캐시백
기간 : 2025.01.01~2025.12.31"
https://www.card-gorilla.com/card/detail/2817,1102,교통,기타혜택,UNMAPPED_FALLBACK_기타혜택,대중교통 요금 10% 할인
https://www.card-gorilla.com/card/detail/2817,1102,배달앱,배달앱,EXACT,배달앱 2% 할인
https://www.card-gorilla.com/card/detail/2817,1102,통신,통신,EXACT,이동통신 2% 할인
https://www.card-gorilla.com/card/detail/2817,1102,생활,생활,EXACT,커피·생활용품·편의점 2% 할인
https://www.card-gorilla.com/card/detail/2817,1102,영화,영화,EXACT,영화 2% 할인
https://www.card-gorilla.com/card/detail/2817,1102,디지털구독,디지털구독,EXACT,OTT 2% 할인
https://www.card-gorilla.com/card/detail/2817,1102,우리 K-패스 (COOKIE CHECK),기타혜택,UNMAPPED_FALLBACK_기타혜택,우리카드
https://www.card-gorilla.com/card/detail/2820,1103,국내외가맹점,모든가맹점,SYNONYM_APPLIED,국내외가맹점 0.8% 청구할인
https://www.card-gorilla.com/card/detail/2820,1103,간편결제,간편결제,EXACT,하나페이 결제 1.2% 청구할인
https://www.card-gorilla.com/card/detail/2820,1103,쇼핑,쇼핑,EXACT,쿠팡&슈퍼마켓 2% 청구할인
https://www.card-gorilla.com/card/detail/2820,1103,배달앱,배달앱,EXACT,"배달의민족, 요기요, 쿠팡이츠 4% 청구할인"
https://www.card-gorilla.com/card/detail/2820,1103,온라인쇼핑,온라인쇼핑,EXACT,"컬리, SSG.COM, 롯데ON, 더현대닷컴 4% 청구할인"
https://www.card-gorilla.com/card/detail/2820,1103,쇼핑,쇼핑,EXACT,"G마켓, 옥션, 11번가, 인터파크, 위메프, 티몬 4% 청구할인"
https://www.card-gorilla.com/card/detail/2820,1103,택시,택시,EXACT,"카카오T, UT, 택시업종 4% 청구할인"
https://www.card-gorilla.com/card/detail/2820,1103,무이자할부,기타혜택,UNMAPPED_FALLBACK_기타혜택,국내 5만원 이상 결제건 2~3개월 무이자 할부
https://www.card-gorilla.com/card/detail/2821,1104,국내외가맹점,모든가맹점,SYNONYM_APPLIED,국내외 결제 시 0.5% 할인
https://www.card-gorilla.com/card/detail/2821,1104,쇼핑,쇼핑,EXACT,쿠팡 2% 할인
https://www.card-gorilla.com/card/detail/2821,1104,백화점,백화점,EXACT,백화점 2% 할인
https://www.card-gorilla.com/card/detail/2821,1104,대형마트,대형마트,EXACT,마트 2% 할인
https://www.card-gorilla.com/card/detail/2821,1104,홈쇼핑,기타혜택,UNMAPPED_FALLBACK_기타혜택,홈쇼핑 2% 할인
https://www.card-gorilla.com/card/detail/2821,1104,SSM,기타혜택,UNMAPPED_FALLBACK_기타혜택,슈퍼마켓 2% 할인
https://www.card-gorilla.com/card/detail/2821,1104,편의점,편의점,EXACT,편의점 2% 할인
https://www.card-gorilla.com/card/detail/2821,1104,베이커리,기타혜택,UNMAPPED_FALLBACK_기타혜택,베이커리 2% 할인
https://www.card-gorilla.com/card/detail/2821,1104,간편결제,간편결제,EXACT,간편결제 5% 할인
https://www.card-gorilla.com/card/detail/2822,1105,렌탈,기타혜택,UNMAPPED_FALLBACK_기타혜택,쿠쿠 렌탈료 결제 시 결제일 할인
https://www.card-gorilla.com/card/detail/2822,1105,캐시백,기타혜택,UNMAPPED_FALLBACK_기타혜택,장기 할부 서비스 및 캐시백
https://www.card-gorilla.com/card/detail/2823,1106,적립,기타혜택,UNMAPPED_FALLBACK_기타혜택,[기본적립] 국내외 가맹점 0.5% 롯데멤버스 카드 L.POINT 적립
https://www.card-gorilla.com/card/detail/2823,1106,적립,기타혜택,UNMAPPED_FALLBACK_기타혜택,[특별적립] 롯데멤버스 브랜드 최대 5% '롯데멤버스 카드 L.POINT' 적립
https://www.card-gorilla.com/card/detail/2823,1106,적립,기타혜택,UNMAPPED_FALLBACK_기타혜택,[미리적립] 최대 20만 '롯데멤버스 카드 L.POINT' 미리적립 (선지급 포인트 서비스)
https://www.card-gorilla.com/card/detail/2824,1107,적립,기타혜택,UNMAPPED_FALLBACK_기타혜택,[기본적립] 국내외 가맹점 0.7% 롯데멤버스 카드 L.POINT 적립
https://www.card-gorilla.com/card/detail/2824,1107,적립,기타혜택,UNMAPPED_FALLBACK_기타혜택,[특별적립] 롯데멤버스 브랜드 최대 5% '롯데멤버스 카드 L.POINT' 적립
https://www.card-gorilla.com/card/detail/2824,1107,적립,기타혜택,UNMAPPED_FALLBACK_기타혜택,[미리적립] 최대 50만 '롯데멤버스 카드 L.POINT' 미리적립 (선지급 포인트 서비스)
https://www.card-gorilla.com/card/detail/2824,1107,바우처,기타혜택,UNMAPPED_FALLBACK_기타혜택,SPECIAL GIFT - 롯데상품권카드 5만원
https://www.card-gorilla.com/card/detail/2824,1107,프리미엄 서비스,기타혜택,UNMAPPED_FALLBACK_기타혜택,MasterCard Platinum Service
https://www.card-gorilla.com/card/detail/2825,1108,할인,기타혜택,UNMAPPED_FALLBACK_기타혜택,국내 가맹점 0.8% 할인
https://www.card-gorilla.com/card/detail/2825,1108,대중교통,대중교통,EXACT,후불 기후동행카드 서비스 이용 안내
https://www.card-gorilla.com/card/detail/2826,1109,할인,기타혜택,UNMAPPED_FALLBACK_기타혜택,생활 5% 캐시백 서비스
https://www.card-gorilla.com/card/detail/2826,1109,대중교통,대중교통,EXACT,후불 기후동행카드 서비스 이용 안내
https://www.card-gorilla.com/card/detail/2827,1110,주유,주유소,SYNONYM_APPLIED,GS칼텍스에서 주유 시 10% 결제일할인
https://www.card-gorilla.com/card/detail/2827,1110,통신,통신,EXACT,통신요금 정기결제 시 5% 결제일할인
https://www.card-gorilla.com/card/detail/2827,1110,편의점,편의점,EXACT,편의점 5% 결제일할인
https://www.card-gorilla.com/card/detail/2827,1110,온라인쇼핑,온라인쇼핑,EXACT,온라인쇼핑몰 5% 결제일할인
https://www.card-gorilla.com/card/detail/2827,1110,적립,기타혜택,UNMAPPED_FALLBACK_기타혜택,GS&POINT 적립 서비스
https://www.card-gorilla.com/card/detail/2828,1111,주유,주유소,SYNONYM_APPLIED,SK주유(충전)소에서 주유 시 10% 결제일할인
https://www.card-gorilla.com/card/detail/2828,1111,통신,통신,EXACT,통신요금 정기결제 시 5% 결제일할인
https://www.card-gorilla.com/card/detail/2828,1111,편의점,편의점,EXACT,편의점 5% 결제일할인
https://www.card-gorilla.com/card/detail/2828,1111,온라인쇼핑,온라인쇼핑,EXACT,온라인쇼핑몰 5% 결제일할인
https://www.card-gorilla.com/card/detail/2828,1111,정비,기타혜택,UNMAPPED_FALLBACK_기타혜택,차량 점검 서비스
https://www.card-gorilla.com/card/detail/2830,1112,생활,생활,EXACT,[일상 생활비 적립] 국내 건당 결제금액별 0.2~1% 포인트 적립
https://www.card-gorilla.com/card/detail/2830,1112,배달앱,배달앱,EXACT,[주말 배달앱 적립] 필수 생활비 - 주말 배달앱 적립
https://www.card-gorilla.com/card/detail/2830,1112,편의점,편의점,EXACT,[편의점 적립] 필수 생활비 - 편의점 적립
https://www.card-gorilla.com/card/detail/2831,1113,쇼핑,쇼핑,EXACT,알리익스프레스 국내 / 해외 배송상품 10% 결제일 할인 (전월실적 30만원 이상)
https://www.card-gorilla.com/card/detail/2831,1113,할인,기타혜택,UNMAPPED_FALLBACK_기타혜택,음식점·카페·배달앱 영역 통합 10% 결제일 할인 (전월실적 30만원 이상)
https://www.card-gorilla.com/card/detail/2831,1113,해외,기타혜택,UNMAPPED_FALLBACK_기타혜택,해외 이용 시 1% 마이신한포인트 적립
https://www.card-gorilla.com/card/detail/2832,1114,해외,기타혜택,UNMAPPED_FALLBACK_기타혜택,해외 혜택
https://www.card-gorilla.com/card/detail/2832,1114,할인,기타혜택,UNMAPPED_FALLBACK_기타혜택,국내 혜택
https://www.card-gorilla.com/card/detail/2832,1114,제주항공,기타혜택,UNMAPPED_FALLBACK_기타혜택,전용 혜택
https://www.card-gorilla.com/card/detail/2832,1114,기타,기타,EXACT,소득공제·부가기능
https://www.card-gorilla.com/card/detail/2835,1115,할인,기타혜택,UNMAPPED_FALLBACK_기타혜택,Time Plan 서비스 (전월실적 40만원 이상)
https://www.card-gorilla.com/card/detail/2835,1115,쇼핑,쇼핑,EXACT,[Daily Plan 서비스] 쇼핑 10% 결제일 할인 (전월실적 40만원 이상)
https://www.card-gorilla.com/card/detail/2835,1115,교통,기타혜택,UNMAPPED_FALLBACK_기타혜택,[Daily Plan 서비스] 이동 5% 결제일 할인 (전월실적 40만원 이상)
https://www.card-gorilla.com/card/detail/2835,1115,생활,생활,EXACT,[Daily Plan 서비스] 생활 5% 결제일 할인 (전월실적 40만원 이상)
https://www.card-gorilla.com/card/detail/2835,1115,할인,기타혜택,UNMAPPED_FALLBACK_기타혜택,"[Plan Day 서비스] 매월 1일 Time Plan, Daily Plan 서비스 2배 할인"
https://www.card-gorilla.com/card/detail/2835,1115,할인,기타혜택,UNMAPPED_FALLBACK_기타혜택,[Monthly Plan 서비스] 정기결제(공과금/디지털구독·멤버십/피트니스) 최대 20% 할인 (전월실적 40만원 이상)
https://www.card-gorilla.com/card/detail/2835,1115,영화,영화,EXACT,[Monthly Plan 서비스] 영화 예매 5천원 결제일 할인 (전월실적 40만원 이상)
https://www.card-gorilla.com/card/detail/2835,1115,캐시백,기타혜택,UNMAPPED_FALLBACK_기타혜택,[Annual Plan 서비스] 장보기 3만원 캐시백 (연 1회)
https://www.card-gorilla.com/card/detail/2835,1261,할인,기타혜택,UNMAPPED_FALLBACK_기타혜택,[Annual Plan 서비스] 스피드메이트 정비 현장 할인·테마파크 할인 (전월실적 30만원 이상)
https://www.card-gorilla.com/card/detail/2836,1116,할인,기타혜택,UNMAPPED_FALLBACK_기타혜택,Time Plan 서비스
https://www.card-gorilla.com/card/detail/2836,1116,쇼핑,쇼핑,EXACT,[Daily Plan 서비스] 쇼핑 10% 결제일 할인
https://www.card-gorilla.com/card/detail/2836,1116,교통,기타혜택,UNMAPPED_FALLBACK_기타혜택,[Daily Plan 서비스] 이동 5% 결제일 할인
https://www.card-gorilla.com/card/detail/2836,1116,생활,생활,EXACT,[Daily Plan 서비스] 생활 5% 결제일 할인
https://www.card-gorilla.com/card/detail/2836,1116,할인,기타혜택,UNMAPPED_FALLBACK_기타혜택,"[Plan Day 서비스] 매월 1일 Time Plan, Daily Plan 서비스 2배 할인"
https://www.card-gorilla.com/card/detail/2836,1116,할인,기타혜택,UNMAPPED_FALLBACK_기타혜택,[Monthly Plan 서비스] 정기결제(공과금/디지털구독·멤버십) 최대 20% 결제일 할인
https://www.card-gorilla.com/card/detail/2836,1116,영화,영화,EXACT,[Monthly Plan 서비스] 영화 예매 5천원 결제일 할인
https://www.card-gorilla.com/card/detail/2836,1116,할인,기타혜택,UNMAPPED_FALLBACK_기타혜택,[Annual Plan 서비스] 스피트메이트 정비 현장 할인
https://www.card-gorilla.com/card/detail/2837,1117,할인,기타혜택,UNMAPPED_FALLBACK_기타혜택,국내 가맹점 1% 할인
https://www.card-gorilla.com/card/detail/2837,1117,해외,기타혜택,UNMAPPED_FALLBACK_기타혜택,해외 가맹점 2% 할인
https://www.card-gorilla.com/card/detail/2837,1117,할인,기타혜택,UNMAPPED_FALLBACK_기타혜택,"쇼핑 멤버십 50%, OTT 10%, 이동통신 5% 할인(자동납부 할인)"
https://www.card-gorilla.com/card/detail/2837,1117,적립,기타혜택,UNMAPPED_FALLBACK_기타혜택,분기 보너스 적립 (연 최대 4만점)
https://www.card-gorilla.com/card/detail/2840,1118,주유소,주유소,EXACT,주유 리터당 80원~120원 캐시백
https://www.card-gorilla.com/card/detail/2840,1118,정비,기타혜택,UNMAPPED_FALLBACK_기타혜택,자동차 정비 가맹점 캐시백
https://www.card-gorilla.com/card/detail/2840,1118,카페,카페,EXACT,커피 20대 브랜드 10% 캐시백
https://www.card-gorilla.com/card/detail/2840,1118,영화,영화,EXACT,영화 가맹점 10% 캐시백
https://www.card-gorilla.com/card/detail/2840,1118,디지털구독,디지털구독,EXACT,OTT 가맹점 10% 캐시백
https://www.card-gorilla.com/card/detail/2841,1119,학원,교육육아,SYNONYM_APPLIED,학원 업종 가맹점 20% 캐시백
https://www.card-gorilla.com/card/detail/2841,1119,학습지,기타혜택,UNMAPPED_FALLBACK_기타혜택,학습지 12대 브랜드 20% 캐시백
https://www.card-gorilla.com/card/detail/2841,1119,도서,기타혜택,UNMAPPED_FALLBACK_기타혜택,"대형서점, 온라인서점, 전자북 10% 캐시백"
https://www.card-gorilla.com/card/detail/2841,1119,캐시백,기타혜택,UNMAPPED_FALLBACK_기타혜택,온라인교육·EBS 교재 10% 캐시백
https://www.card-gorilla.com/card/detail/2841,1119,카페,카페,EXACT,커피 20대 브랜드 10% 캐시백
https://www.card-gorilla.com/card/detail/2841,1119,OTT/영화/문화,기타혜택,UNMAPPED_FALLBACK_기타혜택,"영화, OTT 가맹점 10% 캐시백"
https://www.card-gorilla.com/card/detail/2842,1120,할인,기타혜택,UNMAPPED_FALLBACK_기타혜택,[기본 혜택] 전월 이용 금액 50만원 이상 시 국내외 가맹점 1% 청구 할인
https://www.card-gorilla.com/card/detail/2842,1120,할인,기타혜택,UNMAPPED_FALLBACK_기타혜택,"[추가 혜택] 전월 이용 금액 100만원 이상 시 뷰티/생활/패션, 배달앱, 편의점 5% 청구 할인"
https://www.card-gorilla.com/card/detail/2842,1120,적립,기타혜택,UNMAPPED_FALLBACK_기타혜택,X 긴급할인(선지급 포인트 서비스)
https://www.card-gorilla.com/card/detail/2842,1120,프리미엄 서비스,기타혜택,UNMAPPED_FALLBACK_기타혜택,메탈 플레이트 제공
https://www.card-gorilla.com/card/detail/2843,1121,할인,기타혜택,UNMAPPED_FALLBACK_기타혜택,[기본 혜택] 전월 이용 금액 50만원 이상 시 국내외 가맹점 1% 청구 할인
https://www.card-gorilla.com/card/detail/2843,1121,할인,기타혜택,UNMAPPED_FALLBACK_기타혜택,"[추가 혜택] 전월 이용 금액 100만원 이상 시 온라인몰, 교육, 병원 5% 청구 할인"
https://www.card-gorilla.com/card/detail/2843,1121,적립,기타혜택,UNMAPPED_FALLBACK_기타혜택,X 긴급할인(선지급 포인트 서비스)
https://www.card-gorilla.com/card/detail/2843,1121,프리미엄 서비스,기타혜택,UNMAPPED_FALLBACK_기타혜택,메탈 플레이트 제공
https://www.card-gorilla.com/card/detail/2844,1122,할인,기타혜택,UNMAPPED_FALLBACK_기타혜택,[기본 혜택] 실적·한도 제한 없이 국내외 가맹점 0.8% 청구 할인
https://www.card-gorilla.com/card/detail/2844,1122,할인,기타혜택,UNMAPPED_FALLBACK_기타혜택,"[추가 혜택] 온라인몰, 대형마트, 교육, 주유, 이동통신 요금 10만원 이상 결제 시 1.6% 청구 할인"
https://www.card-gorilla.com/card/detail/2844,1122,할인,기타혜택,UNMAPPED_FALLBACK_기타혜택,X 긴급할인(선지급 포인트 서비스)
https://www.card-gorilla.com/card/detail/2844,1122,프리미엄 서비스,기타혜택,UNMAPPED_FALLBACK_기타혜택,메탈 플레이트 제공
https://www.card-gorilla.com/card/detail/2845,1123,간편결제,간편결제,EXACT,KB Pay 10% 할인
https://www.card-gorilla.com/card/detail/2845,1123,푸드,기타혜택,UNMAPPED_FALLBACK_기타혜택,"음식점, 편의점 10% 할인"
https://www.card-gorilla.com/card/detail/2845,1123,통신,통신,EXACT,이동통신요금 10% 할인
https://www.card-gorilla.com/card/detail/2845,1123,디지털구독,디지털구독,EXACT,OTT 30% 할인
https://www.card-gorilla.com/card/detail/2845,1123,할인,기타혜택,UNMAPPED_FALLBACK_기타혜택,"병원, 약국, 스포츠 5% 할인"
https://www.card-gorilla.com/card/detail/2845,1123,할인,기타혜택,UNMAPPED_FALLBACK_기타혜택,"온라인쇼핑, 주유, 커피 5% 할인"
https://www.card-gorilla.com/card/detail/2845,1123,자동차,기타혜택,UNMAPPED_FALLBACK_기타혜택,"주차장, 세차장 10% 할인"
https://www.card-gorilla.com/card/detail/2845,1123,기타,기타,EXACT,쿠폰 서비스 (2종 중 택1)
https://www.card-gorilla.com/card/detail/2845,1123,프리미엄,기타혜택,UNMAPPED_FALLBACK_기타혜택,Mastercard 서비스
https://www.card-gorilla.com/card/detail/2847,1124,해외이용,기타혜택,UNMAPPED_FALLBACK_기타혜택,해외 이용금액 현지통화 결제 서비스
https://www.card-gorilla.com/card/detail/2847,1124,해외이용,기타혜택,UNMAPPED_FALLBACK_기타혜택,[해외 이용 서비스] 국제 브랜드 수수료(1%) / 해외 서비스 수수료(0.2%) 면제
https://www.card-gorilla.com/card/detail/2847,1124,해외이용,기타혜택,UNMAPPED_FALLBACK_기타혜택,[해외 이용 서비스] 해외 ATM 이용 인출 수수료(건당 ) 및 국제 브랜드 수수료(1%) 면제
https://www.card-gorilla.com/card/detail/2847,1124,해외이용,기타혜택,UNMAPPED_FALLBACK_기타혜택,[해외 이용 서비스] 해외 대중교통 컨택리스 방식으로 이용 시 1% 결제일 할인
https://www.card-gorilla.com/card/detail/2847,1124,해외,기타혜택,UNMAPPED_FALLBACK_기타혜택,[일본 여행 서비스] 돈키호테/스타벅스 50% 할인
https://www.card-gorilla.com/card/detail/2847,1124,편의점,편의점,EXACT,[국내 이용 서비스] 국내 4대 편의점 5% 결제일 할인
https://www.card-gorilla.com/card/detail/2847,1124,대중교통,대중교통,EXACT,[국내 이용 서비스] 국내 대중교통 1% 결제일 할인
https://www.card-gorilla.com/card/detail/2848,1125,국내외가맹점,모든가맹점,SYNONYM_APPLIED,국내외 가맹점 1.2% 청구할인
https://www.card-gorilla.com/card/detail/2848,1125,할인,기타혜택,UNMAPPED_FALLBACK_기타혜택,"분기별 이용 실적에 따라 최대 15,000원 청구할인"
https://www.card-gorilla.com/card/detail/2851,1126,할인,기타혜택,UNMAPPED_FALLBACK_기타혜택,7대 생활영역 10% 청구할인
https://www.card-gorilla.com/card/detail/2852,1127,APP,기타혜택,UNMAPPED_FALLBACK_기타혜택,[공통] KB Pay 오프라인 결제 2% 할인
https://www.card-gorilla.com/card/detail/2852,1127,편의점,편의점,EXACT,"[공통] CU, 세븐일레븐 5% 할인"
https://www.card-gorilla.com/card/detail/2852,1127,쇼핑,쇼핑,EXACT,"[공통] 다이소, 올리브영, KB Pay 쇼핑 5% 할인"
https://www.card-gorilla.com/card/detail/2852,1127,할인,기타혜택,UNMAPPED_FALLBACK_기타혜택,[공통] 독서실 업종 5% 할인
https://www.card-gorilla.com/card/detail/2852,1127,도서,기타혜택,UNMAPPED_FALLBACK_기타혜택,"[공통] 서점 업종, 문구점 업종 5% 할인"
https://www.card-gorilla.com/card/detail/2852,1127,게임,기타혜택,UNMAPPED_FALLBACK_기타혜택,[놀이2-3구간] PC방 5% 할인
https://www.card-gorilla.com/card/detail/2852,1127,할인,기타혜택,UNMAPPED_FALLBACK_기타혜택,"[놀이2-3구간] 구글 플레이스토어, 애플 앱스토어 5% 할인"
https://www.card-gorilla.com/card/detail/2852,1127,패밀리레스토랑,기타혜택,UNMAPPED_FALLBACK_기타혜택,[외식 3구간] 패밀리레스토랑 업종 10% 할인
https://www.card-gorilla.com/card/detail/2853,1128,적립,기타혜택,UNMAPPED_FALLBACK_기타혜택,국내외 가맹점 0.5% KTX 마일리지 포인트 적립
https://www.card-gorilla.com/card/detail/2853,1128,적립,기타혜택,UNMAPPED_FALLBACK_기타혜택,한국철도공사 5% KTX 마일리지 포인트 추가 적립
https://www.card-gorilla.com/card/detail/2853,1128,적립,기타혜택,UNMAPPED_FALLBACK_기타혜택,생활 필수 영역 0.5% KTX 마일리지 포인트 추가 적립
https://www.card-gorilla.com/card/detail/2853,1128,기타,기타,EXACT,특수 소재 카드
https://www.card-gorilla.com/card/detail/2855,1129,해외이용,기타혜택,UNMAPPED_FALLBACK_기타혜택,해외 이용 적립 서비스 (전월실적 30만원 이상)
https://www.card-gorilla.com/card/detail/2855,1129,해외이용,기타혜택,UNMAPPED_FALLBACK_기타혜택,일본 이용 추가 적립 서비스 (전월실적 30만원 이상)
https://www.card-gorilla.com/card/detail/2855,1129,적립,기타혜택,UNMAPPED_FALLBACK_기타혜택,국내 이용 적립 서비스 (전월실적 30만원 이상)
https://www.card-gorilla.com/card/detail/2855,1129,리조트,기타혜택,UNMAPPED_FALLBACK_기타혜택,Hoshino Resort 서비스
https://www.card-gorilla.com/card/detail/2856,1130,적립,기타혜택,UNMAPPED_FALLBACK_기타혜택,[기본] 국내 가맹점 0.2 ~ 0.5% 적립
https://www.card-gorilla.com/card/detail/2856,1130,생활,생활,EXACT,[Life 영역] 0.4% ~ 1% 적립
https://www.card-gorilla.com/card/detail/2856,1130,기타,기타,EXACT,[Biz 1. 영역] 제약/의료기기 0.4 ~ 1% 적립
https://www.card-gorilla.com/card/detail/2856,1130,보험사,기타혜택,UNMAPPED_FALLBACK_기타혜택,[Biz 2. 영역] 4대 보험 10% 적립
https://www.card-gorilla.com/card/detail/2856,1130,해외이용,기타혜택,UNMAPPED_FALLBACK_기타혜택,[해외이용] 해외 가맹점 1.4% 적립
https://www.card-gorilla.com/card/detail/2857,1131,기타,기타,EXACT,계좌가 없어도 간편 발급
https://www.card-gorilla.com/card/detail/2857,1131,대중교통,대중교통,EXACT,충전식(티머니) 교통카드 기능
https://www.card-gorilla.com/card/detail/2858,1132,선택형,기타혜택,UNMAPPED_FALLBACK_기타혜택,카드 디자인
https://www.card-gorilla.com/card/detail/2858,1132,캐시백,기타혜택,UNMAPPED_FALLBACK_기타혜택,'카드 쓰면 1% 캐시백' 서비스
https://www.card-gorilla.com/card/detail/2858,1132,캐시백,기타혜택,UNMAPPED_FALLBACK_기타혜택,‘카드값 바로내면 1% 캐시백’ 서비스
https://www.card-gorilla.com/card/detail/2859,1133,전통시장,기타혜택,UNMAPPED_FALLBACK_기타혜택,전통시장가맹점 이용 5~10% 청구할인
https://www.card-gorilla.com/card/detail/2859,1133,할인,기타혜택,UNMAPPED_FALLBACK_기타혜택,온누리상품권 차감 이용 5~10% 환급할인
https://www.card-gorilla.com/card/detail/2859,1133,쇼핑,쇼핑,EXACT,KB Pay 쇼핑 이용 5~10% 청구할인
https://www.card-gorilla.com/card/detail/2861,1134,적립,기타혜택,UNMAPPED_FALLBACK_기타혜택,트래블 포인트 적립서비스
https://www.card-gorilla.com/card/detail/2861,1134,수수료우대,기타혜택,UNMAPPED_FALLBACK_기타혜택,해외 이용 수수료 면제 서비스
https://www.card-gorilla.com/card/detail/2861,1134,기타,기타,EXACT,L.POINT
https://www.card-gorilla.com/card/detail/2862,1135,간편결제,간편결제,EXACT,간편결제 10% 청구할인
https://www.card-gorilla.com/card/detail/2862,1135,디지털구독,디지털구독,EXACT,영상 스트리밍 50% 청구할인
https://www.card-gorilla.com/card/detail/2862,1135,디지털구독,디지털구독,EXACT,디지털 멤버십 50% 청구할인
https://www.card-gorilla.com/card/detail/2863,1136,적립,기타혜택,UNMAPPED_FALLBACK_기타혜택,"[기본적립] 국내 1%, 해외 1.2% 트래블마일 적립"
https://www.card-gorilla.com/card/detail/2863,1136,여행/숙박,기타혜택,UNMAPPED_FALLBACK_기타혜택,"[특별적립] 항공권 2%, 호텔/렌터카 3% 트래블마일 적립"
https://www.card-gorilla.com/card/detail/2863,1136,적립,기타혜택,UNMAPPED_FALLBACK_기타혜택,"트래블마일 15,000마일 보너스 적립
(연 1회, 1년차 300만원 / 2년차 이후 1,200만원 이상 사용 시)"
https://www.card-gorilla.com/card/detail/2864,1137,적립,기타혜택,UNMAPPED_FALLBACK_기타혜택,"[기본적립] 국내 1.2%, 해외 1.5% 트래블마일 적립"
https://www.card-gorilla.com/card/detail/2864,1137,여행/숙박,기타혜택,UNMAPPED_FALLBACK_기타혜택,"[특별적립] 항공권 3%, 호텔/렌터카 5% 트래블마일 적립"
https://www.card-gorilla.com/card/detail/2864,1137,적립,기타혜택,UNMAPPED_FALLBACK_기타혜택,"트래블마일 70,000마일 보너스 적립
(연 1회, 1년차 600만원 / 2년차 이후 2,400만원 이상 사용 시)"
https://www.card-gorilla.com/card/detail/2864,1137,공항라운지,공항라운지,EXACT,공항라운지 무료 이용 서비스 (AMEX 브랜드 카드 발급 시 제공)
https://www.card-gorilla.com/card/detail/2865,1138,적립,기타혜택,UNMAPPED_FALLBACK_기타혜택,신세계백화점 하나머니 적립
https://www.card-gorilla.com/card/detail/2865,1138,적립,기타혜택,UNMAPPED_FALLBACK_기타혜택,"국내/외, 항공, 여행 가맹점 하나머니 적립"
https://www.card-gorilla.com/card/detail/2865,1138,공항라운지,공항라운지,EXACT,"전세계 공항 라운지 무료 이용 (본인 연 2회, 월 1회)"
https://www.card-gorilla.com/card/detail/2865,1138,수수료우대,기타혜택,UNMAPPED_FALLBACK_기타혜택,해외 이용수수료 면제 서비스 (외화 하나머니 결제 시)
https://www.card-gorilla.com/card/detail/2867,1139,백화점,백화점,EXACT,[갤러리아 기본 서비스] 갤러리아 백화점 5% 현장할인
https://www.card-gorilla.com/card/detail/2867,1139,문화센터,기타혜택,UNMAPPED_FALLBACK_기타혜택,[갤러리아 기본 서비스] 갤러리아 백화점 문화센터 5% 현장할인
https://www.card-gorilla.com/card/detail/2867,1139,기타,기타,EXACT,[갤러리아 기본 서비스] 갤러리아 G포인트 서비스
https://www.card-gorilla.com/card/detail/2867,1139,백화점,백화점,EXACT,[갤러리아 특별 서비스] 갤러리아 백화점 / 갤러리아몰 5~7% 청구할인
https://www.card-gorilla.com/card/detail/2867,1139,무이자할부,기타혜택,UNMAPPED_FALLBACK_기타혜택,[갤러리아 특별 서비스] 갤러리아 백화점 최대 6개월 무이자할부
https://www.card-gorilla.com/card/detail/2867,1139,기타,기타,EXACT,[갤러리아 특별 서비스] 갤러리아 백화점 24/36개월 장기할부
https://www.card-gorilla.com/card/detail/2867,1139,생활,생활,EXACT,[생활 서비스] 생활 영역 3% 청구할인
https://www.card-gorilla.com/card/detail/2867,1139,국내외가맹점,모든가맹점,SYNONYM_APPLIED,[생활 서비스] 국내외 가맹점 1% 청구할인
https://www.card-gorilla.com/card/detail/2868,1140,전통시장,기타혜택,UNMAPPED_FALLBACK_기타혜택,전통시장가맹점 이용 5% 환급할인
https://www.card-gorilla.com/card/detail/2868,1140,할인,기타혜택,UNMAPPED_FALLBACK_기타혜택,온누리상품권 차감 이용 5% 환급할인
https://www.card-gorilla.com/card/detail/2868,1140,쇼핑,쇼핑,EXACT,KB Pay 쇼핑 이용 5% 환급할인
https://www.card-gorilla.com/card/detail/2869,1141,충전소,기타혜택,UNMAPPED_FALLBACK_기타혜택,E1 충전소 10% 청구할인
https://www.card-gorilla.com/card/detail/2869,1141,편의점,편의점,EXACT,편의점 업종 10% 청구할인
https://www.card-gorilla.com/card/detail/2869,1141,카페,카페,EXACT,커피 업종 10% 청구할인
https://www.card-gorilla.com/card/detail/2870,1142,렌터카,기타혜택,UNMAPPED_FALLBACK_기타혜택,넥센타이어 렌탈 할인
https://www.card-gorilla.com/card/detail/2872,1143,SSM,기타혜택,UNMAPPED_FALLBACK_기타혜택,GS리테일에서 결제 시 GS ALL 포인트 최대 10% 특별 적립
https://www.card-gorilla.com/card/detail/2872,1143,간편결제,간편결제,EXACT,GS Pay 결제 시 GS ALL 포인트 2% 추가 적립
https://www.card-gorilla.com/card/detail/2872,1143,국내외가맹점,모든가맹점,SYNONYM_APPLIED,그 외 국내외 가맹점 이용 시 GS ALL 포인트 0.1% 기본 적립
https://www.card-gorilla.com/card/detail/2873,1144,쇼핑,쇼핑,EXACT,[스타필드] 스타필드 이용금액 10% 결제일 할인
https://www.card-gorilla.com/card/detail/2873,1144,백화점,백화점,EXACT,[신세계 계열사] 신세계백화점 5% 결제일 할인
https://www.card-gorilla.com/card/detail/2873,1144,마트/편의점,기타혜택,UNMAPPED_FALLBACK_기타혜택,"[신세계 계열사] 할인점, 편의점 5% 결제일 할인"
https://www.card-gorilla.com/card/detail/2873,1144,온라인쇼핑,온라인쇼핑,EXACT,[신세계 계열사] 온라인쇼핑 5% 결제일 할인
https://www.card-gorilla.com/card/detail/2873,1144,카페,카페,EXACT,[신세계 계열사] 스타벅스 5% 결제일 할인
https://www.card-gorilla.com/card/detail/2873,1144,생활,생활,EXACT,[신세계 계열사] 까사미아 5% 결제일 할인
https://www.card-gorilla.com/card/detail/2873,1144,동물병원,기타혜택,UNMAPPED_FALLBACK_기타혜택,[라이프] 동물병원 5% 결제일 할인
https://www.card-gorilla.com/card/detail/2873,1144,배달앱,배달앱,EXACT,[라이프] 배달앱 5% 결제일 할인
https://www.card-gorilla.com/card/detail/2873,1144,영화,영화,EXACT,[라이프] 영화관 5% 결제일 할인
https://www.card-gorilla.com/card/detail/2873,1144,화장품,기타혜택,UNMAPPED_FALLBACK_기타혜택,[라이프] 올리브영 5% 결제일 할인
https://www.card-gorilla.com/card/detail/2873,1144,레저/스포츠,기타혜택,UNMAPPED_FALLBACK_기타혜택,[라이프] 스몹 5% 결제일 할인
https://www.card-gorilla.com/card/detail/2875,1145,할인,기타혜택,UNMAPPED_FALLBACK_기타혜택,"전월 이용금액에 따라 3,000원 ~ 9,000원 할인"
https://www.card-gorilla.com/card/detail/2875,1145,보험사,기타혜택,UNMAPPED_FALLBACK_기타혜택,"보험 10,000원 할인"
https://www.card-gorilla.com/card/detail/2875,1145,공과금,기타혜택,UNMAPPED_FALLBACK_기타혜택,아파트 관리비·4대 사회보험 5% 할인
https://www.card-gorilla.com/card/detail/2875,1145,통신,통신,EXACT,이동통신 5% 할인
https://www.card-gorilla.com/card/detail/2875,1145,병원/약국,병원약국,SYNONYM_APPLIED,의료 5% 할인
https://www.card-gorilla.com/card/detail/2875,1145,정비,기타혜택,UNMAPPED_FALLBACK_기타혜택,차량 점검 서비스
https://www.card-gorilla.com/card/detail/2876,1146,국내외가맹점,모든가맹점,SYNONYM_APPLIED,국내외 전 가맹점 0.5% 청구할인
https://www.card-gorilla.com/card/detail/2876,1146,무이자할부,기타혜택,UNMAPPED_FALLBACK_기타혜택,무이자 할부 혜택
https://www.card-gorilla.com/card/detail/2876,1146,대중교통,대중교통,EXACT,대중교통 5% 청구할인
https://www.card-gorilla.com/card/detail/2876,1146,마트/편의점,기타혜택,UNMAPPED_FALLBACK_기타혜택,"편의점, 슈퍼마켓 5% 청구할인"
https://www.card-gorilla.com/card/detail/2876,1146,주유,주유소,SYNONYM_APPLIED,주유 5% 청구할인
https://www.card-gorilla.com/card/detail/2876,1146,공과금,기타혜택,UNMAPPED_FALLBACK_기타혜택,생활요금(자동납부) 5% 청구할인
https://www.card-gorilla.com/card/detail/2877,1147,바우처,기타혜택,UNMAPPED_FALLBACK_기타혜택,프리미엄 바우처 제공
https://www.card-gorilla.com/card/detail/2877,1147,해외,기타혜택,UNMAPPED_FALLBACK_기타혜택,해외여행 10% 청구할인
https://www.card-gorilla.com/card/detail/2877,1147,쇼핑,쇼핑,EXACT,쇼핑 10% 청구할인
https://www.card-gorilla.com/card/detail/2877,1147,골프,골프,EXACT,골프 10% 청구할인
https://www.card-gorilla.com/card/detail/2877,1147,카페,카페,EXACT,커피 50% 청구할인
https://www.card-gorilla.com/card/detail/2877,1147,택시,택시,EXACT,택시 50% 청구할인
https://www.card-gorilla.com/card/detail/2877,1147,공항라운지,공항라운지,EXACT,전세계 공항라운지 무료이용 (연 3회)
https://www.card-gorilla.com/card/detail/2878,1148,할인,기타혜택,UNMAPPED_FALLBACK_기타혜택,"[기본 혜택] 전월 이용 금액 40만원 이상 시 일반음식점, 배달 앱 10% 청구 할인"
https://www.card-gorilla.com/card/detail/2878,1148,할인,기타혜택,UNMAPPED_FALLBACK_기타혜택,"[추가 혜택] 전월 이용 금액 40만원 이상 시 커피전문점, 편의점, 대중교통 5% 청구 할인"
https://www.card-gorilla.com/card/detail/2878,1148,프리미엄 서비스,기타혜택,UNMAPPED_FALLBACK_기타혜택,메탈 플레이트 제공
https://www.card-gorilla.com/card/detail/2879,1149,할인,기타혜택,UNMAPPED_FALLBACK_기타혜택,"[기본 혜택] 전월 이용 금액 40만원 이상 시 교육, 병원 10% 청구 할인"
https://www.card-gorilla.com/card/detail/2879,1149,할인,기타혜택,UNMAPPED_FALLBACK_기타혜택,"[추가 혜택] 전월 이용 금액 40만원 이상 시 이동통신 요금, 아파트 관리비, 도시가스 요금 정기결제 5% 청구 할인"
https://www.card-gorilla.com/card/detail/2879,1149,프리미엄 서비스,기타혜택,UNMAPPED_FALLBACK_기타혜택,메탈 플레이트 제공
https://www.card-gorilla.com/card/detail/2880,1150,할인,기타혜택,UNMAPPED_FALLBACK_기타혜택,"[기본 혜택] 전월 이용 금액 40만원 이상 시 주유소, 충전소, 차량 정비소, 세차장 10% 청구 할인"
https://www.card-gorilla.com/card/detail/2880,1150,할인,기타혜택,UNMAPPED_FALLBACK_기타혜택,"[추가 혜택] 전월 이용 금액 40만원 이상 시 이동통신 요금, 아파트 관리비, 도시가스 요금 정기결제 5% 청구 할인"
https://www.card-gorilla.com/card/detail/2880,1150,프리미엄 서비스,기타혜택,UNMAPPED_FALLBACK_기타혜택,메탈 플레이트 제공
https://www.card-gorilla.com/card/detail/2881,1151,할인,기타혜택,UNMAPPED_FALLBACK_기타혜택,"[기본 혜택] 전월 이용 금액 40만원 이상 시 온라인몰, 대형마트, 슈퍼마켓, 백화점, 프리미엄 아울렛 10% 청구 할인"
https://www.card-gorilla.com/card/detail/2881,1151,할인,기타혜택,UNMAPPED_FALLBACK_기타혜택,"[추가 혜택] 전월 이용 금액 40만원 이상 시 커피전문점, 편의점, 대중교통 5% 청구 할인"
https://www.card-gorilla.com/card/detail/2881,1151,프리미엄 서비스,기타혜택,UNMAPPED_FALLBACK_기타혜택,메탈 플레이트 제공
https://www.card-gorilla.com/card/detail/2882,1152,할인,기타혜택,UNMAPPED_FALLBACK_기타혜택,[기본 혜택] 실적·한도 제한 없이 국내 가맹점 0.7% 청구 할인
https://www.card-gorilla.com/card/detail/2882,1152,해외이용,기타혜택,UNMAPPED_FALLBACK_기타혜택,[추가 혜택] 실적·한도 제한 없이 해외 온·오프라인 가맹점 2% 청구 할인
https://www.card-gorilla.com/card/detail/2882,1152,수수료우대,기타혜택,UNMAPPED_FALLBACK_기타혜택,[우대 서비스] 해외 온·오프라인 가맹점 국제브랜드 수수료 및 해외서비스 수수료 100% 청구 할인
https://www.card-gorilla.com/card/detail/2882,1152,프리미엄 서비스,기타혜택,UNMAPPED_FALLBACK_기타혜택,메탈 플레이트 제공
https://www.card-gorilla.com/card/detail/2883,1153,할인,기타혜택,UNMAPPED_FALLBACK_기타혜택,[기본 혜택] 전월 이용 금액 50만원 이상 시 9개 영역 5% 청구 할인
https://www.card-gorilla.com/card/detail/2883,1153,할인,기타혜택,UNMAPPED_FALLBACK_기타혜택,"[추가 혜택] 전월 이용 금액 50만원 이상 시 일반음식점, 주유, 대형마트
주말(토·일요일) 10% 청구 할인"
https://www.card-gorilla.com/card/detail/2883,1153,프리미엄 서비스,기타혜택,UNMAPPED_FALLBACK_기타혜택,메탈 플레이트 제공
https://www.card-gorilla.com/card/detail/2884,1154,배달앱,배달앱,EXACT,[배민 할인] 배달의민족 이용금액 5% 결제일 할인
https://www.card-gorilla.com/card/detail/2884,1154,국내외가맹점,모든가맹점,SYNONYM_APPLIED,[배민 외 가맹점 할인] 국내 · 외 가맹점 이용금액 1% 결제일 할인
https://www.card-gorilla.com/card/detail/2885,1155,선택형,기타혜택,UNMAPPED_FALLBACK_기타혜택,[SELECT 1] 선택 옵션에 따른 할인 혜택 제공 (택 1)
https://www.card-gorilla.com/card/detail/2885,1155,할인,기타혜택,UNMAPPED_FALLBACK_기타혜택,[SELECT 1] 국내 가맹점 0.7% 할인
https://www.card-gorilla.com/card/detail/2885,1155,할인,기타혜택,UNMAPPED_FALLBACK_기타혜택,[SELECT 1] 아파트 관리비/통신 10% 할인
https://www.card-gorilla.com/card/detail/2885,1155,할인,기타혜택,UNMAPPED_FALLBACK_기타혜택,[SELECT 1] 교육 10% 할인
https://www.card-gorilla.com/card/detail/2885,1155,선택형,기타혜택,UNMAPPED_FALLBACK_기타혜택,[SELECT 2] 선택 옵션에 따른 할인 혜택 제공 (택 1)
https://www.card-gorilla.com/card/detail/2885,1155,할인,기타혜택,UNMAPPED_FALLBACK_기타혜택,[SELECT 2] 온라인쇼핑몰/의료/배달앱 7% 할인
https://www.card-gorilla.com/card/detail/2885,1155,할인,기타혜택,UNMAPPED_FALLBACK_기타혜택,[SELECT 2] 음식점/편의점/할인점/주유 7% 할인
https://www.card-gorilla.com/card/detail/2885,1155,생활,생활,EXACT,[기본] 생활 편의 영역 5% 할인
https://www.card-gorilla.com/card/detail/2885,1155,디지털구독,디지털구독,EXACT,[기본] 디지털콘텐츠 멤버십 50% 할인
https://www.card-gorilla.com/card/detail/2885,1155,해외,기타혜택,UNMAPPED_FALLBACK_기타혜택,[기본] 해외 2% 할인
https://www.card-gorilla.com/card/detail/2886,1156,선택형,기타혜택,UNMAPPED_FALLBACK_기타혜택,"[SELECT] 선택 옵션에 따른 할인 혜택 제공 (택 1)
음식점, 온라인몰(패션/쇼핑), 온라인 간편결제"
https://www.card-gorilla.com/card/detail/2886,1156,일반음식점,기타혜택,UNMAPPED_FALLBACK_기타혜택,[SELECT] 금/토/일엔 외식 2배 할인
https://www.card-gorilla.com/card/detail/2886,1156,쇼핑,쇼핑,EXACT,[SELECT] 금/토/일엔 쇼핑 2배 할인
https://www.card-gorilla.com/card/detail/2886,1156,간편결제,간편결제,EXACT,[SELECT] 온라인 간편결제 1% 할인
https://www.card-gorilla.com/card/detail/2886,1156,생활,생활,EXACT,생활 편의 영역 5% 할인
https://www.card-gorilla.com/card/detail/2886,1156,디지털구독,디지털구독,EXACT,인앱 결제/디지털콘텐츠 50 % 할인
https://www.card-gorilla.com/card/detail/2886,1156,해외,기타혜택,UNMAPPED_FALLBACK_기타혜택,해외 2% 할인
https://www.card-gorilla.com/card/detail/2887,1157,도서,기타혜택,UNMAPPED_FALLBACK_기타혜택,스터디 적립 서비스
https://www.card-gorilla.com/card/detail/2887,1157,푸드,기타혜택,UNMAPPED_FALLBACK_기타혜택,오늘도 적립 서비스
https://www.card-gorilla.com/card/detail/2887,1157,쇼핑,쇼핑,EXACT,일상 속 적립 서비스
https://www.card-gorilla.com/card/detail/2888,1158,대한항공,대한항공,EXACT,DIGILOCA SKYPASS 마일리지 적립서비스
https://www.card-gorilla.com/card/detail/2889,1159,도서,기타혜택,UNMAPPED_FALLBACK_기타혜택,스터디 적립 서비스
https://www.card-gorilla.com/card/detail/2889,1159,푸드,기타혜택,UNMAPPED_FALLBACK_기타혜택,오늘도 적립 서비스
https://www.card-gorilla.com/card/detail/2889,1159,쇼핑,쇼핑,EXACT,일상 속 적립 서비스
https://www.card-gorilla.com/card/detail/2890,1160,생활,생활,EXACT,[일상 생활비 적립] 국내 건당 결제금액별 0.2~1% 포인트 적립
https://www.card-gorilla.com/card/detail/2890,1160,해외이용,기타혜택,UNMAPPED_FALLBACK_기타혜택,[일상 생활비 적립] 해외 결제금액 1% 포인트 적립
https://www.card-gorilla.com/card/detail/2890,1160,생활,생활,EXACT,"[일상 생활비 적립] 가족행사월(5월, 12월) 적립 한도 5천 포인트 추가 제공"
https://www.card-gorilla.com/card/detail/2890,1160,배달앱,배달앱,EXACT,[필수 생활비 적립] 주말 배달앱 포인트 적립
https://www.card-gorilla.com/card/detail/2890,1160,편의점,편의점,EXACT,[필수 생활비 적립] 편의점 포인트 적립
https://www.card-gorilla.com/card/detail/2891,1161,대중교통,대중교통,EXACT,[일상 서비스] 대중교통 이용금액 5% 캐시백
https://www.card-gorilla.com/card/detail/2891,1161,통신,통신,EXACT,[일상 서비스] 이동통신요금 자동납부 시 2천원 캐시백
https://www.card-gorilla.com/card/detail/2891,1161,영화,영화,EXACT,[일상 서비스] CGV 영화 예매 5천원 캐시백
https://www.card-gorilla.com/card/detail/2891,1161,편의점,편의점,EXACT,[일상 서비스] 편의점 1천원 캐시백
https://www.card-gorilla.com/card/detail/2891,1161,카페,카페,EXACT,[일상 서비스] 카페 1천원 캐시백
https://www.card-gorilla.com/card/detail/2891,1161,패스트푸드,기타혜택,UNMAPPED_FALLBACK_기타혜택,[일상 서비스] 패스트푸드 1천원 캐시백
https://www.card-gorilla.com/card/detail/2891,1161,배달앱,배달앱,EXACT,[일상 서비스] 배달앱 1천원 캐시백
https://www.card-gorilla.com/card/detail/2891,1161,생활,생활,EXACT,[일상 서비스] 생활 가맹점 1천원 캐시백
https://www.card-gorilla.com/card/detail/2891,1161,디지털구독,디지털구독,EXACT,[일상 서비스] OTT 1천원 캐시백
https://www.card-gorilla.com/card/detail/2891,1161,온라인쇼핑,온라인쇼핑,EXACT,[일상 서비스] 온라인 쇼핑 1천원 캐시백
https://www.card-gorilla.com/card/detail/2891,1161,간편결제,간편결제,EXACT,[간편결제 서비스] 간편결제(Pay)로 국내 이용 시 1% 캐시백
https://www.card-gorilla.com/card/detail/2891,1161,해외,기타혜택,UNMAPPED_FALLBACK_기타혜택,"[해외 서비스] 해외 전 가맹점(온라인포함) 1.2% 캐시백
해외인출 1건 당 US  캐시백 제공"
https://www.card-gorilla.com/card/detail/2892,1162,편의점,편의점,EXACT,[생활 영역] 4대 편의점 10% 적립
https://www.card-gorilla.com/card/detail/2892,1162,카페,카페,EXACT,[생활 영역] 커피 업종 10% 적립
https://www.card-gorilla.com/card/detail/2892,1162,해외이용,기타혜택,UNMAPPED_FALLBACK_기타혜택,[생활 영역] 해외이용 1% 적립
https://www.card-gorilla.com/card/detail/2892,1162,기타,기타,EXACT,"[놀이 영역] 사진관, 볼링장, 테니스장, 스키장 10% 적립"
https://www.card-gorilla.com/card/detail/2892,1162,푸드,기타혜택,UNMAPPED_FALLBACK_기타혜택,[One Pick] 맛집 가맹점 최대 3천 포인트 적립
https://www.card-gorilla.com/card/detail/2893,1163,편의점,편의점,EXACT,[생활 영역] 4대 편의점 10% 적립
https://www.card-gorilla.com/card/detail/2893,1163,카페,카페,EXACT,[생활 영역] 커피 업종 10% 적립
https://www.card-gorilla.com/card/detail/2893,1163,해외이용,기타혜택,UNMAPPED_FALLBACK_기타혜택,[생활 영역] 해외이용 1% 적립
https://www.card-gorilla.com/card/detail/2893,1163,디지털구독,디지털구독,EXACT,"[디지털 구독 영역] 음악, OTT, 도서 10% 적립"
https://www.card-gorilla.com/card/detail/2893,1163,온라인쇼핑,온라인쇼핑,EXACT,[One Pick] 온라인 쇼핑몰 최대 3천 포인트 적립
https://www.card-gorilla.com/card/detail/2894,1164,간편결제,간편결제,EXACT,토스/온라인 영역 15%/10% 할인
https://www.card-gorilla.com/card/detail/2894,1164,디지털구독,디지털구독,EXACT,토스프라임/인앱 결제/디지털콘텐츠 50% 할인
https://www.card-gorilla.com/card/detail/2894,1164,카페,카페,EXACT,스타벅스 50% 할인
https://www.card-gorilla.com/card/detail/2894,1164,해외,기타혜택,UNMAPPED_FALLBACK_기타혜택,해외 2% 할인
https://www.card-gorilla.com/card/detail/2896,1165,보험사,기타혜택,UNMAPPED_FALLBACK_기타혜택,KB라이프 건강보험료 자동납부 할인
https://www.card-gorilla.com/card/detail/2896,1165,병원/약국,병원약국,SYNONYM_APPLIED,병원/약국 5% 할인
https://www.card-gorilla.com/card/detail/2896,1165,LOCA 100 Life,기타혜택,UNMAPPED_FALLBACK_기타혜택,롯데카드
https://www.card-gorilla.com/card/detail/2897,1166,카페,카페,EXACT,스타벅스 이용 시 스타벅스 별 리워드 적립
https://www.card-gorilla.com/card/detail/2897,1166,기타,기타,EXACT,스타벅스 선불카드 충전 이용 시 스타벅스 별 리워드 적립
https://www.card-gorilla.com/card/detail/2897,1166,국내외가맹점,모든가맹점,SYNONYM_APPLIED,국내외 가맹점 이용 시 스타벅스 별 리워드 적립
https://www.card-gorilla.com/card/detail/2898,1167,대한항공,대한항공,EXACT,SKYPASS 최대 2마일리지 적립
https://www.card-gorilla.com/card/detail/2898,1167,기타,기타,EXACT,POINT 추가 적립 (전월실적 50만원 이상)
https://www.card-gorilla.com/card/detail/2898,1167,공항라운지,공항라운지,EXACT,공항라운지 서비스 (더라운지) (전월실적 50만원 이상)
https://www.card-gorilla.com/card/detail/2898,1167,기타,기타,EXACT,인천공항 주차 할인 서비스 (전월실적 50만원 이상)
https://www.card-gorilla.com/card/detail/2898,1167,기타,기타,EXACT,국내공항 무료 발레파킹 서비스 (전월실적 50만원 이상)
https://www.card-gorilla.com/card/detail/2899,1168,적립,기타혜택,UNMAPPED_FALLBACK_기타혜택,쓸수록 SOLSOL 서비스
https://www.card-gorilla.com/card/detail/2899,1168,디지털구독,디지털구독,EXACT,담을수록 SOLSOL 서비스
https://www.card-gorilla.com/card/detail/2899,1168,은행사,기타혜택,UNMAPPED_FALLBACK_기타혜택,모을수록 SOLSOL 서비스
https://www.card-gorilla.com/card/detail/2902,1169,바우처,기타혜택,UNMAPPED_FALLBACK_기타혜택,[프리미엄 바우처] 최대 13만원 프리미엄 바우처 제공
https://www.card-gorilla.com/card/detail/2902,1169,적립,기타혜택,UNMAPPED_FALLBACK_기타혜택,[기본적립] 국내 가맹점 1% 적립
https://www.card-gorilla.com/card/detail/2902,1169,적립,기타혜택,UNMAPPED_FALLBACK_기타혜택,"[특별적립Ⅰ] 백화점, 온라인 쇼핑 2% 적립"
https://www.card-gorilla.com/card/detail/2902,1169,적립,기타혜택,UNMAPPED_FALLBACK_기타혜택,"[특별적립Ⅱ] 국내 항공권, 국내 특급호텔, 면세점, 골프장, 해외 3% 할인"
https://www.card-gorilla.com/card/detail/2902,1169,공항라운지,공항라운지,EXACT,[프리미엄] 더라운지 서비스
https://www.card-gorilla.com/card/detail/2902,1169,공항,기타혜택,UNMAPPED_FALLBACK_기타혜택,[프리미엄] 인천공항 주차 할인 서비스
https://www.card-gorilla.com/card/detail/2902,1169,생활,생활,EXACT,[라이프] OTT/뷰티/여가 10% 할인
https://www.card-gorilla.com/card/detail/2903,1170,주유,주유소,SYNONYM_APPLIED,경차 유류세 환급 대상자 주유 및 충전(LPG) 시 유류세 환급
https://www.card-gorilla.com/card/detail/2903,1170,주유,주유소,SYNONYM_APPLIED,"SK에너지·HD현대오일뱅크에서 주유 시 리터당 150원 청구 할인
모든 충전소(LPG) 이용 시 리터당 150원 청구 할인"
https://www.card-gorilla.com/card/detail/2903,1170,적립,기타혜택,UNMAPPED_FALLBACK_기타혜택,국내 가맹점에서 0.2% M포인트 적립
https://www.card-gorilla.com/card/detail/2903,1170,적립,기타혜택,UNMAPPED_FALLBACK_기타혜택,"현대자동차·기아 신차 구매 시 1.5% M포인트 적립
GS칼텍스 주유 시 리터당 60 M포인트 적립"
https://www.card-gorilla.com/card/detail/2903,1170,온라인쇼핑,온라인쇼핑,EXACT,현대카드 홈페이지를 통해 제휴 온라인쇼핑몰에 접속하여 결제 시 M포인트 추가 적립
https://www.card-gorilla.com/card/detail/2904,1171,생활,생활,EXACT,"8가지 생활영역에서 10% 청구할인
(병원/의원, 관리비, 통신, 쇼핑, 학원, 커피, 보험, 골프)"
https://www.card-gorilla.com/card/detail/2905,1172,해외,기타혜택,UNMAPPED_FALLBACK_기타혜택,"[해외 혜택] 해외 가맹점, ATM 이용 수수료 면제"
https://www.card-gorilla.com/card/detail/2905,1172,할인,기타혜택,UNMAPPED_FALLBACK_기타혜택,[국내 혜택] KB Pay 200원 추가 할인
https://www.card-gorilla.com/card/detail/2905,1172,카페,카페,EXACT,"[국내 혜택] 카페 1,000원 할인"
https://www.card-gorilla.com/card/detail/2905,1172,베이커리,기타혜택,UNMAPPED_FALLBACK_기타혜택,"[국내 혜택] 빵집 2,000원 할인"
https://www.card-gorilla.com/card/detail/2905,1172,기차,기타혜택,UNMAPPED_FALLBACK_기타혜택,"[국내 혜택] 철도 5,000원 할인"
https://www.card-gorilla.com/card/detail/2905,1172,고속버스,기타혜택,UNMAPPED_FALLBACK_기타혜택,"[국내 혜택] 고속버스 2,000원 할인"
https://www.card-gorilla.com/card/detail/2905,1172,자동차,기타혜택,UNMAPPED_FALLBACK_기타혜택,[국내 혜택] 주차장 500원 할인
https://www.card-gorilla.com/card/detail/2905,1172,푸드,기타혜택,UNMAPPED_FALLBACK_기타혜택,"[국내 혜택] 전국맛집 5,000원 할인"
https://www.card-gorilla.com/card/detail/2906,1173,캐시백,기타혜택,UNMAPPED_FALLBACK_기타혜택,"국내외 가맹점 1% 캐시백
생활밀착 가맹점 추가 0.7% 캐시백 (총 1.7% 캐시백)"
https://www.card-gorilla.com/card/detail/2906,1173,할인,기타혜택,UNMAPPED_FALLBACK_기타혜택,생활친화 가맹점 Coin-Save (잔돈할인)
https://www.card-gorilla.com/card/detail/2906,1173,영화,영화,EXACT,온라인 영화 예매 최대 3천원 할인
https://www.card-gorilla.com/card/detail/2906,1173,테마파크,테마파크,EXACT,테마파크 서울랜드 50% 할인
https://www.card-gorilla.com/card/detail/2906,1173,프리미엄 서비스,기타혜택,UNMAPPED_FALLBACK_기타혜택,Platinum# 공통 서비스
https://www.card-gorilla.com/card/detail/2907,1174,편의점,편의점,EXACT,[일본 여행] 일본 3대 편의점 50% 캐시백
https://www.card-gorilla.com/card/detail/2907,1174,푸드,기타혜택,UNMAPPED_FALLBACK_기타혜택,[일본 여행] 일본 커피/패스트푸드 50% 캐시백
https://www.card-gorilla.com/card/detail/2907,1174,해외,기타혜택,UNMAPPED_FALLBACK_기타혜택,[국내외 캐시백] 해외 10% 캐시백
https://www.card-gorilla.com/card/detail/2907,1174,쇼핑,쇼핑,EXACT,[국내외 캐시백] 국내 쇼핑 5% 캐시백
https://www.card-gorilla.com/card/detail/2907,1174,푸드,기타혜택,UNMAPPED_FALLBACK_기타혜택,[국내외 캐시백] 국내 푸드 5% 캐시백
https://www.card-gorilla.com/card/detail/2907,1174,생활,생활,EXACT,[국내외 캐시백] 국내 일상 5% 캐시백
https://www.card-gorilla.com/card/detail/2907,1174,수수료우대,기타혜택,UNMAPPED_FALLBACK_기타혜택,해외 수수료 면제 서비스
https://www.card-gorilla.com/card/detail/2908,1175,적립,기타혜택,UNMAPPED_FALLBACK_기타혜택,국내외 가맹점 1% 번개포인트 적립
https://www.card-gorilla.com/card/detail/2908,1175,적립,기타혜택,UNMAPPED_FALLBACK_기타혜택,번개장터 2% 번개포인트 추가 적립
https://www.card-gorilla.com/card/detail/2909,1176,학원,교육육아,SYNONYM_APPLIED,학원 5% 청구할인
https://www.card-gorilla.com/card/detail/2909,1176,병원/약국,병원약국,SYNONYM_APPLIED,병원/약국 5% 청구할인
https://www.card-gorilla.com/card/detail/2909,1176,레저/스포츠,기타혜택,UNMAPPED_FALLBACK_기타혜택,여가생활 5% 청구할인
https://www.card-gorilla.com/card/detail/2909,1176,쇼핑,쇼핑,EXACT,쇼핑 5% 청구할인
https://www.card-gorilla.com/card/detail/2912,1177,할인,기타혜택,UNMAPPED_FALLBACK_기타혜택,LG전자 구독요금 결제일 할인
https://www.card-gorilla.com/card/detail/2912,1177,적립,기타혜택,UNMAPPED_FALLBACK_기타혜택,LG전자 구독요금 포인트 적립
https://www.card-gorilla.com/card/detail/2913,1178,할인,기타혜택,UNMAPPED_FALLBACK_기타혜택,SK인텔릭스 구독료 자동이체 시 1만 1천원 ~ 2만원 청구할인
https://www.card-gorilla.com/card/detail/2913,1178,영화,영화,EXACT,"메가박스/CGV 온라인 영화 예매 시 3,500원 청구할인"
https://www.card-gorilla.com/card/detail/2913,1178,테마파크,테마파크,EXACT,롯데월드 어드벤처 종합이용권 50% 현장 할인
https://www.card-gorilla.com/card/detail/2913,1178,테마파크,테마파크,EXACT,에버랜드 페스티벌월드 자유이용권 50% 현장 할인
https://www.card-gorilla.com/card/detail/2913,1178,테마파크,테마파크,EXACT,캐리비안베이 입장권 30% 현장 할인
https://www.card-gorilla.com/card/detail/2914,1179,백화점,백화점,EXACT,국내외 가맹점 0.5% ~ 3% 신백리워드 포인트 적립
https://www.card-gorilla.com/card/detail/2914,1179,대형마트,대형마트,EXACT,"이마트 6,000원 할인 (통합 월 1회, 전월 이용금액 20만원 이상 시 제공)"
https://www.card-gorilla.com/card/detail/2914,1179,영화,영화,EXACT,"CGV 3,000원 할인 (월 1회, 전월 이용금액 30만원 이상 시 제공)"
https://www.card-gorilla.com/card/detail/2914,1179,테마파크,테마파크,EXACT,"놀이공원 50% / 워터파크 30% 할인 (연 5회, 전월 이용금액 30만원 이상 시 제공)"
https://www.card-gorilla.com/card/detail/2914,1179,자동차,기타혜택,UNMAPPED_FALLBACK_기타혜택,차량 점검 서비스 (전월 이용금액 30만원 이상 시 제공)
https://www.card-gorilla.com/card/detail/2914,1179,무이자할부,기타혜택,UNMAPPED_FALLBACK_기타혜택,국내 가맹점 주말 2~3개월 무이자할부
https://www.card-gorilla.com/card/detail/2914,1179,무이자할부,기타혜택,UNMAPPED_FALLBACK_기타혜택,신세계백화점 / 이마트 2~3개월 무이자할부
https://www.card-gorilla.com/card/detail/2914,1179,백화점,백화점,EXACT,신세계백화점 제휴 서비스
https://www.card-gorilla.com/card/detail/2915,1180,프리미엄,기타혜택,UNMAPPED_FALLBACK_기타혜택,프리미엄 영역 연간 최대 15만원 할인 기프트
https://www.card-gorilla.com/card/detail/2915,1180,적립,기타혜택,UNMAPPED_FALLBACK_기타혜택,국내외 가맹점 1~3% 빅포인트 적립
https://www.card-gorilla.com/card/detail/2915,1180,공항라운지,공항라운지,EXACT,공항 라운지 서비스 (The Lounge)
https://www.card-gorilla.com/card/detail/2915,1180,프리미엄 서비스,기타혜택,UNMAPPED_FALLBACK_기타혜택,국제브랜드 서비스 (해외겸용카드 전용)
https://www.card-gorilla.com/card/detail/2916,1181,프리미엄,기타혜택,UNMAPPED_FALLBACK_기타혜택,나를 위한 / 가족을 위한 Gift (연회비 납부 년도 내 1백만원 이상)
https://www.card-gorilla.com/card/detail/2916,1181,적립,기타혜택,UNMAPPED_FALLBACK_기타혜택,국내/해외 이용 시 마이신한포인트 1.5~5% 적립 (전월실적 40만원 이상)
https://www.card-gorilla.com/card/detail/2916,1181,점심,기타혜택,UNMAPPED_FALLBACK_기타혜택,평일(월~금) 점심시간 요식업종 이용시 5% 결제일 할인 (전월실적 40만원 이상)
https://www.card-gorilla.com/card/detail/2916,1181,공항라운지,공항라운지,EXACT,THE LOUNGE 무료 이용 서비스 (전월실적 40만원 이상)
https://www.card-gorilla.com/card/detail/2916,1181,프리미엄 서비스,기타혜택,UNMAPPED_FALLBACK_기타혜택,Mastercard Platinum 서비스
https://www.card-gorilla.com/card/detail/2918,1182,적립,기타혜택,UNMAPPED_FALLBACK_기타혜택,오늘도 5% 적립
https://www.card-gorilla.com/card/detail/2918,1182,적립,기타혜택,UNMAPPED_FALLBACK_기타혜택,일상 속 5% 적립
https://www.card-gorilla.com/card/detail/2918,1182,적립,기타혜택,UNMAPPED_FALLBACK_기타혜택,정기결제 최대 20% 적립
https://www.card-gorilla.com/card/detail/2918,1182,적립,기타혜택,UNMAPPED_FALLBACK_기타혜택,[소비관리 보너스] ① 계획소비 적립
https://www.card-gorilla.com/card/detail/2918,1182,적립,기타혜택,UNMAPPED_FALLBACK_기타혜택,[소비관리 보너스] ② 즉시결제 적립
https://www.card-gorilla.com/card/detail/2919,1183,캐시백,기타혜택,UNMAPPED_FALLBACK_기타혜택,최대 1% 무제한 캐시백
https://www.card-gorilla.com/card/detail/2919,1183,대중교통,대중교통,EXACT,후불교통기능
https://www.card-gorilla.com/card/detail/2919,1183,수수료우대,기타혜택,UNMAPPED_FALLBACK_기타혜택,ATM(현금자동입출금기) 수수료 면제
https://www.card-gorilla.com/card/detail/2921,1184,캐시백,기타혜택,UNMAPPED_FALLBACK_기타혜택,"[필수 생활비 영역 캐시백] 대중교통, 이동통신요금 10% 캐시백"
https://www.card-gorilla.com/card/detail/2921,1184,캐시백,기타혜택,UNMAPPED_FALLBACK_기타혜택,"[일상 생활비 영역 캐시백] 커피/편의점 10% 캐시백, 배달앱 10% 캐시백"
https://www.card-gorilla.com/card/detail/2922,1185,할인,기타혜택,UNMAPPED_FALLBACK_기타혜택,"[필수 생활비 영역 캐시백] 대중교통, 이동통신요금 10% 캐시백"
https://www.card-gorilla.com/card/detail/2922,1185,할인,기타혜택,UNMAPPED_FALLBACK_기타혜택,"[일상 생활비 영역 캐시백] 대형마트, 음식점, 병원/약국 10% 캐시백"
https://www.card-gorilla.com/card/detail/2923,1186,백화점,백화점,EXACT,신세계백화점 최대 3% 결제일 할인 서비스
https://www.card-gorilla.com/card/detail/2923,1186,멤버십포인트,기타혜택,UNMAPPED_FALLBACK_기타혜택,국내 가맹점 0.7% 마이신한포인트 적립 서비스
https://www.card-gorilla.com/card/detail/2923,1186,해외이용,기타혜택,UNMAPPED_FALLBACK_기타혜택,해외 가맹점 2% 할인 서비스
https://www.card-gorilla.com/card/detail/2923,1186,제휴/PLCC,기타혜택,UNMAPPED_FALLBACK_기타혜택,신세계백화점 제휴 서비스
https://www.card-gorilla.com/card/detail/2924,1187,저가항공,기타혜택,UNMAPPED_FALLBACK_기타혜택,"[UniMile 적립 서비스] 국내 가맹점 0.7% 적립
해외/여행준비 6%~2% 적립 (전월실적 50만원 이상)"
https://www.card-gorilla.com/card/detail/2924,1187,할인,기타혜택,UNMAPPED_FALLBACK_기타혜택,"[온라인 할인 서비스] 간편결제, 인앱결제 3% 청구할인 (전월실적 50만원 이상)"
https://www.card-gorilla.com/card/detail/2924,1187,공항라운지,공항라운지,EXACT,공항라운지 서비스 (더라운지) (전월실적 50만원 이상)
https://www.card-gorilla.com/card/detail/2929,1188,선택형,기타혜택,UNMAPPED_FALLBACK_기타혜택,"[A팩] 6개 영역 최대 50% 할인
OTT, APP, 여가, 교통, 편의점, 영화관"
https://www.card-gorilla.com/card/detail/2929,1188,선택형,기타혜택,UNMAPPED_FALLBACK_기타혜택,"[B팩] 6개 영역 최대 50% 할인
쇼핑 멤버십, 통신요금, 패션/라이프, 배달, 편의점, 데이트"
https://www.card-gorilla.com/card/detail/2929,1188,혜택 프로모션,기타혜택,UNMAPPED_FALLBACK_기타혜택,KB유스클럽체크카드 X유스클럽프로모션
https://www.card-gorilla.com/card/detail/2930,1189,선택형,기타혜택,UNMAPPED_FALLBACK_기타혜택,"[일상팩] 6개 영역 최대 10% 청구할인
주유, 배달, 통신/보험/APP, 온라인쇼핑, 편의점, 취미/자기관리"
https://www.card-gorilla.com/card/detail/2930,1189,선택형,기타혜택,UNMAPPED_FALLBACK_기타혜택,"[가족팩] 6개 영역 최대 10% 청구할인
생활요금, 온라인장보기, 일상케어, 학원, 대형마트, 카페"
https://www.card-gorilla.com/card/detail/2930,1189,수수료우대,기타혜택,UNMAPPED_FALLBACK_기타혜택,해외 이용 수수료 면제
https://www.card-gorilla.com/card/detail/2930,1189,기타,기타,EXACT,전월실적 채워드림
https://www.card-gorilla.com/card/detail/2930,1189,프리미엄,기타혜택,UNMAPPED_FALLBACK_기타혜택,국제브랜드 서비스
https://www.card-gorilla.com/card/detail/2931,1190,학원,교육육아,SYNONYM_APPLIED,교육 관련 업종 1만원/2만원/3만원 청구할인
https://www.card-gorilla.com/card/detail/2931,1190,생활,생활,EXACT,생활 영역 5천원 청구할인
https://www.card-gorilla.com/card/detail/2933,1191,캐시백,기타혜택,UNMAPPED_FALLBACK_기타혜택,슈퍼쏠저 서비스 (실적 조건 없음)
https://www.card-gorilla.com/card/detail/2933,1191,캐시백,기타혜택,UNMAPPED_FALLBACK_기타혜택,Life 서비스
https://www.card-gorilla.com/card/detail/2933,1191,할인,기타혜택,UNMAPPED_FALLBACK_기타혜택,Special 서비스
https://www.card-gorilla.com/card/detail/2933,1191,멤버십포인트,기타혜택,UNMAPPED_FALLBACK_기타혜택,Multi Membership
https://www.card-gorilla.com/card/detail/2934,1192,실적조건 없음,기타혜택,UNMAPPED_FALLBACK_기타혜택,Easy (실적 조건 없는 서비스)
https://www.card-gorilla.com/card/detail/2934,1192,급여이체,기타혜택,UNMAPPED_FALLBACK_기타혜택,Desire (군 급여이체 시 받는 서비스)
https://www.card-gorilla.com/card/detail/2934,1192,할인,기타혜택,UNMAPPED_FALLBACK_기타혜택,Basic (지난달 실적 10만원 이상 시 받는 서비스)
https://www.card-gorilla.com/card/detail/2934,1192,금융,기타혜택,UNMAPPED_FALLBACK_기타혜택,금융 서비스
https://www.card-gorilla.com/card/detail/2934,1192,혜택 프로모션,기타혜택,UNMAPPED_FALLBACK_기타혜택,"하나 나라사랑카드 26년 특별 혜택
(기간: 2026.01.05 ~ 2026.12.31)"
https://www.card-gorilla.com/card/detail/2935,1193,해외이용,기타혜택,UNMAPPED_FALLBACK_기타혜택,현지통화 결제 서비스
https://www.card-gorilla.com/card/detail/2935,1193,수수료우대,기타혜택,UNMAPPED_FALLBACK_기타혜택,해외 이용 서비스
https://www.card-gorilla.com/card/detail/2935,1193,해외직구,기타혜택,UNMAPPED_FALLBACK_기타혜택,해외 온라인 거래 포인트 적립 서비스
https://www.card-gorilla.com/card/detail/2935,1193,할인,기타혜택,UNMAPPED_FALLBACK_기타혜택,국내 이용 서비스
https://www.card-gorilla.com/card/detail/2935,1193,캐시백,기타혜택,UNMAPPED_FALLBACK_기타혜택,마이셀렉트샵 추가 할인 프로모션 (~2026.12.31)
https://www.card-gorilla.com/card/detail/2936,1194,적립,기타혜택,UNMAPPED_FALLBACK_기타혜택,RR PAY 포인트 적립 서비스
https://www.card-gorilla.com/card/detail/2936,1194,적립,기타혜택,UNMAPPED_FALLBACK_기타혜택,RR PAY 포인트 미리적립 서비스 (선지급 포인트 서비스)
https://www.card-gorilla.com/card/detail/2937,1195,할인,기타혜택,UNMAPPED_FALLBACK_기타혜택,[기본 혜택]
https://www.card-gorilla.com/card/detail/2937,1195,할인,기타혜택,UNMAPPED_FALLBACK_기타혜택,[Link 혜택]
https://www.card-gorilla.com/card/detail/2937,1195,캐시백,기타혜택,UNMAPPED_FALLBACK_기타혜택,[보너스 캐시백]
https://www.card-gorilla.com/card/detail/2938,1196,적립,기타혜택,UNMAPPED_FALLBACK_기타혜택,[기본 혜택] 국내외 가맹점 1.5% M포인트 적립(전월실적 50만원 이상)
https://www.card-gorilla.com/card/detail/2938,1262,적립,기타혜택,UNMAPPED_FALLBACK_기타혜택,"[추가 혜택] 대형마트, 슈퍼마켓, 전기·도시가스 요금, 4대 보험 5% M포인트 적립
(월 2만 M포인트 한도, 전월실적 100만원 이상)"
https://www.card-gorilla.com/card/detail/2938,1196,적립,기타혜택,UNMAPPED_FALLBACK_기타혜택,M 긴급적립(선지급 포인트 서비스)
https://www.card-gorilla.com/card/detail/2939,1197,적립,기타혜택,UNMAPPED_FALLBACK_기타혜택,[기본 혜택] 국내외 가맹점 1.5% M포인트 적립(전월실적 50만원 이상)
https://www.card-gorilla.com/card/detail/2939,1263,적립,기타혜택,UNMAPPED_FALLBACK_기타혜택,"[추가 혜택] 주유/LPG, 전기차 충전, 이동통신 요금, 전기·도시가스 요금, 4대 보험 5% M포인트 적립
(월 2만 M포인트 한도, 전월실적 100만원 이상)"
https://www.card-gorilla.com/card/detail/2939,1197,적립,기타혜택,UNMAPPED_FALLBACK_기타혜택,M 긴급적립(선지급 포인트 서비스)
https://www.card-gorilla.com/card/detail/2940,1198,적립,기타혜택,UNMAPPED_FALLBACK_기타혜택,[기본 혜택] 국내외 가맹점 1.5% M포인트 적립(전월실적 50만원 이상)
https://www.card-gorilla.com/card/detail/2940,1264,적립,기타혜택,UNMAPPED_FALLBACK_기타혜택,"[추가 혜택] 온라인 쇼핑, 해외 가맹점, 네이버 비즈머니 충전, 전기·도시가스 요금, 4대 보험 5% M포인트 적립
(월 2만 M포인트 한도, 전월실적 100만원 이상)"
https://www.card-gorilla.com/card/detail/2940,1198,적립,기타혜택,UNMAPPED_FALLBACK_기타혜택,M 긴급적립(선지급 포인트 서비스)
https://www.card-gorilla.com/card/detail/2942,1199,주유,주유소,SYNONYM_APPLIED,[기본 혜택] GS칼텍스 이용 금액 청구 할인 (전월실적 40만원 이상)
https://www.card-gorilla.com/card/detail/2942,1199,할인,기타혜택,UNMAPPED_FALLBACK_기타혜택,[추가 혜택] 차량유지관리영역 5% 청구 할인 (전월실적 40만원 이상)
https://www.card-gorilla.com/card/detail/2943,1200,온라인쇼핑,온라인쇼핑,EXACT,G마켓/옥션 5% 빅포인트 적립
https://www.card-gorilla.com/card/detail/2943,1200,적립,기타혜택,UNMAPPED_FALLBACK_기타혜택,편의점/배달앱/대중교통/택시/주유 3% 빅포인트 적립
https://www.card-gorilla.com/card/detail/2943,1200,적립,기타혜택,UNMAPPED_FALLBACK_기타혜택,백화점/할인점/프리미엄아울렛/면세점/SPA 패션/의료/학원 3% 빅포인트 적립
https://www.card-gorilla.com/card/detail/2943,1200,디지털구독,디지털구독,EXACT,디지털콘텐츠 20% 빅포인트 적립
https://www.card-gorilla.com/card/detail/2943,1200,통신,통신,EXACT,이동통신 5% 빅포인트 적립
https://www.card-gorilla.com/card/detail/2943,1200,해외,기타혜택,UNMAPPED_FALLBACK_기타혜택,해외 가맹점 2% 빅포인트 적립
https://www.card-gorilla.com/card/detail/2943,1200,Smilecard Edition3,기타혜택,UNMAPPED_FALLBACK_기타혜택,현대카드
https://www.card-gorilla.com/card/detail/2944,1201,적립,기타혜택,UNMAPPED_FALLBACK_기타혜택,[기본 혜택] 국내외 가맹점 1% M포인트 적립 (전월실적 50만원 이상)
https://www.card-gorilla.com/card/detail/2944,1265,적립,기타혜택,UNMAPPED_FALLBACK_기타혜택,"[추가 혜택] 온라인몰, 다이닝, 웰니스, 테크 영역 10% M포인트 적립 (전월실적 100만원 이상)"
https://www.card-gorilla.com/card/detail/2944,1201,바우처,기타혜택,UNMAPPED_FALLBACK_기타혜택,"[연간 보너스] 쇼핑, 호텔, 여행 영역 15만원권 바우처 제공(연 1회, 서비스 실적 조건 확인)"
https://www.card-gorilla.com/card/detail/2944,1201,적립,기타혜택,UNMAPPED_FALLBACK_기타혜택,[우대 서비스] M 긴급적립(선지급 포인트 서비스)
https://www.card-gorilla.com/card/detail/2944,1201,공항,기타혜택,UNMAPPED_FALLBACK_기타혜택,[우대 서비스] 공항 라운지 연간 5회 무료 이용·공항 및 특급호텔 발레파킹 무료 이용
https://www.card-gorilla.com/card/detail/2944,1201,프리미엄 서비스,기타혜택,UNMAPPED_FALLBACK_기타혜택,메탈 플레이트 제공
https://www.card-gorilla.com/card/detail/2947,1202,적립,기타혜택,UNMAPPED_FALLBACK_기타혜택,마비노기 모바일팩 넥슨 현대카드 M캐시 적립
https://www.card-gorilla.com/card/detail/2947,1202,적립,기타혜택,UNMAPPED_FALLBACK_기타혜택,넥슨 현대카드 M캐시 추가 적립
https://www.card-gorilla.com/card/detail/2947,1202,프리미엄,기타혜택,UNMAPPED_FALLBACK_기타혜택,우대 서비스
https://www.card-gorilla.com/card/detail/2948,1203,적립,기타혜택,UNMAPPED_FALLBACK_기타혜택,넥슨팩 10% 넥슨 현대카드 포인트2 적립
https://www.card-gorilla.com/card/detail/2948,1203,프리미엄,기타혜택,UNMAPPED_FALLBACK_기타혜택,우대 서비스
https://www.card-gorilla.com/card/detail/2950,1204,할인,기타혜택,UNMAPPED_FALLBACK_기타혜택,심플 할인 서비스
https://www.card-gorilla.com/card/detail/2950,1204,무이자할부,기타혜택,UNMAPPED_FALLBACK_기타혜택,무이자 할부 서비스
https://www.card-gorilla.com/card/detail/2950,1204,캐시백,기타혜택,UNMAPPED_FALLBACK_기타혜택,가족카드 캐시백 서비스
https://www.card-gorilla.com/card/detail/2950,1204,캐시백,기타혜택,UNMAPPED_FALLBACK_기타혜택,웰컴 캐시백 서비스
https://www.card-gorilla.com/card/detail/2951,1205,할인,기타혜택,UNMAPPED_FALLBACK_기타혜택,심플 할인 서비스
https://www.card-gorilla.com/card/detail/2951,1205,무이자할부,기타혜택,UNMAPPED_FALLBACK_기타혜택,무이자 할부 서비스
https://www.card-gorilla.com/card/detail/2952,1206,주유,주유소,SYNONYM_APPLIED,HD현대오일뱅크 10% 할인
https://www.card-gorilla.com/card/detail/2952,1206,통신,통신,EXACT,통신 5% 할인
https://www.card-gorilla.com/card/detail/2952,1206,편의점,편의점,EXACT,편의점 5% 할인
https://www.card-gorilla.com/card/detail/2952,1206,온라인쇼핑,온라인쇼핑,EXACT,온라인쇼핑몰 5% 할인
https://www.card-gorilla.com/card/detail/2952,1206,자동차,기타혜택,UNMAPPED_FALLBACK_기타혜택,차량 점검 서비스
https://www.card-gorilla.com/card/detail/2952,1206,적립,기타혜택,UNMAPPED_FALLBACK_기타혜택,HD현대오일뱅크 보너스카드 멤버십서비스
https://www.card-gorilla.com/card/detail/2953,1207,카페,카페,EXACT,국내 스타벅스 이용 시 2만원당 스타벅스 리워드 별 1개 적립
https://www.card-gorilla.com/card/detail/2953,1207,해외,기타혜택,UNMAPPED_FALLBACK_기타혜택,해외 가맹점 이용 시 2만원당 스타벅스 리워드 별 3개 적립
https://www.card-gorilla.com/card/detail/2953,1207,적립,기타혜택,UNMAPPED_FALLBACK_기타혜택,국내 가맹점 2% 포인트 적립
https://www.card-gorilla.com/card/detail/2953,1207,수수료우대,기타혜택,UNMAPPED_FALLBACK_기타혜택,해외 이용 수수료 면제 서비스
https://www.card-gorilla.com/card/detail/2954,1208,경기관람,기타혜택,UNMAPPED_FALLBACK_기타혜택,LG트윈스 정규 시즌 홈경기 입장권 3천원 할인 (전월실적 없음)
https://www.card-gorilla.com/card/detail/2954,1208,적립,기타혜택,UNMAPPED_FALLBACK_기타혜택,LG트윈스 홈경기장 내 구단 공식 매장에서 용품 구매 시 최대 10% 적립
https://www.card-gorilla.com/card/detail/2954,1208,배달앱,배달앱,EXACT,"배달앱 이용 시 최대 5% 적립(요기요, 배달의 민족, 쿠팡이츠, 땡겨요)"
https://www.card-gorilla.com/card/detail/2954,1208,편의점,편의점,EXACT,"편의점 이용 시 최대 5% 적립(GS25, CU, 세븐일레븐, 이마트24)"
https://www.card-gorilla.com/card/detail/2955,1209,할인,기타혜택,UNMAPPED_FALLBACK_기타혜택,삼성라이온즈 홈경기 입장권/팀스토어 50% 할인
https://www.card-gorilla.com/card/detail/2955,1209,할인,기타혜택,UNMAPPED_FALLBACK_기타혜택,대구삼성라이온즈파크 식음매장 10% 할인
https://www.card-gorilla.com/card/detail/2955,1209,디지털구독,디지털구독,EXACT,디지털콘텐츠 50% 할인
https://www.card-gorilla.com/card/detail/2955,1209,할인,기타혜택,UNMAPPED_FALLBACK_기타혜택,커피전문점/편의점 10% 할인
https://www.card-gorilla.com/card/detail/2955,1209,교통,기타혜택,UNMAPPED_FALLBACK_기타혜택,대중교통/택시 10% 할인
https://www.card-gorilla.com/card/detail/2955,1209,기차,기타혜택,UNMAPPED_FALLBACK_기타혜택,철도 5% 할인
https://www.card-gorilla.com/card/detail/2955,1209,할인,기타혜택,UNMAPPED_FALLBACK_기타혜택,온라인쇼핑몰/배달앱 5% 할인
https://www.card-gorilla.com/card/detail/2955,1209,여행사,기타혜택,UNMAPPED_FALLBACK_기타혜택,여행플랫폼 5% 할인
https://www.card-gorilla.com/card/detail/2955,1209,프리미엄 서비스,기타혜택,UNMAPPED_FALLBACK_기타혜택,특수 소재 카드
https://www.card-gorilla.com/card/detail/2956,1210,경기관람,기타혜택,UNMAPPED_FALLBACK_기타혜택,두산베어스 특화할인
https://www.card-gorilla.com/card/detail/2956,1210,할인,기타혜택,UNMAPPED_FALLBACK_기타혜택,생활 영역 할인
https://www.card-gorilla.com/card/detail/2957,1211,경기관람,기타혜택,UNMAPPED_FALLBACK_기타혜택,한화이글스 홈경기 야구 할인
https://www.card-gorilla.com/card/detail/2957,1211,국내외가맹점,모든가맹점,SYNONYM_APPLIED,국내/외 가맹점 캐시백
https://www.card-gorilla.com/card/detail/2957,1211,할인,기타혜택,UNMAPPED_FALLBACK_기타혜택,잔돈 할인
https://www.card-gorilla.com/card/detail/2957,1211,영화,영화,EXACT,영화 할인
https://www.card-gorilla.com/card/detail/2960,1212,할인,기타혜택,UNMAPPED_FALLBACK_기타혜택,이마트 계열 할인 서비스
https://www.card-gorilla.com/card/detail/2960,1212,국내외가맹점,모든가맹점,SYNONYM_APPLIED,국내외 가맹점 포인트 적립 서비스
https://www.card-gorilla.com/card/detail/2961,1213,적립,기타혜택,UNMAPPED_FALLBACK_기타혜택,하나머니 적립 서비스: 지난달 실적과 관계없이 서비스 제공
https://www.card-gorilla.com/card/detail/2961,1213,수수료우대,기타혜택,UNMAPPED_FALLBACK_기타혜택,해외 이용수수료 면제서비스(외화 하나머니 결제 시)
https://www.card-gorilla.com/card/detail/2962,1214,할인,기타혜택,UNMAPPED_FALLBACK_기타혜택,"더한섬닷컴, EQL, 한섬직영매장 최대 5% 결제일 할인 (전월실적 40만원 이상)"
https://www.card-gorilla.com/card/detail/2962,1214,적립,기타혜택,UNMAPPED_FALLBACK_기타혜택,더한섬 특별 적립처 최대 3% 한섬마일리지 특별 적립 (전월실적 40만원 이상)
https://www.card-gorilla.com/card/detail/2962,1214,국내외가맹점,모든가맹점,SYNONYM_APPLIED,그 외 국내외 가맹점 이용 시 최대 0.5% 한섬마일리지 적립 (전월실적 40만원 이상)
https://www.card-gorilla.com/card/detail/2963,1215,바우처,기타혜택,UNMAPPED_FALLBACK_기타혜택,Gift Option (연 1회/택 1)
https://www.card-gorilla.com/card/detail/2963,1215,할인,기타혜택,UNMAPPED_FALLBACK_기타혜택,"더한섬닷컴, EQL, 한섬직영매장 최대 5% 결제일 할인 (전월실적 40만원 이상)"
https://www.card-gorilla.com/card/detail/2963,1215,적립,기타혜택,UNMAPPED_FALLBACK_기타혜택,더한섬 특별 적립처 최대 5% 한섬마일리지 특별 적립 (전월실적 40만원 이상)
https://www.card-gorilla.com/card/detail/2963,1215,국내외가맹점,모든가맹점,SYNONYM_APPLIED,그 외 국내외 가맹점 이용 시 최대 0.5% 한섬마일리지 적립 (전월실적 40만원 이상)
https://www.card-gorilla.com/card/detail/2964,1216,간편결제,간편결제,EXACT,[국내 할인 서비스] 자주 쓰는 간편결제 15%/10% 할인
https://www.card-gorilla.com/card/detail/2964,1216,온라인쇼핑,온라인쇼핑,EXACT,[국내 할인 서비스] 온라인패션몰 5% 할인
https://www.card-gorilla.com/card/detail/2964,1216,디지털구독,디지털구독,EXACT,[국내 할인 서비스] 디지털콘텐츠/멤버십 30% 할인
https://www.card-gorilla.com/card/detail/2964,1216,해외,기타혜택,UNMAPPED_FALLBACK_기타혜택,[특별 서비스] 해외 가맹점 2% 할인
https://www.card-gorilla.com/card/detail/2964,1216,기타,기타,EXACT,[특별 서비스] 전월실적 채워드림
https://www.card-gorilla.com/card/detail/2967,1217,할인,기타혜택,UNMAPPED_FALLBACK_기타혜택,"[기본 혜택] 뷰티, 헬스, 패션 10% 청구 할인 (전월실적 40만원 이상)"
https://www.card-gorilla.com/card/detail/2967,1217,할인,기타혜택,UNMAPPED_FALLBACK_기타혜택,"[추가 혜택] 커피전문점, 편의점, 대중교통 5% 청구 할인 (전월실적 40만원 이상)"
https://www.card-gorilla.com/card/detail/2967,1217,프리미엄 서비스,기타혜택,UNMAPPED_FALLBACK_기타혜택,메탈 플레이트 제공
https://www.card-gorilla.com/card/detail/2968,1218,할인,기타혜택,UNMAPPED_FALLBACK_기타혜택,[기본 혜택] 온라인 간편결제 10% 청구 할인 (전월실적 40만원 이상)
https://www.card-gorilla.com/card/detail/2968,1218,할인,기타혜택,UNMAPPED_FALLBACK_기타혜택,"[추가 혜택] 커피전문점, 편의점, 대중교통 5% 청구 할인 (전월실적 40만원 이상)"
https://www.card-gorilla.com/card/detail/2968,1218,프리미엄 서비스,기타혜택,UNMAPPED_FALLBACK_기타혜택,메탈 플레이트 제공
https://www.card-gorilla.com/card/detail/2969,1219,할인,기타혜택,UNMAPPED_FALLBACK_기타혜택,"[기본 혜택] 생활 요금, 이동통신 요금, 디지털 콘텐츠, 온라인쇼핑 멤버십 정기결제 10% 청구 할인
(전월실적 40만원 이상)"
https://www.card-gorilla.com/card/detail/2969,1219,할인,기타혜택,UNMAPPED_FALLBACK_기타혜택,"[추가 혜택] 커피전문점, 편의점, 대중교통 5% 청구 할인 (전월실적 40만원 이상)"
https://www.card-gorilla.com/card/detail/2969,1219,프리미엄 서비스,기타혜택,UNMAPPED_FALLBACK_기타혜택,메탈 플레이트 제공
https://www.card-gorilla.com/card/detail/2970,1220,간편결제,간편결제,EXACT,[위시 베이직] KB Pay 10% 할인
https://www.card-gorilla.com/card/detail/2970,1220,할인,기타혜택,UNMAPPED_FALLBACK_기타혜택,"[위시 베이직] 음식점, 편의점 10% 할인"
https://www.card-gorilla.com/card/detail/2970,1220,통신,통신,EXACT,[위시 베이직] 이동통신요금 10% 할인
https://www.card-gorilla.com/card/detail/2970,1220,디지털구독,디지털구독,EXACT,[위시 베이직] OTT 30% 할인
https://www.card-gorilla.com/card/detail/2970,1220,선택형,기타혜택,UNMAPPED_FALLBACK_기타혜택,[위시 픽] 배달/커피 5% 할인 (배달/일상/관리 중 택 1)
https://www.card-gorilla.com/card/detail/2970,1220,선택형,기타혜택,UNMAPPED_FALLBACK_기타혜택,"[위시 픽] 택시/커피 5%, 영화관 30% 할인 (배달/일상/관리 중 택 1)"
https://www.card-gorilla.com/card/detail/2970,1220,선택형,기타혜택,UNMAPPED_FALLBACK_기타혜택,"[위시 픽] 미용실, 스포츠, 온라인서점, 올리브영 5% 할인 (배달/일상/관리 중 택 1)"
https://www.card-gorilla.com/card/detail/2970,1220,기타,기타,EXACT,[위시리스트] Happy Birth Month
https://www.card-gorilla.com/card/detail/2970,1220,기타,기타,EXACT,[위시리스트] 전월실적 채워드림
https://www.card-gorilla.com/card/detail/2971,1221,적립,기타혜택,UNMAPPED_FALLBACK_기타혜택,무신사 10%/2% 무신사머니리워드 적립
https://www.card-gorilla.com/card/detail/2971,1221,국내외가맹점,모든가맹점,SYNONYM_APPLIED,국내외 가맹점 1% 무신사머니리워드 적립 (전월실적 없음)
https://www.card-gorilla.com/card/detail/2972,1222,국내외가맹점,모든가맹점,SYNONYM_APPLIED,[기본 혜택] 국내외 가맹점 0.5% M포인트 적립 (전월실적 없음)
https://www.card-gorilla.com/card/detail/2972,1266,적립,기타혜택,UNMAPPED_FALLBACK_기타혜택,"[추가 혜택] 일반음식점, 배달 앱, 편의점, 대중교통 5% M포인트 적립 (전월실적 30만원 이상)"
https://www.card-gorilla.com/card/detail/2972,1222,하이브리드,기타혜택,UNMAPPED_FALLBACK_기타혜택,하이브리드 서비스
https://www.card-gorilla.com/card/detail/2973,1223,국내외가맹점,모든가맹점,SYNONYM_APPLIED,[기본 혜택] 국내외 가맹점 0.3% 캐시백 (전월실적 없음)
https://www.card-gorilla.com/card/detail/2973,1267,적립,기타혜택,UNMAPPED_FALLBACK_기타혜택,"[추가 혜택] 일반음식점, 배달 앱, 편의점, 대중교통 3% 캐시백 (전월실적 30만원 이상)"
https://www.card-gorilla.com/card/detail/2973,1223,하이브리드,기타혜택,UNMAPPED_FALLBACK_기타혜택,하이브리드 서비스
https://www.card-gorilla.com/card/detail/2974,1224,간편결제,간편결제,EXACT,Apple Pay 이용 금액 10% 캐시백 (전월실적 30만원 이상)
https://www.card-gorilla.com/card/detail/2974,1224,하이브리드,기타혜택,UNMAPPED_FALLBACK_기타혜택,하이브리드 서비스
https://www.card-gorilla.com/card/detail/2975,1225,국내가맹점,기타혜택,UNMAPPED_FALLBACK_기타혜택,국내 가맹점 0.8% 결제일 할인
https://www.card-gorilla.com/card/detail/2975,1225,해외,기타혜택,UNMAPPED_FALLBACK_기타혜택,해외 가맹점 1.5% 결제일 할인
https://www.card-gorilla.com/card/detail/2975,1225,무이자할부,기타혜택,UNMAPPED_FALLBACK_기타혜택,국내 가맹점 2~3개월 무이자 할부
https://www.card-gorilla.com/card/detail/2977,1226,해외이용,기타혜택,UNMAPPED_FALLBACK_기타혜택,해외 이용금액 현지통화 결제 서비스
https://www.card-gorilla.com/card/detail/2977,1226,해외이용,기타혜택,UNMAPPED_FALLBACK_기타혜택,"국제 브랜드 수수료 / 해외 서비스 수수료 면제
해외 ATM 이용 인출 수수료 및 국제 브랜드 수수료 면제"
https://www.card-gorilla.com/card/detail/2977,1226,해외,기타혜택,UNMAPPED_FALLBACK_기타혜택,"일본 돈키호테 50% 할인
일본 편의점 50% 할인"
https://www.card-gorilla.com/card/detail/2977,1226,할인,기타혜택,UNMAPPED_FALLBACK_기타혜택,"국내 편의점 5% 할인
국내 대중교통 1% 할인"
https://www.card-gorilla.com/card/detail/2978,1227,쇼핑,쇼핑,EXACT,온·오프라인 쇼핑 10% 청구할인
https://www.card-gorilla.com/card/detail/2978,1227,쇼핑,쇼핑,EXACT,주중 온라인/주말 오프라인 쇼핑 5% 추가 청구할인
https://www.card-gorilla.com/card/detail/2978,1227,온라인쇼핑,온라인쇼핑,EXACT,온라인 쇼핑 멤버십 50% 청구할인
https://www.card-gorilla.com/card/detail/2979,1228,적립,기타혜택,UNMAPPED_FALLBACK_기타혜택,ECO 기부 포인트 적립 서비스
https://www.card-gorilla.com/card/detail/2979,1228,할인,기타혜택,UNMAPPED_FALLBACK_기타혜택,Green Challenge 서비스 (전월실적 30만원 이상)
https://www.card-gorilla.com/card/detail/2979,1228,할인,기타혜택,UNMAPPED_FALLBACK_기타혜택,ECO Life 서비스 (전월실적 30만원 이상)
https://www.card-gorilla.com/card/detail/2979,1228,할인,기타혜택,UNMAPPED_FALLBACK_기타혜택,Healthy Plan 서비스 (전월실적 30만원 이상)
https://www.card-gorilla.com/card/detail/2979,1228,할인,기타혜택,UNMAPPED_FALLBACK_기타혜택,Daily Vibe 서비스 (전월실적 30만원 이상)
https://www.card-gorilla.com/card/detail/2980,1229,국내외가맹점,모든가맹점,SYNONYM_APPLIED,국내외 가맹점 2.0% 청구할인
https://www.card-gorilla.com/card/detail/2980,1229,무이자할부,기타혜택,UNMAPPED_FALLBACK_기타혜택,2~3개월 무이자 할부 서비스
https://www.card-gorilla.com/card/detail/2980,1229,수수료우대,기타혜택,UNMAPPED_FALLBACK_기타혜택,해외수수료 면제 서비스
https://www.card-gorilla.com/card/detail/2980,1229,프리미엄 서비스,기타혜택,UNMAPPED_FALLBACK_기타혜택,Mastercard Platinum 서비스
https://www.card-gorilla.com/card/detail/2981,1230,해외,기타혜택,UNMAPPED_FALLBACK_기타혜택,해외 가맹점 3.5% 청구할인
https://www.card-gorilla.com/card/detail/2981,1230,국내가맹점,기타혜택,UNMAPPED_FALLBACK_기타혜택,국내 가맹점 0.5% 청구할인
https://www.card-gorilla.com/card/detail/2982,1231,국내외가맹점,모든가맹점,SYNONYM_APPLIED,[기본 혜택] 국내외 가맹점 0.5% M포인트 적립 (전월실적 없음)
https://www.card-gorilla.com/card/detail/2982,1268,적립,기타혜택,UNMAPPED_FALLBACK_기타혜택,"[추가 혜택] 일반음식점, 배달 앱, 편의점, 대중교통 5% M포인트 적립 (전월실적 30만원 이상)"
https://www.card-gorilla.com/card/detail/2983,1232,국내외가맹점,모든가맹점,SYNONYM_APPLIED,[기본 혜택] 국내외 가맹점 0.3% 캐시백 (전월실적 없음)
https://www.card-gorilla.com/card/detail/2983,1269,적립,기타혜택,UNMAPPED_FALLBACK_기타혜택,"[추가 혜택] 일반음식점, 배달 앱, 편의점, 대중교통 3% 캐시백 (전월실적 30만원 이상)"
https://www.card-gorilla.com/card/detail/2984,1233,간편결제,간편결제,EXACT,Apple Pay 이용 금액 10% 캐시백 (전월실적 30만원 이상)
https://www.card-gorilla.com/card/detail/2985,1234,적립,기타혜택,UNMAPPED_FALLBACK_기타혜택,[기본 혜택] 실적·한도 제한 없이 국내외 가맹점 1.2% M포인트 적립
https://www.card-gorilla.com/card/detail/2985,1234,적립,기타혜택,UNMAPPED_FALLBACK_기타혜택,"[추가 혜택] 온라인몰, 대형마트, 교육, 주유, 이동통신 요금 10만원 이상 결제 시 2.4% M포인트 적립"
https://www.card-gorilla.com/card/detail/2985,1234,적립,기타혜택,UNMAPPED_FALLBACK_기타혜택,M 긴급적립(선지급 포인트 서비스)
https://www.card-gorilla.com/card/detail/2985,1234,프리미엄 서비스,기타혜택,UNMAPPED_FALLBACK_기타혜택,메탈 플레이트 제공
https://www.card-gorilla.com/card/detail/2986,1235,국내가맹점,기타혜택,UNMAPPED_FALLBACK_기타혜택,[기본 서비스] 국내 가맹점 0.5% 할인
https://www.card-gorilla.com/card/detail/2986,1235,쇼핑,쇼핑,EXACT,[기본 서비스] 쇼핑 1% 할인
https://www.card-gorilla.com/card/detail/2986,1235,할인,기타혜택,UNMAPPED_FALLBACK_기타혜택,[기본 서비스] 여가 2% 할인
https://www.card-gorilla.com/card/detail/2986,1235,수수료우대,기타혜택,UNMAPPED_FALLBACK_기타혜택,[기본 서비스] 해외수수료 할인
https://www.card-gorilla.com/card/detail/2986,1235,무이자할부,기타혜택,UNMAPPED_FALLBACK_기타혜택,[기본 서비스] 병원/약국 2~3개월 무이자할부
https://www.card-gorilla.com/card/detail/2986,1235,선택형,기타혜택,UNMAPPED_FALLBACK_기타혜택,[SELECT 서비스] 선택 옵션에 따른 할인 혜택 제공(택 1)
https://www.card-gorilla.com/card/detail/2986,1270,할인,기타혜택,UNMAPPED_FALLBACK_기타혜택,[SELECT 서비스] 의료 20% 할인 (전월실적 50만원 이상)
https://www.card-gorilla.com/card/detail/2986,1270,할인,기타혜택,UNMAPPED_FALLBACK_기타혜택,[SELECT 서비스] 생활 영역 10% 할인 (전월실적 50만원 이상)
https://www.card-gorilla.com/card/detail/2987,1236,국내가맹점,기타혜택,UNMAPPED_FALLBACK_기타혜택,국내 가맹점 1.2% 결제일 할인
https://www.card-gorilla.com/card/detail/2987,1236,해외,기타혜택,UNMAPPED_FALLBACK_기타혜택,해외 가맹점 2.0% 결제일 할인
https://www.card-gorilla.com/card/detail/2987,1236,무이자할부,기타혜택,UNMAPPED_FALLBACK_기타혜택,국내 가맹점 2~3개월 무이자 할부
https://www.card-gorilla.com/card/detail/2988,1237,할인,기타혜택,UNMAPPED_FALLBACK_기타혜택,해피오더/F&B 20% 할인
https://www.card-gorilla.com/card/detail/2988,1237,할인,기타혜택,UNMAPPED_FALLBACK_기타혜택,hy 정기결제/일반결제 20% 할인
https://www.card-gorilla.com/card/detail/2988,1237,적립,기타혜택,UNMAPPED_FALLBACK_기타혜택,아모레퍼시픽 온라인몰 10% 뷰티포인트 적립
https://www.card-gorilla.com/card/detail/2988,1237,적립,기타혜택,UNMAPPED_FALLBACK_기타혜택,해피오더/F&B서비스/hy 1%·그 외 국내 가맹점 0.1% 뷰티포인트 적립
https://www.card-gorilla.com/card/detail/2988,1237,할인,기타혜택,UNMAPPED_FALLBACK_기타혜택,많이 쓸수록 5%~20% 추가 할인
https://www.card-gorilla.com/card/detail/2988,1237,할인,기타혜택,UNMAPPED_FALLBACK_기타혜택,아파트 관리비/통신 5% 할인
https://www.card-gorilla.com/card/detail/2988,1237,할인,기타혜택,UNMAPPED_FALLBACK_기타혜택,온라인쇼핑몰/할인점 5% 할인
https://www.card-gorilla.com/card/detail/2988,1237,할인,기타혜택,UNMAPPED_FALLBACK_기타혜택,교육/온라인서점 5% 할인
https://www.card-gorilla.com/card/detail/2988,1237,해외,기타혜택,UNMAPPED_FALLBACK_기타혜택,해외 가맹점 1% 할인
https://www.card-gorilla.com/card/detail/2989,1238,푸드,기타혜택,UNMAPPED_FALLBACK_기타혜택,"[기본 혜택] 일반음식점, 배달 앱 10% 청구 할인 (전월실적 40만원 이상)"
https://www.card-gorilla.com/card/detail/2989,1238,할인,기타혜택,UNMAPPED_FALLBACK_기타혜택,"[추가 혜택] 커피전문점, 편의점, 대중교통 5% 청구 할인 (전월실적 40만원 이상)"
https://www.card-gorilla.com/card/detail/2989,1238,할인,기타혜택,UNMAPPED_FALLBACK_기타혜택,"[연간 보너스] 일반음식점, 배달 앱 연간 5만원 보너스 할인 (서비스 실적 조건 확인)"
https://www.card-gorilla.com/card/detail/2989,1238,공항라운지,공항라운지,EXACT,[우대 서비스] THE LOUNGE : 인천국제공항 라운지 무료 이용
https://www.card-gorilla.com/card/detail/2989,1238,프리미엄 서비스,기타혜택,UNMAPPED_FALLBACK_기타혜택,메탈 플레이트 제공
https://www.card-gorilla.com/card/detail/2990,1239,할인,기타혜택,UNMAPPED_FALLBACK_기타혜택,"[기본 혜택] 온라인몰, 대형마트, 슈퍼마켓, 백화점, 프리미엄 아울렛 10% 청구 할인 (전월실적 40만원 이상)"
https://www.card-gorilla.com/card/detail/2990,1239,할인,기타혜택,UNMAPPED_FALLBACK_기타혜택,"[추가 혜택] 커피전문점, 편의점, 대중교통 5% 청구 할인 (전월실적 40만원 이상)"
https://www.card-gorilla.com/card/detail/2990,1239,할인,기타혜택,UNMAPPED_FALLBACK_기타혜택,"[연간 보너스] 온라인몰, 대형마트, 슈퍼마켓, 백화점, 프리미엄 아울렛 연간 5만원 보너스 할인
(서비스 실적 조건 확인)"
https://www.card-gorilla.com/card/detail/2990,1239,공항라운지,공항라운지,EXACT,[우대 서비스] THE LOUNGE : 인천국제공항 라운지 무료 이용
https://www.card-gorilla.com/card/detail/2990,1239,프리미엄 서비스,기타혜택,UNMAPPED_FALLBACK_기타혜택,메탈 플레이트 제공
https://www.card-gorilla.com/card/detail/2991,1240,할인,기타혜택,UNMAPPED_FALLBACK_기타혜택,[기본 혜택] 실적·한도 제한 없이 국내 가맹점 0.7% 청구 할인
https://www.card-gorilla.com/card/detail/2991,1240,해외이용,기타혜택,UNMAPPED_FALLBACK_기타혜택,[추가 혜택] 실적·한도 제한 없이 해외 온·오프라인 가맹점 2% 청구 할인
https://www.card-gorilla.com/card/detail/2991,1240,할인,기타혜택,UNMAPPED_FALLBACK_기타혜택,[연간 보너스] 해외 온·오프라인 가맹점 연간 5만원 보너스 할인
https://www.card-gorilla.com/card/detail/2991,1240,수수료우대,기타혜택,UNMAPPED_FALLBACK_기타혜택,[우대 서비스] 해외 온·오프라인 가맹점 국제브랜드 수수료 및 해외서비스 수수료 100% 청구 할인
https://www.card-gorilla.com/card/detail/2991,1240,공항라운지,공항라운지,EXACT,[우대 서비스] THE LOUNGE : 인천국제공항 라운지 무료 이용
https://www.card-gorilla.com/card/detail/2991,1240,프리미엄 서비스,기타혜택,UNMAPPED_FALLBACK_기타혜택,메탈 플레이트 제공
https://www.card-gorilla.com/card/detail/2992,1241,국내외가맹점,모든가맹점,SYNONYM_APPLIED,[기본할인] 국내외 가맹점 1% 청구할인
https://www.card-gorilla.com/card/detail/2992,1241,할인,기타혜택,UNMAPPED_FALLBACK_기타혜택,[특별할인] 고정소비 영역 5% 청구할인
https://www.card-gorilla.com/card/detail/2992,1241,할인,기타혜택,UNMAPPED_FALLBACK_기타혜택,[특별할인] 정기결제 50% 청구할인
https://www.card-gorilla.com/card/detail/2993,1242,할인,기타혜택,UNMAPPED_FALLBACK_기타혜택,정기결제 15~30% 청구할인
https://www.card-gorilla.com/card/detail/2993,1242,간편결제,간편결제,EXACT,간편결제 청구할인
https://www.card-gorilla.com/card/detail/2993,1242,해외,기타혜택,UNMAPPED_FALLBACK_기타혜택,해외 청구할인
https://www.card-gorilla.com/card/detail/2993,1242,무이자할부,기타혜택,UNMAPPED_FALLBACK_기타혜택,2~3개월 무이자할부 서비스
https://www.card-gorilla.com/card/detail/2994,1243,할인,기타혜택,UNMAPPED_FALLBACK_기타혜택,기본할인
https://www.card-gorilla.com/card/detail/2994,1243,할인,기타혜택,UNMAPPED_FALLBACK_기타혜택,특별할인
https://www.card-gorilla.com/card/detail/2997,1244,3일 쓰면 2배 적립,기타혜택,UNMAPPED_FALLBACK_기타혜택,"영역별 3일 연속 이용시 60%~20% 하나머니 적립 제공
(지난달 실적 조건 50만원 이상, 일 실적 조건 1원 이상)"
https://www.card-gorilla.com/card/detail/2997,1244,PLAY 적립,기타혜택,UNMAPPED_FALLBACK_기타혜택,"영역별 30%~10% 하나머니 적립 제공
(지난달 실적 조건 50만원 이상)"
https://www.card-gorilla.com/card/detail/2997,1244,무이자할부,기타혜택,UNMAPPED_FALLBACK_기타혜택,국내 2~3개월 무이자할부
https://www.card-gorilla.com/card/detail/2997,1244,해외이용,기타혜택,UNMAPPED_FALLBACK_기타혜택,트래블로그 스위치 서비스
https://www.card-gorilla.com/card/detail/2997,1244,우대서비스,기타혜택,UNMAPPED_FALLBACK_기타혜택,하나금융그룹 우대서비스
https://www.card-gorilla.com/card/detail/2998,1245,3일 쓰면 2배 적립,기타혜택,UNMAPPED_FALLBACK_기타혜택,"영역별 3일 연속 이용시 20% 하나머니 적립 제공
(지난달 실적 조건 50만원 이상, 일 실적 조건 1원 이상)"
https://www.card-gorilla.com/card/detail/2998,1245,LIFE 적립,기타혜택,UNMAPPED_FALLBACK_기타혜택,"영역별 30%~10% 하나머니 적립 제공
(지난달 실적 조건 50만원 이상)"
https://www.card-gorilla.com/card/detail/2998,1245,무이자할부,기타혜택,UNMAPPED_FALLBACK_기타혜택,국내 2~3개월 무이자할부
https://www.card-gorilla.com/card/detail/2998,1245,해외이용,기타혜택,UNMAPPED_FALLBACK_기타혜택,트래블로그 스위치 서비스
https://www.card-gorilla.com/card/detail/2998,1245,우대서비스,기타혜택,UNMAPPED_FALLBACK_기타혜택,하나금융그룹 우대서비스
https://www.card-gorilla.com/card/detail/3000,1246,기본 혜택,기타혜택,UNMAPPED_FALLBACK_기타혜택,국내외 가맹점 0.5% M포인트 적립 (전월실적 30만원 이상)
https://www.card-gorilla.com/card/detail/3000,1246,추가 혜택,기타혜택,UNMAPPED_FALLBACK_기타혜택,"의료, 온라인몰, 교육, 통신 요금, 렌탈 요금, 코스트코 5% M포인트 적립 (전월실적 30만원 이상)"
https://www.card-gorilla.com/card/detail/3000,1246,우대 서비스,기타혜택,UNMAPPED_FALLBACK_기타혜택,M 긴급적립(선지급 포인트 서비스)
https://www.card-gorilla.com/card/detail/3016,1247,기본 혜택,기타혜택,UNMAPPED_FALLBACK_기타혜택,국내외 가맹점 1% M포인트 적립 (전월실적 50만원 이상)
https://www.card-gorilla.com/card/detail/3016,1247,추가 혜택,기타혜택,UNMAPPED_FALLBACK_기타혜택,사업성 경비 영역 10% M포인트 적립 (전월실적 50만원 이상)
https://www.card-gorilla.com/card/detail/3016,1247,우대 서비스,기타혜택,UNMAPPED_FALLBACK_기타혜택,M 긴급적립(선지급 포인트 서비스)
